synthetic_link_id,matching_method,matching_seed,synthetic_link,term_source_row_number,motor_source_id,term_life_stage_proxy,motor_life_stage_proxy,term_economic_capacity_proxy,motor_economic_capacity_proxy,age_gap_years,life_stage_proxy_gap,economic_capacity_proxy_gap,match_distance,age_match_rule,match_confidence,term_age,term_job,term_marital,term_education,term_default,term_balance,term_housing,term_loan,term_contact,term_day,term_month,term_duration,term_campaign,term_pdays,term_previous,term_poutcome,term_y,motor_id,motor_Gender,motor_Age,motor_Driving_License,motor_Region_Code,motor_Previously_Insured,motor_Vehicle_Age,motor_Vehicle_Damage,motor_Annual_Premium,motor_Policy_Sales_Channel,motor_Vintage,motor_Response,kyc_status,marketing_consent_flag,aml_fraud_flag,dpd_days,collections_flag,open_complaint_flag,churn_score,nps_score,strategic_campaign_active_flag,strategic_campaign_product,preapproval_flag,preapproved_product,offer_affinity_score_term,offer_affinity_score_insurance,product_margin_term_deposit,product_margin_insurance,preferred_channel,channel_affinity_score,Term Deposit Prediction,Insurance Prediction,NBC1,NBC2,NBC3,nbc_score_date,last_action_taken,last_action_date
SYN-023237,profile_only_v1,20260814,True,23237,145469,0.69999,0.689673,0.352808,0.352654,0,0.010317,0.000155,0.034357,exact_age,high,48,admin.,married,secondary,no,35,no,no,cellular,27,aug,80,4,-1,0,unknown,no,145469,Female,48,1,21.0,0,1-2 Year,No,23110.0,152.0,138,0,COMPLETED,Y,N,41,Y,N,0.458,4.7,N,,N,,0.645,0.961,1.0,1.4,App,0.745,NO,NO,Payment Reminder / Collections Resolution,Bank Term Deposit,Insurance Cross-Sell,20-09-2026,"Payment-due reminder sent through the mobile app, internet banking, SMS or email; customer directed to payment options or the collections support journey; sales offers paused",10-09-2026
SYN-007489,profile_only_v1,20260814,True,7489,1155,0.672734,0.661624,0.65508,0.655078,0,0.011111,1e-06,0.036998,exact_age,high,46,technician,married,secondary,no,2527,yes,yes,unknown,29,may,201,3,-1,0,unknown,no,1155,Female,46,1,28.0,0,1-2 Year,Yes,42666.0,26.0,259,0,COMPLETED,Y,N,0,N,N,0.088,10.0,N,,N,,0.457,0.718,1.0,1.4,SMS,0.592,NO,YES,Insurance Cross-Sell,Bank Term Deposit,,20-09-2026,Insurance cross sell offer made to the customer via digital channels,10-09-2026
SYN-033801,profile_only_v1,20260814,True,33801,17739,0.502734,0.661624,0.381508,0.381441,0,0.158889,6.7e-05,0.529102,exact_age,high,46,services,single,unknown,no,454,no,no,cellular,24,apr,155,9,-1,0,unknown,no,17739,Male,46,1,46.0,0,1-2 Year,Yes,24755.0,124.0,170,0,COMPLETED,N,N,0,N,N,0.37,6.5,N,,N,,0.0,0.754,1.0,1.4,SMS,0.504,NO,YES,No Marketing Action (Consent Withheld),Insurance Cross-Sell,Bank Term Deposit,20-09-2026,Marketing messages and sales offers suppressed across channels in absence of valid consent; only essential service communications retained,10-09-2026
SYN-018907,profile_only_v1,20260814,True,18907,23416,0.573547,0.646451,0.193585,0.195342,0,0.072905,0.001757,0.242813,exact_age,high,45,unemployed,married,primary,no,2,no,no,cellular,4,aug,413,1,-1,0,unknown,no,23416,Female,45,1,11.0,1,1-2 Year,No,2630.0,120.0,123,0,INCOMPLETE,Y,N,51,Y,N,0.441,6.2,N,,N,,0.4,0.57,1.0,1.4,Call,0.77,NO,NO,Complete KYC,Bank Term Deposit,Insurance Cross-Sell,20-09-2026,KYC completion notification displayed in the mobile app and internet banking; reminder sent through SMS/email; cross-sell offers withheld until KYC is completed,10-09-2026
SYN-012905,profile_only_v1,20260814,True,12905,190410,0.688127,0.698964,0.802868,0.801909,0,0.010837,0.000959,0.036165,exact_age,high,43,management,married,tertiary,no,1530,no,no,cellular,7,jul,91,3,-1,0,unknown,no,190410,Male,43,1,8.0,0,> 2 Years,Yes,48820.0,26.0,261,0,COMPLETED,Y,N,0,N,N,0.188,7.8,N,,N,,0.674,0.749,1.0,1.4,Call,0.77,NO,YES,Insurance Cross-Sell,Bank Term Deposit,,20-09-2026,Insurance cross sell offer made to the customer via digital channels,10-09-2026
SYN-001646,profile_only_v1,20260814,True,1646,210224,0.354762,0.362171,0.535094,0.535292,0,0.007409,0.000197,0.024677,exact_age,high,32,blue-collar,married,secondary,no,687,yes,no,unknown,9,may,61,1,-1,0,unknown,no,210224,Female,32,1,3.0,1,< 1 Year,No,28436.0,152.0,238,0,COMPLETED,Y,N,26,N,N,0.253,7.4,Y,TERM_DEPOSIT,N,,0.363,0.403,1.0,1.4,Branch,0.605,NO,NO,Bank Term Deposit,Bank Term Deposit,Insurance Cross-Sell,20-09-2026,Term Deposit cross sell offer made to the customer via digital channels,10-09-2026
SYN-043210,profile_only_v1,20260814,True,43210,33582,0.376448,0.341125,0.611627,0.611587,0,0.035322,4e-05,0.117622,exact_age,high,30,management,married,tertiary,no,359,no,no,cellular,4,mar,117,2,-1,0,unknown,no,33582,Male,30,1,11.0,1,< 1 Year,No,34097.0,152.0,275,0,COMPLETED,Y,N,0,N,N,0.112,10.0,N,,N,,0.513,0.466,1.0,1.4,App,0.911,NO,NO,Bank Term Deposit,Insurance Cross-Sell,,20-09-2026,Term Deposit cross sell offer made to the customer via digital channels,10-09-2026
SYN-042116,profile_only_v1,20260814,True,42116,372626,0.745676,0.726309,0.541247,0.541159,0,0.019367,8.7e-05,0.064493,exact_age,high,51,technician,married,secondary,no,580,yes,no,telephone,2,nov,117,5,-1,0,unknown,no,372626,Male,51,1,28.0,0,1-2 Year,Yes,38629.0,26.0,245,0,COMPLETED,Y,N,0,N,N,0.29,6.0,N,,N,,0.421,0.499,1.0,1.4,Branch,0.414,NO,YES,Insurance Cross-Sell,Bank Term Deposit,,20-09-2026,Insurance cross sell offer made to the customer via digital channels,10-09-2026
SYN-014625,profile_only_v1,20260814,True,14625,111144,0.69199,0.689673,0.543556,0.543968,0,0.002317,0.000412,0.007784,exact_age,high,48,blue-collar,married,secondary,no,729,yes,no,telephone,15,jul,277,1,-1,0,unknown,no,111144,Male,48,1,50.0,1,1-2 Year,Yes,32933.0,26.0,189,0,COMPLETED,Y,N,0,N,N,0.244,5.8,N,,N,,0.692,0.376,1.0,1.4,Branch,0.453,NO,NO,Bank Term Deposit,Insurance Cross-Sell,,20-09-2026,Term Deposit cross sell offer made to the customer via digital channels,10-09-2026
SYN-036754,profile_only_v1,20260814,True,36754,226003,0.670853,0.683431,0.338054,0.339312,0,0.012577,0.001258,0.042001,exact_age,high,42,management,married,tertiary,no,0,no,yes,telephone,12,may,139,3,361,4,failure,no,226003,Male,42,1,28.0,0,> 2 Years,Yes,30785.0,124.0,17,0,COMPLETED,Y,N,7,N,N,0.578,2.1,N,,N,,0.606,0.962,1.0,1.4,Branch,0.713,NO,YES,Service Intervention (Low NPS),Insurance Cross-Sell,Bank Term Deposit,20-09-2026,Service-recovery message -  apology / follow-up communication sent; contact-centre/service task created to address the customer’s recent experience,10-09-2026
SYN-004328,profile_only_v1,20260814,True,4328,309926,0.643547,0.646451,0.550844,0.550959,0,0.002905,0.000115,0.009677,exact_age,high,45,blue-collar,married,secondary,no,771,yes,no,unknown,19,may,221,2,-1,0,unknown,no,309926,Male,45,1,8.0,0,1-2 Year,Yes,37121.0,124.0,85,1,COMPLETED,Y,N,0,N,N,0.391,6.6,N,,N,,0.415,0.602,1.0,1.4,Branch,0.706,NO,NO,Insurance Cross-Sell,Bank Term Deposit,,20-09-2026,Insurance cross sell offer made to the customer via digital channels,10-09-2026
SYN-005183,profile_only_v1,20260814,True,5183,178687,0.706302,0.702641,0.676029,0.676108,0,0.003662,7.9e-05,0.012195,exact_age,high,49,blue-collar,married,secondary,no,1568,no,no,unknown,21,may,206,6,-1,0,unknown,no,178687,Male,49,1,28.0,1,1-2 Year,No,43496.0,124.0,282,0,INCOMPLETE,Y,N,89,Y,N,0.0,10.0,N,,N,,0.67,0.306,1.0,1.4,Branch,0.597,NO,NO,Complete KYC,Bank Term Deposit,Insurance Cross-Sell,20-09-2026,KYC completion notification displayed in the mobile app and internet banking; reminder sent through SMS/email; cross-sell offers withheld until KYC is completed,10-09-2026
SYN-034760,profile_only_v1,20260814,True,34760,102957,0.169844,0.147384,0.533455,0.533478,0,0.022461,2.4e-05,0.074794,exact_age,high,23,admin.,single,secondary,no,589,yes,no,cellular,6,may,62,1,-1,0,unknown,no,102957,Female,23,1,2.0,1,< 1 Year,No,31935.0,152.0,153,0,COMPLETED,N,N,0,N,Y,0.432,5.8,N,,N,,0.153,0.65,1.0,1.4,Call,0.574,NO,NO,No Marketing Action (Consent Withheld),Bank Term Deposit,Insurance Cross-Sell,20-09-2026,Marketing messages and sales offers suppressed across channels in absence of valid consent; only essential service communications retained,10-09-2026
SYN-040473,profile_only_v1,20260814,True,40473,290676,0.207319,0.312702,0.559581,0.559623,0,0.105383,4.2e-05,0.350926,exact_age,high,28,blue-collar,single,secondary,no,643,no,no,cellular,3,jul,308,2,-1,0,unknown,yes,290676,Female,28,1,32.0,1,< 1 Year,No,32033.0,152.0,197,0,COMPLETED,Y,N,0,N,N,0.309,6.1,N,,N,,0.49,0.494,1.0,1.4,Call,0.888,YES,NO,Bank Term Deposit,Insurance Cross-Sell,,20-09-2026,Term Deposit cross sell offer made to the customer via digital channels,10-09-2026
SYN-029593,profile_only_v1,20260814,True,29593,49713,0.435976,0.506981,0.771307,0.771299,0,0.071006,7e-06,0.236449,exact_age,high,34,management,single,tertiary,no,1190,no,no,cellular,3,feb,18,7,-1,0,unknown,no,49713,Female,34,1,30.0,1,1-2 Year,No,33431.0,152.0,153,0,COMPLETED,Y,N,0,N,N,0.269,6.6,Y,INSURANCE,N,,0.548,0.472,1.0,1.4,SMS,0.628,NO,NO,Insurance Cross-Sell,Bank Term Deposit,Insurance Cross-Sell,20-09-2026,Insurance cross sell offer made to the customer via digital channels,10-09-2026
SYN-036994,profile_only_v1,20260814,True,36994,197255,0.766297,0.781862,0.247048,0.247195,0,0.015565,0.000148,0.051834,exact_age,high,57,retired,married,primary,no,13,yes,no,cellular,13,may,164,2,366,2,failure,no,197255,Male,57,1,28.0,1,1-2 Year,No,24816.0,13.0,33,0,COMPLETED,Y,N,0,N,N,0.426,5.0,N,,N,,0.622,0.676,1.0,1.4,App,0.923,NO,NO,Bank Term Deposit,Insurance Cross-Sell,,20-09-2026,Term Deposit cross sell offer made to the customer via digital channels,10-09-2026
SYN-035446,profile_only_v1,20260814,True,35446,373270,0.69999,0.689673,0.470798,0.470846,0,0.010317,4.8e-05,0.034355,exact_age,high,48,admin.,married,secondary,no,368,yes,no,telephone,7,may,430,2,367,2,failure,no,373270,Female,48,1,28.0,0,1-2 Year,Yes,37062.0,26.0,293,0,INCOMPLETE,N,N,19,N,N,0.032,9.3,N,,N,,0.64,0.838,1.0,1.4,Branch,0.743,NO,YES,Complete KYC,Insurance Cross-Sell,Bank Term Deposit,20-09-2026,KYC completion notification displayed in the mobile app and internet banking; reminder sent through SMS/email; cross-sell offers withheld until KYC is completed,10-09-2026
SYN-001731,profile_only_v1,20260814,True,1731,112824,0.676127,0.698964,0.604721,0.60423,0,0.022837,0.00049,0.076056,exact_age,high,43,management,divorced,tertiary,no,443,yes,no,unknown,9,may,219,1,-1,0,unknown,no,112824,Male,43,1,28.0,0,> 2 Years,Yes,42199.0,26.0,256,1,COMPLETED,Y,N,0,N,N,0.0,6.1,N,,Y,INSURANCE,0.553,0.841,1.0,1.4,Call,0.802,NO,YES,Insurance Cross-Sell,Insurance Cross-Sell,Bank Term Deposit,20-09-2026,Insurance cross sell offer made to the customer via digital channels,10-09-2026
SYN-004754,profile_only_v1,20260814,True,4754,77211,0.524645,0.58456,0.553494,0.553477,0,0.059915,1.7e-05,0.199517,exact_age,high,41,blue-collar,married,primary,no,1250,yes,no,unknown,20,may,1392,2,-1,0,unknown,yes,77211,Male,41,1,28.0,0,1-2 Year,Yes,39034.0,26.0,138,0,COMPLETED,Y,N,0,N,N,0.535,6.0,N,,N,,0.46,1.0,1.0,1.4,Call,0.912,NO,YES,Insurance Cross-Sell,Bank Term Deposit,,20-09-2026,Insurance cross sell offer made to the customer via digital channels,10-09-2026
SYN-031992,profile_only_v1,20260814,True,31992,145786,0.337426,0.352244,0.782501,0.782564,0,0.014818,6.3e-05,0.049343,exact_age,high,31,technician,married,secondary,no,5467,yes,no,cellular,13,apr,251,1,-1,0,unknown,no,145786,Male,31,1,41.0,0,< 1 Year,No,48475.0,152.0,250,0,COMPLETED,Y,N,0,N,N,0.263,7.3,N,,N,,0.395,0.951,1.0,1.4,SMS,0.532,NO,NO,Bank Term Deposit,Insurance Cross-Sell,,20-09-2026,Term Deposit cross sell offer made to the customer via digital channels,10-09-2026
SYN-010535,profile_only_v1,20260814,True,10535,216680,0.698198,0.714805,0.285746,0.285769,0,0.016608,2.2e-05,0.055304,exact_age,high,50,management,married,primary,no,0,no,no,unknown,16,jun,264,4,-1,0,unknown,no,216680,Male,50,1,23.0,1,1-2 Year,No,19755.0,26.0,67,0,COMPLETED,Y,N,19,N,N,0.575,5.3,N,,N,,0.484,0.412,1.0,1.4,Email,0.572,NO,NO,Bank Term Deposit,Insurance Cross-Sell,,20-09-2026,Term Deposit cross sell offer made to the customer via digital channels,10-09-2026
SYN-007878,profile_only_v1,20260814,True,7878,311179,0.345236,0.40961,0.308438,0.098942,0,0.064373,0.209496,0.565911,exact_age,high,37,admin.,single,unknown,no,179,no,no,unknown,30,may,100,3,-1,0,unknown,no,311179,Male,37,1,11.0,0,< 1 Year,No,2630.0,1.0,76,0,COMPLETED,Y,N,55,Y,N,0.403,6.3,Y,TERM_DEPOSIT,N,,0.457,0.889,1.0,1.4,Email,0.507,NO,NO,Payment Reminder / Collections Resolution,Bank Term Deposit,Insurance Cross-Sell,20-09-2026,"Payment-due reminder sent through the mobile app, internet banking, SMS or email; customer directed to payment options or the collections support journey; sales offers paused",10-09-2026
SYN-003568,profile_only_v1,20260814,True,3568,342768,0.115467,0.194818,0.488534,0.488538,0,0.079351,4e-06,0.264239,exact_age,high,24,blue-collar,single,primary,no,758,yes,no,unknown,15,may,129,1,-1,0,unknown,no,342768,Male,24,1,7.0,0,< 1 Year,No,33894.0,152.0,158,0,COMPLETED,Y,N,0,N,N,0.303,9.5,N,,N,,0.319,0.816,1.0,1.4,Branch,0.534,NO,NO,Bank Term Deposit,Insurance Cross-Sell,,20-09-2026,Term Deposit cross sell offer made to the customer via digital channels,10-09-2026
SYN-028802,profile_only_v1,20260814,True,28802,335495,0.408062,0.525716,0.416042,0.416071,0,0.117654,2.8e-05,0.391787,exact_age,high,36,services,single,secondary,no,511,yes,yes,cellular,30,jan,706,1,252,1,failure,no,335495,Male,36,1,28.0,0,1-2 Year,Yes,35064.0,26.0,209,0,COMPLETED,Y,N,0,N,N,0.251,9.4,N,,N,,0.534,0.874,1.0,1.4,Call,0.889,NO,YES,Insurance Cross-Sell,Bank Term Deposit,,20-09-2026,Insurance cross sell offer made to the customer via digital channels,10-09-2026
SYN-017179,profile_only_v1,20260814,True,17179,40920,0.705907,0.747493,0.054444,0.130459,0,0.041586,0.076015,0.235141,exact_age,high,53,services,married,primary,no,-166,no,yes,cellular,28,jul,70,4,-1,0,unknown,no,40920,Female,53,1,28.0,0,1-2 Year,Yes,2630.0,26.0,103,0,COMPLETED,Y,N,0,N,N,0.416,4.9,N,,N,,0.358,0.813,1.0,1.4,App,0.535,NO,YES,Insurance Cross-Sell,Bank Term Deposit,,20-09-2026,Insurance cross sell offer made to the customer via digital channels,10-09-2026
SYN-020273,profile_only_v1,20260814,True,20273,261504,0.490062,0.525716,0.709562,0.709797,0,0.035654,0.000235,0.118729,exact_age,high,36,management,single,tertiary,no,741,no,no,cellular,11,aug,214,2,-1,0,unknown,no,261504,Male,36,1,28.0,1,1-2 Year,No,44972.0,26.0,110,0,INCOMPLETE,Y,N,57,Y,N,0.451,9.1,N,,N,,0.633,0.617,1.0,1.4,SMS,0.904,NO,NO,Complete KYC,Bank Term Deposit,Insurance Cross-Sell,20-09-2026,KYC completion notification displayed in the mobile app and internet banking; reminder sent through SMS/email; cross-sell offers withheld until KYC is completed,10-09-2026
SYN-035281,profile_only_v1,20260814,True,35281,249916,0.325926,0.371625,0.437431,0.429944,0,0.045699,0.007487,0.153324,exact_age,high,33,services,single,secondary,no,358,yes,no,cellular,7,may,302,1,356,3,failure,no,249916,Female,33,1,31.0,0,< 1 Year,Yes,2630.0,152.0,187,0,COMPLETED,Y,N,0,N,N,0.162,9.3,N,,N,,0.477,0.851,1.0,1.4,App,0.866,NO,NO,Insurance Cross-Sell,Bank Term Deposit,,20-09-2026,Insurance cross sell offer made to the customer via digital channels,10-09-2026
SYN-042760,profile_only_v1,20260814,True,42760,6257,0.814446,0.868443,0.415094,0.4149,0,0.053997,0.000193,0.17981,exact_age,high,73,retired,married,primary,no,279,no,no,cellular,28,jan,399,3,-1,0,unknown,yes,6257,Male,73,1,28.0,1,1-2 Year,No,35018.0,26.0,22,0,COMPLETED,Y,N,0,N,N,0.613,4.1,N,,N,,0.434,0.56,1.0,1.4,Call,0.56,YES,NO,Retention Action,Bank Term Deposit,Insurance Cross-Sell,20-09-2026,"Retention message prioritised - fee review, tailored support option and/or save offer; proactive contact task created for the service team; routine cross-sell deferred",10-09-2026
SYN-001887,profile_only_v1,20260814,True,1887,1439,0.67199,0.689673,0.514222,0.519944,0,0.017683,0.005723,0.060598,exact_age,high,48,unemployed,married,secondary,no,855,yes,no,unknown,9,may,241,2,-1,0,unknown,no,1439,Male,48,1,48.0,1,1-2 Year,No,2630.0,124.0,76,0,COMPLETED,Y,N,0,N,N,0.522,4.4,N,,N,,0.449,0.332,1.0,1.4,Branch,0.64,NO,NO,Bank Term Deposit,Insurance Cross-Sell,,20-09-2026,Term Deposit cross sell offer made to the customer via digital channels,10-09-2026
SYN-000797,profile_only_v1,20260814,True,797,342106,0.407976,0.380981,0.37655,0.373075,0,0.026994,0.003475,0.09031,exact_age,high,34,services,married,secondary,no,205,yes,no,unknown,7,may,312,1,-1,0,unknown,no,342106,Female,34,1,50.0,1,< 1 Year,No,32037.0,152.0,212,0,INCOMPLETE,Y,N,0,N,N,0.158,10.0,N,,N,,0.544,0.305,1.0,1.4,Call,0.679,NO,NO,Complete KYC,Bank Term Deposit,Insurance Cross-Sell,20-09-2026,KYC completion notification displayed in the mobile app and internet banking; reminder sent through SMS/email; cross-sell offers withheld until KYC is completed,10-09-2026
SYN-009395,profile_only_v1,20260814,True,9395,50055,0.776643,0.802975,0.310381,0.310341,0,0.026332,4e-05,0.087684,exact_age,high,60,housemaid,married,primary,no,161,no,no,unknown,6,jun,183,1,-1,0,unknown,no,50055,Male,60,1,15.0,0,1-2 Year,Yes,24651.0,124.0,227,0,COMPLETED,Y,N,0,N,N,0.184,7.1,Y,INSURANCE,Y,INSURANCE,0.677,0.681,1.0,1.4,Email,0.785,NO,YES,Insurance Cross-Sell,Insurance Cross-Sell,Bank Term Deposit,20-09-2026,Insurance cross sell offer made to the customer via digital channels,10-09-2026
SYN-020980,profile_only_v1,20260814,True,20980,248769,0.688127,0.698964,0.609762,0.607636,0,0.010837,0.002126,0.036475,exact_age,high,43,management,married,tertiary,no,354,no,no,cellular,14,aug,169,10,-1,0,unknown,no,248769,Male,43,1,28.0,0,> 2 Years,Yes,42324.0,147.0,55,0,COMPLETED,Y,N,0,N,N,0.424,5.4,N,,N,,0.405,0.736,1.0,1.4,Call,0.543,NO,YES,Insurance Cross-Sell,Bank Term Deposit,,20-09-2026,Insurance cross sell offer made to the customer via digital channels,10-09-2026
SYN-033326,profile_only_v1,20260814,True,33326,148240,0.556453,0.599431,0.567675,0.567492,0,0.042977,0.000183,0.143116,exact_age,high,42,entrepreneur,single,secondary,no,1049,yes,yes,cellular,20,apr,180,1,-1,0,unknown,no,148240,Female,42,1,36.0,0,1-2 Year,Yes,32647.0,26.0,16,0,COMPLETED,Y,N,86,Y,N,0.6,2.1,N,,N,,0.369,0.599,1.0,1.4,Call,0.863,NO,YES,Payment Reminder / Collections Resolution,Insurance Cross-Sell,Bank Term Deposit,20-09-2026,"Payment-due reminder sent through the mobile app, internet banking, SMS or email; customer directed to payment options or the collections support journey; sales offers paused",10-09-2026
SYN-020661,profile_only_v1,20260814,True,20661,221929,0.362762,0.362171,0.777542,0.777463,0,0.000591,7.9e-05,0.001978,exact_age,high,32,technician,single,tertiary,no,1732,no,no,cellular,12,aug,140,4,-1,0,unknown,no,221929,Female,32,1,46.0,0,< 1 Year,Yes,42862.0,152.0,247,0,COMPLETED,Y,N,0,N,N,0.139,8.7,N,,Y,TERM_DEPOSIT,0.537,0.747,1.0,1.4,App,0.434,YES,NO,Bank Term Deposit,Bank Term Deposit,Insurance Cross-Sell,20-09-2026,Term Deposit cross sell offer made to the customer via digital channels,10-09-2026
SYN-044007,profile_only_v1,20260814,True,44007,358797,0.71599,0.689673,0.492669,0.492588,0,0.026317,8.1e-05,0.087635,exact_age,high,48,management,single,tertiary,no,86,no,no,cellular,28,jun,281,3,186,6,other,yes,358797,Male,48,1,2.0,0,1-2 Year,Yes,29426.0,26.0,41,1,COMPLETED,N,N,0,N,N,0.7,3.1,N,,N,,0.274,0.715,1.0,1.4,Call,0.654,YES,YES,No Marketing Action (Consent Withheld),Insurance Cross-Sell,Bank Term Deposit,20-09-2026,Marketing messages and sales offers suppressed across channels in absence of valid consent; only essential service communications retained,10-09-2026
SYN-021590,profile_only_v1,20260814,True,21590,148589,0.75399,0.773673,0.567581,0.56486,0,0.019683,0.002721,0.065897,exact_age,high,48,technician,married,tertiary,no,348,no,no,cellular,19,aug,159,4,-1,0,unknown,no,148589,Male,48,1,7.0,0,> 2 Years,Yes,33707.0,156.0,93,0,COMPLETED,Y,N,39,Y,N,0.602,3.1,N,,N,,0.451,0.924,1.0,1.4,SMS,0.877,NO,NO,Payment Reminder / Collections Resolution,Bank Term Deposit,Insurance Cross-Sell,20-09-2026,"Payment-due reminder sent through the mobile app, internet banking, SMS or email; customer directed to payment options or the collections support journey; sales offers paused",10-09-2026
SYN-017789,profile_only_v1,20260814,True,17789,21583,0.827569,0.789198,0.356808,0.356893,0,0.03837,8.5e-05,0.127774,exact_age,high,58,retired,married,secondary,no,35,no,no,cellular,29,jul,336,7,-1,0,unknown,no,21583,Male,58,1,28.0,0,1-2 Year,Yes,32642.0,26.0,216,1,COMPLETED,Y,N,0,N,N,0.236,5.6,N,,N,,0.562,0.649,1.0,1.4,App,0.818,NO,YES,Insurance Cross-Sell,Bank Term Deposit,,20-09-2026,Insurance cross sell offer made to the customer via digital channels,10-09-2026
SYN-006808,profile_only_v1,20260814,True,6808,333527,0.633624,0.654481,0.620006,0.630026,0,0.020857,0.01002,0.073834,exact_age,high,40,management,married,tertiary,no,384,no,no,unknown,28,may,191,2,-1,0,unknown,no,333527,Male,40,1,24.0,0,> 2 Years,Yes,35246.0,156.0,18,0,COMPLETED,Y,N,0,N,N,0.554,4.1,N,,Y,TERM_DEPOSIT,0.324,0.841,1.0,1.4,Call,0.712,NO,NO,Bank Term Deposit,Insurance Cross-Sell,Bank Term Deposit,20-09-2026,Term Deposit cross sell offer made to the customer via digital channels,10-09-2026
SYN-014178,profile_only_v1,20260814,True,14178,170317,0.569236,0.53561,0.610679,0.610652,0,0.033627,2.7e-05,0.111976,exact_age,high,37,management,married,tertiary,no,466,yes,no,cellular,11,jul,92,2,-1,0,unknown,no,170317,Female,37,1,46.0,0,1-2 Year,No,30131.0,124.0,253,0,COMPLETED,Y,N,0,N,N,0.189,7.7,N,,N,,0.347,0.924,1.0,1.4,Call,0.412,NO,NO,Insurance Cross-Sell,Bank Term Deposit,,20-09-2026,Insurance cross sell offer made to the customer via digital channels,10-09-2026
SYN-023140,profile_only_v1,20260814,True,23140,179367,0.423976,0.506981,0.548386,0.548281,0,0.083006,0.000105,0.276409,exact_age,high,34,technician,married,secondary,no,479,no,no,cellular,26,aug,65,2,-1,0,unknown,no,179367,Male,34,1,28.0,1,1-2 Year,No,38862.0,26.0,244,0,COMPLETED,Y,N,26,N,N,0.01,10.0,N,,N,,0.428,0.789,1.0,1.4,Call,0.857,NO,NO,Bank Term Deposit,Insurance Cross-Sell,,20-09-2026,Term Deposit cross sell offer made to the customer via digital channels,10-09-2026
SYN-033250,profile_only_v1,20260814,True,33250,220704,0.600853,0.599431,0.2619,0.262144,0,0.001423,0.000244,0.004776,exact_age,high,42,admin.,married,secondary,no,0,yes,no,cellular,20,apr,72,1,154,2,failure,no,220704,Male,42,1,28.0,1,1-2 Year,Yes,26722.0,4.0,51,0,COMPLETED,Y,N,0,N,N,0.477,5.1,N,,N,,0.348,0.331,1.0,1.4,Call,0.658,NO,NO,Bank Term Deposit,Insurance Cross-Sell,,20-09-2026,Term Deposit cross sell offer made to the customer via digital channels,10-09-2026
SYN-040611,profile_only_v1,20260814,True,40611,9021,0.339319,0.312702,0.776456,0.776501,0,0.026617,4.5e-05,0.088634,exact_age,high,28,management,married,tertiary,no,1240,no,no,cellular,4,aug,849,1,-1,0,unknown,yes,9021,Female,28,1,41.0,1,< 1 Year,No,47501.0,152.0,177,0,COMPLETED,N,N,0,N,N,0.076,10.0,N,,N,,0.513,0.62,1.0,1.4,App,0.876,YES,NO,No Marketing Action (Consent Withheld),Bank Term Deposit,Insurance Cross-Sell,20-09-2026,Marketing messages and sales offers suppressed across channels in absence of valid consent; only essential service communications retained,10-09-2026
SYN-016182,profile_only_v1,20260814,True,16182,379226,0.181002,0.271112,0.267332,0.267261,0,0.09011,7.1e-05,0.300067,exact_age,high,26,blue-collar,single,secondary,no,1,yes,no,cellular,22,jul,36,2,-1,0,unknown,no,379226,Female,26,1,10.0,0,< 1 Year,No,23186.0,152.0,22,0,COMPLETED,Y,N,0,N,Y,0.588,1.6,N,,N,,0.765,0.822,1.0,1.4,Call,0.619,NO,NO,Service Resolution,Bank Term Deposit,Insurance Cross-Sell,20-09-2026,"Complaint status and resolution options surfaced in the mobile app, internet banking or contact-centre desktop; service follow-up initiated; promotional offers suppressed until resolution",10-09-2026
SYN-028663,profile_only_v1,20260814,True,28663,132610,0.350762,0.362171,0.125855,0.126104,0,0.011409,0.000249,0.037997,exact_age,high,32,services,married,secondary,no,-509,yes,no,cellular,30,jan,134,1,-1,0,unknown,no,132610,Male,32,1,25.0,1,< 1 Year,No,2630.0,152.0,240,0,COMPLETED,Y,N,0,N,N,0.302,8.1,N,,N,,0.451,0.387,1.0,1.4,Call,0.64,NO,NO,Bank Term Deposit,Insurance Cross-Sell,,20-09-2026,Term Deposit cross sell offer made to the customer via digital channels,10-09-2026
SYN-043094,profile_only_v1,20260814,True,43094,361085,0.806697,0.781862,0.684401,0.684455,0,0.024835,5.4e-05,0.0827,exact_age,high,57,blue-collar,married,secondary,no,1686,no,no,telephone,22,feb,219,4,311,2,failure,no,361085,Male,57,1,28.0,0,1-2 Year,Yes,43856.0,61.0,171,0,COMPLETED,Y,N,12,N,N,0.368,6.5,Y,INSURANCE,N,,0.46,0.926,1.0,1.4,Branch,0.897,NO,YES,Insurance Cross-Sell,Insurance Cross-Sell,Bank Term Deposit,20-09-2026,Insurance cross sell offer made to the customer via digital channels,10-09-2026
SYN-031229,profile_only_v1,20260814,True,31229,298529,0.223323,0.294061,0.714971,0.714723,0,0.070738,0.000249,0.235559,exact_age,high,27,unemployed,single,tertiary,no,2033,no,no,telephone,2,mar,39,2,-1,0,unknown,no,298529,Male,27,1,28.0,1,< 1 Year,No,51316.0,152.0,67,0,COMPLETED,Y,N,0,N,N,0.615,5.8,N,,Y,INSURANCE,0.556,0.434,1.0,1.4,Branch,0.898,YES,NO,Retention Action,Bank Term Deposit,Insurance Cross-Sell,20-09-2026,"Retention message prioritised - fee review, tailored support option and/or save offer; proactive contact task created for the service team; routine cross-sell deferred",10-09-2026
SYN-021194,profile_only_v1,20260814,True,21194,138441,0.503236,0.53561,0.539931,0.539919,0,0.032373,1.3e-05,0.107804,exact_age,high,37,technician,married,secondary,no,448,no,no,cellular,14,aug,86,3,-1,0,unknown,no,138441,Female,37,1,28.0,0,1-2 Year,Yes,38589.0,26.0,181,1,COMPLETED,Y,N,0,N,N,0.215,9.1,Y,TERM_DEPOSIT,N,,0.526,0.912,1.0,1.4,App,0.628,NO,YES,Bank Term Deposit,Insurance Cross-Sell,Bank Term Deposit,20-09-2026,Term Deposit cross sell offer made to the customer via digital channels,10-09-2026
SYN-030579,profile_only_v1,20260814,True,30579,329713,0.446062,0.525716,0.423562,0.425194,0,0.079654,0.001632,0.265279,exact_age,high,36,unemployed,married,secondary,no,439,yes,no,telephone,6,feb,18,6,-1,0,unknown,no,329713,Male,36,1,28.0,0,1-2 Year,Yes,35401.0,124.0,111,0,COMPLETED,N,N,0,N,N,0.405,6.9,N,,N,,0.577,0.908,1.0,1.4,Branch,0.414,NO,YES,No Marketing Action (Consent Withheld),Insurance Cross-Sell,Bank Term Deposit,20-09-2026,Marketing messages and sales offers suppressed across channels in absence of valid consent; only essential service communications retained,10-09-2026
SYN-039770,profile_only_v1,20260814,True,39770,132388,0.553236,0.53561,0.887414,0.887289,0,0.017627,0.000125,0.058697,exact_age,high,37,technician,married,tertiary,no,6968,no,no,cellular,1,jun,175,1,-1,0,unknown,no,132388,Male,37,1,11.0,1,1-2 Year,No,47080.0,156.0,293,0,COMPLETED,Y,N,0,N,N,0.102,9.4,N,,N,,0.447,0.564,1.0,1.4,Call,0.596,NO,NO,Bank Term Deposit,Insurance Cross-Sell,,20-09-2026,Term Deposit cross sell offer made to the customer via digital channels,10-09-2026
SYN-013350,profile_only_v1,20260814,True,13350,16680,0.211319,0.312702,0.077658,0.07744,0,0.101383,0.000218,0.337607,exact_age,high,28,blue-collar,married,primary,no,-469,yes,no,cellular,8,jul,244,3,-1,0,unknown,no,16680,Male,28,1,41.0,1,< 1 Year,No,2630.0,160.0,115,0,COMPLETED,Y,N,0,N,N,0.589,3.7,N,,N,,0.596,0.48,1.0,1.4,Call,0.943,NO,NO,Service Intervention (Low NPS),Bank Term Deposit,Insurance Cross-Sell,20-09-2026,Service-recovery message -  apology / follow-up communication sent; contact-centre/service task created to address the customer’s recent experience,10-09-2026
SYN-022968,profile_only_v1,20260814,True,22968,68338,0.741676,0.726309,0.362065,0.362048,0,0.015367,1.6e-05,0.051173,exact_age,high,51,admin.,married,secondary,no,50,no,no,cellular,26,aug,178,2,-1,0,unknown,no,68338,Male,51,1,28.0,0,1-2 Year,Yes,32874.0,124.0,160,0,COMPLETED,Y,N,0,N,N,0.344,5.6,N,,N,,0.312,0.577,1.0,1.4,SMS,0.962,NO,NO,Insurance Cross-Sell,Bank Term Deposit,,20-09-2026,Insurance cross sell offer made to the customer via digital channels,10-09-2026
SYN-032622,profile_only_v1,20260814,True,32622,17803,0.300762,0.362171,0.552922,0.553712,0,0.061409,0.00079,0.204502,exact_age,high,32,blue-collar,single,secondary,no,782,yes,no,cellular,17,apr,517,1,-1,0,unknown,no,17803,Male,32,1,12.0,1,< 1 Year,Yes,29509.0,124.0,119,0,COMPLETED,Y,N,0,N,N,0.319,5.8,N,,Y,TERM_DEPOSIT,0.693,0.522,1.0,1.4,Call,0.922,NO,NO,Bank Term Deposit,Bank Term Deposit,Insurance Cross-Sell,20-09-2026,Term Deposit cross sell offer made to the customer via digital channels,10-09-2026
SYN-023519,profile_only_v1,20260814,True,23519,313548,0.894823,0.880222,0.730008,0.732449,0,0.014601,0.00244,0.049002,exact_age,high,59,management,divorced,tertiary,no,866,no,no,cellular,28,aug,46,3,-1,0,unknown,no,313548,Male,59,1,8.0,0,> 2 Years,Yes,45476.0,26.0,56,0,COMPLETED,Y,N,67,Y,Y,0.714,2.7,N,,N,,0.731,0.553,1.0,1.4,Call,0.727,NO,YES,Payment Reminder / Collections Resolution,Insurance Cross-Sell,Bank Term Deposit,20-09-2026,"Payment-due reminder sent through the mobile app, internet banking, SMS or email; customer directed to payment options or the collections support journey; sales offers paused",10-09-2026
SYN-042934,profile_only_v1,20260814,True,42934,198882,0.848104,0.842599,0.596581,0.596204,0,0.005505,0.000378,0.018355,exact_age,high,67,retired,divorced,secondary,no,704,no,no,cellular,8,feb,186,2,97,1,success,yes,198882,Female,67,1,33.0,1,1-2 Year,No,32068.0,152.0,15,0,COMPLETED,Y,N,0,N,N,0.572,2.2,N,,N,,0.881,0.251,1.0,1.4,App,0.542,YES,NO,Service Intervention (Low NPS),Bank Term Deposit,Insurance Cross-Sell,20-09-2026,Service-recovery message -  apology / follow-up communication sent; contact-centre/service task created to address the customer’s recent experience,10-09-2026
SYN-043777,profile_only_v1,20260814,True,43777,119457,0.763502,0.786641,0.859049,0.858328,0,0.023138,0.000721,0.077072,exact_age,high,49,self-employed,divorced,tertiary,no,3293,no,no,cellular,24,may,260,1,77,9,failure,no,119457,Female,49,1,38.0,0,> 2 Years,Yes,42759.0,26.0,196,1,COMPLETED,Y,N,0,N,N,0.121,10.0,N,,N,,0.574,0.833,1.0,1.4,Call,0.98,YES,YES,Insurance Cross-Sell,Bank Term Deposit,,20-09-2026,Insurance cross sell offer made to the customer via digital channels,10-09-2026
SYN-003741,profile_only_v1,20260814,True,3741,87126,0.694239,0.714828,0.830452,0.826007,0,0.020588,0.004445,0.069454,exact_age,high,44,entrepreneur,married,tertiary,no,3689,yes,no,unknown,16,may,134,3,-1,0,unknown,no,87126,Male,44,1,28.0,0,> 2 Years,Yes,52205.0,150.0,43,0,COMPLETED,Y,N,3,N,N,0.541,4.6,N,,Y,TERM_DEPOSIT,0.543,0.678,1.0,1.4,Branch,0.754,NO,YES,Bank Term Deposit,Insurance Cross-Sell,Bank Term Deposit,20-09-2026,Term Deposit cross sell offer made to the customer via digital channels,10-09-2026
SYN-010371,profile_only_v1,20260814,True,10371,277215,0.896423,0.880222,0.626985,0.626881,0,0.016201,0.000104,0.05395,exact_age,high,59,entrepreneur,married,tertiary,no,631,yes,no,unknown,12,jun,167,1,-1,0,unknown,no,277215,Male,59,1,30.0,0,> 2 Years,Yes,29664.0,26.0,286,0,COMPLETED,Y,Y,0,N,Y,0.0,6.9,N,,N,,0.334,0.612,1.0,1.4,Call,0.857,NO,YES,Compliance Hold - No Sales Offer,Insurance Cross-Sell,Bank Term Deposit,20-09-2026,Case routed for internal AML/fraud review; a neutral service message displayed stating account activity is restricted,10-09-2026
SYN-036757,profile_only_v1,20260814,True,36757,96767,0.385465,0.516268,0.564222,0.565474,0,0.130803,0.001252,0.435586,exact_age,high,35,blue-collar,single,secondary,no,855,yes,no,cellular,12,may,549,1,300,1,success,yes,96767,Male,35,1,28.0,0,1-2 Year,Yes,39453.0,124.0,29,1,INCOMPLETE,N,N,0,N,N,0.547,4.9,N,,Y,TERM_DEPOSIT,1.0,1.0,1.0,1.4,Call,0.824,YES,YES,Complete KYC,Bank Term Deposit,Insurance Cross-Sell,20-09-2026,KYC completion notification displayed in the mobile app and internet banking; reminder sent through SMS/email; cross-sell offers withheld until KYC is completed,10-09-2026
SYN-045208,profile_only_v1,20260814,True,45208,375685,0.800994,0.860842,0.651267,0.650952,0,0.059849,0.000316,0.199298,exact_age,high,71,retired,divorced,primary,no,1729,no,no,cellular,17,nov,456,2,-1,0,unknown,yes,375685,Female,71,1,28.0,0,1-2 Year,Yes,42509.0,3.0,108,0,INCOMPLETE,N,N,78,Y,N,0.421,4.7,N,,Y,INSURANCE,0.249,0.957,1.0,1.4,SMS,0.532,YES,NO,Complete KYC,Bank Term Deposit,Insurance Cross-Sell,20-09-2026,KYC completion notification displayed in the mobile app and internet banking; reminder sent through SMS/email; cross-sell offers withheld until KYC is completed,10-09-2026
SYN-016356,profile_only_v1,20260814,True,16356,170849,0.207319,0.312702,0.451826,0.45183,0,0.105383,4e-06,0.350926,exact_age,high,28,blue-collar,single,secondary,no,371,yes,no,cellular,23,jul,159,2,-1,0,unknown,no,170849,Male,28,1,30.0,1,< 1 Year,No,27996.0,152.0,246,0,COMPLETED,Y,N,49,Y,N,0.136,6.8,N,,N,,0.533,0.409,1.0,1.4,App,0.595,NO,NO,Payment Reminder / Collections Resolution,Bank Term Deposit,Insurance Cross-Sell,20-09-2026,"Payment-due reminder sent through the mobile app, internet banking, SMS or email; customer directed to payment options or the collections support journey; sales offers paused",10-09-2026
SYN-034235,profile_only_v1,20260814,True,34235,18363,0.850643,0.886975,0.496261,0.498021,0,0.036332,0.00176,0.121064,exact_age,high,60,technician,married,secondary,no,316,no,no,cellular,4,may,545,2,263,4,failure,yes,18363,Female,60,1,28.0,0,> 2 Years,Yes,39094.0,26.0,277,0,COMPLETED,Y,N,51,Y,Y,0.013,10.0,N,,N,,0.537,0.744,1.0,1.4,App,0.902,YES,YES,Payment Reminder / Collections Resolution,Insurance Cross-Sell,Bank Term Deposit,20-09-2026,"Payment-due reminder sent through the mobile app, internet banking, SMS or email; customer directed to payment options or the collections support journey; sales offers paused",10-09-2026
SYN-037061,profile_only_v1,20260814,True,37061,279503,0.207319,0.312702,0.310152,0.310153,0,0.105383,1e-06,0.350926,exact_age,high,28,blue-collar,single,secondary,no,53,yes,no,cellular,13,may,93,1,-1,0,unknown,no,279503,Female,28,1,41.0,1,< 1 Year,No,28242.0,152.0,285,0,COMPLETED,Y,N,0,N,N,0.069,10.0,N,,Y,INSURANCE,0.691,0.668,1.0,1.4,App,0.706,NO,NO,Insurance Cross-Sell,Bank Term Deposit,Insurance Cross-Sell,20-09-2026,Insurance cross sell offer made to the customer via digital channels,10-09-2026
SYN-002541,profile_only_v1,20260814,True,2541,219892,0.297002,0.271112,0.301118,0.301188,0,0.02589,7e-05,0.086213,exact_age,high,26,technician,married,tertiary,no,8,yes,yes,unknown,13,may,262,2,-1,0,unknown,no,219892,Female,26,1,11.0,1,< 1 Year,No,26061.0,152.0,290,0,COMPLETED,Y,N,43,Y,N,0.0,8.2,Y,TERM_DEPOSIT,Y,INSURANCE,0.491,0.363,1.0,1.4,Email,0.751,NO,NO,Payment Reminder / Collections Resolution,Bank Term Deposit,Insurance Cross-Sell,20-09-2026,"Payment-due reminder sent through the mobile app, internet banking, SMS or email; customer directed to payment options or the collections support journey; sales offers paused",10-09-2026
SYN-009020,profile_only_v1,20260814,True,9020,61083,0.548127,0.614964,0.440529,0.440627,0,0.066837,9.8e-05,0.222566,exact_age,high,43,housemaid,married,primary,no,522,no,no,unknown,5,jun,86,1,-1,0,unknown,no,61083,Male,43,1,29.0,0,1-2 Year,Yes,28285.0,154.0,204,0,COMPLETED,Y,N,88,Y,N,0.167,7.8,N,,Y,TERM_DEPOSIT,0.454,0.804,1.0,1.4,App,0.716,NO,YES,Payment Reminder / Collections Resolution,Insurance Cross-Sell,Bank Term Deposit,20-09-2026,"Payment-due reminder sent through the mobile app, internet banking, SMS or email; customer directed to payment options or the collections support journey; sales offers paused",10-09-2026
SYN-040052,profile_only_v1,20260814,True,40052,340145,0.423976,0.506981,0.306552,0.307419,0,0.083006,0.000868,0.276418,exact_age,high,34,technician,married,secondary,no,114,yes,yes,cellular,4,jun,153,1,309,3,other,no,340145,Male,34,1,27.0,1,1-2 Year,No,20096.0,152.0,241,0,COMPLETED,Y,N,0,N,N,0.293,6.9,N,,Y,TERM_DEPOSIT,0.772,0.524,1.0,1.4,SMS,0.414,NO,NO,Bank Term Deposit,Bank Term Deposit,Insurance Cross-Sell,20-09-2026,Term Deposit cross sell offer made to the customer via digital channels,10-09-2026
SYN-014768,profile_only_v1,20260814,True,14768,298360,0.683676,0.726309,0.149552,0.149107,0,0.042633,0.000446,0.141971,exact_age,high,51,blue-collar,married,primary,no,-11,no,no,telephone,16,jul,126,4,-1,0,unknown,no,298360,Male,51,1,52.0,0,1-2 Year,No,2630.0,26.0,19,0,COMPLETED,Y,N,0,N,N,0.541,1.6,N,,Y,INSURANCE,0.771,0.623,1.0,1.4,Call,0.791,NO,NO,Service Intervention (Low NPS),Bank Term Deposit,Insurance Cross-Sell,20-09-2026,Service-recovery message -  apology / follow-up communication sent; contact-centre/service task created to address the customer’s recent experience,10-09-2026
SYN-042370,profile_only_v1,20260814,True,42370,261362,0.791584,0.809469,0.722852,0.722637,0,0.017885,0.000215,0.059559,exact_age,high,61,retired,divorced,primary,no,3624,no,no,cellular,25,nov,342,1,-1,0,unknown,yes,261362,Male,61,1,28.0,1,1-2 Year,No,45557.0,13.0,93,0,COMPLETED,Y,N,10,N,N,0.519,3.8,N,,Y,INSURANCE,0.68,0.632,1.0,1.4,Call,0.632,YES,NO,Service Intervention (Low NPS),Bank Term Deposit,Insurance Cross-Sell,20-09-2026,Service-recovery message -  apology / follow-up communication sent; contact-centre/service task created to address the customer’s recent experience,10-09-2026
SYN-018108,profile_only_v1,20260814,True,18108,48252,0.185323,0.294061,0.114035,0.115472,0,0.108738,0.001437,0.362116,exact_age,high,27,housemaid,married,primary,no,3,yes,yes,cellular,30,jul,64,4,-1,0,unknown,no,48252,Female,27,1,49.0,1,< 1 Year,No,2630.0,160.0,11,0,COMPLETED,Y,N,27,N,N,0.676,3.1,Y,INSURANCE,Y,INSURANCE,0.551,0.56,1.0,1.4,Call,0.804,NO,NO,Retention Action,Bank Term Deposit,Insurance Cross-Sell,20-09-2026,"Retention message prioritised - fee review, tailored support option and/or save offer; proactive contact task created for the service team; routine cross-sell deferred",10-09-2026
SYN-044082,profile_only_v1,20260814,True,44082,297378,0.223467,0.194818,0.612256,0.612254,0,0.028649,1e-06,0.095401,exact_age,high,24,admin.,single,tertiary,no,674,yes,no,cellular,6,jul,267,1,-1,0,unknown,yes,297378,Male,24,1,28.0,0,< 1 Year,Yes,45281.0,152.0,124,1,INCOMPLETE,Y,N,0,N,N,0.355,5.2,N,,N,,0.217,1.0,1.0,1.4,SMS,0.461,NO,NO,Complete KYC,Bank Term Deposit,Insurance Cross-Sell,20-09-2026,KYC completion notification displayed in the mobile app and internet banking; reminder sent through SMS/email; cross-sell offers withheld until KYC is completed,10-09-2026
SYN-014395,profile_only_v1,20260814,True,14395,175634,0.265299,0.328197,0.298343,0.298144,0,0.062898,0.000199,0.20945,exact_age,high,29,housemaid,married,secondary,no,85,yes,no,cellular,14,jul,76,2,-1,0,unknown,no,175634,Male,29,1,25.0,1,< 1 Year,No,23866.0,152.0,151,0,COMPLETED,Y,N,0,N,N,0.364,4.9,N,,N,,0.499,0.424,1.0,1.4,SMS,0.833,NO,NO,Bank Term Deposit,Insurance Cross-Sell,,20-09-2026,Term Deposit cross sell offer made to the customer via digital channels,10-09-2026
SYN-030668,profile_only_v1,20260814,True,30668,130036,0.712953,0.737177,0.325344,0.325456,0,0.024223,0.000112,0.080664,exact_age,high,52,management,divorced,primary,no,11,no,no,cellular,6,feb,365,1,9,1,other,no,130036,Male,52,1,28.0,0,1-2 Year,Yes,31141.0,26.0,140,0,INCOMPLETE,Y,N,0,N,Y,0.308,6.5,N,,N,,0.747,0.552,1.0,1.4,SMS,0.502,NO,YES,Complete KYC,Insurance Cross-Sell,Bank Term Deposit,20-09-2026,KYC completion notification displayed in the mobile app and internet banking; reminder sent through SMS/email; cross-sell offers withheld until KYC is completed,10-09-2026
SYN-000623,profile_only_v1,20260814,True,623,240383,0.567624,0.570481,0.371981,0.37172,0,0.002857,0.000261,0.009537,exact_age,high,40,technician,married,secondary,no,109,yes,no,unknown,6,may,147,2,-1,0,unknown,no,240383,Male,40,1,7.0,0,1-2 Year,Yes,25365.0,124.0,207,0,COMPLETED,Y,N,0,N,N,0.395,5.8,N,,N,,0.579,0.957,1.0,1.4,SMS,0.749,NO,YES,Insurance Cross-Sell,Bank Term Deposit,,20-09-2026,Insurance cross sell offer made to the customer via digital channels,10-09-2026
SYN-011981,profile_only_v1,20260814,True,11981,289365,0.564127,0.614964,0.535783,0.535808,0,0.050837,2.4e-05,0.169286,exact_age,high,43,admin.,single,secondary,no,985,yes,yes,unknown,20,jun,51,19,-1,0,unknown,no,289365,Male,43,1,28.0,1,1-2 Year,No,38451.0,124.0,296,0,COMPLETED,Y,N,60,Y,N,0.047,8.9,N,,N,,0.38,0.582,1.0,1.4,App,0.699,NO,NO,Payment Reminder / Collections Resolution,Bank Term Deposit,Insurance Cross-Sell,20-09-2026,"Payment-due reminder sent through the mobile app, internet banking, SMS or email; customer directed to payment options or the collections support journey; sales offers paused",10-09-2026
SYN-044981,profile_only_v1,20260814,True,44981,174414,0.362762,0.362171,0.665126,0.670361,0,0.000591,0.005235,0.013234,exact_age,high,32,admin.,married,secondary,no,1229,no,no,cellular,11,oct,485,1,182,1,success,no,174414,Male,32,1,11.0,1,< 1 Year,No,36364.0,152.0,73,0,COMPLETED,Y,N,0,N,N,0.494,4.6,N,,N,,0.844,0.299,1.0,1.4,Call,0.418,YES,NO,Bank Term Deposit,Insurance Cross-Sell,,20-09-2026,Term Deposit cross sell offer made to the customer via digital channels,10-09-2026
SYN-009144,profile_only_v1,20260814,True,9144,96737,0.677002,0.67601,0.703216,0.703323,0,0.000992,0.000107,0.003313,exact_age,high,47,blue-collar,married,secondary,no,1996,no,no,unknown,5,jun,761,2,-1,0,unknown,yes,96737,Female,47,1,47.0,0,1-2 Year,Yes,37136.0,163.0,16,1,COMPLETED,Y,N,85,Y,N,0.578,2.4,N,,Y,TERM_DEPOSIT,0.536,0.836,1.0,1.4,Email,0.903,NO,YES,Payment Reminder / Collections Resolution,Insurance Cross-Sell,Bank Term Deposit,20-09-2026,"Payment-due reminder sent through the mobile app, internet banking, SMS or email; customer directed to payment options or the collections support journey; sales offers paused",10-09-2026
SYN-031413,profile_only_v1,20260814,True,31413,247089,0.227299,0.328197,0.32463,0.324486,0,0.100898,0.000144,0.335989,exact_age,high,29,blue-collar,married,primary,no,201,yes,no,cellular,27,mar,101,12,-1,0,unknown,no,247089,Female,29,1,28.0,0,< 1 Year,Yes,35511.0,152.0,47,0,COMPLETED,Y,N,0,N,N,0.59,4.2,N,,N,,0.386,0.729,1.0,1.4,SMS,0.565,NO,NO,Insurance Cross-Sell,Bank Term Deposit,,20-09-2026,Insurance cross sell offer made to the customer via digital channels,10-09-2026
SYN-037553,profile_only_v1,20260814,True,37553,180491,0.593547,0.646451,0.438486,0.438559,0,0.052905,7.2e-05,0.176173,exact_age,high,45,blue-collar,married,primary,no,528,yes,no,cellular,14,may,16,7,-1,0,unknown,no,180491,Male,45,1,28.0,0,1-2 Year,No,35899.0,124.0,216,0,COMPLETED,Y,N,0,N,N,0.016,9.6,N,,N,,0.592,0.615,1.0,1.4,App,0.457,NO,NO,Bank Term Deposit,Insurance Cross-Sell,,20-09-2026,Term Deposit cross sell offer made to the customer via digital channels,10-09-2026
SYN-024887,profile_only_v1,20260814,True,24887,129846,0.493194,0.557608,0.772175,0.772181,0,0.064414,6e-06,0.214498,exact_age,high,39,technician,single,secondary,no,4646,yes,no,cellular,18,nov,486,1,-1,0,unknown,yes,129846,Male,39,1,37.0,0,1-2 Year,Yes,39720.0,124.0,242,0,COMPLETED,Y,N,0,N,N,0.015,7.9,Y,TERM_DEPOSIT,N,,0.649,0.701,1.0,1.4,Call,0.417,NO,YES,Bank Term Deposit,Insurance Cross-Sell,Bank Term Deposit,20-09-2026,Term Deposit cross sell offer made to the customer via digital channels,10-09-2026
SYN-039963,profile_only_v1,20260814,True,39963,301102,0.376448,0.341125,0.86331,0.809332,0,0.035322,0.053978,0.179012,exact_age,high,30,management,married,tertiary,no,2694,no,no,cellular,3,jun,192,1,-1,0,unknown,no,301102,Female,30,1,3.0,1,< 1 Year,No,46541.0,160.0,73,0,COMPLETED,Y,N,0,N,N,0.574,3.2,Y,INSURANCE,N,,0.663,0.761,1.0,1.4,SMS,0.633,NO,NO,Service Intervention (Low NPS),Bank Term Deposit,Insurance Cross-Sell,20-09-2026,Service-recovery message -  apology / follow-up communication sent; contact-centre/service task created to address the customer’s recent experience,10-09-2026
SYN-035288,profile_only_v1,20260814,True,35288,183955,0.173844,0.147384,0.772428,0.772427,0,0.026461,1e-06,0.088114,exact_age,high,23,technician,single,secondary,no,4659,yes,no,cellular,7,may,158,1,318,4,failure,no,183955,Male,23,1,12.0,1,< 1 Year,No,39983.0,152.0,47,0,COMPLETED,Y,N,0,N,N,0.479,4.8,N,,Y,INSURANCE,0.555,0.454,1.0,1.4,App,0.613,NO,NO,Insurance Cross-Sell,Bank Term Deposit,Insurance Cross-Sell,20-09-2026,Insurance cross sell offer made to the customer via digital channels,10-09-2026
SYN-019930,profile_only_v1,20260814,True,19930,299152,0.866297,0.865862,0.676274,0.671917,0,0.000435,0.004357,0.010988,exact_age,high,57,retired,married,tertiary,no,815,no,no,cellular,8,aug,385,2,-1,0,unknown,no,299152,Male,57,1,28.0,0,> 2 Years,Yes,44754.0,122.0,82,0,COMPLETED,Y,N,0,N,N,0.383,7.4,Y,INSURANCE,N,,0.475,0.986,1.0,1.4,SMS,0.701,NO,NO,Insurance Cross-Sell,Insurance Cross-Sell,Bank Term Deposit,20-09-2026,Insurance cross sell offer made to the customer via digital channels,10-09-2026
SYN-009786,profile_only_v1,20260814,True,9786,6489,0.725907,0.747493,0.518567,0.519944,0,0.021586,0.001377,0.071963,exact_age,high,53,management,divorced,primary,no,443,no,no,unknown,9,jun,422,1,-1,0,unknown,no,6489,Male,53,1,0.0,0,1-2 Year,Yes,2630.0,124.0,127,0,COMPLETED,Y,N,20,N,N,0.424,5.2,N,,Y,TERM_DEPOSIT,0.317,0.594,1.0,1.4,App,0.466,NO,NO,Bank Term Deposit,Insurance Cross-Sell,Bank Term Deposit,20-09-2026,Term Deposit cross sell offer made to the customer via digital channels,10-09-2026
SYN-023400,profile_only_v1,20260814,True,23400,7928,0.720198,0.714805,0.517434,0.519944,0,0.005392,0.00251,0.019021,exact_age,high,50,technician,divorced,secondary,no,376,no,no,cellular,27,aug,142,3,-1,0,unknown,no,7928,Female,50,1,48.0,0,1-2 Year,Yes,2630.0,26.0,88,0,COMPLETED,Y,N,0,N,N,0.447,5.5,N,,N,,0.413,0.783,1.0,1.4,SMS,0.727,NO,YES,Insurance Cross-Sell,Bank Term Deposit,,20-09-2026,Insurance cross sell offer made to the customer via digital channels,10-09-2026
SYN-031557,profile_only_v1,20260814,True,31557,309136,0.798198,0.798805,0.595958,0.595459,0,0.000608,0.000499,0.002377,exact_age,high,50,management,married,tertiary,no,414,yes,no,cellular,3,apr,707,1,302,3,failure,yes,309136,Male,50,1,28.0,0,> 2 Years,Yes,41885.0,26.0,268,0,COMPLETED,Y,N,0,N,N,0.221,7.8,N,,N,,0.448,0.711,1.0,1.4,Call,0.765,NO,YES,Insurance Cross-Sell,Bank Term Deposit,,20-09-2026,Insurance cross sell offer made to the customer via digital channels,10-09-2026
SYN-036501,profile_only_v1,20260814,True,36501,107333,0.824823,0.796222,0.2319,0.23168,0,0.028601,0.00022,0.095243,exact_age,high,59,services,married,secondary,no,0,yes,no,cellular,12,may,214,3,-1,0,unknown,no,107333,Female,59,1,27.0,0,1-2 Year,Yes,2630.0,156.0,63,0,COMPLETED,N,N,0,N,N,0.507,6.0,N,,N,,0.578,0.796,1.0,1.4,SMS,0.584,NO,YES,No Marketing Action (Consent Withheld),Insurance Cross-Sell,Bank Term Deposit,20-09-2026,Marketing messages and sales offers suppressed across channels in absence of valid consent; only essential service communications retained,10-09-2026
SYN-005645,profile_only_v1,20260814,True,5645,16600,0.836243,0.802975,0.676722,0.676458,0,0.033268,0.000264,0.110786,exact_age,high,60,retired,divorced,secondary,no,1718,yes,no,unknown,26,may,146,6,-1,0,unknown,no,16600,Male,60,1,25.0,0,1-2 Year,Yes,29312.0,30.0,150,0,COMPLETED,Y,N,0,N,N,0.493,4.6,N,,N,,0.527,0.843,1.0,1.4,Branch,0.428,NO,YES,Insurance Cross-Sell,Bank Term Deposit,,20-09-2026,Insurance cross sell offer made to the customer via digital channels,10-09-2026
SYN-041995,profile_only_v1,20260814,True,41995,21879,0.709907,0.747493,0.517854,0.519944,0,0.037586,0.00209,0.125269,exact_age,high,53,unknown,married,primary,no,732,no,no,cellular,27,oct,759,2,-1,0,unknown,yes,21879,Male,53,1,1.0,0,1-2 Year,Yes,2630.0,124.0,16,1,COMPLETED,Y,N,0,N,N,0.572,2.8,N,,Y,INSURANCE,0.482,0.767,1.0,1.4,SMS,0.99,NO,NO,Service Intervention (Low NPS),Insurance Cross-Sell,Bank Term Deposit,20-09-2026,Service-recovery message -  apology / follow-up communication sent; contact-centre/service task created to address the customer’s recent experience,10-09-2026
SYN-033278,profile_only_v1,20260814,True,33278,101504,0.636645,0.66856,0.589391,0.579944,0,0.031915,0.009447,0.108869,exact_age,high,41,technician,married,tertiary,no,532,yes,no,cellular,20,apr,414,2,285,1,failure,no,101504,Female,41,1,48.0,0,> 2 Years,Yes,2630.0,124.0,222,0,COMPLETED,Y,N,0,N,N,0.152,7.4,N,,N,,0.541,0.929,1.0,1.4,SMS,0.429,NO,YES,Insurance Cross-Sell,Bank Term Deposit,,20-09-2026,Insurance cross sell offer made to the customer via digital channels,10-09-2026
SYN-000265,profile_only_v1,20260814,True,265,49617,0.542245,0.58456,0.383646,0.383577,0,0.042315,6.9e-05,0.140909,exact_age,high,41,entrepreneur,married,primary,no,236,yes,no,unknown,5,may,151,1,-1,0,unknown,no,49617,Female,41,1,8.0,0,1-2 Year,Yes,32206.0,152.0,173,0,COMPLETED,Y,N,74,Y,N,0.276,7.6,N,,N,,0.769,0.578,1.0,1.4,App,0.963,NO,NO,Payment Reminder / Collections Resolution,Insurance Cross-Sell,Bank Term Deposit,20-09-2026,"Payment-due reminder sent through the mobile app, internet banking, SMS or email; customer directed to payment options or the collections support journey; sales offers paused",10-09-2026
SYN-000290,profile_only_v1,20260814,True,290,91922,0.574824,0.570481,0.579837,0.579845,0,0.004343,8e-06,0.014461,exact_age,high,40,self-employed,married,secondary,no,672,yes,no,unknown,5,may,164,2,-1,0,unknown,no,91922,Male,40,1,47.0,0,1-2 Year,Yes,33205.0,124.0,176,0,COMPLETED,Y,N,0,N,N,0.274,6.4,N,,N,,0.337,0.746,1.0,1.4,Branch,0.928,NO,YES,Insurance Cross-Sell,Bank Term Deposit,,20-09-2026,Insurance cross sell offer made to the customer via digital channels,10-09-2026
SYN-044864,profile_only_v1,20260814,True,44864,219327,0.407926,0.371625,0.558912,0.560553,0,0.036301,0.00164,0.120952,exact_age,high,33,management,single,tertiary,no,224,no,no,cellular,23,sep,409,2,92,4,success,yes,219327,Male,33,1,25.0,0,< 1 Year,Yes,29849.0,124.0,139,0,COMPLETED,Y,N,0,N,N,0.369,3.5,N,,N,,0.856,0.55,1.0,1.4,Call,0.414,YES,YES,Service Intervention (Low NPS),Bank Term Deposit,Insurance Cross-Sell,20-09-2026,Service-recovery message -  apology / follow-up communication sent; contact-centre/service task created to address the customer’s recent experience,10-09-2026
SYN-039677,profile_only_v1,20260814,True,39677,368015,0.621676,0.726309,0.535134,0.535285,0,0.104633,0.000151,0.348427,exact_age,high,51,housemaid,married,unknown,no,2337,yes,no,cellular,27,may,133,2,41,5,success,no,368015,Female,51,1,28.0,0,1-2 Year,Yes,38431.0,26.0,197,0,COMPLETED,Y,N,67,Y,Y,0.166,7.6,N,,N,,0.746,0.682,1.0,1.4,App,0.96,YES,YES,Payment Reminder / Collections Resolution,Insurance Cross-Sell,Bank Term Deposit,20-09-2026,"Payment-due reminder sent through the mobile app, internet banking, SMS or email; customer directed to payment options or the collections support journey; sales offers paused",10-09-2026
SYN-033179,profile_only_v1,20260814,True,33179,283492,0.219319,0.312702,0.469333,0.469468,0,0.093383,0.000135,0.310966,exact_age,high,28,technician,single,secondary,no,335,yes,no,cellular,20,apr,122,3,-1,0,unknown,no,283492,Female,28,1,12.0,1,< 1 Year,No,27415.0,152.0,24,0,INCOMPLETE,Y,N,0,N,N,0.62,3.0,Y,INSURANCE,N,,0.314,0.532,1.0,1.4,SMS,0.603,NO,NO,Complete KYC,Bank Term Deposit,Insurance Cross-Sell,20-09-2026,KYC completion notification displayed in the mobile app and internet banking; reminder sent through SMS/email; cross-sell offers withheld until KYC is completed,10-09-2026
SYN-039478,profile_only_v1,20260814,True,39478,42544,0.706302,0.702641,0.645285,0.645495,0,0.003662,0.00021,0.012204,exact_age,high,49,technician,divorced,secondary,no,972,no,no,cellular,25,may,613,2,-1,0,unknown,no,42544,Male,49,1,41.0,0,1-2 Year,No,35071.0,26.0,129,0,COMPLETED,Y,N,0,N,N,0.347,7.0,N,,N,,0.615,0.703,1.0,1.4,App,0.586,NO,NO,Bank Term Deposit,Insurance Cross-Sell,,20-09-2026,Term Deposit cross sell offer made to the customer via digital channels,10-09-2026
SYN-012507,profile_only_v1,20260814,True,12507,192348,0.601547,0.646451,0.305634,0.305526,0,0.044905,0.000108,0.149533,exact_age,high,45,technician,single,secondary,no,52,no,yes,unknown,2,jul,79,3,-1,0,unknown,no,192348,Male,45,1,28.0,0,1-2 Year,Yes,30010.0,124.0,205,0,COMPLETED,Y,N,0,N,N,0.095,9.9,N,,N,,0.425,0.755,1.0,1.4,Branch,0.623,NO,YES,Insurance Cross-Sell,Bank Term Deposit,,20-09-2026,Insurance cross sell offer made to the customer via digital channels,10-09-2026
SYN-014318,profile_only_v1,20260814,True,14318,296661,0.432762,0.488171,0.86629,0.866067,0,0.055409,0.000223,0.184513,exact_age,high,32,management,married,tertiary,no,8300,no,yes,cellular,14,jul,460,3,-1,0,unknown,no,296661,Male,32,1,28.0,0,1-2 Year,No,57875.0,124.0,215,0,COMPLETED,Y,N,44,Y,N,0.19,6.7,N,,N,,0.12,0.712,1.0,1.4,Call,0.934,NO,NO,Payment Reminder / Collections Resolution,Bank Term Deposit,Insurance Cross-Sell,20-09-2026,"Payment-due reminder sent through the mobile app, internet banking, SMS or email; customer directed to payment options or the collections support journey; sales offers paused",10-09-2026
SYN-031714,profile_only_v1,20260814,True,31714,162563,0.662198,0.714805,0.64255,0.642332,0,0.052608,0.000218,0.175185,exact_age,high,50,services,single,secondary,no,1716,yes,no,cellular,7,apr,272,1,-1,0,unknown,no,162563,Male,50,1,10.0,0,1-2 Year,Yes,29961.0,157.0,22,1,COMPLETED,Y,N,0,N,N,0.529,3.6,N,,N,,0.624,0.856,1.0,1.4,SMS,0.57,NO,YES,Service Intervention (Low NPS),Insurance Cross-Sell,Bank Term Deposit,20-09-2026,Service-recovery message -  apology / follow-up communication sent; contact-centre/service task created to address the customer’s recent experience,10-09-2026
SYN-025893,profile_only_v1,20260814,True,25893,166220,0.306448,0.341125,0.727008,0.727426,0,0.034678,0.000418,0.115482,exact_age,high,30,admin.,married,secondary,no,2074,no,no,cellular,19,nov,98,1,-1,0,unknown,no,166220,Female,30,1,4.0,0,< 1 Year,Yes,35880.0,124.0,291,0,COMPLETED,Y,N,60,Y,N,0.119,8.9,N,,N,,0.46,0.734,1.0,1.4,App,0.72,NO,YES,Payment Reminder / Collections Resolution,Insurance Cross-Sell,Bank Term Deposit,20-09-2026,"Payment-due reminder sent through the mobile app, internet banking, SMS or email; customer directed to payment options or the collections support journey; sales offers paused",10-09-2026
SYN-041823,profile_only_v1,20260814,True,41823,226706,0.867961,0.886899,0.327585,0.328356,0,0.018938,0.000771,0.063092,exact_age,high,80,retired,married,secondary,no,2,no,no,telephone,15,oct,442,1,-1,0,unknown,no,226706,Male,80,1,45.0,1,1-2 Year,No,22556.0,26.0,46,0,COMPLETED,Y,N,37,Y,N,0.538,4.0,Y,INSURANCE,N,,0.44,0.566,1.0,1.4,Call,0.911,YES,NO,Payment Reminder / Collections Resolution,Bank Term Deposit,Insurance Cross-Sell,20-09-2026,"Payment-due reminder sent through the mobile app, internet banking, SMS or email; customer directed to payment options or the collections support journey; sales offers paused",10-09-2026
SYN-003188,profile_only_v1,20260814,True,3188,51796,0.720198,0.714805,0.334027,0.334253,0,0.005392,0.000225,0.017965,exact_age,high,50,blue-collar,married,secondary,no,95,yes,no,unknown,15,may,468,5,-1,0,unknown,no,51796,Female,50,1,46.0,0,1-2 Year,Yes,23202.0,124.0,289,1,COMPLETED,Y,N,39,Y,N,0.071,8.0,N,,N,,0.391,0.68,1.0,1.4,Call,0.489,NO,YES,Payment Reminder / Collections Resolution,Insurance Cross-Sell,Bank Term Deposit,20-09-2026,"Payment-due reminder sent through the mobile app, internet banking, SMS or email; customer directed to payment options or the collections support journey; sales offers paused",10-09-2026
SYN-038614,profile_only_v1,20260814,True,38614,293376,0.294448,0.341125,0.624013,0.624213,0,0.046678,0.0002,0.155438,exact_age,high,30,admin.,divorced,secondary,no,891,no,no,cellular,15,may,340,2,368,1,failure,no,293376,Male,30,1,6.0,1,< 1 Year,No,30844.0,152.0,90,0,COMPLETED,Y,N,0,N,N,0.505,7.2,N,,Y,INSURANCE,0.552,0.738,1.0,1.4,App,0.717,YES,NO,Insurance Cross-Sell,Bank Term Deposit,Insurance Cross-Sell,20-09-2026,Insurance cross sell offer made to the customer via digital channels,10-09-2026
SYN-038656,profile_only_v1,20260814,True,38656,152474,0.300762,0.362171,0.509738,0.50787,0,0.061409,0.001869,0.204546,exact_age,high,32,blue-collar,single,secondary,no,574,yes,no,cellular,15,may,51,4,-1,0,unknown,no,152474,Female,32,1,30.0,1,< 1 Year,No,29391.0,152.0,141,0,COMPLETED,Y,N,0,N,N,0.476,3.9,N,,N,,0.308,0.531,1.0,1.4,Call,0.667,NO,NO,Service Intervention (Low NPS),Bank Term Deposit,Insurance Cross-Sell,20-09-2026,Service-recovery message -  apology / follow-up communication sent; contact-centre/service task created to address the customer’s recent experience,10-09-2026
SYN-032246,profile_only_v1,20260814,True,32246,59723,0.333926,0.371625,0.320088,0.320118,0,0.037699,2.9e-05,0.125537,exact_age,high,33,blue-collar,married,primary,no,359,yes,yes,cellular,16,apr,130,1,148,1,failure,no,59723,Female,33,1,46.0,1,< 1 Year,No,25693.0,152.0,254,0,COMPLETED,N,N,0,N,N,0.0,8.3,N,,N,,0.319,0.436,1.0,1.4,SMS,0.546,NO,NO,No Marketing Action (Consent Withheld),Bank Term Deposit,Insurance Cross-Sell,20-09-2026,Marketing messages and sales offers suppressed across channels in absence of valid consent; only essential service communications retained,10-09-2026
SYN-037805,profile_only_v1,20260814,True,37805,125522,0.475236,0.53561,0.312604,0.312628,0,0.060373,2.4e-05,0.201044,exact_age,high,37,services,divorced,secondary,no,75,yes,no,cellular,14,may,160,1,-1,0,unknown,no,125522,Male,37,1,28.0,0,1-2 Year,Yes,30423.0,56.0,128,0,COMPLETED,Y,N,0,N,N,0.402,6.0,N,,N,,0.491,0.85,1.0,1.4,Call,0.829,NO,YES,Insurance Cross-Sell,Bank Term Deposit,,20-09-2026,Insurance cross sell offer made to the customer via digital channels,10-09-2026
SYN-020524,profile_only_v1,20260814,True,20524,5589,0.395926,0.371625,0.779746,0.779973,0,0.024301,0.000228,0.080925,exact_age,high,33,technician,married,secondary,no,3243,no,no,cellular,12,aug,439,4,-1,0,unknown,yes,5589,Female,33,1,4.0,1,< 1 Year,No,40690.0,152.0,69,0,COMPLETED,Y,N,0,N,N,0.443,3.5,N,,N,,0.509,0.743,1.0,1.4,Call,0.645,NO,NO,Service Intervention (Low NPS),Bank Term Deposit,Insurance Cross-Sell,20-09-2026,Service-recovery message -  apology / follow-up communication sent; contact-centre/service task created to address the customer’s recent experience,10-09-2026
SYN-024155,profile_only_v1,20260814,True,24155,374411,0.76999,0.773673,0.431178,0.42909,0,0.003683,0.002088,0.01333,exact_age,high,48,management,married,tertiary,no,1,no,no,telephone,10,nov,248,1,-1,0,unknown,yes,374411,Male,48,1,28.0,0,> 2 Years,Yes,36155.0,124.0,185,0,COMPLETED,Y,N,0,N,N,0.219,7.0,N,,Y,TERM_DEPOSIT,0.562,0.901,1.0,1.4,Call,0.773,NO,YES,Bank Term Deposit,Insurance Cross-Sell,Bank Term Deposit,20-09-2026,Term Deposit cross sell offer made to the customer via digital channels,10-09-2026
SYN-028936,profile_only_v1,20260814,True,28936,314831,0.623547,0.646451,0.655369,0.655306,0,0.022905,6.3e-05,0.076273,exact_age,high,45,unemployed,married,secondary,no,2040,no,no,telephone,2,feb,803,1,-1,0,unknown,yes,314831,Male,45,1,28.0,0,1-2 Year,Yes,42674.0,26.0,292,0,COMPLETED,Y,N,0,N,N,0.12,10.0,N,,Y,TERM_DEPOSIT,0.385,0.741,1.0,1.4,Branch,0.813,NO,YES,Bank Term Deposit,Insurance Cross-Sell,Bank Term Deposit,20-09-2026,Term Deposit cross sell offer made to the customer via digital channels,10-09-2026
SYN-025639,profile_only_v1,20260814,True,25639,264824,0.451465,0.516268,0.742431,0.742556,0,0.064803,0.000124,0.215795,exact_age,high,35,technician,married,secondary,no,2189,no,no,cellular,19,nov,256,3,-1,0,unknown,no,264824,Male,35,1,4.0,0,1-2 Year,Yes,33263.0,124.0,125,1,INCOMPLETE,Y,N,0,N,N,0.242,8.0,N,,N,,0.718,0.519,1.0,1.4,SMS,0.778,NO,YES,Complete KYC,Insurance Cross-Sell,Bank Term Deposit,20-09-2026,KYC completion notification displayed in the mobile app and internet banking; reminder sent through SMS/email; cross-sell offers withheld until KYC is completed,10-09-2026
SYN-008232,profile_only_v1,20260814,True,8232,224114,0.489624,0.570481,0.595756,0.595769,0,0.080857,1.3e-05,0.269255,exact_age,high,40,services,divorced,primary,no,1937,yes,no,unknown,2,jun,86,1,-1,0,unknown,no,224114,Female,40,1,8.0,1,1-2 Year,Yes,38598.0,7.0,147,0,COMPLETED,Y,N,0,N,N,0.266,6.1,N,,N,,0.636,0.403,1.0,1.4,Call,0.414,NO,NO,Bank Term Deposit,Insurance Cross-Sell,,20-09-2026,Term Deposit cross sell offer made to the customer via digital channels,10-09-2026
SYN-023346,profile_only_v1,20260814,True,23346,257102,0.729676,0.726309,0.301628,0.30194,0,0.003367,0.000312,0.01124,exact_age,high,51,services,married,secondary,no,7,no,no,cellular,27,aug,18,18,-1,0,unknown,no,257102,Female,51,1,28.0,0,1-2 Year,Yes,29786.0,26.0,124,0,COMPLETED,Y,N,0,N,N,0.428,4.6,N,,N,,0.499,0.969,1.0,1.4,Call,0.499,NO,YES,Insurance Cross-Sell,Bank Term Deposit,,20-09-2026,Insurance cross sell offer made to the customer via digital channels,10-09-2026
SYN-043696,profile_only_v1,20260814,True,43696,48102,0.262523,0.294061,0.511385,0.511427,0,0.031538,4.2e-05,0.105023,exact_age,high,27,self-employed,single,tertiary,no,168,no,no,cellular,13,may,271,1,182,2,success,no,48102,Female,27,1,28.0,1,< 1 Year,No,41288.0,152.0,125,0,COMPLETED,Y,N,0,N,N,0.347,6.1,N,,N,,0.653,0.294,1.0,1.4,Call,0.712,YES,NO,Bank Term Deposit,Insurance Cross-Sell,,20-09-2026,Term Deposit cross sell offer made to the customer via digital channels,10-09-2026
SYN-012423,profile_only_v1,20260814,True,12423,233369,0.720198,0.714805,0.766332,0.766295,0,0.005392,3.7e-05,0.017957,exact_age,high,50,blue-collar,married,secondary,no,3988,no,no,unknown,30,jun,165,4,-1,0,unknown,no,233369,Male,50,1,3.0,0,1-2 Year,Yes,32328.0,26.0,45,0,COMPLETED,Y,N,0,N,N,0.551,3.0,N,,Y,INSURANCE,0.155,1.0,1.0,1.4,Branch,0.871,NO,YES,Service Intervention (Low NPS),Insurance Cross-Sell,Bank Term Deposit,20-09-2026,Service-recovery message -  apology / follow-up communication sent; contact-centre/service task created to address the customer’s recent experience,10-09-2026
SYN-043989,profile_only_v1,20260814,True,43989,62093,0.784302,0.786641,0.667464,0.664582,0,0.002338,0.002883,0.01061,exact_age,high,49,management,married,tertiary,no,1167,yes,yes,cellular,25,jun,213,6,150,8,failure,yes,62093,Male,49,1,8.0,0,> 2 Years,Yes,42814.0,26.0,230,0,COMPLETED,Y,N,0,N,N,0.121,9.3,N,,N,,0.565,0.825,1.0,1.4,SMS,0.68,NO,YES,Insurance Cross-Sell,Bank Term Deposit,,20-09-2026,Insurance cross sell offer made to the customer via digital channels,10-09-2026
SYN-039640,profile_only_v1,20260814,True,39640,175636,0.489976,0.506981,0.626204,0.626425,0,0.017006,0.000221,0.056632,exact_age,high,34,management,married,tertiary,no,402,no,no,cellular,26,may,147,1,-1,0,unknown,no,175636,Male,34,1,30.0,1,1-2 Year,No,28828.0,152.0,254,0,COMPLETED,Y,N,0,N,N,0.066,9.7,N,,N,,0.437,0.473,1.0,1.4,SMS,0.983,NO,NO,Bank Term Deposit,Insurance Cross-Sell,,20-09-2026,Term Deposit cross sell offer made to the customer via digital channels,10-09-2026
SYN-035660,profile_only_v1,20260814,True,35660,289389,0.322448,0.341125,0.546425,0.546528,0,0.018678,0.000104,0.062198,exact_age,high,30,management,single,tertiary,no,277,yes,no,cellular,8,may,166,1,42,1,other,no,289389,Male,30,1,33.0,1,< 1 Year,No,33445.0,152.0,164,0,COMPLETED,Y,N,0,N,N,0.345,6.6,N,,N,,0.796,0.544,1.0,1.4,Call,0.552,NO,NO,Bank Term Deposit,Insurance Cross-Sell,,20-09-2026,Term Deposit cross sell offer made to the customer via digital channels,10-09-2026
SYN-044973,profile_only_v1,20260814,True,44973,355211,0.424062,0.525716,0.842615,0.842827,0,0.101654,0.000212,0.338508,exact_age,high,36,technician,single,secondary,no,12264,no,no,cellular,11,oct,285,1,182,2,success,yes,355211,Female,36,1,11.0,0,1-2 Year,Yes,40663.0,26.0,13,0,COMPLETED,Y,N,0,N,N,0.733,2.6,N,,N,,0.861,0.893,1.0,1.4,Call,0.574,YES,YES,Retention Action,Bank Term Deposit,Insurance Cross-Sell,20-09-2026,"Retention message prioritised - fee review, tailored support option and/or save offer; proactive contact task created for the service team; routine cross-sell deferred",10-09-2026
SYN-026172,profile_only_v1,20260814,True,26172,63000,0.774697,0.781862,0.255573,0.255399,0,0.007165,0.000175,0.023865,exact_age,high,57,unemployed,divorced,secondary,no,3,no,no,cellular,20,nov,77,3,-1,0,unknown,no,63000,Female,57,1,28.0,0,1-2 Year,Yes,25956.0,13.0,266,0,COMPLETED,Y,N,0,N,N,0.104,10.0,N,,N,,0.387,0.951,1.0,1.4,App,0.485,NO,YES,Insurance Cross-Sell,Bank Term Deposit,,20-09-2026,Insurance cross sell offer made to the customer via digital channels,10-09-2026
SYN-026431,profile_only_v1,20260814,True,26431,83878,0.66999,0.689673,0.72542,0.725395,0,0.019683,2.4e-05,0.065545,exact_age,high,48,management,married,primary,no,3230,yes,no,telephone,20,nov,207,3,-1,0,unknown,no,83878,Male,48,1,36.0,0,1-2 Year,Yes,37748.0,26.0,290,1,COMPLETED,Y,N,0,N,Y,0.094,9.7,N,,N,,0.598,0.806,1.0,1.4,Branch,0.63,NO,YES,Service Resolution,Insurance Cross-Sell,Bank Term Deposit,20-09-2026,"Complaint status and resolution options surfaced in the mobile app, internet banking or contact-centre desktop; service follow-up initiated; promotional offers suppressed until resolution",10-09-2026
SYN-013827,profile_only_v1,20260814,True,13827,292164,0.866297,0.865862,0.413078,0.414255,0,0.000435,0.001177,0.00328,exact_age,high,57,retired,married,tertiary,no,29,no,no,telephone,10,jul,532,2,-1,0,unknown,no,292164,Female,57,1,28.0,0,> 2 Years,Yes,35443.0,26.0,25,1,COMPLETED,Y,N,0,N,N,0.606,4.1,N,,N,,0.736,0.915,1.0,1.4,Call,0.659,NO,YES,Retention Action,Insurance Cross-Sell,Bank Term Deposit,20-09-2026,"Retention message prioritised - fee review, tailored support option and/or save offer; proactive contact task created for the service team; routine cross-sell deferred",10-09-2026
SYN-037258,profile_only_v1,20260814,True,37258,350835,0.546853,0.599431,0.756422,0.756582,0,0.052577,0.00016,0.175083,exact_age,high,42,admin.,single,secondary,no,4253,yes,no,cellular,13,may,146,1,-1,0,unknown,no,350835,Female,42,1,28.0,0,1-2 Year,Yes,47343.0,124.0,180,0,COMPLETED,Y,N,0,N,N,0.156,9.3,Y,TERM_DEPOSIT,N,,0.571,0.893,1.0,1.4,Call,0.847,NO,YES,Bank Term Deposit,Insurance Cross-Sell,Bank Term Deposit,20-09-2026,Term Deposit cross sell offer made to the customer via digital channels,10-09-2026
SYN-026429,profile_only_v1,20260814,True,26429,121894,0.337426,0.352244,0.374711,0.374832,0,0.014818,0.00012,0.049343,exact_age,high,31,technician,married,secondary,no,54,no,no,cellular,20,nov,775,1,-1,0,unknown,no,121894,Female,31,1,45.0,1,< 1 Year,No,25756.0,152.0,138,0,COMPLETED,Y,N,0,N,N,0.331,7.2,N,,N,,0.485,0.573,1.0,1.4,App,0.722,NO,NO,Bank Term Deposit,Insurance Cross-Sell,,20-09-2026,Term Deposit cross sell offer made to the customer via digital channels,10-09-2026
SYN-041748,profile_only_v1,20260814,True,41748,347777,0.834643,0.802975,0.832245,0.832304,0,0.031668,5.9e-05,0.105456,exact_age,high,60,admin.,divorced,secondary,no,12039,no,no,telephone,12,oct,261,1,187,1,success,yes,347777,Male,60,1,15.0,0,1-2 Year,Yes,43258.0,124.0,44,1,COMPLETED,Y,N,0,N,N,0.555,5.0,N,,N,,0.712,0.705,1.0,1.4,Call,0.542,YES,NO,Bank Term Deposit,Insurance Cross-Sell,,20-09-2026,Term Deposit cross sell offer made to the customer via digital channels,10-09-2026
SYN-038472,profile_only_v1,20260814,True,38472,137810,0.272448,0.341125,0.511061,0.511036,0,0.068678,2.5e-05,0.228698,exact_age,high,30,management,single,secondary,no,340,yes,no,cellular,15,may,136,2,361,1,other,no,137810,Male,30,1,26.0,0,< 1 Year,Yes,32277.0,152.0,194,0,COMPLETED,Y,N,0,N,N,0.214,7.9,Y,TERM_DEPOSIT,N,,0.477,0.599,1.0,1.4,SMS,0.539,NO,NO,Bank Term Deposit,Insurance Cross-Sell,Bank Term Deposit,20-09-2026,Term Deposit cross sell offer made to the customer via digital channels,10-09-2026
SYN-001633,profile_only_v1,20260814,True,1633,238607,0.656302,0.702641,0.317842,0.317827,0,0.046338,1.5e-05,0.154307,exact_age,high,49,blue-collar,married,primary,no,186,yes,no,unknown,9,may,241,1,-1,0,unknown,no,238607,Male,49,1,28.0,1,1-2 Year,No,30723.0,122.0,226,0,COMPLETED,Y,N,0,N,N,0.149,7.8,N,,N,,0.304,0.742,1.0,1.4,SMS,0.559,NO,NO,Bank Term Deposit,Insurance Cross-Sell,,20-09-2026,Term Deposit cross sell offer made to the customer via digital channels,10-09-2026
SYN-008122,profile_only_v1,20260814,True,8122,281378,0.349426,0.352244,0.59673,0.596704,0,0.002818,2.6e-05,0.009383,exact_age,high,31,management,single,tertiary,no,684,yes,yes,unknown,2,jun,148,2,-1,0,unknown,no,281378,Male,31,1,28.0,1,< 1 Year,No,44588.0,152.0,76,0,COMPLETED,Y,N,60,Y,N,0.507,5.8,Y,INSURANCE,N,,0.471,0.642,1.0,1.4,Branch,0.781,NO,NO,Payment Reminder / Collections Resolution,Bank Term Deposit,Insurance Cross-Sell,20-09-2026,"Payment-due reminder sent through the mobile app, internet banking, SMS or email; customer directed to payment options or the collections support journey; sales offers paused",10-09-2026
SYN-027998,profile_only_v1,20260814,True,27998,60483,0.837907,0.831493,0.405746,0.411573,0,0.006414,0.005826,0.025853,exact_age,high,53,management,married,tertiary,no,0,no,no,cellular,28,jan,1745,2,-1,0,unknown,no,60483,Female,53,1,28.0,0,> 2 Years,Yes,35316.0,156.0,264,0,COMPLETED,Y,N,61,Y,N,0.141,9.7,N,,N,,0.411,1.0,1.0,1.4,SMS,0.935,NO,NO,Payment Reminder / Collections Resolution,Insurance Cross-Sell,Bank Term Deposit,20-09-2026,"Payment-due reminder sent through the mobile app, internet banking, SMS or email; customer directed to payment options or the collections support journey; sales offers paused",10-09-2026
SYN-004139,profile_only_v1,20260814,True,4139,252216,0.256448,0.341125,0.350651,0.350656,0,0.084678,5e-06,0.281978,exact_age,high,30,technician,single,secondary,no,18,no,no,unknown,19,may,798,1,-1,0,unknown,no,252216,Male,30,1,35.0,1,< 1 Year,No,27580.0,152.0,117,0,COMPLETED,Y,N,0,N,N,0.555,4.2,N,,Y,INSURANCE,0.581,0.624,1.0,1.4,App,0.415,NO,NO,Insurance Cross-Sell,Bank Term Deposit,Insurance Cross-Sell,20-09-2026,Insurance cross sell offer made to the customer via digital channels,10-09-2026
SYN-037372,profile_only_v1,20260814,True,37372,169014,0.455966,0.546112,0.671362,0.671614,0,0.090146,0.000252,0.300185,exact_age,high,38,services,single,secondary,no,2253,yes,no,cellular,13,may,937,3,-1,0,unknown,yes,169014,Female,38,1,8.0,1,1-2 Year,No,41280.0,26.0,177,0,COMPLETED,N,N,0,N,N,0.319,5.8,N,,Y,TERM_DEPOSIT,0.573,0.695,1.0,1.4,SMS,0.921,NO,NO,No Marketing Action (Consent Withheld),Bank Term Deposit,Insurance Cross-Sell,20-09-2026,Marketing messages and sales offers suppressed across channels in absence of valid consent; only essential service communications retained,10-09-2026
SYN-024130,profile_only_v1,20260814,True,24130,263912,0.403426,0.352244,0.78585,0.786063,0,0.051182,0.000213,0.170438,exact_age,high,31,management,married,tertiary,no,1331,no,no,unknown,5,nov,268,1,-1,0,unknown,yes,263912,Female,31,1,8.0,1,< 1 Year,No,59091.0,152.0,26,0,COMPLETED,Y,N,24,N,N,0.513,5.9,N,,N,,0.193,0.543,1.0,1.4,Email,0.478,NO,NO,Bank Term Deposit,Insurance Cross-Sell,,20-09-2026,Term Deposit cross sell offer made to the customer via digital channels,10-09-2026
SYN-020272,profile_only_v1,20260814,True,20272,148780,0.837907,0.831493,0.405746,0.401868,0,0.006414,0.003878,0.023457,exact_age,high,53,management,married,tertiary,no,0,no,no,cellular,11,aug,608,2,-1,0,unknown,yes,148780,Male,53,1,28.0,0,> 2 Years,Yes,34821.0,26.0,89,1,COMPLETED,Y,N,0,N,N,0.625,3.5,N,,N,,0.562,0.821,1.0,1.4,Call,0.546,NO,YES,Retention Action,Insurance Cross-Sell,Bank Term Deposit,20-09-2026,"Retention message prioritised - fee review, tailored support option and/or save offer; proactive contact task created for the service team; routine cross-sell deferred",10-09-2026
SYN-044241,profile_only_v1,20260814,True,44241,84035,0.439465,0.516268,0.174712,0.176298,0,0.076803,0.001586,0.255786,exact_age,high,35,blue-collar,married,secondary,no,-17,yes,no,unknown,20,jul,7,1,-1,0,unknown,no,84035,Female,35,1,39.0,1,1-2 Year,No,2630.0,156.0,24,0,COMPLETED,N,N,0,N,N,0.609,2.5,N,,N,,0.127,0.522,1.0,1.4,Branch,0.758,NO,NO,No Marketing Action (Consent Withheld),Bank Term Deposit,Insurance Cross-Sell,20-09-2026,Marketing messages and sales offers suppressed across channels in absence of valid consent; only essential service communications retained,10-09-2026
SYN-038205,profile_only_v1,20260814,True,38205,227585,0.252448,0.341125,0.436829,0.429944,0,0.088678,0.006885,0.295799,exact_age,high,30,admin.,single,secondary,no,278,yes,no,cellular,15,may,148,1,-1,0,unknown,no,227585,Male,30,1,48.0,1,< 1 Year,No,2630.0,160.0,234,0,COMPLETED,Y,N,0,N,Y,0.071,7.4,N,,N,,0.313,0.346,1.0,1.4,App,0.81,NO,NO,Service Resolution,Bank Term Deposit,Insurance Cross-Sell,20-09-2026,"Complaint status and resolution options surfaced in the mobile app, internet banking or contact-centre desktop; service follow-up initiated; promotional offers suppressed until resolution",10-09-2026
SYN-037013,profile_only_v1,20260814,True,37013,135719,0.633624,0.654481,0.710459,0.696209,0,0.020857,0.014249,0.078057,exact_age,high,40,management,married,tertiary,no,964,yes,no,telephone,13,may,95,3,-1,0,unknown,no,135719,Male,40,1,28.0,0,> 2 Years,Yes,45719.0,52.0,288,0,COMPLETED,Y,N,0,N,N,0.084,10.0,N,,N,,0.683,0.638,1.0,1.4,Call,0.84,NO,YES,Insurance Cross-Sell,Bank Term Deposit,,20-09-2026,Insurance cross sell offer made to the customer via digital channels,10-09-2026
SYN-039435,profile_only_v1,20260814,True,39435,181394,0.461194,0.557608,0.663391,0.663412,0,0.096414,2.1e-05,0.321058,exact_age,high,39,unemployed,single,secondary,no,2208,no,no,telephone,22,may,23,2,-1,0,unknown,no,181394,Female,39,1,41.0,0,1-2 Year,Yes,35636.0,124.0,16,0,COMPLETED,Y,N,0,N,N,0.55,4.9,N,,Y,TERM_DEPOSIT,0.563,0.664,1.0,1.4,Branch,0.764,NO,YES,Bank Term Deposit,Insurance Cross-Sell,Bank Term Deposit,20-09-2026,Term Deposit cross sell offer made to the customer via digital channels,10-09-2026
SYN-036908,profile_only_v1,20260814,True,36908,217640,0.836823,0.796222,0.379109,0.378918,0,0.040601,0.000191,0.135202,exact_age,high,59,admin.,married,secondary,no,145,yes,no,telephone,12,may,556,2,287,13,success,yes,217640,Male,59,1,3.0,0,1-2 Year,Yes,22666.0,154.0,148,0,COMPLETED,Y,N,0,N,N,0.196,7.5,N,,N,,0.434,0.638,1.0,1.4,Call,0.74,YES,NO,Bank Term Deposit,Insurance Cross-Sell,,20-09-2026,Term Deposit cross sell offer made to the customer via digital channels,10-09-2026
SYN-026565,profile_only_v1,20260814,True,26565,148150,0.337426,0.352244,0.756898,0.757017,0,0.014818,0.000119,0.049343,exact_age,high,31,technician,married,secondary,no,3706,yes,no,cellular,20,nov,129,1,-1,0,unknown,no,148150,Male,31,1,41.0,0,< 1 Year,Yes,45045.0,124.0,136,1,COMPLETED,Y,N,0,N,N,0.358,4.4,N,,Y,TERM_DEPOSIT,0.515,0.962,1.0,1.4,Call,0.819,NO,YES,Bank Term Deposit,Insurance Cross-Sell,Bank Term Deposit,20-09-2026,Term Deposit cross sell offer made to the customer via digital channels,10-09-2026
SYN-019793,profile_only_v1,20260814,True,19793,9028,0.432762,0.488171,0.791369,0.790059,0,0.055409,0.00131,0.184541,exact_age,high,32,management,married,tertiary,no,1388,no,no,cellular,8,aug,161,6,-1,0,unknown,no,9028,Male,32,1,28.0,0,1-2 Year,Yes,49482.0,124.0,184,1,COMPLETED,Y,N,0,N,Y,0.158,7.7,N,,N,,0.363,0.748,1.0,1.4,SMS,0.632,NO,YES,Service Resolution,Insurance Cross-Sell,Bank Term Deposit,20-09-2026,"Complaint status and resolution options surfaced in the mobile app, internet banking or contact-centre desktop; service follow-up initiated; promotional offers suppressed until resolution",10-09-2026
SYN-004013,profile_only_v1,20260814,True,4013,91301,0.462062,0.525716,0.441094,0.441154,0,0.063654,6.1e-05,0.211967,exact_age,high,36,services,married,secondary,no,279,no,no,unknown,16,may,261,6,-1,0,unknown,no,91301,Female,36,1,9.0,1,1-2 Year,No,29046.0,152.0,17,0,COMPLETED,N,N,0,N,N,0.607,3.5,N,,N,,0.724,0.407,1.0,1.4,App,0.82,NO,NO,No Marketing Action (Consent Withheld),Bank Term Deposit,Insurance Cross-Sell,20-09-2026,Marketing messages and sales offers suppressed across channels in absence of valid consent; only essential service communications retained,10-09-2026
SYN-012900,profile_only_v1,20260814,True,12900,219944,0.308762,0.362171,0.443324,0.446528,0,0.053409,0.003204,0.178032,exact_age,high,32,admin.,single,secondary,no,212,no,no,cellular,7,jul,830,5,-1,0,unknown,yes,219944,Female,32,1,21.0,1,< 1 Year,No,27707.0,152.0,124,0,COMPLETED,Y,N,63,Y,N,0.374,5.7,N,,Y,TERM_DEPOSIT,0.436,0.397,1.0,1.4,SMS,0.727,NO,NO,Payment Reminder / Collections Resolution,Bank Term Deposit,Insurance Cross-Sell,20-09-2026,"Payment-due reminder sent through the mobile app, internet banking, SMS or email; customer directed to payment options or the collections support journey; sales offers paused",10-09-2026
SYN-012668,profile_only_v1,20260814,True,12668,24623,0.424062,0.525716,0.145194,0.145899,0,0.101654,0.000705,0.338512,exact_age,high,36,technician,single,secondary,no,-272,no,yes,cellular,4,jul,53,6,-1,0,unknown,no,24623,Male,36,1,8.0,0,1-2 Year,Yes,2630.0,157.0,189,1,COMPLETED,Y,N,0,N,N,0.235,7.6,N,,N,,0.544,1.0,1.0,1.4,SMS,0.605,NO,YES,Insurance Cross-Sell,Bank Term Deposit,,20-09-2026,Insurance cross sell offer made to the customer via digital channels,10-09-2026
SYN-011875,profile_only_v1,20260814,True,11875,44642,0.463966,0.546112,0.660576,0.661087,0,0.082146,0.000511,0.273548,exact_age,high,38,blue-collar,married,primary,no,3419,yes,no,unknown,20,jun,324,5,-1,0,unknown,no,44642,Male,38,1,13.0,0,1-2 Year,Yes,29985.0,152.0,122,0,COMPLETED,Y,N,0,N,Y,0.492,5.5,N,,N,,0.516,0.83,1.0,1.4,App,0.8,NO,NO,Service Resolution,Insurance Cross-Sell,Bank Term Deposit,20-09-2026,"Complaint status and resolution options surfaced in the mobile app, internet banking or contact-centre desktop; service follow-up initiated; promotional offers suppressed until resolution",10-09-2026
SYN-018608,profile_only_v1,20260814,True,18608,39806,0.618127,0.614964,0.363996,0.364039,0,0.003163,4.4e-05,0.010535,exact_age,high,43,admin.,married,secondary,no,186,no,yes,cellular,31,jul,32,21,-1,0,unknown,no,39806,Female,43,1,28.0,0,1-2 Year,Yes,32964.0,124.0,259,0,COMPLETED,Y,N,37,Y,Y,0.001,9.5,N,,N,,0.522,0.749,1.0,1.4,SMS,0.465,NO,YES,Payment Reminder / Collections Resolution,Insurance Cross-Sell,Bank Term Deposit,20-09-2026,"Payment-due reminder sent through the mobile app, internet banking, SMS or email; customer directed to payment options or the collections support journey; sales offers paused",10-09-2026
SYN-043745,profile_only_v1,20260814,True,43745,95258,0.243323,0.294061,0.85404,0.826,0,0.050738,0.02804,0.182924,exact_age,high,27,unknown,single,tertiary,no,6421,no,no,cellular,18,may,315,3,110,4,failure,no,95258,Female,27,1,21.0,1,< 1 Year,No,68275.0,152.0,96,0,INCOMPLETE,N,N,31,Y,N,0.436,7.4,N,,Y,TERM_DEPOSIT,0.545,0.637,1.0,1.4,Call,0.567,YES,NO,Complete KYC,Bank Term Deposit,Insurance Cross-Sell,20-09-2026,KYC completion notification displayed in the mobile app and internet banking; reminder sent through SMS/email; cross-sell offers withheld until KYC is completed,10-09-2026
SYN-015861,profile_only_v1,20260814,True,15861,27941,0.598645,0.58456,0.777587,0.777624,0,0.014085,3.7e-05,0.046903,exact_age,high,41,management,single,tertiary,no,1253,no,no,cellular,21,jul,1134,5,-1,0,unknown,yes,27941,Female,41,1,40.0,1,1-2 Year,No,37351.0,124.0,180,0,COMPLETED,Y,N,0,N,N,0.171,9.7,N,,Y,INSURANCE,0.479,0.41,1.0,1.4,Call,0.715,NO,NO,Insurance Cross-Sell,Bank Term Deposit,Insurance Cross-Sell,20-09-2026,Insurance cross sell offer made to the customer via digital channels,10-09-2026
SYN-014667,profile_only_v1,20260814,True,14667,42914,0.501966,0.546112,0.245746,0.245737,0,0.044146,9e-06,0.147005,exact_age,high,38,housemaid,married,secondary,no,0,no,no,cellular,15,jul,105,7,-1,0,unknown,no,42914,Female,38,1,28.0,0,1-2 Year,Yes,24558.0,122.0,124,0,INCOMPLETE,Y,N,0,N,N,0.434,7.8,N,,Y,TERM_DEPOSIT,0.47,0.839,1.0,1.4,SMS,0.778,NO,YES,Complete KYC,Insurance Cross-Sell,Bank Term Deposit,20-09-2026,KYC completion notification displayed in the mobile app and internet banking; reminder sent through SMS/email; cross-sell offers withheld until KYC is completed,10-09-2026
SYN-021330,profile_only_v1,20260814,True,21330,151902,0.604853,0.599431,0.651463,0.651466,0,0.005423,3e-06,0.018057,exact_age,high,42,technician,married,secondary,no,1018,no,no,cellular,18,aug,280,2,-1,0,unknown,no,151902,Male,42,1,11.0,0,1-2 Year,Yes,31791.0,120.0,229,1,COMPLETED,Y,N,0,N,Y,0.317,9.7,N,,N,,0.441,0.751,1.0,1.4,App,0.431,NO,YES,Service Resolution,Insurance Cross-Sell,Bank Term Deposit,20-09-2026,"Complaint status and resolution options surfaced in the mobile app, internet banking or contact-centre desktop; service follow-up initiated; promotional offers suppressed until resolution",10-09-2026
SYN-000262,profile_only_v1,20260814,True,262,251581,0.435976,0.380981,0.563258,0.565757,0,0.054994,0.002499,0.183238,exact_age,high,34,management,single,tertiary,no,318,yes,no,unknown,5,may,113,2,-1,0,unknown,no,251581,Female,34,1,28.0,1,< 1 Year,No,43309.0,152.0,38,0,COMPLETED,N,N,0,N,N,0.587,3.8,N,,N,,0.484,0.591,1.0,1.4,SMS,0.818,NO,NO,No Marketing Action (Consent Withheld),Bank Term Deposit,Insurance Cross-Sell,20-09-2026,Marketing messages and sales offers suppressed across channels in absence of valid consent; only essential service communications retained,10-09-2026
SYN-011454,profile_only_v1,20260814,True,11454,271930,0.508665,0.516268,0.802282,0.802278,0,0.007603,3e-06,0.025319,exact_age,high,35,self-employed,married,tertiary,no,1833,no,no,unknown,19,jun,138,1,-1,0,unknown,no,271930,Male,35,1,35.0,0,1-2 Year,Yes,37436.0,124.0,296,1,INCOMPLETE,Y,N,0,N,N,0.0,10.0,N,,N,,0.642,0.878,1.0,1.4,Email,0.811,NO,YES,Complete KYC,Insurance Cross-Sell,Bank Term Deposit,20-09-2026,KYC completion notification displayed in the mobile app and internet banking; reminder sent through SMS/email; cross-sell offers withheld until KYC is completed,10-09-2026
SYN-025125,profile_only_v1,20260814,True,25125,166182,0.439465,0.516268,0.363184,0.363639,0,0.076803,0.000456,0.255758,exact_age,high,35,blue-collar,married,secondary,no,87,no,no,cellular,18,nov,60,2,-1,0,unknown,no,166182,Male,35,1,28.0,0,1-2 Year,Yes,32945.0,154.0,88,1,COMPLETED,N,N,33,Y,N,0.531,3.6,N,,Y,INSURANCE,0.63,0.905,1.0,1.4,SMS,0.83,NO,YES,No Marketing Action (Consent Withheld),Insurance Cross-Sell,Bank Term Deposit,20-09-2026,Marketing messages and sales offers suppressed across channels in absence of valid consent; only essential service communications retained,10-09-2026
SYN-026582,profile_only_v1,20260814,True,26582,16267,0.76999,0.773673,0.787461,0.787948,0,0.003683,0.000487,0.012325,exact_age,high,48,management,married,tertiary,no,1348,no,no,cellular,20,nov,124,1,-1,0,unknown,no,16267,Female,48,1,28.0,0,> 2 Years,Yes,49926.0,26.0,182,0,COMPLETED,N,N,0,N,N,0.279,7.5,N,,N,,0.89,0.816,1.0,1.4,Call,0.815,NO,YES,No Marketing Action (Consent Withheld),Insurance Cross-Sell,Bank Term Deposit,20-09-2026,Marketing messages and sales offers suppressed across channels in absence of valid consent; only essential service communications retained,10-09-2026
SYN-043970,profile_only_v1,20260814,True,43970,116603,0.416762,0.362171,0.661949,0.658367,0,0.054591,0.003582,0.182008,exact_age,high,32,technician,married,tertiary,no,903,yes,no,cellular,23,jun,181,1,320,1,other,no,116603,Male,32,1,30.0,0,< 1 Year,No,33964.0,152.0,82,0,COMPLETED,Y,N,0,N,N,0.372,6.6,N,,Y,INSURANCE,0.01,0.758,1.0,1.4,Call,0.928,NO,NO,Insurance Cross-Sell,Bank Term Deposit,Insurance Cross-Sell,20-09-2026,Insurance cross sell offer made to the customer via digital channels,10-09-2026
SYN-024573,profile_only_v1,20260814,True,24573,170423,0.602794,0.641608,0.373739,0.36497,0,0.038814,0.008769,0.131096,exact_age,high,39,entrepreneur,married,tertiary,no,2,yes,no,cellular,17,nov,180,1,-1,0,unknown,no,170423,Male,39,1,8.0,0,> 2 Years,Yes,31451.0,7.0,97,0,COMPLETED,Y,N,0,N,N,0.263,7.1,N,,Y,TERM_DEPOSIT,0.635,0.951,1.0,1.4,Call,0.949,NO,YES,Bank Term Deposit,Insurance Cross-Sell,Bank Term Deposit,20-09-2026,Term Deposit cross sell offer made to the customer via digital channels,10-09-2026
SYN-025484,profile_only_v1,20260814,True,25484,299371,0.463966,0.546112,0.749742,0.749624,0,0.082146,0.000119,0.273545,exact_age,high,38,blue-collar,married,primary,no,10443,no,no,cellular,19,nov,370,1,-1,0,unknown,no,299371,Male,38,1,26.0,0,1-2 Year,Yes,38703.0,156.0,57,1,INCOMPLETE,Y,N,0,N,N,0.579,4.2,N,,N,,0.337,1.0,1.0,1.4,Call,0.528,NO,YES,Complete KYC,Insurance Cross-Sell,Bank Term Deposit,20-09-2026,KYC completion notification displayed in the mobile app and internet banking; reminder sent through SMS/email; cross-sell offers withheld until KYC is completed,10-09-2026
SYN-037834,profile_only_v1,20260814,True,37834,15673,0.247323,0.294061,0.077097,0.07744,0,0.046738,0.000344,0.155641,exact_age,high,27,blue-collar,married,secondary,no,-330,yes,yes,cellular,14,may,88,1,353,2,failure,no,15673,Male,27,1,41.0,0,< 1 Year,Yes,2630.0,152.0,200,1,INCOMPLETE,Y,N,13,N,N,0.21,5.6,N,,N,,0.634,0.67,1.0,1.4,SMS,0.884,NO,NO,Complete KYC,Insurance Cross-Sell,Bank Term Deposit,20-09-2026,KYC completion notification displayed in the mobile app and internet banking; reminder sent through SMS/email; cross-sell offers withheld until KYC is completed,10-09-2026
SYN-012853,profile_only_v1,20260814,True,12853,22803,0.64199,0.689673,0.189956,0.189883,0,0.047683,7.2e-05,0.158785,exact_age,high,48,blue-collar,married,primary,no,14,no,yes,cellular,7,jul,120,1,-1,0,unknown,no,22803,Male,48,1,43.0,1,1-2 Year,No,2630.0,124.0,19,0,COMPLETED,Y,N,0,N,N,0.682,1.4,N,,Y,INSURANCE,0.548,0.46,1.0,1.4,Call,0.47,NO,NO,Retention Action,Bank Term Deposit,Insurance Cross-Sell,20-09-2026,"Retention message prioritised - fee review, tailored support option and/or save offer; proactive contact task created for the service team; routine cross-sell deferred",10-09-2026
SYN-014881,profile_only_v1,20260814,True,14881,301323,0.171427,0.238833,0.297472,0.297458,0,0.067407,1.3e-05,0.224465,exact_age,high,25,blue-collar,single,secondary,no,158,yes,yes,cellular,16,jul,231,2,-1,0,unknown,no,301323,Male,25,1,8.0,0,< 1 Year,Yes,33481.0,152.0,215,0,INCOMPLETE,Y,N,37,Y,N,0.284,6.3,Y,TERM_DEPOSIT,N,,0.56,0.556,1.0,1.4,App,0.891,NO,NO,Complete KYC,Bank Term Deposit,Insurance Cross-Sell,20-09-2026,KYC completion notification displayed in the mobile app and internet banking; reminder sent through SMS/email; cross-sell offers withheld until KYC is completed,10-09-2026
SYN-015869,profile_only_v1,20260814,True,15869,23852,0.706302,0.702641,0.136733,0.130459,0,0.003662,0.006274,0.019867,exact_age,high,49,technician,divorced,secondary,no,-403,no,yes,cellular,21,jul,482,2,-1,0,unknown,no,23852,Female,49,1,28.0,0,1-2 Year,Yes,2630.0,26.0,214,0,COMPLETED,N,N,0,N,N,0.167,7.7,N,,Y,TERM_DEPOSIT,0.577,0.785,1.0,1.4,App,0.626,NO,YES,No Marketing Action (Consent Withheld),Insurance Cross-Sell,Bank Term Deposit,20-09-2026,Marketing messages and sales offers suppressed across channels in absence of valid consent; only essential service communications retained,10-09-2026
SYN-029332,profile_only_v1,20260814,True,29332,347958,0.610734,0.661624,0.488381,0.488402,0,0.050889,2e-05,0.169462,exact_age,high,46,blue-collar,married,primary,no,977,no,yes,telephone,2,feb,436,3,-1,0,unknown,yes,347958,Male,46,1,28.0,0,1-2 Year,Yes,37674.0,26.0,142,1,COMPLETED,Y,N,0,N,N,0.249,8.6,N,,Y,INSURANCE,0.651,0.457,1.0,1.4,Call,0.736,NO,YES,Insurance Cross-Sell,Insurance Cross-Sell,Bank Term Deposit,20-09-2026,Insurance cross sell offer made to the customer via digital channels,10-09-2026
SYN-041881,profile_only_v1,20260814,True,41881,350641,0.836361,0.886899,0.804438,0.803681,0,0.050538,0.000758,0.168301,exact_age,high,80,management,married,primary,no,6483,no,no,telephone,19,oct,123,1,-1,0,unknown,no,350641,Male,80,1,27.0,1,1-2 Year,No,33691.0,26.0,265,0,COMPLETED,Y,N,79,Y,N,0.191,6.5,N,,Y,INSURANCE,0.705,0.631,1.0,1.4,Branch,0.405,YES,NO,Payment Reminder / Collections Resolution,Bank Term Deposit,Insurance Cross-Sell,20-09-2026,"Payment-due reminder sent through the mobile app, internet banking, SMS or email; customer directed to payment options or the collections support journey; sales offers paused",10-09-2026
SYN-003175,profile_only_v1,20260814,True,3175,362949,0.643547,0.646451,0.560252,0.560209,0,0.002905,4.3e-05,0.009674,exact_age,high,45,blue-collar,married,secondary,no,827,yes,no,unknown,15,may,319,5,-1,0,unknown,no,362949,Male,45,1,28.0,1,1-2 Year,No,39268.0,157.0,83,0,COMPLETED,N,N,0,N,N,0.592,2.5,N,,N,,0.558,0.447,1.0,1.4,SMS,0.411,NO,NO,No Marketing Action (Consent Withheld),Bank Term Deposit,Insurance Cross-Sell,20-09-2026,Marketing messages and sales offers suppressed across channels in absence of valid consent; only essential service communications retained,10-09-2026
SYN-031796,profile_only_v1,20260814,True,31796,147655,0.810751,0.847383,0.653112,0.652775,0,0.036632,0.000337,0.121986,exact_age,high,68,retired,married,primary,no,1759,no,no,telephone,8,apr,185,1,-1,0,unknown,no,147655,Male,68,1,28.0,0,1-2 Year,No,42578.0,122.0,272,0,COMPLETED,Y,N,0,N,N,0.16,8.9,N,,Y,TERM_DEPOSIT,0.498,0.61,1.0,1.4,Call,0.673,YES,NO,Bank Term Deposit,Bank Term Deposit,Insurance Cross-Sell,20-09-2026,Term Deposit cross sell offer made to the customer via digital channels,10-09-2026
SYN-028715,profile_only_v1,20260814,True,28715,247037,0.385465,0.516268,0.458126,0.458129,0,0.130803,3e-06,0.435575,exact_age,high,35,blue-collar,single,secondary,no,505,no,yes,cellular,30,jan,109,3,-1,0,unknown,no,247037,Male,35,1,45.0,0,1-2 Year,Yes,26385.0,124.0,191,1,COMPLETED,Y,N,2,N,N,0.141,9.0,N,,N,,0.728,0.821,1.0,1.4,Call,0.527,NO,YES,Insurance Cross-Sell,Bank Term Deposit,,20-09-2026,Insurance cross sell offer made to the customer via digital channels,10-09-2026
SYN-036135,profile_only_v1,20260814,True,36135,16666,0.687676,0.726309,0.563,0.562823,0,0.038633,0.000177,0.128648,exact_age,high,51,admin.,single,secondary,no,726,yes,no,cellular,11,may,409,1,14,8,success,no,16666,Male,51,1,35.0,0,1-2 Year,Yes,29234.0,124.0,227,1,COMPLETED,Y,N,0,N,N,0.006,10.0,N,,Y,TERM_DEPOSIT,0.849,0.695,1.0,1.4,Call,0.98,YES,YES,Bank Term Deposit,Bank Term Deposit,Insurance Cross-Sell,20-09-2026,Term Deposit cross sell offer made to the customer via digital channels,10-09-2026
SYN-012100,profile_only_v1,20260814,True,12100,329381,0.643547,0.646451,0.811127,0.811108,0,0.002905,1.9e-05,0.009673,exact_age,high,45,unknown,married,secondary,no,11285,no,no,unknown,20,jun,13,5,-1,0,unknown,no,329381,Female,45,1,28.0,1,1-2 Year,Yes,51120.0,26.0,51,0,COMPLETED,Y,N,0,N,N,0.538,6.7,N,,Y,TERM_DEPOSIT,0.755,0.5,1.0,1.4,Branch,0.691,NO,NO,Bank Term Deposit,Bank Term Deposit,Insurance Cross-Sell,20-09-2026,Term Deposit cross sell offer made to the customer via digital channels,10-09-2026
SYN-030298,profile_only_v1,20260814,True,30298,77721,0.355299,0.328197,0.516097,0.516169,0,0.027102,7.1e-05,0.090251,exact_age,high,29,management,married,tertiary,no,204,yes,no,cellular,5,feb,307,2,-1,0,unknown,no,77721,Male,29,1,15.0,1,< 1 Year,No,34341.0,152.0,210,0,COMPLETED,N,N,0,N,N,0.107,5.8,Y,INSURANCE,Y,INSURANCE,0.547,0.42,1.0,1.4,SMS,0.5,NO,NO,No Marketing Action (Consent Withheld),Bank Term Deposit,Insurance Cross-Sell,20-09-2026,Marketing messages and sales offers suppressed across channels in absence of valid consent; only essential service communications retained,10-09-2026
SYN-031555,profile_only_v1,20260814,True,31555,126300,0.905984,0.893469,0.365746,0.36607,0,0.012515,0.000323,0.041684,exact_age,high,61,technician,married,tertiary,no,0,no,no,cellular,3,apr,224,1,-1,0,unknown,no,126300,Female,61,1,28.0,0,> 2 Years,Yes,32735.0,26.0,249,0,COMPLETED,Y,N,39,Y,N,0.2,8.0,N,,N,,0.416,0.775,1.0,1.4,Call,0.936,YES,YES,Payment Reminder / Collections Resolution,Bank Term Deposit,Insurance Cross-Sell,20-09-2026,"Payment-due reminder sent through the mobile app, internet banking, SMS or email; customer directed to payment options or the collections support journey; sales offers paused",10-09-2026
SYN-022364,profile_only_v1,20260814,True,22364,277499,0.473976,0.506981,0.485136,0.485039,0,0.033006,9.7e-05,0.109909,exact_age,high,34,technician,married,tertiary,no,149,no,no,cellular,22,aug,739,2,-1,0,unknown,yes,277499,Male,34,1,28.0,0,1-2 Year,No,37563.0,61.0,223,0,COMPLETED,Y,N,0,N,Y,0.234,8.3,N,,N,,0.478,0.805,1.0,1.4,Call,0.928,NO,NO,Service Resolution,Bank Term Deposit,Insurance Cross-Sell,20-09-2026,"Complaint status and resolution options surfaced in the mobile app, internet banking or contact-centre desktop; service follow-up initiated; promotional offers suppressed until resolution",10-09-2026
SYN-014576,profile_only_v1,20260814,True,14576,320988,0.231002,0.271112,0.204975,0.204986,0,0.04011,1.1e-05,0.133567,exact_age,high,26,services,married,secondary,yes,27,yes,no,telephone,15,jul,49,3,-1,0,unknown,no,320988,Female,26,1,28.0,1,< 1 Year,No,29776.0,152.0,135,0,COMPLETED,N,N,0,N,Y,0.3,8.0,N,,N,,0.599,0.349,1.0,1.4,Call,0.805,NO,NO,No Marketing Action (Consent Withheld),Bank Term Deposit,Insurance Cross-Sell,20-09-2026,Marketing messages and sales offers suppressed across channels in absence of valid consent; only essential service communications retained,10-09-2026
SYN-001457,profile_only_v1,20260814,True,1457,125702,0.439465,0.516268,0.292524,0.292695,0,0.076803,0.000171,0.255755,exact_age,high,35,blue-collar,married,secondary,no,25,yes,no,unknown,8,may,23,5,-1,0,unknown,no,125702,Female,35,1,28.0,0,1-2 Year,Yes,29200.0,157.0,240,1,COMPLETED,Y,N,11,N,N,0.124,7.3,N,,N,,0.526,0.701,1.0,1.4,Branch,0.993,NO,YES,Insurance Cross-Sell,Bank Term Deposit,,20-09-2026,Insurance cross sell offer made to the customer via digital channels,10-09-2026
SYN-009228,profile_only_v1,20260814,True,9228,323255,0.521966,0.546112,0.589309,0.589275,0,0.024146,3.5e-05,0.080405,exact_age,high,38,admin.,married,secondary,no,884,yes,no,unknown,5,jun,57,2,-1,0,unknown,no,323255,Female,38,1,45.0,1,1-2 Year,No,29034.0,152.0,297,0,COMPLETED,Y,N,43,Y,N,0.045,9.0,N,,N,,0.348,0.492,1.0,1.4,Branch,0.617,NO,NO,Payment Reminder / Collections Resolution,Bank Term Deposit,Insurance Cross-Sell,20-09-2026,"Payment-due reminder sent through the mobile app, internet banking, SMS or email; customer directed to payment options or the collections support journey; sales offers paused",10-09-2026
SYN-012614,profile_only_v1,20260814,True,12614,69666,0.243002,0.271112,0.093051,0.093572,0,0.02811,0.000521,0.093616,exact_age,high,26,admin.,married,secondary,no,-401,yes,yes,unknown,4,jul,246,1,-1,0,unknown,no,69666,Female,26,1,40.0,1,< 1 Year,No,2630.0,152.0,190,0,COMPLETED,Y,N,0,N,N,0.132,8.5,N,,N,,0.615,0.61,1.0,1.4,Email,0.57,NO,NO,Bank Term Deposit,Insurance Cross-Sell,,20-09-2026,Term Deposit cross sell offer made to the customer via digital channels,10-09-2026
SYN-033929,profile_only_v1,20260814,True,33929,11655,0.362762,0.362171,0.2619,0.261539,0,0.000591,0.000361,0.002165,exact_age,high,32,admin.,married,secondary,no,0,yes,no,cellular,30,apr,177,2,-1,0,unknown,yes,11655,Female,32,1,8.0,0,< 1 Year,Yes,31962.0,152.0,225,0,COMPLETED,Y,N,0,N,N,0.136,5.5,Y,TERM_DEPOSIT,Y,TERM_DEPOSIT,0.531,0.861,1.0,1.4,SMS,0.974,NO,NO,Bank Term Deposit,Insurance Cross-Sell,Bank Term Deposit,20-09-2026,Term Deposit cross sell offer made to the customer via digital channels,10-09-2026
SYN-023430,profile_only_v1,20260814,True,23430,268936,0.423962,0.362171,0.637453,0.636751,0,0.061791,0.000701,0.205771,exact_age,high,32,self-employed,married,tertiary,no,518,no,no,cellular,27,aug,462,5,-1,0,unknown,no,268936,Female,32,1,21.0,1,< 1 Year,No,32950.0,152.0,89,0,COMPLETED,Y,N,78,Y,N,0.485,6.1,N,,N,,0.466,0.302,1.0,1.4,Call,0.791,NO,NO,Payment Reminder / Collections Resolution,Bank Term Deposit,Insurance Cross-Sell,20-09-2026,"Payment-due reminder sent through the mobile app, internet banking, SMS or email; customer directed to payment options or the collections support journey; sales offers paused",10-09-2026
SYN-038599,profile_only_v1,20260814,True,38599,101597,0.817969,0.789198,0.434254,0.434311,0,0.02877,5.8e-05,0.095806,exact_age,high,58,blue-collar,married,secondary,no,238,no,no,cellular,15,may,122,8,-1,0,unknown,no,101597,Male,58,1,28.0,0,1-2 Year,Yes,35738.0,13.0,291,0,COMPLETED,Y,N,0,N,Y,0.124,7.0,N,,N,,0.25,0.818,1.0,1.4,SMS,0.548,NO,YES,Service Resolution,Insurance Cross-Sell,Bank Term Deposit,20-09-2026,"Complaint status and resolution options surfaced in the mobile app, internet banking or contact-centre desktop; service follow-up initiated; promotional offers suppressed until resolution",10-09-2026
SYN-029221,profile_only_v1,20260814,True,29221,6052,0.767907,0.747493,0.180488,0.1812,0,0.020414,0.000712,0.068003,exact_age,high,53,technician,single,tertiary,no,-167,yes,yes,cellular,2,feb,289,1,-1,0,unknown,no,6052,Male,53,1,29.0,0,1-2 Year,Yes,2630.0,26.0,227,1,INCOMPLETE,Y,N,0,N,N,0.239,5.7,N,,N,,0.459,0.842,1.0,1.4,Call,0.793,NO,YES,Complete KYC,Insurance Cross-Sell,Bank Term Deposit,20-09-2026,KYC completion notification displayed in the mobile app and internet banking; reminder sent through SMS/email; cross-sell offers withheld until KYC is completed,10-09-2026
SYN-028778,profile_only_v1,20260814,True,28778,343334,0.271323,0.294061,0.779987,0.779956,0,0.022738,3.2e-05,0.075719,exact_age,high,27,management,single,tertiary,no,1277,no,no,cellular,30,jan,267,4,-1,0,unknown,no,343334,Male,27,1,11.0,1,< 1 Year,No,44794.0,152.0,196,0,COMPLETED,Y,N,0,N,N,0.209,6.9,N,,Y,TERM_DEPOSIT,0.498,0.618,1.0,1.4,Call,0.483,YES,NO,Bank Term Deposit,Bank Term Deposit,Insurance Cross-Sell,20-09-2026,Term Deposit cross sell offer made to the customer via digital channels,10-09-2026
SYN-022298,profile_only_v1,20260814,True,22298,139355,0.391926,0.371625,0.531254,0.531175,0,0.020301,7.9e-05,0.067603,exact_age,high,33,technician,single,tertiary,no,255,no,no,cellular,21,aug,247,3,-1,0,unknown,no,139355,Female,33,1,5.0,0,< 1 Year,Yes,29287.0,113.0,234,0,COMPLETED,Y,N,0,N,N,0.144,8.7,N,,N,,0.491,0.659,1.0,1.4,SMS,0.643,NO,YES,Insurance Cross-Sell,Bank Term Deposit,,20-09-2026,Insurance cross sell offer made to the customer via digital channels,10-09-2026
SYN-037307,profile_only_v1,20260814,True,37307,36586,0.581547,0.646451,0.107883,0.130459,0,0.064905,0.022576,0.223381,exact_age,high,45,blue-collar,divorced,primary,no,-69,yes,no,cellular,13,may,118,2,-1,0,unknown,no,36586,Male,45,1,28.0,0,1-2 Year,Yes,2630.0,122.0,162,0,COMPLETED,Y,N,0,N,N,0.431,5.7,N,,N,,0.684,0.973,1.0,1.4,App,0.601,NO,YES,Insurance Cross-Sell,Bank Term Deposit,,20-09-2026,Insurance cross sell offer made to the customer via digital channels,10-09-2026
SYN-015168,profile_only_v1,20260814,True,15168,262683,0.285299,0.328197,0.497395,0.497413,0,0.042898,1.8e-05,0.142849,exact_age,high,29,admin.,married,secondary,no,453,yes,no,cellular,17,jul,384,4,-1,0,unknown,no,262683,Male,29,1,12.0,1,< 1 Year,No,28098.0,152.0,276,0,COMPLETED,Y,N,0,N,N,0.06,8.6,N,,N,,0.492,0.97,1.0,1.4,Call,0.714,NO,NO,Bank Term Deposit,Insurance Cross-Sell,,20-09-2026,Term Deposit cross sell offer made to the customer via digital channels,10-09-2026
SYN-040137,profile_only_v1,20260814,True,40137,269260,0.567624,0.570481,0.72339,0.723375,0,0.002857,1.5e-05,0.009515,exact_age,high,40,technician,married,secondary,no,1819,no,no,cellular,5,jun,398,2,-1,0,unknown,no,269260,Female,40,1,28.0,0,1-2 Year,Yes,45593.0,26.0,62,0,COMPLETED,Y,N,14,N,N,0.49,7.7,N,,Y,INSURANCE,0.62,0.829,1.0,1.4,SMS,0.575,NO,YES,Insurance Cross-Sell,Insurance Cross-Sell,Bank Term Deposit,20-09-2026,Insurance cross sell offer made to the customer via digital channels,10-09-2026
SYN-037517,profile_only_v1,20260814,True,37517,226820,0.267426,0.352244,0.6275,0.627461,0,0.084818,3.9e-05,0.282442,exact_age,high,31,services,single,secondary,no,1510,yes,no,cellular,13,may,72,4,176,1,failure,no,226820,Female,31,1,8.0,1,< 1 Year,No,44692.0,152.0,275,0,COMPLETED,Y,N,0,N,N,0.182,7.6,N,,N,,0.576,0.489,1.0,1.4,App,0.741,NO,NO,Bank Term Deposit,Insurance Cross-Sell,,20-09-2026,Term Deposit cross sell offer made to the customer via digital channels,10-09-2026
SYN-004361,profile_only_v1,20260814,True,4361,6033,0.441236,0.53561,0.250152,0.250063,0,0.094373,9e-05,0.314264,exact_age,high,37,blue-collar,married,primary,no,53,yes,no,unknown,19,may,467,4,-1,0,unknown,no,6033,Male,37,1,8.0,0,1-2 Year,Yes,24070.0,124.0,187,1,COMPLETED,Y,N,69,Y,N,0.091,10.0,N,,N,,0.549,0.735,1.0,1.4,Call,0.459,NO,YES,Payment Reminder / Collections Resolution,Insurance Cross-Sell,Bank Term Deposit,20-09-2026,"Payment-due reminder sent through the mobile app, internet banking, SMS or email; customer directed to payment options or the collections support journey; sales offers paused",10-09-2026
SYN-034214,profile_only_v1,20260814,True,34214,376614,0.784302,0.786641,0.431178,0.428987,0,0.002338,0.002191,0.00952,exact_age,high,49,management,married,tertiary,no,1,no,no,telephone,4,may,1076,3,175,1,success,yes,376614,Female,49,1,28.0,0,> 2 Years,Yes,36151.0,26.0,205,1,COMPLETED,Y,N,39,Y,Y,0.19,8.1,N,,N,,0.863,0.899,1.0,1.4,Call,0.746,YES,YES,Payment Reminder / Collections Resolution,Bank Term Deposit,Insurance Cross-Sell,20-09-2026,"Payment-due reminder sent through the mobile app, internet banking, SMS or email; customer directed to payment options or the collections support journey; sales offers paused",10-09-2026
SYN-022989,profile_only_v1,20260814,True,22989,359922,0.638127,0.614964,0.886901,0.886888,0,0.023163,1.3e-05,0.077134,exact_age,high,43,management,married,secondary,no,17555,no,no,cellular,26,aug,14,14,-1,0,unknown,no,359922,Male,43,1,28.0,0,1-2 Year,Yes,62837.0,124.0,219,0,COMPLETED,Y,N,0,N,N,0.206,9.1,N,,N,,0.465,1.0,1.0,1.4,SMS,0.902,NO,YES,Insurance Cross-Sell,Bank Term Deposit,,20-09-2026,Insurance cross sell offer made to the customer via digital channels,10-09-2026
SYN-020447,profile_only_v1,20260814,True,20447,40999,0.895969,0.873198,0.920516,0.91995,0,0.02277,0.000566,0.075839,exact_age,high,58,management,married,tertiary,no,5942,no,no,cellular,12,aug,64,2,-1,0,unknown,no,40999,Male,58,1,50.0,0,> 2 Years,Yes,49648.0,124.0,82,0,COMPLETED,Y,N,0,N,N,0.461,5.7,N,,N,,0.462,0.832,1.0,1.4,App,0.818,NO,NO,Bank Term Deposit,Insurance Cross-Sell,,20-09-2026,Term Deposit cross sell offer made to the customer via digital channels,10-09-2026
SYN-021416,profile_only_v1,20260814,True,21416,353175,0.871984,0.893469,0.687322,0.687005,0,0.021485,0.000317,0.071549,exact_age,high,61,management,married,secondary,no,985,no,no,cellular,18,aug,998,6,-1,0,unknown,yes,353175,Male,61,1,28.0,0,> 2 Years,Yes,45354.0,26.0,182,0,COMPLETED,Y,N,22,N,Y,0.362,6.2,N,,N,,0.56,0.74,1.0,1.4,Call,0.632,YES,YES,Service Resolution,Bank Term Deposit,Insurance Cross-Sell,20-09-2026,"Complaint status and resolution options surfaced in the mobile app, internet banking or contact-centre desktop; service follow-up initiated; promotional offers suppressed until resolution",10-09-2026
SYN-015232,profile_only_v1,20260814,True,15232,28918,0.778823,0.796222,0.082807,0.130459,0,0.017399,0.047652,0.132471,exact_age,high,59,blue-collar,married,primary,no,-365,yes,no,cellular,17,jul,408,11,-1,0,unknown,no,28918,Female,59,1,28.0,0,1-2 Year,No,2630.0,156.0,34,0,COMPLETED,Y,N,13,N,N,0.673,3.3,N,,N,,0.544,0.689,1.0,1.4,App,0.6,NO,NO,Retention Action,Insurance Cross-Sell,Bank Term Deposit,20-09-2026,"Retention message prioritised - fee review, tailored support option and/or save offer; proactive contact task created for the service team; routine cross-sell deferred",10-09-2026
SYN-037694,profile_only_v1,20260814,True,37694,36552,0.559194,0.557608,0.844912,0.844911,0,0.001586,2e-06,0.005282,exact_age,high,39,management,single,tertiary,no,3202,yes,no,cellular,14,may,14,8,-1,0,unknown,no,36552,Male,39,1,28.0,0,1-2 Year,Yes,54662.0,124.0,123,0,COMPLETED,Y,N,0,N,N,0.502,5.0,N,,N,,0.704,0.605,1.0,1.4,SMS,0.662,NO,YES,Insurance Cross-Sell,Bank Term Deposit,,20-09-2026,Insurance cross sell offer made to the customer via digital channels,10-09-2026
SYN-027182,profile_only_v1,20260814,True,27182,72761,0.357976,0.506981,0.630856,0.63069,0,0.149006,0.000166,0.496189,exact_age,high,34,blue-collar,single,secondary,no,1423,yes,no,cellular,21,nov,55,2,-1,0,unknown,no,72761,Male,34,1,41.0,0,1-2 Year,Yes,34609.0,124.0,299,1,COMPLETED,Y,N,32,Y,N,0.128,9.0,N,,N,,0.588,0.806,1.0,1.4,SMS,0.633,NO,YES,Payment Reminder / Collections Resolution,Insurance Cross-Sell,Bank Term Deposit,20-09-2026,"Payment-due reminder sent through the mobile app, internet banking, SMS or email; customer directed to payment options or the collections support journey; sales offers paused",10-09-2026
SYN-030070,profile_only_v1,20260814,True,30070,282943,0.274919,0.312702,0.471874,0.471952,0,0.037783,7.9e-05,0.125818,exact_age,high,28,entrepreneur,single,tertiary,no,95,no,no,cellular,4,feb,255,2,-1,0,unknown,no,282943,Male,28,1,10.0,0,< 1 Year,Yes,27921.0,156.0,101,1,COMPLETED,Y,N,0,N,N,0.443,6.4,N,,Y,TERM_DEPOSIT,0.622,0.868,1.0,1.4,SMS,0.703,YES,YES,Bank Term Deposit,Insurance Cross-Sell,Bank Term Deposit,20-09-2026,Term Deposit cross sell offer made to the customer via digital channels,10-09-2026
SYN-016810,profile_only_v1,20260814,True,16810,268649,0.834697,0.865862,0.3119,0.312,0,0.031165,0.0001,0.103781,exact_age,high,57,management,married,secondary,no,0,yes,no,cellular,24,jul,725,2,-1,0,unknown,no,268649,Male,57,1,28.0,0,> 2 Years,Yes,27818.0,26.0,106,0,COMPLETED,Y,N,0,N,N,0.424,4.8,N,,N,,0.344,0.857,1.0,1.4,SMS,0.672,NO,YES,Insurance Cross-Sell,Bank Term Deposit,,20-09-2026,Insurance cross sell offer made to the customer via digital channels,10-09-2026
SYN-039608,profile_only_v1,20260814,True,39608,73010,0.916643,0.886975,0.913055,0.913533,0,0.029668,0.000478,0.098803,exact_age,high,60,management,married,tertiary,no,21088,yes,no,cellular,26,may,187,1,-1,0,unknown,no,73010,Male,60,1,36.0,0,> 2 Years,Yes,48148.0,124.0,121,1,COMPLETED,Y,N,0,N,N,0.501,6.3,Y,INSURANCE,Y,INSURANCE,0.538,0.871,1.0,1.4,App,0.967,NO,NO,Insurance Cross-Sell,Insurance Cross-Sell,Bank Term Deposit,20-09-2026,Insurance cross sell offer made to the customer via digital channels,10-09-2026
SYN-014639,profile_only_v1,20260814,True,14639,245952,0.581547,0.520451,0.128248,0.126104,0,0.061095,0.002145,0.203517,exact_age,high,45,blue-collar,divorced,primary,no,-207,no,no,cellular,15,jul,878,2,-1,0,unknown,yes,245952,Female,45,1,25.0,0,< 1 Year,No,2630.0,1.0,250,0,COMPLETED,Y,N,82,Y,Y,0.147,8.2,N,,N,,0.583,0.751,1.0,1.4,SMS,0.864,NO,NO,Payment Reminder / Collections Resolution,Bank Term Deposit,Insurance Cross-Sell,20-09-2026,"Payment-due reminder sent through the mobile app, internet banking, SMS or email; customer directed to payment options or the collections support journey; sales offers paused",10-09-2026
SYN-009772,profile_only_v1,20260814,True,9772,165410,0.551624,0.570481,0.324159,0.324136,0,0.018857,2.3e-05,0.062795,exact_age,high,40,services,married,secondary,no,37,no,no,unknown,9,jun,356,5,-1,0,unknown,no,165410,Male,40,1,28.0,1,1-2 Year,No,31073.0,26.0,291,0,COMPLETED,Y,N,0,N,N,0.0,9.9,Y,TERM_DEPOSIT,N,,0.257,0.246,1.0,1.4,App,0.413,NO,NO,Bank Term Deposit,Bank Term Deposit,Insurance Cross-Sell,20-09-2026,Term Deposit cross sell offer made to the customer via digital channels,10-09-2026
SYN-024482,profile_only_v1,20260814,True,24482,181947,0.884697,0.865862,0.224675,0.233577,0,0.018835,0.008903,0.066551,exact_age,high,57,management,married,tertiary,yes,-24,yes,no,telephone,17,nov,14,1,-1,0,unknown,no,181947,Female,57,1,11.0,0,> 2 Years,Yes,2630.0,26.0,258,0,COMPLETED,Y,N,18,N,N,0.0,10.0,N,,N,,0.323,1.0,1.0,1.4,Branch,0.768,NO,YES,Insurance Cross-Sell,Bank Term Deposit,,20-09-2026,Insurance cross sell offer made to the customer via digital channels,10-09-2026
SYN-028681,profile_only_v1,20260814,True,28681,206677,0.766297,0.781862,0.455327,0.455494,0,0.015565,0.000167,0.051834,exact_age,high,57,retired,married,primary,no,641,no,yes,telephone,30,jan,124,4,-1,0,unknown,no,206677,Female,57,1,18.0,1,1-2 Year,No,28244.0,124.0,70,0,COMPLETED,Y,N,47,Y,N,0.554,5.0,N,,N,,0.518,0.482,1.0,1.4,Branch,0.484,NO,NO,Payment Reminder / Collections Resolution,Bank Term Deposit,Insurance Cross-Sell,20-09-2026,"Payment-due reminder sent through the mobile app, internet banking, SMS or email; customer directed to payment options or the collections support journey; sales offers paused",10-09-2026
SYN-044717,profile_only_v1,20260814,True,44717,323743,0.858386,0.832336,0.668056,0.667919,0,0.02605,0.000137,0.086747,exact_age,high,65,retired,married,secondary,no,1220,no,no,cellular,7,sep,127,1,186,2,failure,no,323743,Male,65,1,46.0,0,1-2 Year,No,31699.0,26.0,22,0,COMPLETED,Y,N,0,N,N,0.574,5.1,N,,N,,0.699,0.543,1.0,1.4,Call,0.738,YES,NO,Bank Term Deposit,Insurance Cross-Sell,,20-09-2026,Term Deposit cross sell offer made to the customer via digital channels,10-09-2026
SYN-026072,profile_only_v1,20260814,True,26072,306825,0.407976,0.506981,0.662003,0.662209,0,0.099006,0.000206,0.329689,exact_age,high,34,services,married,secondary,no,2048,yes,no,cellular,19,nov,307,2,-1,0,unknown,no,306825,Female,34,1,8.0,0,1-2 Year,Yes,40929.0,26.0,164,1,COMPLETED,Y,N,0,N,N,0.338,5.4,Y,INSURANCE,Y,TERM_DEPOSIT,0.474,0.706,1.0,1.4,Call,0.747,NO,YES,Insurance Cross-Sell,Insurance Cross-Sell,Bank Term Deposit,20-09-2026,Insurance cross sell offer made to the customer via digital channels,10-09-2026
SYN-032538,profile_only_v1,20260814,True,32538,315545,0.416062,0.525716,0.414405,0.414059,0,0.109654,0.000347,0.365148,exact_age,high,36,blue-collar,married,primary,no,442,yes,no,cellular,17,apr,238,1,326,3,failure,no,315545,Male,36,1,2.0,0,1-2 Year,Yes,27224.0,124.0,18,1,COMPLETED,N,N,0,N,N,0.636,0.7,N,,N,,0.479,0.896,1.0,1.4,Call,0.627,NO,YES,No Marketing Action (Consent Withheld),Insurance Cross-Sell,Bank Term Deposit,20-09-2026,Marketing messages and sales offers suppressed across channels in absence of valid consent; only essential service communications retained,10-09-2026
SYN-010286,profile_only_v1,20260814,True,10286,256464,0.783766,0.766215,0.275746,0.275624,0,0.017551,0.000123,0.058445,exact_age,high,55,blue-collar,married,secondary,no,0,no,no,unknown,12,jun,614,2,-1,0,unknown,yes,256464,Female,55,1,8.0,1,1-2 Year,No,26636.0,26.0,196,0,COMPLETED,Y,N,0,N,N,0.169,5.6,N,,N,,0.502,0.522,1.0,1.4,Email,0.6,NO,NO,Bank Term Deposit,Insurance Cross-Sell,,20-09-2026,Term Deposit cross sell offer made to the customer via digital channels,10-09-2026
SYN-036581,profile_only_v1,20260814,True,36581,50042,0.322448,0.341125,0.405619,0.406984,0,0.018678,0.001365,0.062291,exact_age,high,30,management,single,tertiary,no,112,yes,yes,cellular,12,may,451,2,349,2,failure,no,50042,Female,30,1,3.0,1,< 1 Year,No,25980.0,152.0,262,0,COMPLETED,N,N,0,N,N,0.135,9.2,N,,N,,0.617,0.257,1.0,1.4,SMS,0.701,NO,NO,No Marketing Action (Consent Withheld),Bank Term Deposit,Insurance Cross-Sell,20-09-2026,Marketing messages and sales offers suppressed across channels in absence of valid consent; only essential service communications retained,10-09-2026
SYN-014600,profile_only_v1,20260814,True,14600,48077,0.227323,0.294061,0.595037,0.594975,0,0.066738,6.1e-05,0.222239,exact_age,high,27,unemployed,married,secondary,no,1228,no,no,cellular,15,jul,77,2,-1,0,unknown,no,48077,Female,27,1,15.0,0,< 1 Year,Yes,36875.0,152.0,144,0,COMPLETED,N,N,51,Y,N,0.427,4.9,N,,N,,0.612,0.779,1.0,1.4,App,0.653,YES,NO,No Marketing Action (Consent Withheld),Bank Term Deposit,Insurance Cross-Sell,20-09-2026,Marketing messages and sales offers suppressed across channels in absence of valid consent; only essential service communications retained,10-09-2026
SYN-007175,profile_only_v1,20260814,True,7175,11372,0.803152,0.774299,0.657068,0.657255,0,0.028853,0.000187,0.096083,exact_age,high,56,admin.,married,secondary,no,1504,yes,no,unknown,29,may,66,2,-1,0,unknown,no,11372,Male,56,1,50.0,0,1-2 Year,Yes,36365.0,8.0,88,0,COMPLETED,Y,N,62,Y,N,0.504,4.1,N,,Y,INSURANCE,0.424,0.792,1.0,1.4,SMS,0.846,NO,NO,Payment Reminder / Collections Resolution,Insurance Cross-Sell,Bank Term Deposit,20-09-2026,"Payment-due reminder sent through the mobile app, internet banking, SMS or email; customer directed to payment options or the collections support journey; sales offers paused",10-09-2026
SYN-007523,profile_only_v1,20260814,True,7523,72359,0.610734,0.661624,0.423635,0.423564,0,0.050889,7.1e-05,0.169462,exact_age,high,46,blue-collar,married,primary,no,476,yes,no,unknown,30,may,311,4,-1,0,unknown,no,72359,Female,46,1,28.0,1,1-2 Year,No,35338.0,125.0,155,0,COMPLETED,Y,N,0,N,N,0.301,8.0,N,,N,,0.141,0.763,1.0,1.4,Call,0.653,NO,NO,Bank Term Deposit,Insurance Cross-Sell,,20-09-2026,Term Deposit cross sell offer made to the customer via digital channels,10-09-2026
SYN-016550,profile_only_v1,20260814,True,16550,183627,0.435976,0.506981,0.846723,0.846715,0,0.071006,8e-06,0.236449,exact_age,high,34,management,single,tertiary,no,3282,yes,no,cellular,24,jul,143,4,-1,0,unknown,no,183627,Female,34,1,28.0,0,1-2 Year,Yes,54908.0,26.0,135,1,COMPLETED,Y,N,0,N,N,0.426,3.8,N,,Y,TERM_DEPOSIT,0.687,0.646,1.0,1.4,Call,0.472,NO,YES,Service Intervention (Low NPS),Insurance Cross-Sell,Bank Term Deposit,20-09-2026,Service-recovery message -  apology / follow-up communication sent; contact-centre/service task created to address the customer’s recent experience,10-09-2026
SYN-015954,profile_only_v1,20260814,True,15954,262061,0.623224,0.654481,0.451295,0.45068,0,0.031257,0.000616,0.104098,exact_age,high,40,entrepreneur,married,tertiary,no,121,yes,no,cellular,22,jul,80,1,-1,0,unknown,no,262061,Female,40,1,29.0,0,> 2 Years,Yes,29503.0,26.0,204,0,COMPLETED,Y,N,31,Y,N,0.253,3.4,N,,N,,0.373,0.551,1.0,1.4,SMS,0.704,NO,YES,Payment Reminder / Collections Resolution,Insurance Cross-Sell,Bank Term Deposit,20-09-2026,"Payment-due reminder sent through the mobile app, internet banking, SMS or email; customer directed to payment options or the collections support journey; sales offers paused",10-09-2026
SYN-024093,profile_only_v1,20260814,True,24093,173644,0.264923,0.294061,0.762774,0.762786,0,0.029138,1.2e-05,0.097031,exact_age,high,27,entrepreneur,married,secondary,no,2329,no,no,telephone,27,oct,131,1,-1,0,unknown,yes,173644,Female,27,1,46.0,0,< 1 Year,No,41107.0,152.0,61,0,COMPLETED,Y,N,0,N,N,0.483,5.0,N,,Y,INSURANCE,0.422,0.659,1.0,1.4,Call,0.924,NO,NO,Insurance Cross-Sell,Bank Term Deposit,Insurance Cross-Sell,20-09-2026,Insurance cross sell offer made to the customer via digital channels,10-09-2026
SYN-030061,profile_only_v1,20260814,True,30061,32236,0.205323,0.294061,0.708504,0.708473,0,0.088738,3.2e-05,0.295499,exact_age,high,27,technician,single,secondary,no,1601,no,no,cellular,4,feb,390,2,-1,0,unknown,no,32236,Female,27,1,50.0,1,< 1 Year,No,43645.0,152.0,163,0,COMPLETED,Y,N,0,N,N,0.336,6.4,N,,N,,0.373,0.35,1.0,1.4,SMS,0.803,YES,NO,Bank Term Deposit,Insurance Cross-Sell,,20-09-2026,Term Deposit cross sell offer made to the customer via digital channels,10-09-2026
SYN-000235,profile_only_v1,20260814,True,235,185594,0.733766,0.766215,0.462005,0.462059,0,0.032449,5.4e-05,0.108056,exact_age,high,55,blue-collar,married,primary,no,627,yes,no,unknown,5,may,247,1,-1,0,unknown,no,185594,Male,55,1,46.0,1,1-2 Year,No,26988.0,26.0,69,0,COMPLETED,Y,N,0,N,N,0.373,6.3,N,,N,,0.504,0.518,1.0,1.4,Email,0.888,NO,NO,Bank Term Deposit,Insurance Cross-Sell,,20-09-2026,Term Deposit cross sell offer made to the customer via digital channels,10-09-2026
SYN-021311,profile_only_v1,20260814,True,21311,173860,0.648734,0.661624,0.58929,0.589252,0,0.012889,3.8e-05,0.042922,exact_age,high,46,housemaid,married,secondary,no,1000,no,no,cellular,18,aug,96,11,-1,0,unknown,no,173860,Male,46,1,47.0,0,1-2 Year,Yes,33480.0,124.0,45,0,COMPLETED,Y,N,0,N,N,0.54,4.8,N,,N,,0.444,0.698,1.0,1.4,Call,0.637,NO,YES,Insurance Cross-Sell,Bank Term Deposit,,20-09-2026,Insurance cross sell offer made to the customer via digital channels,10-09-2026
SYN-034622,profile_only_v1,20260814,True,34622,327974,0.333426,0.352244,0.317604,0.317651,0,0.018818,4.7e-05,0.062662,exact_age,high,31,admin.,married,secondary,no,33,yes,no,cellular,5,may,290,2,-1,0,unknown,no,327974,Female,31,1,9.0,1,< 1 Year,No,28182.0,152.0,233,0,COMPLETED,Y,N,0,N,N,0.093,10.0,N,,N,,0.398,0.545,1.0,1.4,App,0.97,NO,NO,Bank Term Deposit,Insurance Cross-Sell,,20-09-2026,Term Deposit cross sell offer made to the customer via digital channels,10-09-2026
SYN-044955,profile_only_v1,20260814,True,44955,172650,0.432762,0.488171,0.739148,0.738704,0,0.055409,0.000445,0.184516,exact_age,high,32,management,married,tertiary,no,927,no,no,cellular,8,oct,282,1,-1,0,unknown,no,172650,Female,32,1,9.0,0,1-2 Year,No,37412.0,124.0,27,0,COMPLETED,N,N,0,N,N,0.494,3.7,Y,TERM_DEPOSIT,Y,INSURANCE,0.634,0.708,1.0,1.4,SMS,0.695,NO,NO,No Marketing Action (Consent Withheld),Bank Term Deposit,Insurance Cross-Sell,20-09-2026,Marketing messages and sales offers suppressed across channels in absence of valid consent; only essential service communications retained,10-09-2026
SYN-035509,profile_only_v1,20260814,True,35509,209838,0.435465,0.516268,0.2619,0.261504,0,0.080803,0.000396,0.269077,exact_age,high,35,admin.,divorced,secondary,no,0,yes,no,cellular,7,may,262,2,-1,0,unknown,no,209838,Male,35,1,28.0,0,1-2 Year,No,26657.0,152.0,285,0,COMPLETED,Y,N,0,N,N,0.026,9.0,N,,N,,0.633,0.596,1.0,1.4,App,0.665,NO,NO,Insurance Cross-Sell,Bank Term Deposit,,20-09-2026,Insurance cross sell offer made to the customer via digital channels,10-09-2026
SYN-019349,profile_only_v1,20260814,True,19349,250725,0.784302,0.786641,0.598489,0.597539,0,0.002338,0.00095,0.008141,exact_age,high,49,management,married,tertiary,no,322,no,no,cellular,6,aug,72,4,-1,0,unknown,no,250725,Female,49,1,28.0,0,> 2 Years,Yes,41961.0,26.0,279,0,COMPLETED,Y,N,0,N,N,0.187,8.9,N,,N,,0.337,1.0,1.0,1.4,SMS,0.424,NO,YES,Insurance Cross-Sell,Bank Term Deposit,,20-09-2026,Insurance cross sell offer made to the customer via digital channels,10-09-2026
SYN-025213,profile_only_v1,20260814,True,25213,239358,0.813969,0.789198,0.763072,0.763289,0,0.02477,0.000216,0.082487,exact_age,high,58,services,married,secondary,no,4428,no,no,telephone,18,nov,234,3,-1,0,unknown,no,239358,Female,58,1,36.0,1,1-2 Year,No,39442.0,156.0,36,0,COMPLETED,Y,N,0,N,N,0.552,4.4,N,,N,,0.185,0.592,1.0,1.4,Branch,0.747,NO,NO,Bank Term Deposit,Insurance Cross-Sell,,20-09-2026,Term Deposit cross sell offer made to the customer via digital channels,10-09-2026
SYN-023124,profile_only_v1,20260814,True,23124,338292,0.593547,0.646451,0.215746,0.216699,0,0.052905,0.000952,0.176189,exact_age,high,45,blue-collar,married,primary,no,0,no,no,cellular,26,aug,454,2,-1,0,unknown,no,338292,Male,45,1,6.0,0,1-2 Year,Yes,2630.0,156.0,236,0,COMPLETED,Y,N,58,Y,N,0.148,6.1,N,,N,,0.647,0.873,1.0,1.4,Call,0.945,NO,YES,Payment Reminder / Collections Resolution,Insurance Cross-Sell,Bank Term Deposit,20-09-2026,"Payment-due reminder sent through the mobile app, internet banking, SMS or email; customer directed to payment options or the collections support journey; sales offers paused",10-09-2026
SYN-026598,profile_only_v1,20260814,True,26598,136186,0.399126,0.371625,0.732253,0.73234,0,0.027501,8.7e-05,0.091579,exact_age,high,33,self-employed,single,tertiary,no,1354,yes,no,cellular,20,nov,130,2,-1,0,unknown,no,136186,Female,33,1,45.0,0,< 1 Year,No,36438.0,152.0,254,0,COMPLETED,Y,N,0,N,Y,0.415,4.7,N,,N,,0.534,0.794,1.0,1.4,Call,0.707,NO,NO,Service Resolution,Bank Term Deposit,Insurance Cross-Sell,20-09-2026,"Complaint status and resolution options surfaced in the mobile app, internet banking or contact-centre desktop; service follow-up initiated; promotional offers suppressed until resolution",10-09-2026
SYN-035970,profile_only_v1,20260814,True,35970,64911,0.501624,0.570481,0.232765,0.232921,0,0.068857,0.000156,0.229295,exact_age,high,40,services,married,primary,no,170,yes,yes,cellular,8,may,361,3,-1,0,unknown,no,64911,Male,40,1,28.0,0,1-2 Year,Yes,19761.0,26.0,77,0,COMPLETED,Y,N,0,N,Y,0.534,5.8,Y,TERM_DEPOSIT,N,,0.53,0.584,1.0,1.4,Call,0.749,NO,YES,Service Resolution,Insurance Cross-Sell,Bank Term Deposit,20-09-2026,"Complaint status and resolution options surfaced in the mobile app, internet banking or contact-centre desktop; service follow-up initiated; promotional offers suppressed until resolution",10-09-2026
SYN-023811,profile_only_v1,20260814,True,23811,313078,0.439465,0.516268,0.457132,0.456958,0,0.076803,0.000175,0.255755,exact_age,high,35,technician,divorced,secondary,no,515,yes,yes,cellular,29,aug,114,3,-1,0,unknown,no,313078,Male,35,1,6.0,1,1-2 Year,No,25671.0,152.0,214,0,COMPLETED,Y,N,0,N,N,0.209,7.1,N,,N,,0.39,0.365,1.0,1.4,Call,0.431,NO,NO,Bank Term Deposit,Insurance Cross-Sell,,20-09-2026,Term Deposit cross sell offer made to the customer via digital channels,10-09-2026
SYN-033111,profile_only_v1,20260814,True,33111,188236,0.544062,0.525716,0.664005,0.663022,0,0.018346,0.000984,0.061142,exact_age,high,36,management,married,tertiary,no,535,no,no,cellular,20,apr,150,2,-1,0,unknown,yes,188236,Male,36,1,3.0,1,1-2 Year,No,28987.0,124.0,53,0,COMPLETED,Y,N,0,N,N,0.503,5.6,N,,N,,0.565,0.334,1.0,1.4,SMS,0.858,NO,NO,Bank Term Deposit,Insurance Cross-Sell,,20-09-2026,Term Deposit cross sell offer made to the customer via digital channels,10-09-2026
SYN-010382,profile_only_v1,20260814,True,10382,167143,0.509966,0.546112,0.52829,0.532829,0,0.036146,0.004539,0.120899,exact_age,high,38,services,married,secondary,no,702,yes,no,unknown,12,jun,143,1,-1,0,unknown,no,167143,Male,38,1,4.0,0,1-2 Year,Yes,27391.0,26.0,277,1,COMPLETED,Y,N,0,N,N,0.059,9.4,N,,N,,0.232,0.851,1.0,1.4,Call,0.675,NO,YES,Insurance Cross-Sell,Bank Term Deposit,,20-09-2026,Insurance cross sell offer made to the customer via digital channels,10-09-2026
SYN-037791,profile_only_v1,20260814,True,37791,5611,0.488853,0.599431,0.313591,0.313586,0,0.110577,5e-06,0.368223,exact_age,high,42,blue-collar,single,primary,no,177,yes,no,cellular,14,may,174,2,-1,0,unknown,no,5611,Male,42,1,8.0,1,1-2 Year,No,29047.0,26.0,266,0,COMPLETED,Y,N,66,Y,N,0.0,9.4,N,,N,,0.707,0.19,1.0,1.4,SMS,0.884,NO,NO,Payment Reminder / Collections Resolution,Bank Term Deposit,Insurance Cross-Sell,20-09-2026,"Payment-due reminder sent through the mobile app, internet banking, SMS or email; customer directed to payment options or the collections support journey; sales offers paused",10-09-2026
SYN-007023,profile_only_v1,20260814,True,7023,131308,0.225427,0.238833,0.588385,0.588386,0,0.013407,1e-06,0.044645,exact_age,high,25,blue-collar,married,secondary,no,1025,yes,no,unknown,28,may,478,2,-1,0,unknown,no,131308,Female,25,1,29.0,1,< 1 Year,No,36387.0,152.0,21,0,COMPLETED,Y,N,68,Y,N,0.6,2.9,Y,TERM_DEPOSIT,Y,TERM_DEPOSIT,0.329,0.676,1.0,1.4,App,0.456,NO,NO,Payment Reminder / Collections Resolution,Bank Term Deposit,Insurance Cross-Sell,20-09-2026,"Payment-due reminder sent through the mobile app, internet banking, SMS or email; customer directed to payment options or the collections support journey; sales offers paused",10-09-2026
SYN-042810,profile_only_v1,20260814,True,42810,98260,0.420762,0.362171,0.628966,0.629759,0,0.058591,0.000793,0.195118,exact_age,high,32,management,divorced,tertiary,no,530,yes,no,cellular,29,jan,131,1,127,3,failure,no,98260,Female,32,1,49.0,1,< 1 Year,No,33016.0,152.0,117,0,COMPLETED,Y,N,11,N,N,0.385,6.8,N,,Y,INSURANCE,0.312,0.48,1.0,1.4,SMS,0.4,NO,NO,Insurance Cross-Sell,Bank Term Deposit,Insurance Cross-Sell,20-09-2026,Insurance cross sell offer made to the customer via digital channels,10-09-2026
SYN-022068,profile_only_v1,20260814,True,22068,62595,0.567624,0.570481,0.0225,0.130459,0,0.002857,0.107959,0.270065,exact_age,high,40,technician,married,secondary,yes,-432,yes,yes,cellular,20,aug,1464,3,-1,0,unknown,no,62595,Female,40,1,28.0,1,1-2 Year,No,2630.0,122.0,250,0,COMPLETED,N,N,0,N,N,0.124,9.1,N,,N,,0.588,0.739,1.0,1.4,App,0.547,NO,NO,No Marketing Action (Consent Withheld),Bank Term Deposit,Insurance Cross-Sell,20-09-2026,Marketing messages and sales offers suppressed across channels in absence of valid consent; only essential service communications retained,10-09-2026
SYN-002638,profile_only_v1,20260814,True,2638,221316,0.898243,0.886975,0.3259,0.325823,0,0.011268,7.7e-05,0.037524,exact_age,high,60,retired,married,tertiary,no,0,yes,no,unknown,13,may,34,4,-1,0,unknown,no,221316,Male,60,1,28.0,0,> 2 Years,Yes,29509.0,124.0,34,1,COMPLETED,Y,N,0,N,Y,0.582,3.6,N,,Y,TERM_DEPOSIT,0.627,0.79,1.0,1.4,App,0.418,NO,NO,Service Resolution,Insurance Cross-Sell,Bank Term Deposit,20-09-2026,"Complaint status and resolution options surfaced in the mobile app, internet banking or contact-centre desktop; service follow-up initiated; promotional offers suppressed until resolution",10-09-2026
SYN-037714,profile_only_v1,20260814,True,37714,74673,0.726734,0.745624,0.460905,0.460661,0,0.018889,0.000244,0.062905,exact_age,high,46,management,divorced,tertiary,no,233,yes,yes,cellular,14,may,57,4,-1,0,unknown,no,74673,Male,46,1,28.0,0,> 2 Years,Yes,37562.0,26.0,15,0,COMPLETED,Y,N,0,N,N,0.566,4.5,N,,N,,0.431,0.647,1.0,1.4,SMS,0.629,NO,YES,Insurance Cross-Sell,Bank Term Deposit,,20-09-2026,Insurance cross sell offer made to the customer via digital channels,10-09-2026
SYN-036560,profile_only_v1,20260814,True,36560,308194,0.397966,0.546112,0.293698,0.293767,0,0.148146,6.9e-05,0.493325,exact_age,high,38,housemaid,single,primary,no,199,yes,no,cellular,12,may,1203,1,306,1,failure,yes,308194,Female,38,1,28.0,1,1-2 Year,No,29268.0,122.0,185,0,COMPLETED,Y,N,0,N,N,0.34,4.9,N,,N,,0.129,0.801,1.0,1.4,App,0.417,NO,NO,Bank Term Deposit,Insurance Cross-Sell,,20-09-2026,Term Deposit cross sell offer made to the customer via digital channels,10-09-2026
SYN-018067,profile_only_v1,20260814,True,18067,24437,0.685907,0.747493,0.257445,0.257343,0,0.061586,0.000102,0.205081,exact_age,high,53,unemployed,single,secondary,no,4,no,no,cellular,30,jul,259,3,-1,0,unknown,no,24437,Male,53,1,28.0,0,1-2 Year,Yes,26194.0,26.0,163,0,COMPLETED,Y,N,0,N,N,0.298,7.8,N,,N,,0.574,0.694,1.0,1.4,SMS,0.745,NO,YES,Insurance Cross-Sell,Bank Term Deposit,,20-09-2026,Insurance cross sell offer made to the customer via digital channels,10-09-2026
SYN-012511,profile_only_v1,20260814,True,12511,123945,0.570645,0.58456,0.2319,0.23168,0,0.013915,0.00022,0.04634,exact_age,high,41,services,married,secondary,no,0,yes,no,unknown,2,jul,203,1,-1,0,unknown,no,123945,Male,41,1,27.0,0,1-2 Year,Yes,2630.0,124.0,117,0,INCOMPLETE,Y,N,11,N,N,0.413,4.9,N,,N,,0.655,0.468,1.0,1.4,App,0.414,NO,YES,Complete KYC,Insurance Cross-Sell,Bank Term Deposit,20-09-2026,KYC completion notification displayed in the mobile app and internet banking; reminder sent through SMS/email; cross-sell offers withheld until KYC is completed,10-09-2026
SYN-000407,profile_only_v1,20260814,True,407,271936,0.877569,0.873198,0.359746,0.363649,0,0.00437,0.003903,0.017522,exact_age,high,58,retired,married,tertiary,no,0,no,no,unknown,6,may,393,1,-1,0,unknown,no,271936,Female,58,1,28.0,0,> 2 Years,Yes,32581.0,122.0,116,1,COMPLETED,Y,N,69,Y,N,0.396,5.8,Y,INSURANCE,N,,0.603,0.901,1.0,1.4,SMS,0.66,NO,YES,Payment Reminder / Collections Resolution,Insurance Cross-Sell,Bank Term Deposit,20-09-2026,"Payment-due reminder sent through the mobile app, internet banking, SMS or email; customer directed to payment options or the collections support journey; sales offers paused",10-09-2026
SYN-031626,profile_only_v1,20260814,True,31626,182716,0.643547,0.646451,0.167409,0.168443,0,0.002905,0.001033,0.010012,exact_age,high,45,blue-collar,married,secondary,no,-73,yes,no,cellular,6,apr,551,3,313,9,failure,no,182716,Male,45,1,19.0,0,1-2 Year,Yes,2630.0,157.0,31,0,COMPLETED,Y,N,68,Y,N,0.586,4.0,Y,INSURANCE,N,,0.649,0.925,1.0,1.4,App,0.727,NO,YES,Payment Reminder / Collections Resolution,Insurance Cross-Sell,Bank Term Deposit,20-09-2026,"Payment-due reminder sent through the mobile app, internet banking, SMS or email; customer directed to payment options or the collections support journey; sales offers paused",10-09-2026
SYN-024566,profile_only_v1,20260814,True,24566,18761,0.593845,0.58456,0.210926,0.210797,0,0.009285,0.000129,0.030921,exact_age,high,41,self-employed,married,secondary,yes,0,yes,no,cellular,17,nov,789,1,-1,0,unknown,yes,18761,Male,41,1,32.0,0,1-2 Year,Yes,2630.0,157.0,11,1,INCOMPLETE,Y,N,0,N,N,0.613,5.0,N,,N,,0.441,0.795,1.0,1.4,Call,0.814,NO,YES,Complete KYC,Insurance Cross-Sell,Bank Term Deposit,20-09-2026,KYC completion notification displayed in the mobile app and internet banking; reminder sent through SMS/email; cross-sell offers withheld until KYC is completed,10-09-2026
SYN-043858,profile_only_v1,20260814,True,43858,148773,0.369976,0.506981,0.659438,0.659248,0,0.137006,0.000189,0.456229,exact_age,high,34,technician,single,secondary,no,1087,no,no,unknown,1,jun,7,1,-1,0,unknown,no,148773,Female,34,1,28.0,0,1-2 Year,Yes,42830.0,124.0,100,0,COMPLETED,Y,N,0,N,N,0.411,6.2,N,,Y,INSURANCE,0.384,0.907,1.0,1.4,App,0.731,NO,YES,Insurance Cross-Sell,Insurance Cross-Sell,Bank Term Deposit,20-09-2026,Insurance cross sell offer made to the customer via digital channels,10-09-2026
SYN-036141,profile_only_v1,20260814,True,36141,94631,0.824823,0.796222,0.287604,0.287708,0,0.028601,0.000104,0.095241,exact_age,high,59,services,married,secondary,no,33,yes,no,cellular,11,may,138,1,-1,0,unknown,no,94631,Male,59,1,28.0,0,1-2 Year,Yes,28865.0,124.0,243,1,COMPLETED,Y,N,52,Y,N,0.146,10.0,N,,Y,INSURANCE,0.435,0.861,1.0,1.4,App,0.666,NO,NO,Payment Reminder / Collections Resolution,Insurance Cross-Sell,Bank Term Deposit,20-09-2026,"Payment-due reminder sent through the mobile app, internet banking, SMS or email; customer directed to payment options or the collections support journey; sales offers paused",10-09-2026
SYN-000498,profile_only_v1,20260814,True,498,139797,0.708198,0.714805,0.30248,0.302509,0,0.006608,3e-05,0.022004,exact_age,high,50,blue-collar,divorced,secondary,no,41,yes,no,unknown,6,may,190,1,-1,0,unknown,no,139797,Female,50,1,41.0,0,1-2 Year,Yes,24721.0,26.0,212,0,COMPLETED,Y,N,0,N,N,0.076,10.0,N,,N,,0.168,0.668,1.0,1.4,Branch,0.798,NO,YES,Insurance Cross-Sell,Bank Term Deposit,,20-09-2026,Insurance cross sell offer made to the customer via digital channels,10-09-2026
SYN-031432,profile_only_v1,20260814,True,31432,237382,0.888423,0.880222,0.892001,0.894282,0,0.008201,0.002281,0.027898,exact_age,high,59,retired,married,tertiary,no,9676,no,no,telephone,27,mar,234,2,-1,0,unknown,yes,237382,Male,59,1,11.0,0,> 2 Years,Yes,42920.0,26.0,108,0,COMPLETED,Y,N,0,N,N,0.4,6.8,Y,TERM_DEPOSIT,N,,0.509,0.969,1.0,1.4,Branch,0.987,NO,YES,Bank Term Deposit,Insurance Cross-Sell,Bank Term Deposit,20-09-2026,Term Deposit cross sell offer made to the customer via digital channels,10-09-2026
SYN-009344,profile_only_v1,20260814,True,9344,142636,0.249427,0.238833,0.617858,0.617859,0,0.010593,1e-06,0.035275,exact_age,high,25,management,single,tertiary,no,490,yes,no,unknown,6,jun,246,3,-1,0,unknown,no,142636,Male,25,1,47.0,1,< 1 Year,No,37159.0,152.0,200,0,COMPLETED,Y,N,0,N,N,0.296,6.0,N,,N,,0.568,0.5,1.0,1.4,Call,0.432,NO,NO,Bank Term Deposit,Insurance Cross-Sell,,20-09-2026,Term Deposit cross sell offer made to the customer via digital channels,10-09-2026
SYN-015199,profile_only_v1,20260814,True,15199,274963,0.355299,0.328197,0.43887,0.442386,0,0.027102,0.003516,0.090678,exact_age,high,29,management,married,tertiary,no,51,yes,no,cellular,17,jul,1319,5,-1,0,unknown,yes,274963,Female,29,1,8.0,1,< 1 Year,No,37805.0,152.0,103,0,COMPLETED,Y,N,0,N,N,0.401,6.1,N,,N,,0.483,0.574,1.0,1.4,Call,0.919,NO,NO,Bank Term Deposit,Insurance Cross-Sell,,20-09-2026,Term Deposit cross sell offer made to the customer via digital channels,10-09-2026
SYN-009316,profile_only_v1,20260814,True,9316,16587,0.542394,0.557608,0.09914,0.130459,0,0.015214,0.031319,0.093258,exact_age,high,39,self-employed,divorced,secondary,yes,-103,no,yes,unknown,5,jun,210,3,-1,0,unknown,no,16587,Male,39,1,28.0,0,1-2 Year,Yes,2630.0,26.0,99,0,COMPLETED,Y,N,0,N,N,0.507,4.1,N,,N,,0.397,0.913,1.0,1.4,SMS,0.514,NO,YES,Insurance Cross-Sell,Bank Term Deposit,,20-09-2026,Insurance cross sell offer made to the customer via digital channels,10-09-2026
SYN-041271,profile_only_v1,20260814,True,41271,320845,0.89543,0.911007,0.900901,0.903073,0,0.015578,0.002172,0.052157,exact_age,high,64,retired,divorced,tertiary,no,17875,no,no,cellular,25,aug,173,1,-1,0,unknown,no,320845,Male,64,1,41.0,0,> 2 Years,Yes,51072.0,26.0,87,1,COMPLETED,N,N,0,N,Y,0.465,4.5,N,,Y,INSURANCE,0.549,0.735,1.0,1.4,Call,0.66,YES,YES,No Marketing Action (Consent Withheld),Bank Term Deposit,Insurance Cross-Sell,20-09-2026,Marketing messages and sales offers suppressed across channels in absence of valid consent; only essential service communications retained,10-09-2026
SYN-006406,profile_only_v1,20260814,True,6406,42508,0.517465,0.516268,0.7086,0.708485,0,0.001197,0.000116,0.003995,exact_age,high,35,management,married,tertiary,no,949,yes,no,unknown,27,may,245,2,-1,0,unknown,no,42508,Female,35,1,28.0,0,1-2 Year,Yes,44910.0,122.0,207,1,COMPLETED,Y,N,0,N,N,0.322,6.8,N,,N,,0.241,0.727,1.0,1.4,Call,0.407,NO,YES,Insurance Cross-Sell,Bank Term Deposit,,20-09-2026,Insurance cross sell offer made to the customer via digital channels,10-09-2026
SYN-028982,profile_only_v1,20260814,True,28982,207077,0.588198,0.714805,0.459575,0.459564,0,0.126608,1.1e-05,0.421604,exact_age,high,50,unemployed,divorced,unknown,no,1088,no,no,cellular,2,feb,749,1,-1,0,unknown,yes,207077,Male,50,1,28.0,0,1-2 Year,Yes,36663.0,13.0,32,1,COMPLETED,Y,N,0,N,N,0.657,3.9,Y,TERM_DEPOSIT,N,,0.357,0.758,1.0,1.4,App,0.899,NO,YES,Retention Action,Insurance Cross-Sell,Bank Term Deposit,20-09-2026,"Retention message prioritised - fee review, tailored support option and/or save offer; proactive contact task created for the service team; routine cross-sell deferred",10-09-2026
SYN-012808,profile_only_v1,20260814,True,12808,26206,0.296762,0.362171,0.119786,0.119757,0,0.065409,2.9e-05,0.217812,exact_age,high,32,services,single,secondary,no,-1139,yes,no,cellular,7,jul,201,1,-1,0,unknown,no,26206,Male,32,1,21.0,1,< 1 Year,No,2630.0,152.0,205,0,COMPLETED,Y,N,18,N,N,0.225,9.1,N,,Y,TERM_DEPOSIT,0.343,0.571,1.0,1.4,App,0.998,NO,NO,Bank Term Deposit,Bank Term Deposit,Insurance Cross-Sell,20-09-2026,Term Deposit cross sell offer made to the customer via digital channels,10-09-2026
SYN-036351,profile_only_v1,20260814,True,36351,216121,0.592853,0.599431,0.643511,0.643605,0,0.006577,9.4e-05,0.021904,exact_age,high,42,blue-collar,married,secondary,no,3068,yes,yes,cellular,11,may,429,2,-1,0,unknown,no,216121,Male,42,1,27.0,0,1-2 Year,Yes,28178.0,26.0,43,0,COMPLETED,Y,N,0,N,N,0.561,5.9,N,,N,,0.512,1.0,1.0,1.4,Call,0.976,NO,YES,Insurance Cross-Sell,Bank Term Deposit,,20-09-2026,Insurance cross sell offer made to the customer via digital channels,10-09-2026
SYN-030961,profile_only_v1,20260814,True,30961,257783,0.203319,0.312702,0.381535,0.381524,0,0.109383,1.1e-05,0.364246,exact_age,high,28,services,single,secondary,no,217,yes,no,cellular,9,feb,379,3,-1,0,unknown,no,257783,Male,28,1,47.0,1,< 1 Year,No,30704.0,151.0,29,0,COMPLETED,Y,N,0,N,N,0.631,3.6,N,,N,,0.545,0.328,1.0,1.4,App,0.876,NO,NO,Retention Action,Bank Term Deposit,Insurance Cross-Sell,20-09-2026,"Retention message prioritised - fee review, tailored support option and/or save offer; proactive contact task created for the service team; routine cross-sell deferred",10-09-2026
SYN-024442,profile_only_v1,20260814,True,24442,372591,0.698142,0.757249,0.438573,0.438281,0,0.059107,0.000292,0.196827,exact_age,high,54,unemployed,single,secondary,no,380,no,no,cellular,17,nov,696,2,-1,0,unknown,yes,372591,Male,54,1,47.0,1,1-2 Year,No,29826.0,16.0,103,0,COMPLETED,Y,N,0,N,N,0.385,6.4,N,,Y,TERM_DEPOSIT,0.353,0.561,1.0,1.4,Call,0.42,NO,NO,Bank Term Deposit,Bank Term Deposit,Insurance Cross-Sell,20-09-2026,Term Deposit cross sell offer made to the customer via digital channels,10-09-2026
SYN-022432,profile_only_v1,20260814,True,22432,120008,0.490062,0.525716,0.802045,0.801963,0,0.035654,8.2e-05,0.118727,exact_age,high,36,management,single,tertiary,no,1520,no,no,cellular,22,aug,101,2,-1,0,unknown,no,120008,Female,36,1,28.0,0,1-2 Year,Yes,50374.0,157.0,252,0,COMPLETED,Y,N,61,Y,N,0.201,9.4,N,,N,,0.521,0.796,1.0,1.4,Call,0.673,YES,YES,Payment Reminder / Collections Resolution,Insurance Cross-Sell,Bank Term Deposit,20-09-2026,"Payment-due reminder sent through the mobile app, internet banking, SMS or email; customer directed to payment options or the collections support journey; sales offers paused",10-09-2026
SYN-022564,profile_only_v1,20260814,True,22564,188048,0.490062,0.525716,0.528112,0.532848,0,0.035654,0.004736,0.119316,exact_age,high,36,management,single,tertiary,no,156,no,no,cellular,22,aug,122,1,-1,0,unknown,no,188048,Male,36,1,28.0,0,1-2 Year,Yes,38349.0,124.0,236,0,COMPLETED,Y,N,0,N,N,0.099,7.8,N,,Y,INSURANCE,0.608,0.805,1.0,1.4,Call,0.772,NO,YES,Insurance Cross-Sell,Insurance Cross-Sell,Bank Term Deposit,20-09-2026,Insurance cross sell offer made to the customer via digital channels,10-09-2026
SYN-012804,profile_only_v1,20260814,True,12804,199786,0.271426,0.352244,0.233486,0.233732,0,0.080818,0.000246,0.269123,exact_age,high,31,blue-collar,single,secondary,no,1,no,yes,cellular,7,jul,174,1,-1,0,unknown,no,199786,Female,31,1,28.0,0,< 1 Year,Yes,31498.0,152.0,160,0,COMPLETED,Y,N,0,N,N,0.251,8.1,N,,Y,TERM_DEPOSIT,0.453,0.795,1.0,1.4,Call,0.759,NO,NO,Bank Term Deposit,Insurance Cross-Sell,Bank Term Deposit,20-09-2026,Term Deposit cross sell offer made to the customer via digital channels,10-09-2026
SYN-019540,profile_only_v1,20260814,True,19540,141857,0.362762,0.362171,0.365746,0.365478,0,0.000591,0.000269,0.002079,exact_age,high,32,technician,single,tertiary,no,0,no,no,cellular,7,aug,268,2,-1,0,unknown,no,141857,Female,32,1,21.0,1,< 1 Year,No,26295.0,152.0,176,0,COMPLETED,Y,Y,16,N,N,0.378,4.9,Y,INSURANCE,N,,0.486,0.433,1.0,1.4,App,0.636,NO,NO,Compliance Hold - No Sales Offer,Bank Term Deposit,Insurance Cross-Sell,20-09-2026,Case routed for internal AML/fraud review; a neutral service message displayed stating account activity is restricted,10-09-2026
SYN-030235,profile_only_v1,20260814,True,30235,324339,0.542853,0.599431,0.578199,0.578145,0,0.056577,5.4e-05,0.188403,exact_age,high,42,blue-collar,married,primary,no,1520,yes,no,cellular,5,feb,115,1,-1,0,unknown,no,324339,Male,42,1,37.0,0,1-2 Year,Yes,32808.0,124.0,77,1,COMPLETED,Y,N,0,N,N,0.414,3.0,N,,N,,0.503,0.689,1.0,1.4,App,0.453,NO,YES,Service Intervention (Low NPS),Insurance Cross-Sell,Bank Term Deposit,20-09-2026,Service-recovery message -  apology / follow-up communication sent; contact-centre/service task created to address the customer’s recent experience,10-09-2026
SYN-029146,profile_only_v1,20260814,True,29146,76331,0.505624,0.570481,0.441175,0.441225,0,0.064857,4.9e-05,0.215975,exact_age,high,40,blue-collar,married,primary,no,418,no,no,cellular,2,feb,84,2,-1,0,unknown,no,76331,Male,40,1,28.0,0,1-2 Year,Yes,35997.0,124.0,297,1,COMPLETED,Y,N,0,N,N,0.174,6.8,N,,Y,TERM_DEPOSIT,0.058,0.964,1.0,1.4,SMS,0.984,NO,YES,Bank Term Deposit,Insurance Cross-Sell,Bank Term Deposit,20-09-2026,Term Deposit cross sell offer made to the customer via digital channels,10-09-2026
SYN-028291,profile_only_v1,20260814,True,28291,27148,0.521966,0.546112,0.205423,0.204583,0,0.024146,0.000841,0.080432,exact_age,high,38,admin.,married,secondary,no,-241,no,no,cellular,29,jan,570,2,-1,0,unknown,no,27148,Male,38,1,38.0,1,1-2 Year,No,2630.0,124.0,34,0,INCOMPLETE,Y,N,0,N,N,0.647,1.9,N,,N,,0.51,0.676,1.0,1.4,App,0.92,NO,NO,Complete KYC,Bank Term Deposit,Insurance Cross-Sell,20-09-2026,KYC completion notification displayed in the mobile app and internet banking; reminder sent through SMS/email; cross-sell offers withheld until KYC is completed,10-09-2026
SYN-004365,profile_only_v1,20260814,True,4365,3070,0.642953,0.737177,0.310108,0.310086,0,0.094223,2.2e-05,0.313764,exact_age,high,52,services,married,unknown,no,337,yes,no,unknown,19,may,85,3,-1,0,unknown,no,3070,Male,52,1,28.0,0,1-2 Year,Yes,30276.0,26.0,126,0,COMPLETED,Y,N,0,N,N,0.515,3.6,N,,N,,0.371,0.916,1.0,1.4,Call,0.836,NO,YES,Service Intervention (Low NPS),Insurance Cross-Sell,Bank Term Deposit,20-09-2026,Service-recovery message -  apology / follow-up communication sent; contact-centre/service task created to address the customer’s recent experience,10-09-2026
SYN-032749,profile_only_v1,20260814,True,32749,61655,0.755002,0.76001,0.586434,0.579944,0,0.005008,0.006489,0.023267,exact_age,high,47,management,married,tertiary,no,385,yes,no,cellular,17,apr,145,1,323,4,failure,no,61655,Male,47,1,0.0,0,> 2 Years,Yes,2630.0,124.0,273,0,COMPLETED,Y,N,0,N,Y,0.0,9.2,N,,N,,0.425,0.995,1.0,1.4,SMS,0.718,NO,YES,Service Resolution,Insurance Cross-Sell,Bank Term Deposit,20-09-2026,"Complaint status and resolution options surfaced in the mobile app, internet banking or contact-centre desktop; service follow-up initiated; promotional offers suppressed until resolution",10-09-2026
SYN-023179,profile_only_v1,20260814,True,23179,159559,0.521966,0.546112,0.502141,0.502167,0,0.024146,2.6e-05,0.080405,exact_age,high,38,technician,single,tertiary,no,187,no,no,cellular,27,aug,87,7,-1,0,unknown,no,159559,Female,38,1,6.0,1,1-2 Year,No,26772.0,152.0,270,0,COMPLETED,Y,N,37,Y,N,0.192,7.0,Y,INSURANCE,N,,0.554,0.513,1.0,1.4,SMS,0.979,NO,NO,Payment Reminder / Collections Resolution,Bank Term Deposit,Insurance Cross-Sell,20-09-2026,"Payment-due reminder sent through the mobile app, internet banking, SMS or email; customer directed to payment options or the collections support journey; sales offers paused",10-09-2026
SYN-021259,profile_only_v1,20260814,True,21259,363847,0.660734,0.661624,0.309173,0.309194,0,0.000889,2.1e-05,0.002962,exact_age,high,46,blue-collar,married,secondary,no,5,no,no,cellular,18,aug,71,3,-1,0,unknown,no,363847,Female,46,1,8.0,1,1-2 Year,No,28807.0,26.0,263,0,COMPLETED,Y,N,0,N,N,0.161,8.3,N,,N,,0.498,0.133,1.0,1.4,SMS,0.534,NO,NO,Bank Term Deposit,Insurance Cross-Sell,,20-09-2026,Term Deposit cross sell offer made to the customer via digital channels,10-09-2026
SYN-014827,profile_only_v1,20260814,True,14827,336900,0.814352,0.774299,0.365648,0.36583,0,0.040053,0.000182,0.133379,exact_age,high,56,self-employed,married,secondary,no,14,no,no,cellular,16,jul,239,1,-1,0,unknown,no,336900,Female,56,1,28.0,1,1-2 Year,No,33041.0,24.0,37,0,COMPLETED,Y,N,29,N,N,0.527,6.7,Y,TERM_DEPOSIT,Y,INSURANCE,0.364,0.63,1.0,1.4,SMS,0.709,NO,NO,Bank Term Deposit,Bank Term Deposit,Insurance Cross-Sell,20-09-2026,Term Deposit cross sell offer made to the customer via digital channels,10-09-2026
SYN-030007,profile_only_v1,20260814,True,30007,136947,0.778823,0.796222,0.493362,0.493302,0,0.017399,6e-05,0.057939,exact_age,high,59,blue-collar,married,primary,no,616,no,no,cellular,4,feb,253,3,215,2,other,no,136947,Male,59,1,6.0,0,1-2 Year,Yes,26563.0,26.0,86,0,COMPLETED,Y,N,0,N,N,0.389,6.8,N,,N,,0.415,0.877,1.0,1.4,SMS,0.535,NO,NO,Bank Term Deposit,Insurance Cross-Sell,,20-09-2026,Term Deposit cross sell offer made to the customer via digital channels,10-09-2026
SYN-033856,profile_only_v1,20260814,True,33856,197202,0.233427,0.238833,0.3319,0.331864,0,0.005407,3.6e-05,0.018005,exact_age,high,25,technician,single,tertiary,no,0,yes,no,cellular,29,apr,80,7,-1,0,unknown,no,197202,Female,25,1,14.0,0,< 1 Year,Yes,24876.0,152.0,200,0,COMPLETED,Y,N,0,N,N,0.227,7.7,N,,N,,0.582,0.472,1.0,1.4,Call,0.454,NO,NO,Bank Term Deposit,Insurance Cross-Sell,,20-09-2026,Term Deposit cross sell offer made to the customer via digital channels,10-09-2026
SYN-042493,profile_only_v1,20260814,True,42493,203855,0.78583,0.827007,0.26213,0.262241,0,0.041178,0.00011,0.137121,exact_age,high,64,housemaid,married,primary,no,67,no,no,telephone,14,dec,86,2,111,1,failure,no,203855,Male,64,1,28.0,0,1-2 Year,Yes,26732.0,26.0,248,0,COMPLETED,Y,N,0,N,N,0.252,8.9,N,,N,,0.433,0.671,1.0,1.4,Branch,0.775,NO,YES,Bank Term Deposit,Insurance Cross-Sell,,20-09-2026,Term Deposit cross sell offer made to the customer via digital channels,10-09-2026
SYN-044248,profile_only_v1,20260814,True,44248,4976,0.772302,0.786641,0.589596,0.595604,0,0.014338,0.006008,0.050054,exact_age,high,49,management,divorced,tertiary,no,300,no,no,cellular,21,jul,316,1,-1,0,unknown,yes,4976,Male,49,1,41.0,0,> 2 Years,Yes,36072.0,26.0,19,0,COMPLETED,Y,N,0,N,N,0.589,5.4,Y,TERM_DEPOSIT,N,,0.413,0.594,1.0,1.4,SMS,0.836,NO,YES,Bank Term Deposit,Insurance Cross-Sell,Bank Term Deposit,20-09-2026,Term Deposit cross sell offer made to the customer via digital channels,10-09-2026
SYN-034146,profile_only_v1,20260814,True,34146,192081,0.329926,0.371625,0.523803,0.521789,0,0.041699,0.002014,0.138949,exact_age,high,33,blue-collar,single,secondary,no,498,no,no,cellular,30,apr,301,1,-1,0,unknown,yes,192081,Male,33,1,28.0,0,< 1 Year,Yes,41661.0,26.0,171,1,COMPLETED,Y,N,0,N,N,0.253,7.4,N,,N,,0.416,0.463,1.0,1.4,App,0.819,NO,YES,Insurance Cross-Sell,Bank Term Deposit,,20-09-2026,Insurance cross sell offer made to the customer via digital channels,10-09-2026
SYN-036548,profile_only_v1,20260814,True,36548,371219,0.63399,0.689673,0.49681,0.496908,0,0.055683,9.8e-05,0.185425,exact_age,high,48,services,single,secondary,no,561,yes,no,cellular,12,may,214,1,358,2,other,no,371219,Male,48,1,28.0,0,1-2 Year,Yes,37964.0,13.0,155,0,COMPLETED,Y,N,0,N,N,0.232,8.5,Y,INSURANCE,N,,0.373,0.576,1.0,1.4,App,0.481,NO,YES,Insurance Cross-Sell,Insurance Cross-Sell,Bank Term Deposit,20-09-2026,Insurance cross sell offer made to the customer via digital channels,10-09-2026
SYN-024810,profile_only_v1,20260814,True,24810,67065,0.447465,0.516268,0.393773,0.393685,0,0.068803,8.7e-05,0.229115,exact_age,high,35,technician,single,tertiary,no,172,yes,yes,cellular,18,nov,52,1,-1,0,unknown,no,67065,Female,35,1,41.0,1,1-2 Year,No,28348.0,122.0,111,0,COMPLETED,Y,N,0,N,N,0.395,7.7,N,,Y,INSURANCE,0.204,0.548,1.0,1.4,Call,0.639,NO,NO,Insurance Cross-Sell,Bank Term Deposit,Insurance Cross-Sell,20-09-2026,Insurance cross sell offer made to the customer via digital channels,10-09-2026
SYN-008076,profile_only_v1,20260814,True,8076,376584,0.409966,0.546112,0.436683,0.436728,0,0.136146,4.5e-05,0.453365,exact_age,high,38,blue-collar,single,primary,no,522,yes,no,unknown,2,jun,156,1,-1,0,unknown,no,376584,Female,38,1,18.0,0,1-2 Year,Yes,27715.0,26.0,138,0,COMPLETED,Y,N,53,Y,N,0.284,4.5,N,,N,,0.557,0.804,1.0,1.4,App,0.692,NO,YES,Payment Reminder / Collections Resolution,Insurance Cross-Sell,Bank Term Deposit,20-09-2026,"Payment-due reminder sent through the mobile app, internet banking, SMS or email; customer directed to payment options or the collections support journey; sales offers paused",10-09-2026
SYN-044765,profile_only_v1,20260814,True,44765,126563,0.493194,0.557608,0.489596,0.489524,0,0.064414,7.2e-05,0.214498,exact_age,high,39,technician,single,secondary,no,300,no,no,cellular,10,sep,315,6,394,1,failure,no,126563,Female,39,1,6.0,0,1-2 Year,Yes,26473.0,124.0,41,1,COMPLETED,Y,N,0,N,N,0.515,1.4,N,,N,,0.558,0.638,1.0,1.4,Call,0.482,YES,YES,Service Intervention (Low NPS),Insurance Cross-Sell,Bank Term Deposit,20-09-2026,Service-recovery message -  apology / follow-up communication sent; contact-centre/service task created to address the customer’s recent experience,10-09-2026
SYN-010465,profile_only_v1,20260814,True,10465,339469,0.371926,0.371625,0.301178,0.30102,0,0.000301,0.000158,0.001078,exact_age,high,33,blue-collar,divorced,secondary,no,1,no,no,unknown,16,jun,66,5,-1,0,unknown,no,339469,Male,33,1,46.0,0,< 1 Year,Yes,25137.0,26.0,292,1,COMPLETED,Y,N,0,N,N,0.095,9.0,N,,N,,0.379,1.0,1.0,1.4,Branch,0.48,NO,YES,Insurance Cross-Sell,Bank Term Deposit,,20-09-2026,Insurance cross sell offer made to the customer via digital channels,10-09-2026
SYN-000744,profile_only_v1,20260814,True,744,159966,0.706697,0.655862,0.437139,0.449865,0,0.050835,0.012726,0.172243,exact_age,high,57,blue-collar,married,unknown,no,807,yes,no,unknown,6,may,211,2,-1,0,unknown,no,159966,Male,57,1,28.0,0,< 1 Year,Yes,39147.0,124.0,133,1,INCOMPLETE,Y,N,0,N,N,0.452,6.5,N,,N,,0.324,0.936,1.0,1.4,App,0.431,NO,YES,Complete KYC,Insurance Cross-Sell,Bank Term Deposit,20-09-2026,KYC completion notification displayed in the mobile app and internet banking; reminder sent through SMS/email; cross-sell offers withheld until KYC is completed,10-09-2026
SYN-033912,profile_only_v1,20260814,True,33912,106513,0.301299,0.328197,0.701142,0.700968,0,0.026898,0.000173,0.08957,exact_age,high,29,management,single,tertiary,no,697,no,no,cellular,30,apr,365,1,85,1,success,yes,106513,Female,29,1,47.0,1,< 1 Year,No,41022.0,152.0,58,0,COMPLETED,Y,N,51,Y,N,0.54,2.6,N,,N,,0.666,0.444,1.0,1.4,App,0.994,YES,NO,Payment Reminder / Collections Resolution,Bank Term Deposit,Insurance Cross-Sell,20-09-2026,"Payment-due reminder sent through the mobile app, internet banking, SMS or email; customer directed to payment options or the collections support journey; sales offers paused",10-09-2026
SYN-024948,profile_only_v1,20260814,True,24948,342080,0.604639,0.630828,0.673151,0.673032,0,0.026188,0.000118,0.087208,exact_age,high,44,management,married,primary,no,1880,yes,no,cellular,18,nov,34,1,124,6,failure,no,342080,Female,44,1,28.0,0,1-2 Year,Yes,43368.0,124.0,225,1,COMPLETED,Y,N,0,N,N,0.282,8.1,N,,N,,0.369,0.645,1.0,1.4,SMS,0.854,NO,YES,Insurance Cross-Sell,Bank Term Deposit,,20-09-2026,Insurance cross sell offer made to the customer via digital channels,10-09-2026
SYN-025705,profile_only_v1,20260814,True,25705,105254,0.583624,0.570481,0.468112,0.468058,0,0.013143,5.4e-05,0.043766,exact_age,high,40,management,married,secondary,no,156,no,no,cellular,19,nov,357,1,-1,0,unknown,no,105254,Female,40,1,28.0,0,1-2 Year,Yes,36965.0,26.0,32,0,COMPLETED,Y,N,0,N,N,0.564,6.5,N,,N,,0.489,0.8,1.0,1.4,SMS,0.741,NO,YES,Insurance Cross-Sell,Bank Term Deposit,,20-09-2026,Insurance cross sell offer made to the customer via digital channels,10-09-2026
SYN-023953,profile_only_v1,20260814,True,23953,279159,0.593547,0.646451,0.362342,0.362404,0,0.052905,6.2e-05,0.176173,exact_age,high,45,blue-collar,married,primary,no,292,yes,no,cellular,29,aug,961,4,-1,0,unknown,no,279159,Female,45,1,30.0,1,1-2 Year,No,22792.0,152.0,249,0,COMPLETED,Y,N,0,N,Y,0.123,8.2,N,,Y,INSURANCE,0.468,0.516,1.0,1.4,SMS,0.534,NO,NO,Service Resolution,Bank Term Deposit,Insurance Cross-Sell,20-09-2026,"Complaint status and resolution options surfaced in the mobile app, internet banking or contact-centre desktop; service follow-up initiated; promotional offers suppressed until resolution",10-09-2026
SYN-005686,profile_only_v1,20260814,True,5686,1880,0.671676,0.726309,0.081923,0.130459,0,0.054633,0.048536,0.21868,exact_age,high,51,blue-collar,divorced,primary,no,-380,yes,no,unknown,26,may,181,1,-1,0,unknown,no,1880,Female,51,1,28.0,0,1-2 Year,Yes,2630.0,26.0,38,0,INCOMPLETE,Y,N,0,N,Y,0.463,4.5,N,,N,,0.547,0.724,1.0,1.4,Branch,0.85,NO,YES,Complete KYC,Insurance Cross-Sell,Bank Term Deposit,20-09-2026,KYC completion notification displayed in the mobile app and internet banking; reminder sent through SMS/email; cross-sell offers withheld until KYC is completed,10-09-2026
SYN-015056,profile_only_v1,20260814,True,15056,322677,0.596853,0.599431,0.449538,0.449535,0,0.002577,3e-06,0.008583,exact_age,high,42,admin.,single,tertiary,no,168,yes,no,cellular,17,jul,295,1,-1,0,unknown,no,322677,Male,42,1,28.0,0,1-2 Year,Yes,36299.0,152.0,195,0,COMPLETED,Y,N,0,N,N,0.301,6.3,N,,Y,INSURANCE,0.401,0.559,1.0,1.4,SMS,0.936,NO,NO,Insurance Cross-Sell,Insurance Cross-Sell,Bank Term Deposit,20-09-2026,Insurance cross sell offer made to the customer via digital channels,10-09-2026
SYN-017973,profile_only_v1,20260814,True,17973,69223,0.212523,0.294061,0.444377,0.444651,0,0.081538,0.000274,0.271524,exact_age,high,27,self-employed,single,secondary,no,152,no,no,cellular,30,jul,80,3,-1,0,unknown,no,69223,Male,27,1,46.0,1,< 1 Year,No,28324.0,152.0,209,0,COMPLETED,Y,N,0,N,N,0.197,8.6,N,,N,,0.667,0.502,1.0,1.4,App,0.754,YES,NO,Bank Term Deposit,Insurance Cross-Sell,,20-09-2026,Term Deposit cross sell offer made to the customer via digital channels,10-09-2026
SYN-035069,profile_only_v1,20260814,True,35069,49274,0.315976,0.506981,0.134208,0.130459,0,0.191006,0.003749,0.636118,exact_age,high,34,admin.,single,primary,no,0,yes,yes,cellular,6,may,172,4,-1,0,unknown,no,49274,Female,34,1,28.0,0,1-2 Year,Yes,2630.0,160.0,258,0,COMPLETED,Y,N,46,Y,N,0.122,8.3,N,,N,,0.311,0.629,1.0,1.4,Call,0.948,NO,YES,Payment Reminder / Collections Resolution,Insurance Cross-Sell,Bank Term Deposit,20-09-2026,"Payment-due reminder sent through the mobile app, internet banking, SMS or email; customer directed to payment options or the collections support journey; sales offers paused",10-09-2026
SYN-035031,profile_only_v1,20260814,True,35031,351419,0.207319,0.312702,0.49743,0.497409,0,0.105383,2.2e-05,0.350926,exact_age,high,28,blue-collar,single,secondary,no,524,yes,no,cellular,6,may,554,2,-1,0,unknown,yes,351419,Female,28,1,28.0,0,< 1 Year,Yes,40804.0,152.0,264,0,COMPLETED,Y,N,0,N,N,0.008,10.0,N,,N,,0.453,0.792,1.0,1.4,Call,0.897,NO,NO,Bank Term Deposit,Insurance Cross-Sell,,20-09-2026,Term Deposit cross sell offer made to the customer via digital channels,10-09-2026
SYN-003335,profile_only_v1,20260814,True,3335,210416,0.668142,0.631249,0.637997,0.647495,0,0.036893,0.009498,0.125128,exact_age,high,54,services,married,unknown,no,7864,yes,no,unknown,15,may,145,4,-1,0,unknown,no,210416,Male,54,1,8.0,0,< 1 Year,Yes,45663.0,124.0,97,1,COMPLETED,Y,N,0,N,N,0.473,5.2,N,,N,,0.537,0.686,1.0,1.4,Call,0.649,NO,YES,Insurance Cross-Sell,Bank Term Deposit,,20-09-2026,Insurance cross sell offer made to the customer via digital channels,10-09-2026
SYN-023265,profile_only_v1,20260814,True,23265,227712,0.74199,0.773673,0.808747,0.80761,0,0.031683,0.001136,0.105543,exact_age,high,48,technician,divorced,tertiary,no,2328,no,no,cellular,27,aug,129,7,-1,0,unknown,no,227712,Female,48,1,28.0,0,> 2 Years,Yes,51048.0,26.0,35,1,COMPLETED,Y,N,0,N,N,0.51,2.8,N,,N,,0.328,0.66,1.0,1.4,Call,0.891,NO,YES,Service Intervention (Low NPS),Insurance Cross-Sell,Bank Term Deposit,20-09-2026,Service-recovery message -  apology / follow-up communication sent; contact-centre/service task created to address the customer’s recent experience,10-09-2026
SYN-007290,profile_only_v1,20260814,True,7290,335456,0.718302,0.702641,0.721757,0.721837,0,0.015662,8e-05,0.052153,exact_age,high,49,technician,married,secondary,no,2497,yes,no,unknown,29,may,99,1,-1,0,unknown,no,335456,Male,49,1,41.0,0,1-2 Year,Yes,37731.0,163.0,46,0,COMPLETED,Y,N,0,N,N,0.705,4.7,N,,Y,INSURANCE,0.583,0.422,1.0,1.4,App,0.783,NO,YES,Retention Action,Insurance Cross-Sell,Bank Term Deposit,20-09-2026,"Retention message prioritised - fee review, tailored support option and/or save offer; proactive contact task created for the service team; routine cross-sell deferred",10-09-2026
SYN-001832,profile_only_v1,20260814,True,1832,22967,0.385976,0.380981,0.38766,0.429944,0,0.004994,0.042284,0.10701,exact_age,high,34,management,single,secondary,no,66,yes,no,unknown,9,may,76,2,-1,0,unknown,no,22967,Female,34,1,20.0,1,< 1 Year,No,2630.0,152.0,160,0,COMPLETED,Y,N,0,N,N,0.416,3.3,N,,Y,TERM_DEPOSIT,0.386,0.437,1.0,1.4,Call,0.853,NO,NO,Service Intervention (Low NPS),Bank Term Deposit,Insurance Cross-Sell,20-09-2026,Service-recovery message -  apology / follow-up communication sent; contact-centre/service task created to address the customer’s recent experience,10-09-2026
SYN-028073,profile_only_v1,20260814,True,28073,17279,0.349426,0.352244,0.491075,0.491253,0,0.002818,0.000178,0.009393,exact_age,high,31,management,single,tertiary,no,308,yes,yes,cellular,28,jan,262,2,268,2,other,no,17279,Male,31,1,46.0,1,< 1 Year,No,29498.0,152.0,147,0,COMPLETED,Y,Y,0,N,N,0.282,8.2,N,,N,,0.675,0.513,1.0,1.4,SMS,0.498,NO,NO,Compliance Hold - No Sales Offer,Bank Term Deposit,Insurance Cross-Sell,20-09-2026,Case routed for internal AML/fraud review; a neutral service message displayed stating account activity is restricted,10-09-2026
SYN-011727,profile_only_v1,20260814,True,11727,222208,0.759907,0.747493,0.656157,0.656078,0,0.012414,7.9e-05,0.04134,exact_age,high,53,blue-collar,married,secondary,no,1777,yes,no,unknown,20,jun,253,1,-1,0,unknown,no,222208,Male,53,1,8.0,1,1-2 Year,No,40698.0,26.0,157,0,COMPLETED,Y,N,80,Y,N,0.29,5.3,N,,Y,TERM_DEPOSIT,0.388,0.629,1.0,1.4,SMS,0.646,NO,NO,Payment Reminder / Collections Resolution,Bank Term Deposit,Insurance Cross-Sell,20-09-2026,"Payment-due reminder sent through the mobile app, internet banking, SMS or email; customer directed to payment options or the collections support journey; sales offers paused",10-09-2026
SYN-015649,profile_only_v1,20260814,True,15649,275146,0.401526,0.371625,0.63366,0.633622,0,0.029901,3.9e-05,0.099571,exact_age,high,33,entrepreneur,married,secondary,no,1034,yes,no,cellular,21,jul,141,6,-1,0,unknown,no,275146,Male,33,1,21.0,1,< 1 Year,No,32841.0,152.0,99,0,COMPLETED,Y,N,0,N,N,0.45,5.4,N,,N,,0.604,0.51,1.0,1.4,Call,0.97,NO,NO,Bank Term Deposit,Insurance Cross-Sell,,20-09-2026,Term Deposit cross sell offer made to the customer via digital channels,10-09-2026
SYN-034782,profile_only_v1,20260814,True,34782,47903,0.271323,0.294061,0.824239,0.826,0,0.022738,0.001761,0.075847,exact_age,high,27,management,single,tertiary,no,2559,yes,no,cellular,6,may,227,1,-1,0,unknown,no,47903,Male,27,1,28.0,1,< 1 Year,No,102708.0,152.0,84,0,COMPLETED,Y,N,0,N,N,0.411,4.4,N,,N,,0.468,0.223,1.0,1.4,Call,0.902,NO,NO,Bank Term Deposit,Insurance Cross-Sell,,20-09-2026,Term Deposit cross sell offer made to the customer via digital channels,10-09-2026
SYN-005287,profile_only_v1,20260814,True,5287,225715,0.399976,0.380981,0.728969,0.788637,0,0.018994,0.059668,0.162026,exact_age,high,34,blue-collar,divorced,secondary,no,3798,yes,no,unknown,23,may,488,1,-1,0,unknown,no,225715,Male,34,1,4.0,0,< 1 Year,Yes,42027.0,124.0,83,0,COMPLETED,Y,N,0,N,N,0.408,7.1,N,,Y,INSURANCE,0.461,0.608,1.0,1.4,Branch,0.638,NO,YES,Insurance Cross-Sell,Insurance Cross-Sell,Bank Term Deposit,20-09-2026,Insurance cross sell offer made to the customer via digital channels,10-09-2026
SYN-027897,profile_only_v1,20260814,True,27897,213105,0.70399,0.689673,0.471061,0.470956,0,0.014317,0.000105,0.047676,exact_age,high,48,technician,married,secondary,no,340,yes,no,cellular,28,jan,255,2,-1,0,unknown,no,213105,Male,48,1,28.0,0,1-2 Year,Yes,37066.0,26.0,32,0,COMPLETED,Y,N,0,N,N,0.504,4.5,N,,Y,TERM_DEPOSIT,0.438,0.953,1.0,1.4,Call,0.491,NO,YES,Bank Term Deposit,Insurance Cross-Sell,Bank Term Deposit,20-09-2026,Term Deposit cross sell offer made to the customer via digital channels,10-09-2026
SYN-019761,profile_only_v1,20260814,True,19761,100105,0.817969,0.789198,0.421658,0.421902,0,0.02877,0.000244,0.095807,exact_age,high,58,unknown,married,secondary,no,208,no,no,cellular,8,aug,121,2,-1,0,unknown,no,100105,Male,58,1,39.0,1,1-2 Year,No,27970.0,124.0,274,0,COMPLETED,Y,N,0,N,N,0.0,10.0,Y,TERM_DEPOSIT,Y,TERM_DEPOSIT,0.472,0.788,1.0,1.4,Call,0.844,NO,NO,Bank Term Deposit,Bank Term Deposit,Insurance Cross-Sell,20-09-2026,Term Deposit cross sell offer made to the customer via digital channels,10-09-2026
SYN-007830,profile_only_v1,20260814,True,7830,148912,0.638639,0.630828,0.2719,0.272114,0,0.007812,0.000214,0.026018,exact_age,high,44,technician,married,secondary,no,0,yes,no,unknown,30,may,243,3,-1,0,unknown,no,148912,Male,44,1,8.0,1,1-2 Year,No,26354.0,4.0,263,0,COMPLETED,Y,N,0,N,N,0.135,10.0,N,,N,,0.092,0.543,1.0,1.4,Branch,0.908,NO,NO,Bank Term Deposit,Insurance Cross-Sell,,20-09-2026,Term Deposit cross sell offer made to the customer via digital channels,10-09-2026
SYN-019287,profile_only_v1,20260814,True,19287,197130,0.679152,0.774299,0.499929,0.500574,0,0.095147,0.000645,0.316842,exact_age,high,56,housemaid,single,primary,no,801,no,no,cellular,6,aug,931,4,-1,0,unknown,no,197130,Female,56,1,28.0,0,1-2 Year,Yes,38086.0,122.0,151,0,COMPLETED,Y,N,0,N,N,0.286,8.5,Y,INSURANCE,N,,0.225,0.769,1.0,1.4,SMS,0.866,NO,YES,Insurance Cross-Sell,Insurance Cross-Sell,Bank Term Deposit,20-09-2026,Insurance cross sell offer made to the customer via digital channels,10-09-2026
SYN-006607,profile_only_v1,20260814,True,6607,123941,0.435976,0.506981,0.858387,0.858374,0,0.071006,1.4e-05,0.236449,exact_age,high,34,management,single,tertiary,no,2570,no,no,unknown,28,may,190,3,-1,0,unknown,no,123941,Female,34,1,15.0,0,1-2 Year,Yes,46048.0,152.0,264,1,COMPLETED,Y,N,0,N,N,0.057,9.7,N,,N,,0.339,0.736,1.0,1.4,App,0.797,NO,YES,Insurance Cross-Sell,Bank Term Deposit,,20-09-2026,Insurance cross sell offer made to the customer via digital channels,10-09-2026
SYN-021418,profile_only_v1,20260814,True,21418,363267,0.696953,0.737177,0.682107,0.68222,0,0.040223,0.000113,0.133944,exact_age,high,52,blue-collar,married,primary,no,2977,no,no,cellular,18,aug,286,5,-1,0,unknown,no,363267,Male,52,1,9.0,0,1-2 Year,Yes,35312.0,122.0,190,0,COMPLETED,Y,N,0,N,N,0.322,8.0,N,,N,,0.514,0.718,1.0,1.4,SMS,0.798,NO,YES,Insurance Cross-Sell,Bank Term Deposit,,20-09-2026,Insurance cross sell offer made to the customer via digital channels,10-09-2026
SYN-027628,profile_only_v1,20260814,True,27628,333299,0.369962,0.362171,0.592644,0.592651,0,0.007791,7e-06,0.025944,exact_age,high,32,self-employed,single,tertiary,no,368,no,no,cellular,21,nov,149,2,-1,0,unknown,no,333299,Female,32,1,3.0,0,< 1 Year,Yes,29956.0,124.0,32,0,COMPLETED,Y,N,0,N,N,0.719,2.4,N,,N,,0.654,0.699,1.0,1.4,App,0.757,NO,YES,Retention Action,Insurance Cross-Sell,Bank Term Deposit,20-09-2026,"Retention message prioritised - fee review, tailored support option and/or save offer; proactive contact task created for the service team; routine cross-sell deferred",10-09-2026
SYN-031467,profile_only_v1,20260814,True,31467,282626,0.838423,0.796222,0.546091,0.546179,0,0.042201,8.8e-05,0.140529,exact_age,high,59,retired,married,secondary,no,1035,yes,yes,cellular,1,apr,126,2,239,1,failure,no,282626,Male,59,1,28.0,1,1-2 Year,No,38792.0,52.0,149,0,COMPLETED,Y,N,0,N,N,0.284,5.1,N,,Y,TERM_DEPOSIT,0.534,0.629,1.0,1.4,Call,0.83,NO,NO,Bank Term Deposit,Bank Term Deposit,Insurance Cross-Sell,20-09-2026,Term Deposit cross sell offer made to the customer via digital channels,10-09-2026
SYN-009612,profile_only_v1,20260814,True,9612,216213,0.720198,0.714805,0.454975,0.454972,0,0.005392,3e-06,0.017956,exact_age,high,50,blue-collar,married,secondary,no,289,no,no,unknown,6,jun,73,1,-1,0,unknown,no,216213,Male,50,1,33.0,0,1-2 Year,Yes,28887.0,26.0,201,0,COMPLETED,Y,N,0,N,N,0.179,7.1,Y,INSURANCE,N,,0.597,0.992,1.0,1.4,Branch,0.849,NO,YES,Insurance Cross-Sell,Insurance Cross-Sell,Bank Term Deposit,20-09-2026,Insurance cross sell offer made to the customer via digital channels,10-09-2026
SYN-016084,profile_only_v1,20260814,True,16084,328664,0.651547,0.646451,0.512197,0.506504,0,0.005095,0.005694,0.022147,exact_age,high,45,admin.,married,secondary,no,644,no,yes,telephone,22,jul,92,1,-1,0,unknown,no,328664,Male,45,1,28.0,0,1-2 Year,Yes,38287.0,26.0,286,1,COMPLETED,Y,N,0,N,N,0.197,9.6,N,,N,,0.521,0.535,1.0,1.4,Call,0.712,NO,YES,Insurance Cross-Sell,Bank Term Deposit,,20-09-2026,Insurance cross sell offer made to the customer via digital channels,10-09-2026
SYN-010931,profile_only_v1,20260814,True,10931,61620,0.481966,0.546112,0.392591,0.392633,0,0.064146,4.1e-05,0.213605,exact_age,high,38,unemployed,divorced,secondary,no,258,no,no,unknown,17,jun,88,2,-1,0,unknown,no,61620,Female,38,1,47.0,0,1-2 Year,Yes,28384.0,124.0,187,0,COMPLETED,Y,N,0,N,N,0.17,8.7,N,,N,,0.589,0.871,1.0,1.4,Call,0.886,NO,YES,Insurance Cross-Sell,Bank Term Deposit,,20-09-2026,Insurance cross sell offer made to the customer via digital channels,10-09-2026
SYN-001907,profile_only_v1,20260814,True,1907,115896,0.527566,0.546112,0.628391,0.628314,0,0.018546,7.7e-05,0.061757,exact_age,high,38,entrepreneur,single,tertiary,no,638,yes,no,unknown,9,may,150,1,-1,0,unknown,no,115896,Male,38,1,8.0,0,1-2 Year,Yes,39711.0,154.0,246,0,COMPLETED,Y,N,76,Y,N,0.16,8.4,N,,N,,0.425,0.879,1.0,1.4,App,0.85,NO,YES,Payment Reminder / Collections Resolution,Insurance Cross-Sell,Bank Term Deposit,20-09-2026,"Payment-due reminder sent through the mobile app, internet banking, SMS or email; customer directed to payment options or the collections support journey; sales offers paused",10-09-2026
SYN-015044,profile_only_v1,20260814,True,15044,364002,0.600853,0.599431,0.636354,0.636411,0,0.001423,5.7e-05,0.004739,exact_age,high,42,admin.,married,secondary,no,1279,yes,no,cellular,17,jul,50,1,-1,0,unknown,no,364002,Male,42,1,29.0,0,1-2 Year,Yes,32994.0,26.0,158,0,COMPLETED,Y,N,0,N,N,0.221,7.7,N,,N,,0.444,0.719,1.0,1.4,App,0.953,NO,YES,Insurance Cross-Sell,Bank Term Deposit,,20-09-2026,Insurance cross sell offer made to the customer via digital channels,10-09-2026
SYN-005990,profile_only_v1,20260814,True,5990,38477,0.357926,0.371625,0.3119,0.312118,0,0.013699,0.000217,0.045621,exact_age,high,33,management,single,secondary,no,0,yes,no,unknown,26,may,816,2,-1,0,unknown,no,38477,Female,33,1,28.0,0,< 1 Year,Yes,35029.0,26.0,187,1,COMPLETED,Y,N,41,Y,N,0.388,7.1,N,,N,,0.614,1.0,1.0,1.4,App,0.899,NO,YES,Payment Reminder / Collections Resolution,Insurance Cross-Sell,Bank Term Deposit,20-09-2026,"Payment-due reminder sent through the mobile app, internet banking, SMS or email; customer directed to payment options or the collections support journey; sales offers paused",10-09-2026
SYN-005456,profile_only_v1,20260814,True,5456,288494,0.531194,0.557608,0.32928,0.329301,0,0.026414,2.1e-05,0.087958,exact_age,high,39,services,married,secondary,no,104,yes,no,unknown,23,may,138,6,-1,0,unknown,no,288494,Male,39,1,4.0,1,1-2 Year,No,22389.0,124.0,61,0,COMPLETED,N,N,72,Y,N,0.522,5.6,Y,INSURANCE,N,,0.365,0.356,1.0,1.4,Email,0.816,NO,NO,No Marketing Action (Consent Withheld),Bank Term Deposit,Insurance Cross-Sell,20-09-2026,Marketing messages and sales offers suppressed across channels in absence of valid consent; only essential service communications retained,10-09-2026
SYN-039106,profile_only_v1,20260814,True,39106,224721,0.144448,0.341125,0.348952,0.349025,0,0.196678,7.3e-05,0.654938,exact_age,high,30,blue-collar,single,unknown,no,694,yes,yes,cellular,18,may,599,1,306,4,success,no,224721,Male,30,1,47.0,0,< 1 Year,Yes,29736.0,152.0,210,0,INCOMPLETE,Y,N,16,N,N,0.123,7.2,N,,Y,INSURANCE,0.599,0.768,1.0,1.4,Call,0.988,YES,NO,Complete KYC,Bank Term Deposit,Insurance Cross-Sell,20-09-2026,KYC completion notification displayed in the mobile app and internet banking; reminder sent through SMS/email; cross-sell offers withheld until KYC is completed,10-09-2026
SYN-039412,profile_only_v1,20260814,True,39412,142510,0.544062,0.525716,0.568106,0.568108,0,0.018346,2e-06,0.061093,exact_age,high,36,management,married,tertiary,no,332,yes,no,cellular,22,may,566,7,-1,0,unknown,no,142510,Male,36,1,28.0,0,1-2 Year,Yes,39540.0,124.0,139,0,COMPLETED,Y,N,0,N,N,0.311,8.0,N,,N,,0.535,0.535,1.0,1.4,SMS,0.932,NO,YES,Insurance Cross-Sell,Bank Term Deposit,,20-09-2026,Insurance cross sell offer made to the customer via digital channels,10-09-2026
SYN-037259,profile_only_v1,20260814,True,37259,254965,0.201323,0.294061,0.525713,0.525709,0,0.092738,4e-06,0.308819,exact_age,high,27,admin.,single,secondary,no,557,yes,no,cellular,13,may,466,2,-1,0,unknown,no,254965,Female,27,1,28.0,1,< 1 Year,No,41803.0,152.0,233,0,COMPLETED,Y,N,0,N,N,0.16,7.9,N,,N,,0.451,0.466,1.0,1.4,Call,0.483,NO,NO,Bank Term Deposit,Insurance Cross-Sell,,20-09-2026,Term Deposit cross sell offer made to the customer via digital channels,10-09-2026
SYN-003834,profile_only_v1,20260814,True,3834,3750,0.306448,0.341125,0.489646,0.489703,0,0.034678,5.6e-05,0.115478,exact_age,high,30,technician,single,tertiary,no,236,yes,no,unknown,16,may,197,1,-1,0,unknown,no,3750,Female,30,1,3.0,1,< 1 Year,No,27336.0,152.0,22,0,COMPLETED,Y,N,0,N,N,0.705,2.7,N,,Y,TERM_DEPOSIT,0.453,0.545,1.0,1.4,App,0.558,NO,NO,Retention Action,Bank Term Deposit,Insurance Cross-Sell,20-09-2026,"Retention message prioritised - fee review, tailored support option and/or save offer; proactive contact task created for the service team; routine cross-sell deferred",10-09-2026
SYN-011626,profile_only_v1,20260814,True,11626,120726,0.608853,0.599431,0.565608,0.565688,0,0.009423,8e-05,0.031378,exact_age,high,42,management,divorced,secondary,yes,923,yes,no,unknown,19,jun,129,2,-1,0,unknown,no,120726,Male,42,1,29.0,1,1-2 Year,No,31025.0,124.0,284,0,COMPLETED,Y,N,19,N,N,0.044,10.0,N,,N,,0.75,0.488,1.0,1.4,App,0.607,NO,NO,Bank Term Deposit,Insurance Cross-Sell,,20-09-2026,Term Deposit cross sell offer made to the customer via digital channels,10-09-2026
SYN-000224,profile_only_v1,20260814,True,224,277615,0.793366,0.766215,0.232054,0.232031,0,0.027151,2.3e-05,0.090412,exact_age,high,55,retired,married,secondary,no,0,no,yes,unknown,5,may,136,1,-1,0,unknown,no,277615,Female,55,1,28.0,1,1-2 Year,No,16269.0,152.0,40,0,COMPLETED,Y,N,0,N,N,0.493,6.2,N,,N,,0.442,0.376,1.0,1.4,Branch,0.562,NO,NO,Bank Term Deposit,Insurance Cross-Sell,,20-09-2026,Term Deposit cross sell offer made to the customer via digital channels,10-09-2026
SYN-025293,profile_only_v1,20260814,True,25293,268717,0.779107,0.747493,0.641178,0.64121,0,0.031614,3.3e-05,0.105276,exact_age,high,53,self-employed,married,secondary,no,1066,yes,no,cellular,18,nov,110,1,186,3,failure,no,268717,Male,53,1,32.0,0,1-2 Year,Yes,30187.0,124.0,65,1,COMPLETED,Y,N,0,N,Y,0.54,5.5,N,,N,,0.543,0.706,1.0,1.4,SMS,0.938,NO,NO,Service Resolution,Insurance Cross-Sell,Bank Term Deposit,20-09-2026,"Complaint status and resolution options surfaced in the mobile app, internet banking or contact-centre desktop; service follow-up initiated; promotional offers suppressed until resolution",10-09-2026
SYN-044620,profile_only_v1,20260814,True,44620,123035,0.285319,0.312702,0.773335,0.77333,0,0.027383,5e-06,0.091186,exact_age,high,28,management,single,tertiary,no,1584,yes,no,cellular,1,sep,222,2,-1,0,unknown,yes,123035,Male,28,1,29.0,1,< 1 Year,No,47892.0,152.0,21,0,COMPLETED,Y,N,0,N,N,0.677,4.2,N,,N,,0.645,0.496,1.0,1.4,Call,0.468,NO,NO,Retention Action,Bank Term Deposit,Insurance Cross-Sell,20-09-2026,"Retention message prioritised - fee review, tailored support option and/or save offer; proactive contact task created for the service team; routine cross-sell deferred",10-09-2026
SYN-005093,profile_only_v1,20260814,True,5093,7885,0.193323,0.294061,0.154313,0.154277,0,0.100738,3.6e-05,0.335459,exact_age,high,27,blue-collar,single,secondary,no,-208,yes,no,unknown,21,may,127,2,-1,0,unknown,no,7885,Female,27,1,28.0,1,< 1 Year,No,24645.0,152.0,16,0,COMPLETED,Y,N,34,Y,N,0.573,4.4,N,,N,,0.8,0.709,1.0,1.4,Call,0.674,NO,NO,Payment Reminder / Collections Resolution,Bank Term Deposit,Insurance Cross-Sell,20-09-2026,"Payment-due reminder sent through the mobile app, internet banking, SMS or email; customer directed to payment options or the collections support journey; sales offers paused",10-09-2026
SYN-028208,profile_only_v1,20260814,True,28208,111687,0.269319,0.312702,0.542382,0.542346,0,0.043383,3.6e-05,0.144466,exact_age,high,28,admin.,married,secondary,no,629,yes,no,cellular,29,jan,107,1,245,2,other,no,111687,Female,28,1,28.0,1,< 1 Year,No,42416.0,152.0,186,0,COMPLETED,Y,N,0,N,N,0.173,8.6,N,,N,,0.767,0.315,1.0,1.4,Call,0.881,NO,NO,Bank Term Deposit,Insurance Cross-Sell,,20-09-2026,Term Deposit cross sell offer made to the customer via digital channels,10-09-2026
SYN-018679,profile_only_v1,20260814,True,18679,188548,0.652645,0.66856,0.300085,0.297646,0,0.015915,0.002439,0.053346,exact_age,high,41,management,married,tertiary,no,-499,no,no,cellular,31,jul,21,17,-1,0,unknown,no,188548,Male,41,1,28.0,0,> 2 Years,Yes,24778.0,26.0,239,1,COMPLETED,Y,N,0,N,N,0.13,8.6,N,,Y,TERM_DEPOSIT,0.587,0.919,1.0,1.4,Call,0.567,NO,YES,Bank Term Deposit,Insurance Cross-Sell,Bank Term Deposit,20-09-2026,Term Deposit cross sell offer made to the customer via digital channels,10-09-2026
SYN-011813,profile_only_v1,20260814,True,11813,375031,0.695152,0.648299,0.155746,0.127472,0,0.046853,0.028274,0.171287,exact_age,high,56,unknown,married,unknown,no,0,no,no,unknown,20,jun,471,2,-1,0,unknown,no,375031,Female,56,1,45.0,0,< 1 Year,Yes,2630.0,124.0,39,0,COMPLETED,Y,N,34,Y,N,0.583,2.8,N,,N,,0.427,0.856,1.0,1.4,Email,0.692,NO,YES,Payment Reminder / Collections Resolution,Insurance Cross-Sell,Bank Term Deposit,20-09-2026,"Payment-due reminder sent through the mobile app, internet banking, SMS or email; customer directed to payment options or the collections support journey; sales offers paused",10-09-2026
SYN-040068,profile_only_v1,20260814,True,40068,29031,0.157002,0.271112,0.326675,0.326659,0,0.11411,1.5e-05,0.379987,exact_age,high,26,student,single,secondary,no,132,no,no,cellular,4,jun,217,1,-1,0,unknown,yes,29031,Male,26,1,21.0,1,< 1 Year,No,25264.0,152.0,252,0,COMPLETED,Y,N,4,N,N,0.19,7.9,N,,N,,0.405,0.244,1.0,1.4,App,0.519,YES,NO,Bank Term Deposit,Insurance Cross-Sell,,20-09-2026,Term Deposit cross sell offer made to the customer via digital channels,10-09-2026
SYN-044652,profile_only_v1,20260814,True,44652,18823,0.53799,0.689673,0.57339,0.573098,0,0.151683,0.000293,0.505105,exact_age,high,48,unknown,single,unknown,no,1819,no,no,cellular,2,sep,1440,1,458,1,failure,yes,18823,Female,48,1,28.0,1,1-2 Year,No,39714.0,152.0,133,0,COMPLETED,N,N,0,N,N,0.528,8.7,N,,N,,0.678,0.509,1.0,1.4,App,0.788,YES,NO,No Marketing Action (Consent Withheld),Bank Term Deposit,Insurance Cross-Sell,20-09-2026,Marketing messages and sales offers suppressed across channels in absence of valid consent; only essential service communications retained,10-09-2026
SYN-024914,profile_only_v1,20260814,True,24914,168187,0.618127,0.614964,0.646159,0.646116,0,0.003163,4.3e-05,0.010535,exact_age,high,43,admin.,married,secondary,no,1375,yes,no,cellular,18,nov,95,1,-1,0,unknown,no,168187,Female,43,1,28.0,0,1-2 Year,Yes,42331.0,26.0,193,0,COMPLETED,Y,N,79,Y,N,0.409,7.1,N,,N,,0.441,0.865,1.0,1.4,SMS,0.925,NO,YES,Payment Reminder / Collections Resolution,Insurance Cross-Sell,Bank Term Deposit,20-09-2026,"Payment-due reminder sent through the mobile app, internet banking, SMS or email; customer directed to payment options or the collections support journey; sales offers paused",10-09-2026
SYN-010947,profile_only_v1,20260814,True,10947,308323,0.758198,0.798805,0.822415,0.825807,0,0.040608,0.003392,0.135489,exact_age,high,50,housemaid,married,tertiary,no,6181,no,no,unknown,17,jun,1162,2,-1,0,unknown,no,308323,Female,50,1,28.0,0,> 2 Years,Yes,52191.0,124.0,224,1,COMPLETED,Y,N,0,N,N,0.073,6.4,N,,N,,0.587,1.0,1.0,1.4,SMS,0.972,NO,YES,Insurance Cross-Sell,Bank Term Deposit,,20-09-2026,Insurance cross sell offer made to the customer via digital channels,10-09-2026
SYN-030866,profile_only_v1,20260814,True,30866,137523,0.219319,0.312702,0.494691,0.494659,0,0.093383,3.2e-05,0.310966,exact_age,high,28,technician,single,secondary,no,313,no,no,cellular,9,feb,1183,2,-1,0,unknown,yes,137523,Female,28,1,35.0,1,< 1 Year,No,30755.0,152.0,271,0,COMPLETED,Y,N,0,N,N,0.058,8.4,N,,N,,0.506,0.462,1.0,1.4,SMS,0.89,YES,NO,Bank Term Deposit,Insurance Cross-Sell,,20-09-2026,Term Deposit cross sell offer made to the customer via digital channels,10-09-2026
SYN-044888,profile_only_v1,20260814,True,44888,129593,0.784302,0.786641,0.667464,0.681883,0,0.002338,0.014418,0.036878,exact_age,high,49,management,married,tertiary,no,1167,yes,yes,cellular,24,sep,249,1,91,14,success,yes,129593,Male,49,1,49.0,0,> 2 Years,Yes,32667.0,124.0,230,0,COMPLETED,Y,N,0,N,N,0.212,7.9,N,,Y,TERM_DEPOSIT,0.951,1.0,1.0,1.4,App,0.416,YES,NO,Bank Term Deposit,Bank Term Deposit,Insurance Cross-Sell,20-09-2026,Term Deposit cross sell offer made to the customer via digital channels,10-09-2026
SYN-038727,profile_only_v1,20260814,True,38727,132632,0.517465,0.516268,0.226924,0.227618,0,0.001197,0.000694,0.004346,exact_age,high,35,management,married,tertiary,yes,-10,yes,no,cellular,15,may,168,2,364,1,other,no,132632,Female,35,1,12.0,0,1-2 Year,Yes,2630.0,163.0,290,0,COMPLETED,Y,N,0,N,Y,0.0,10.0,N,,N,,0.742,0.743,1.0,1.4,App,0.595,NO,YES,Service Resolution,Insurance Cross-Sell,Bank Term Deposit,20-09-2026,"Complaint status and resolution options surfaced in the mobile app, internet banking or contact-centre desktop; service follow-up initiated; promotional offers suppressed until resolution",10-09-2026
SYN-017502,profile_only_v1,20260814,True,17502,311343,0.543194,0.557608,0.400865,0.400837,0,0.014414,2.8e-05,0.047998,exact_age,high,39,technician,single,tertiary,no,54,yes,no,cellular,29,jul,99,12,-1,0,unknown,no,311343,Male,39,1,28.0,0,1-2 Year,Yes,34477.0,157.0,52,1,COMPLETED,Y,N,0,N,N,0.642,1.6,N,,Y,INSURANCE,0.601,0.835,1.0,1.4,Call,0.624,NO,YES,Retention Action,Insurance Cross-Sell,Bank Term Deposit,20-09-2026,"Retention message prioritised - fee review, tailored support option and/or save offer; proactive contact task created for the service team; routine cross-sell deferred",10-09-2026
SYN-004921,profile_only_v1,20260814,True,4921,170881,0.353976,0.380981,0.593792,0.743371,0,0.027006,0.149579,0.384608,exact_age,high,34,services,single,secondary,no,1157,yes,no,unknown,21,may,103,2,-1,0,unknown,no,170881,Male,34,1,30.0,1,< 1 Year,No,38587.0,160.0,81,0,COMPLETED,Y,N,0,N,N,0.475,5.6,N,,N,,0.356,0.65,1.0,1.4,Email,0.52,NO,NO,Bank Term Deposit,Insurance Cross-Sell,,20-09-2026,Term Deposit cross sell offer made to the customer via digital channels,10-09-2026
SYN-011038,profile_only_v1,20260814,True,11038,186949,0.485194,0.557608,0.61487,0.614919,0,0.072414,4.9e-05,0.241138,exact_age,high,39,blue-collar,married,primary,no,1551,no,no,unknown,17,jun,264,16,-1,0,unknown,no,186949,Male,39,1,28.0,1,1-2 Year,No,41178.0,26.0,241,0,COMPLETED,Y,N,11,N,N,0.009,10.0,N,,N,,0.499,0.488,1.0,1.4,App,0.429,NO,NO,Bank Term Deposit,Insurance Cross-Sell,,20-09-2026,Term Deposit cross sell offer made to the customer via digital channels,10-09-2026
SYN-042610,profile_only_v1,20260814,True,42610,280223,0.744198,0.714805,0.582723,0.582776,0,0.029392,5.3e-05,0.097876,exact_age,high,50,management,single,tertiary,no,486,no,yes,unknown,11,jan,28,1,-1,0,unknown,no,280223,Male,50,1,28.0,0,1-2 Year,Yes,40055.0,155.0,190,0,COMPLETED,Y,N,0,N,N,0.288,5.5,N,,Y,TERM_DEPOSIT,0.64,0.994,1.0,1.4,Call,0.513,NO,YES,Bank Term Deposit,Insurance Cross-Sell,Bank Term Deposit,20-09-2026,Term Deposit cross sell offer made to the customer via digital channels,10-09-2026
SYN-010242,profile_only_v1,20260814,True,10242,337711,0.559624,0.570481,0.727196,0.727195,0,0.010857,1e-06,0.036155,exact_age,high,40,admin.,single,tertiary,no,1248,no,no,unknown,11,jun,1290,2,-1,0,unknown,yes,337711,Female,40,1,28.0,1,1-2 Year,No,45779.0,122.0,198,0,INCOMPLETE,Y,N,0,N,N,0.182,8.1,N,,N,,0.615,0.411,1.0,1.4,Branch,0.406,NO,NO,Complete KYC,Bank Term Deposit,Insurance Cross-Sell,20-09-2026,KYC completion notification displayed in the mobile app and internet banking; reminder sent through SMS/email; cross-sell offers withheld until KYC is completed,10-09-2026
SYN-033108,profile_only_v1,20260814,True,33108,75441,0.221426,0.352244,0.631449,0.631448,0,0.130818,1e-06,0.435622,exact_age,high,31,blue-collar,single,primary,no,2488,yes,no,cellular,20,apr,14,1,-1,0,unknown,no,75441,Male,31,1,37.0,0,< 1 Year,Yes,36761.0,152.0,147,0,COMPLETED,Y,N,0,N,N,0.346,7.1,N,,N,,0.52,0.872,1.0,1.4,App,0.932,NO,NO,Insurance Cross-Sell,Bank Term Deposit,,20-09-2026,Insurance cross sell offer made to the customer via digital channels,10-09-2026
SYN-021094,profile_only_v1,20260814,True,21094,97996,0.788423,0.796222,0.303144,0.30306,0,0.007799,8.3e-05,0.025972,exact_age,high,59,retired,married,primary,no,46,no,no,cellular,14,aug,78,2,-1,0,unknown,no,97996,Female,59,1,28.0,0,1-2 Year,Yes,29861.0,26.0,254,0,COMPLETED,N,N,0,N,N,0.057,9.0,N,,N,,0.278,0.67,1.0,1.4,App,0.606,NO,YES,No Marketing Action (Consent Withheld),Insurance Cross-Sell,Bank Term Deposit,20-09-2026,Marketing messages and sales offers suppressed across channels in absence of valid consent; only essential service communications retained,10-09-2026
SYN-008032,profile_only_v1,20260814,True,8032,125637,0.489194,0.557608,0.724668,0.724608,0,0.068414,6e-05,0.227818,exact_age,high,39,admin.,single,secondary,no,2854,yes,no,unknown,2,jun,64,1,-1,0,unknown,no,125637,Male,39,1,8.0,0,1-2 Year,Yes,43509.0,124.0,281,1,COMPLETED,Y,N,12,N,N,0.152,7.8,N,,Y,INSURANCE,0.322,0.61,1.0,1.4,SMS,0.506,NO,NO,Insurance Cross-Sell,Insurance Cross-Sell,Bank Term Deposit,20-09-2026,Insurance cross sell offer made to the customer via digital channels,10-09-2026
SYN-040595,profile_only_v1,20260814,True,40595,159296,0.285319,0.312702,0.916409,0.826,0,0.027383,0.090409,0.243723,exact_age,high,28,management,single,tertiary,no,5474,no,no,cellular,28,jul,486,5,-1,0,unknown,yes,159296,Male,28,1,28.0,1,< 1 Year,No,85888.0,152.0,65,0,COMPLETED,Y,N,12,N,N,0.545,5.0,N,,Y,INSURANCE,0.432,0.482,1.0,1.4,Call,0.465,YES,NO,Insurance Cross-Sell,Bank Term Deposit,Insurance Cross-Sell,20-09-2026,Insurance cross sell offer made to the customer via digital channels,10-09-2026
SYN-016267,profile_only_v1,20260814,True,16267,317084,0.652645,0.66856,0.226947,0.233577,0,0.015915,0.00663,0.055528,exact_age,high,41,management,married,tertiary,no,-98,yes,yes,cellular,23,jul,244,1,-1,0,unknown,no,317084,Female,41,1,11.0,0,> 2 Years,Yes,2630.0,120.0,259,0,COMPLETED,Y,N,0,N,N,0.224,8.2,N,,N,,0.496,1.0,1.0,1.4,SMS,0.799,NO,YES,Insurance Cross-Sell,Bank Term Deposit,,20-09-2026,Insurance cross sell offer made to the customer via digital channels,10-09-2026
SYN-005599,profile_only_v1,20260814,True,5599,131349,0.505465,0.516268,0.504078,0.503894,0,0.010803,0.000183,0.035978,exact_age,high,35,management,divorced,tertiary,no,178,yes,no,unknown,23,may,703,2,-1,0,unknown,no,131349,Male,35,1,41.0,1,1-2 Year,No,31663.0,152.0,75,0,COMPLETED,Y,N,0,N,N,0.501,5.6,Y,INSURANCE,Y,TERM_DEPOSIT,0.444,0.391,1.0,1.4,Call,0.785,NO,NO,Insurance Cross-Sell,Bank Term Deposit,Insurance Cross-Sell,20-09-2026,Insurance cross sell offer made to the customer via digital channels,10-09-2026
SYN-000146,profile_only_v1,20260814,True,146,379694,0.379926,0.371625,0.27998,0.279951,0,0.008301,2.9e-05,0.027643,exact_age,high,33,services,married,secondary,no,22,yes,no,unknown,5,may,71,1,-1,0,unknown,no,379694,Male,33,1,33.0,0,< 1 Year,Yes,26473.0,124.0,160,0,COMPLETED,Y,N,7,N,N,0.297,5.9,N,,N,,0.477,0.698,1.0,1.4,Email,0.577,NO,YES,Insurance Cross-Sell,Bank Term Deposit,,20-09-2026,Insurance cross sell offer made to the customer via digital channels,10-09-2026
SYN-025871,profile_only_v1,20260814,True,25871,281696,0.471966,0.546112,0.531617,0.53425,0,0.074146,0.002633,0.246993,exact_age,high,38,technician,single,secondary,no,884,yes,yes,cellular,19,nov,295,1,111,2,failure,no,281696,Male,38,1,28.0,0,1-2 Year,Yes,38397.0,124.0,157,1,COMPLETED,Y,N,0,N,N,0.278,6.7,N,,Y,INSURANCE,0.27,0.881,1.0,1.4,App,0.827,NO,YES,Insurance Cross-Sell,Insurance Cross-Sell,Bank Term Deposit,20-09-2026,Insurance cross sell offer made to the customer via digital channels,10-09-2026
SYN-026560,profile_only_v1,20260814,True,26560,169173,0.383926,0.371625,0.343998,0.342809,0,0.012301,0.001189,0.04107,exact_age,high,33,blue-collar,married,secondary,no,53,no,no,cellular,20,nov,113,1,-1,0,unknown,no,169173,Male,33,1,29.0,1,< 1 Year,No,29786.0,152.0,296,0,COMPLETED,Y,N,0,N,N,0.0,10.0,N,,N,,0.456,0.357,1.0,1.4,SMS,0.949,NO,NO,Bank Term Deposit,Insurance Cross-Sell,,20-09-2026,Term Deposit cross sell offer made to the customer via digital channels,10-09-2026
SYN-030442,profile_only_v1,20260814,True,30442,69801,0.783766,0.766215,0.655602,0.655474,0,0.017551,0.000127,0.058445,exact_age,high,55,blue-collar,married,secondary,no,1765,yes,no,cellular,5,feb,445,1,267,1,failure,no,69801,Male,55,1,28.0,0,1-2 Year,Yes,42680.0,26.0,115,0,COMPLETED,Y,N,17,N,N,0.455,1.9,N,,Y,TERM_DEPOSIT,0.541,0.817,1.0,1.4,SMS,0.746,NO,YES,Service Intervention (Low NPS),Insurance Cross-Sell,Bank Term Deposit,20-09-2026,Service-recovery message -  apology / follow-up communication sent; contact-centre/service task created to address the customer’s recent experience,10-09-2026
SYN-001626,profile_only_v1,20260814,True,1626,4416,0.677002,0.67601,0.164639,0.164188,0,0.000992,0.000451,0.00349,exact_age,high,47,blue-collar,married,secondary,no,-98,yes,no,unknown,9,may,112,1,-1,0,unknown,no,4416,Male,47,1,36.0,0,1-2 Year,Yes,2630.0,124.0,201,0,COMPLETED,N,N,0,N,N,0.133,9.4,Y,INSURANCE,N,,0.583,0.658,1.0,1.4,SMS,0.949,NO,YES,No Marketing Action (Consent Withheld),Insurance Cross-Sell,Bank Term Deposit,20-09-2026,Marketing messages and sales offers suppressed across channels in absence of valid consent; only essential service communications retained,10-09-2026
SYN-045003,profile_only_v1,20260814,True,45003,240879,0.490062,0.525716,0.8615,0.861474,0,0.035654,2.6e-05,0.118727,exact_age,high,36,management,single,tertiary,no,2646,no,no,cellular,13,oct,169,1,182,10,success,yes,240879,Male,36,1,7.0,0,1-2 Year,Yes,43485.0,124.0,105,0,COMPLETED,Y,N,0,N,N,0.242,5.9,N,,N,,0.894,0.855,1.0,1.4,Call,0.966,YES,YES,Bank Term Deposit,Insurance Cross-Sell,,20-09-2026,Term Deposit cross sell offer made to the customer via digital channels,10-09-2026
SYN-015140,profile_only_v1,20260814,True,15140,262478,0.407976,0.506981,0.269736,0.269808,0,0.099006,7.2e-05,0.329689,exact_age,high,34,services,married,secondary,no,9,yes,no,cellular,17,jul,655,1,-1,0,unknown,no,262478,Female,34,1,28.0,0,1-2 Year,Yes,27453.0,124.0,54,1,COMPLETED,Y,N,0,N,Y,0.558,5.1,N,,N,,0.938,1.0,1.0,1.4,SMS,0.8,NO,YES,Service Resolution,Insurance Cross-Sell,Bank Term Deposit,20-09-2026,"Complaint status and resolution options surfaced in the mobile app, internet banking or contact-centre desktop; service follow-up initiated; promotional offers suppressed until resolution",10-09-2026
SYN-005430,profile_only_v1,20260814,True,5430,286012,0.695766,0.640215,0.653724,0.639181,0,0.055551,0.014543,0.188523,exact_age,high,55,technician,married,unknown,no,4746,yes,no,unknown,23,may,288,3,-1,0,unknown,no,286012,Female,55,1,28.0,0,< 1 Year,Yes,46543.0,26.0,86,1,COMPLETED,Y,N,0,N,N,0.615,4.5,N,,Y,TERM_DEPOSIT,0.415,0.725,1.0,1.4,App,0.787,NO,YES,Retention Action,Insurance Cross-Sell,Bank Term Deposit,20-09-2026,"Retention message prioritised - fee review, tailored support option and/or save offer; proactive contact task created for the service team; routine cross-sell deferred",10-09-2026
SYN-041383,profile_only_v1,20260814,True,41383,24403,0.75799,0.773673,0.913055,0.915901,0,0.015683,0.002846,0.052707,exact_age,high,48,management,divorced,tertiary,no,17964,yes,no,cellular,1,sep,120,1,98,5,success,yes,24403,Male,48,1,41.0,0,> 2 Years,Yes,52739.0,26.0,89,1,COMPLETED,Y,N,0,N,N,0.498,5.3,N,,N,,1.0,0.858,1.0,1.4,Call,0.556,YES,YES,Bank Term Deposit,Insurance Cross-Sell,,20-09-2026,Term Deposit cross sell offer made to the customer via digital channels,10-09-2026
SYN-000973,profile_only_v1,20260814,True,973,7837,0.627002,0.67601,0.443807,0.443832,0,0.049008,2.5e-05,0.163198,exact_age,high,47,blue-collar,married,primary,no,550,yes,no,unknown,7,may,113,1,-1,0,unknown,no,7837,Male,47,1,28.0,0,1-2 Year,Yes,36091.0,26.0,212,0,COMPLETED,Y,N,0,N,N,0.3,5.4,N,,Y,TERM_DEPOSIT,0.477,0.989,1.0,1.4,SMS,0.955,NO,YES,Bank Term Deposit,Insurance Cross-Sell,Bank Term Deposit,20-09-2026,Term Deposit cross sell offer made to the customer via digital channels,10-09-2026
SYN-044619,profile_only_v1,20260814,True,44619,165050,0.916643,0.886975,0.646836,0.62283,0,0.029668,0.024006,0.115596,exact_age,high,60,management,married,tertiary,no,474,no,no,cellular,31,aug,415,5,186,3,other,yes,165050,Male,60,1,2.0,0,> 2 Years,Yes,32756.0,26.0,105,0,COMPLETED,Y,N,0,N,N,0.249,8.7,N,,N,,0.349,0.869,1.0,1.4,App,0.543,YES,YES,Bank Term Deposit,Insurance Cross-Sell,,20-09-2026,Term Deposit cross sell offer made to the customer via digital channels,10-09-2026
SYN-036998,profile_only_v1,20260814,True,36998,142076,0.64199,0.689673,0.656352,0.656321,0,0.047683,3.1e-05,0.158785,exact_age,high,48,blue-collar,married,primary,no,3267,yes,no,telephone,13,may,6,5,-1,0,unknown,no,142076,Female,48,1,3.0,1,1-2 Year,No,28812.0,26.0,150,0,COMPLETED,Y,N,88,Y,N,0.291,6.9,N,,N,,0.437,0.458,1.0,1.4,Branch,0.581,NO,NO,Payment Reminder / Collections Resolution,Bank Term Deposit,Insurance Cross-Sell,20-09-2026,"Payment-due reminder sent through the mobile app, internet banking, SMS or email; customer directed to payment options or the collections support journey; sales offers paused",10-09-2026
SYN-018344,profile_only_v1,20260814,True,18344,364233,0.268362,0.362171,0.60603,0.605877,0,0.093809,0.000152,0.312384,exact_age,high,32,entrepreneur,single,primary,no,1770,no,yes,cellular,31,jul,70,6,-1,0,unknown,no,364233,Male,32,1,50.0,0,< 1 Year,Yes,38623.0,8.0,216,0,COMPLETED,Y,N,0,N,N,0.242,6.7,N,,N,,0.739,0.861,1.0,1.4,Call,0.479,NO,NO,Bank Term Deposit,Insurance Cross-Sell,,20-09-2026,Term Deposit cross sell offer made to the customer via digital channels,10-09-2026
SYN-015356,profile_only_v1,20260814,True,15356,55171,0.235002,0.271112,0.074039,0.073005,0,0.03611,0.001034,0.120274,exact_age,high,26,blue-collar,married,secondary,no,-384,yes,yes,cellular,18,jul,143,1,-1,0,unknown,no,55171,Male,26,1,47.0,0,< 1 Year,Yes,2630.0,160.0,198,0,COMPLETED,Y,N,54,Y,Y,0.225,7.9,N,,N,,0.347,0.906,1.0,1.4,App,0.955,NO,NO,Payment Reminder / Collections Resolution,Insurance Cross-Sell,Bank Term Deposit,20-09-2026,"Payment-due reminder sent through the mobile app, internet banking, SMS or email; customer directed to payment options or the collections support journey; sales offers paused",10-09-2026
SYN-007920,profile_only_v1,20260814,True,7920,302033,0.389465,0.516268,0.664443,0.664535,0,0.126803,9.2e-05,0.422255,exact_age,high,35,blue-collar,married,primary,no,3587,yes,no,unknown,30,may,148,4,-1,0,unknown,no,302033,Male,35,1,41.0,1,1-2 Year,No,35673.0,124.0,207,0,COMPLETED,Y,N,0,N,N,0.286,4.4,N,,Y,INSURANCE,0.645,0.568,1.0,1.4,Call,0.858,NO,NO,Insurance Cross-Sell,Bank Term Deposit,Insurance Cross-Sell,20-09-2026,Insurance cross sell offer made to the customer via digital channels,10-09-2026
SYN-021807,profile_only_v1,20260814,True,21807,26395,0.604853,0.599431,0.537408,0.537433,0,0.005423,2.5e-05,0.018057,exact_age,high,42,technician,married,secondary,no,439,no,no,cellular,20,aug,143,2,-1,0,unknown,no,26395,Male,42,1,8.0,0,1-2 Year,Yes,36696.0,26.0,77,1,COMPLETED,Y,N,0,N,N,0.447,6.4,N,,N,,0.852,0.803,1.0,1.4,Call,0.652,NO,YES,Insurance Cross-Sell,Bank Term Deposit,,20-09-2026,Insurance cross sell offer made to the customer via digital channels,10-09-2026
SYN-003134,profile_only_v1,20260814,True,3134,154530,0.521966,0.546112,0.550158,0.550215,0,0.024146,5.7e-05,0.080405,exact_age,high,38,admin.,married,secondary,no,664,yes,no,unknown,14,may,256,2,-1,0,unknown,no,154530,Male,38,1,28.0,0,1-2 Year,Yes,38928.0,124.0,198,0,INCOMPLETE,Y,N,0,N,Y,0.257,7.5,N,,N,,0.021,0.902,1.0,1.4,Call,0.793,NO,YES,Complete KYC,Insurance Cross-Sell,Bank Term Deposit,20-09-2026,KYC completion notification displayed in the mobile app and internet banking; reminder sent through SMS/email; cross-sell offers withheld until KYC is completed,10-09-2026
SYN-021263,profile_only_v1,20260814,True,21263,63809,0.532062,0.525716,0.759333,0.758956,0,0.006346,0.000377,0.021154,exact_age,high,36,management,divorced,tertiary,no,1406,yes,no,cellular,18,aug,266,4,-1,0,unknown,no,63809,Male,36,1,34.0,0,1-2 Year,Yes,38391.0,154.0,206,0,INCOMPLETE,Y,N,0,N,N,0.322,7.0,Y,TERM_DEPOSIT,N,,0.39,0.9,1.0,1.4,SMS,0.718,NO,YES,Complete KYC,Insurance Cross-Sell,Bank Term Deposit,20-09-2026,KYC completion notification displayed in the mobile app and internet banking; reminder sent through SMS/email; cross-sell offers withheld until KYC is completed,10-09-2026
SYN-044740,profile_only_v1,20260814,True,44740,314613,0.515236,0.53561,0.701361,0.700787,0,0.020373,0.000574,0.067859,exact_age,high,37,management,single,tertiary,no,698,no,no,cellular,8,sep,1081,2,-1,0,unknown,yes,314613,Male,37,1,3.0,0,1-2 Year,Yes,30063.0,124.0,34,0,COMPLETED,Y,N,0,N,N,0.641,4.7,N,,N,,0.341,0.914,1.0,1.4,App,0.467,NO,YES,Retention Action,Insurance Cross-Sell,Bank Term Deposit,20-09-2026,"Retention message prioritised - fee review, tailored support option and/or save offer; proactive contact task created for the service team; routine cross-sell deferred",10-09-2026
SYN-038639,profile_only_v1,20260814,True,38639,268269,0.259323,0.294061,0.720372,0.720352,0,0.034738,2e-05,0.115679,exact_age,high,27,technician,married,secondary,no,2460,yes,no,cellular,15,may,600,2,-1,0,unknown,no,268269,Male,27,1,28.0,1,< 1 Year,No,51796.0,152.0,75,0,COMPLETED,Y,N,0,N,Y,0.438,6.4,N,,N,,0.424,0.647,1.0,1.4,Call,0.704,NO,NO,Service Resolution,Bank Term Deposit,Insurance Cross-Sell,20-09-2026,"Complaint status and resolution options surfaced in the mobile app, internet banking or contact-centre desktop; service follow-up initiated; promotional offers suppressed until resolution",10-09-2026
SYN-030192,profile_only_v1,20260814,True,30192,61735,0.704639,0.714828,0.559144,0.557824,0,0.010188,0.00132,0.034088,exact_age,high,44,management,married,tertiary,no,309,yes,no,cellular,5,feb,676,1,-1,0,unknown,yes,61735,Female,44,1,28.0,0,> 2 Years,Yes,41401.0,124.0,59,0,COMPLETED,Y,N,0,N,N,0.537,6.9,N,,N,,0.335,0.779,1.0,1.4,Call,0.439,NO,YES,Insurance Cross-Sell,Bank Term Deposit,,20-09-2026,Insurance cross sell offer made to the customer via digital channels,10-09-2026
SYN-032239,profile_only_v1,20260814,True,32239,335796,0.487236,0.53561,0.365117,0.365204,0,0.048373,8.7e-05,0.161084,exact_age,high,37,services,married,secondary,no,345,yes,yes,cellular,16,apr,114,1,148,1,failure,no,335796,Male,37,1,14.0,0,1-2 Year,No,23305.0,122.0,163,0,INCOMPLETE,N,N,0,N,Y,0.287,8.2,N,,N,,0.492,0.828,1.0,1.4,App,0.598,NO,NO,Complete KYC,Insurance Cross-Sell,Bank Term Deposit,20-09-2026,KYC completion notification displayed in the mobile app and internet banking; reminder sent through SMS/email; cross-sell offers withheld until KYC is completed,10-09-2026
SYN-035271,profile_only_v1,20260814,True,35271,226405,0.381465,0.516268,0.492408,0.492758,0,0.134803,0.00035,0.448896,exact_age,high,35,services,single,secondary,no,544,yes,no,cellular,7,may,91,1,345,2,failure,no,226405,Male,35,1,28.0,0,1-2 Year,Yes,37824.0,124.0,62,0,INCOMPLETE,Y,N,26,N,N,0.476,5.9,N,,N,,0.418,0.794,1.0,1.4,App,0.949,NO,YES,Complete KYC,Insurance Cross-Sell,Bank Term Deposit,20-09-2026,KYC completion notification displayed in the mobile app and internet banking; reminder sent through SMS/email; cross-sell offers withheld until KYC is completed,10-09-2026
SYN-039323,profile_only_v1,20260814,True,39323,35751,0.403126,0.371625,0.587963,0.588748,0,0.031501,0.000786,0.104917,exact_age,high,33,self-employed,married,secondary,no,711,yes,no,cellular,18,may,90,2,-1,0,unknown,no,35751,Male,33,1,18.0,0,< 1 Year,Yes,33719.0,152.0,155,1,COMPLETED,Y,N,3,N,N,0.371,8.1,N,,N,,0.479,0.926,1.0,1.4,SMS,0.538,NO,NO,Insurance Cross-Sell,Bank Term Deposit,,20-09-2026,Insurance cross sell offer made to the customer via digital channels,10-09-2026
SYN-018791,profile_only_v1,20260814,True,18791,187177,0.542645,0.58456,0.600405,0.600385,0,0.041915,2e-05,0.139577,exact_age,high,41,unemployed,divorced,secondary,no,1281,no,no,cellular,31,jul,45,3,-1,0,unknown,no,187177,Female,41,1,35.0,1,1-2 Year,No,30202.0,26.0,29,0,COMPLETED,Y,N,0,N,N,0.605,4.1,N,,N,,0.559,0.588,1.0,1.4,SMS,0.782,NO,NO,Retention Action,Bank Term Deposit,Insurance Cross-Sell,20-09-2026,"Retention message prioritised - fee review, tailored support option and/or save offer; proactive contact task created for the service team; routine cross-sell deferred",10-09-2026
SYN-009487,profile_only_v1,20260814,True,9487,310207,0.531194,0.557608,0.411294,0.41131,0,0.026414,1.5e-05,0.087958,exact_age,high,39,services,married,secondary,no,207,no,no,unknown,6,jun,78,2,-1,0,unknown,no,310207,Male,39,1,46.0,1,1-2 Year,No,25620.0,124.0,227,0,COMPLETED,Y,N,4,N,N,0.124,7.7,N,,Y,TERM_DEPOSIT,0.368,0.581,1.0,1.4,App,0.684,NO,NO,Bank Term Deposit,Bank Term Deposit,Insurance Cross-Sell,20-09-2026,Term Deposit cross sell offer made to the customer via digital channels,10-09-2026
SYN-015774,profile_only_v1,20260814,True,15774,148602,0.748142,0.757249,0.223182,0.223345,0,0.009107,0.000162,0.030328,exact_age,high,54,housemaid,divorced,secondary,yes,34,no,no,cellular,21,jul,208,3,-1,0,unknown,no,148602,Female,54,1,23.0,0,1-2 Year,Yes,2630.0,156.0,104,0,COMPLETED,Y,N,0,N,N,0.387,6.7,N,,N,,0.689,0.881,1.0,1.4,App,0.768,NO,YES,Insurance Cross-Sell,Bank Term Deposit,,20-09-2026,Insurance cross sell offer made to the customer via digital channels,10-09-2026
SYN-010526,profile_only_v1,20260814,True,10526,65691,0.554639,0.630828,0.692313,0.692303,0,0.076188,1e-05,0.253707,exact_age,high,44,management,married,unknown,no,2982,no,no,unknown,16,jun,55,2,-1,0,unknown,no,65691,Female,44,1,8.0,0,1-2 Year,Yes,42120.0,124.0,167,1,COMPLETED,Y,N,0,N,N,0.23,7.2,N,,Y,INSURANCE,0.209,0.944,1.0,1.4,SMS,0.667,NO,YES,Insurance Cross-Sell,Insurance Cross-Sell,Bank Term Deposit,20-09-2026,Insurance cross sell offer made to the customer via digital channels,10-09-2026
SYN-011591,profile_only_v1,20260814,True,11591,9558,0.794553,0.821177,0.230119,0.228749,0,0.026623,0.00137,0.088722,exact_age,high,52,retired,divorced,tertiary,no,-309,yes,no,unknown,19,jun,500,2,-1,0,unknown,yes,9558,Male,52,1,15.0,0,> 2 Years,Yes,2630.0,156.0,74,0,COMPLETED,Y,N,0,N,N,0.505,5.5,N,,N,,0.481,0.829,1.0,1.4,App,0.529,NO,NO,Insurance Cross-Sell,Bank Term Deposit,,20-09-2026,Insurance cross sell offer made to the customer via digital channels,10-09-2026
SYN-018349,profile_only_v1,20260814,True,18349,70944,0.651276,0.726309,0.67799,0.677995,0,0.075033,5e-06,0.249859,exact_age,high,51,entrepreneur,married,unknown,no,3404,no,no,cellular,31,jul,44,7,-1,0,unknown,no,70944,Female,51,1,46.0,0,1-2 Year,Yes,32005.0,11.0,22,0,INCOMPLETE,Y,N,0,N,N,0.63,4.3,Y,INSURANCE,N,,0.458,0.756,1.0,1.4,SMS,0.451,NO,NO,Complete KYC,Bank Term Deposit,Insurance Cross-Sell,20-09-2026,KYC completion notification displayed in the mobile app and internet banking; reminder sent through SMS/email; cross-sell offers withheld until KYC is completed,10-09-2026
SYN-025748,profile_only_v1,20260814,True,25748,91294,0.432762,0.488171,0.941114,0.916,0,0.055409,0.025114,0.194901,exact_age,high,32,management,married,tertiary,no,11281,no,no,cellular,19,nov,155,1,-1,0,unknown,no,91294,Male,32,1,28.0,0,1-2 Year,Yes,92976.0,26.0,287,0,COMPLETED,Y,N,0,N,N,0.079,9.0,N,,N,,0.635,0.728,1.0,1.4,App,0.892,NO,YES,Insurance Cross-Sell,Bank Term Deposit,,20-09-2026,Insurance cross sell offer made to the customer via digital channels,10-09-2026
SYN-037033,profile_only_v1,20260814,True,37033,931,0.675676,0.726309,0.48503,0.48508,0,0.050633,4.9e-05,0.168607,exact_age,high,51,services,single,secondary,no,516,yes,no,cellular,13,may,370,1,363,1,failure,no,931,Female,51,1,28.0,0,1-2 Year,Yes,37564.0,26.0,252,1,COMPLETED,Y,N,0,N,N,0.102,8.6,N,,N,,0.316,0.646,1.0,1.4,App,0.981,NO,YES,Insurance Cross-Sell,Bank Term Deposit,,20-09-2026,Insurance cross sell offer made to the customer via digital channels,10-09-2026
SYN-041250,profile_only_v1,20260814,True,41250,364398,0.569236,0.53561,0.532075,0.538015,0,0.033627,0.00594,0.112957,exact_age,high,37,management,married,tertiary,no,165,no,no,cellular,24,aug,315,1,83,1,other,no,364398,Male,37,1,28.0,0,1-2 Year,No,38525.0,124.0,229,0,COMPLETED,Y,N,0,N,N,0.149,9.3,N,,Y,INSURANCE,0.552,1.0,1.0,1.4,App,0.694,YES,NO,Insurance Cross-Sell,Bank Term Deposit,Insurance Cross-Sell,20-09-2026,Insurance cross sell offer made to the customer via digital channels,10-09-2026
SYN-036958,profile_only_v1,20260814,True,36958,80940,0.713969,0.789198,0.233298,0.233337,0,0.07523,3.8e-05,0.250515,exact_age,high,58,blue-collar,single,primary,no,26,yes,no,cellular,12,may,600,4,-1,0,unknown,no,80940,Female,58,1,28.0,0,1-2 Year,Yes,20343.0,4.0,240,0,COMPLETED,Y,N,0,N,N,0.136,8.1,N,,N,,0.643,0.735,1.0,1.4,Call,0.706,NO,YES,Insurance Cross-Sell,Bank Term Deposit,,20-09-2026,Insurance cross sell offer made to the customer via digital channels,10-09-2026
SYN-004055,profile_only_v1,20260814,True,4055,198164,0.904643,0.886975,0.825364,0.82514,0,0.017668,0.000223,0.058838,exact_age,high,60,management,divorced,tertiary,no,2589,yes,no,unknown,19,may,134,2,-1,0,unknown,no,198164,Male,60,1,28.0,0,> 2 Years,Yes,52151.0,124.0,105,1,COMPLETED,N,N,0,N,N,0.43,4.9,N,,N,,0.649,0.73,1.0,1.4,Email,0.578,NO,NO,No Marketing Action (Consent Withheld),Insurance Cross-Sell,Bank Term Deposit,20-09-2026,Marketing messages and sales offers suppressed across channels in absence of valid consent; only essential service communications retained,10-09-2026
SYN-011524,profile_only_v1,20260814,True,11524,8416,0.455624,0.444481,0.212808,0.126104,0,0.011143,0.086704,0.219914,exact_age,high,40,unknown,married,unknown,no,35,no,no,unknown,19,jun,40,1,-1,0,unknown,no,8416,Male,40,1,25.0,0,< 1 Year,No,2630.0,1.0,51,0,INCOMPLETE,Y,N,0,N,N,0.693,2.7,N,,Y,INSURANCE,0.594,0.75,1.0,1.4,Branch,0.458,NO,NO,Complete KYC,Bank Term Deposit,Insurance Cross-Sell,20-09-2026,KYC completion notification displayed in the mobile app and internet banking; reminder sent through SMS/email; cross-sell offers withheld until KYC is completed,10-09-2026
SYN-025483,profile_only_v1,20260814,True,25483,223951,0.338762,0.362171,0.593682,0.593718,0,0.023409,3.6e-05,0.077952,exact_age,high,32,services,divorced,secondary,no,1156,yes,no,cellular,19,nov,81,1,182,1,failure,no,223951,Male,32,1,29.0,0,< 1 Year,Yes,36580.0,124.0,237,0,COMPLETED,Y,N,0,N,N,0.174,8.8,N,,N,,0.458,0.693,1.0,1.4,SMS,0.435,NO,YES,Insurance Cross-Sell,Bank Term Deposit,,20-09-2026,Insurance cross sell offer made to the customer via digital channels,10-09-2026
SYN-003471,profile_only_v1,20260814,True,3471,133067,0.688127,0.698964,0.862733,0.861934,0,0.010837,0.000799,0.036141,exact_age,high,43,management,married,tertiary,no,4004,yes,no,unknown,15,may,190,2,-1,0,unknown,no,133067,Male,43,1,13.0,0,> 2 Years,Yes,40419.0,124.0,44,0,COMPLETED,Y,N,0,N,N,0.721,4.4,N,,Y,INSURANCE,0.634,0.718,1.0,1.4,Branch,0.832,NO,YES,Retention Action,Insurance Cross-Sell,Bank Term Deposit,20-09-2026,"Retention message prioritised - fee review, tailored support option and/or save offer; proactive contact task created for the service team; routine cross-sell deferred",10-09-2026
SYN-025546,profile_only_v1,20260814,True,25546,351439,0.612824,0.654481,0.736388,0.7373,0,0.041657,0.000911,0.138737,exact_age,high,40,self-employed,divorced,tertiary,no,1077,no,no,cellular,19,nov,309,1,-1,0,unknown,no,351439,Female,40,1,28.0,0,> 2 Years,Yes,47453.0,124.0,122,1,COMPLETED,Y,N,0,N,N,0.457,4.8,N,,N,,0.43,0.809,1.0,1.4,Call,0.699,NO,YES,Insurance Cross-Sell,Bank Term Deposit,,20-09-2026,Insurance cross sell offer made to the customer via digital channels,10-09-2026
SYN-004103,profile_only_v1,20260814,True,4103,277182,0.593194,0.557608,0.489198,0.489238,0,0.035586,4e-05,0.118502,exact_age,high,39,admin.,married,tertiary,no,259,yes,no,unknown,19,may,27,1,-1,0,unknown,no,277182,Female,39,1,8.0,0,1-2 Year,Yes,35931.0,124.0,129,0,COMPLETED,Y,N,45,Y,N,0.35,8.4,N,,N,,0.595,0.702,1.0,1.4,Call,0.823,NO,YES,Payment Reminder / Collections Resolution,Insurance Cross-Sell,Bank Term Deposit,20-09-2026,"Payment-due reminder sent through the mobile app, internet banking, SMS or email; customer directed to payment options or the collections support journey; sales offers paused",10-09-2026
SYN-044428,profile_only_v1,20260814,True,44428,207147,0.183319,0.312702,0.555093,0.55507,0,0.129383,2.3e-05,0.430846,exact_age,high,28,student,single,secondary,no,970,no,no,telephone,4,aug,297,1,-1,0,unknown,no,207147,Male,28,1,50.0,0,< 1 Year,Yes,36832.0,160.0,113,0,INCOMPLETE,Y,N,0,N,N,0.556,5.0,N,,N,,0.144,0.757,1.0,1.4,Branch,0.698,YES,NO,Complete KYC,Bank Term Deposit,Insurance Cross-Sell,20-09-2026,KYC completion notification displayed in the mobile app and internet banking; reminder sent through SMS/email; cross-sell offers withheld until KYC is completed,10-09-2026
SYN-006855,profile_only_v1,20260814,True,6855,299160,0.866297,0.865862,0.258208,0.256297,0,0.000435,0.001911,0.004991,exact_age,high,57,retired,married,tertiary,no,0,yes,yes,unknown,28,may,648,1,-1,0,unknown,yes,299160,Female,57,1,22.0,0,> 2 Years,Yes,2630.0,156.0,88,0,COMPLETED,Y,N,0,N,N,0.374,6.4,N,,Y,INSURANCE,0.502,0.516,1.0,1.4,SMS,0.854,NO,NO,Insurance Cross-Sell,Insurance Cross-Sell,Bank Term Deposit,20-09-2026,Insurance cross sell offer made to the customer via digital channels,10-09-2026
SYN-041275,profile_only_v1,20260814,True,41275,196211,0.365976,0.506981,0.49862,0.498591,0,0.141006,2.9e-05,0.469549,exact_age,high,34,admin.,single,secondary,no,745,yes,yes,cellular,25,aug,76,1,-1,0,unknown,no,196211,Male,34,1,29.0,0,1-2 Year,Yes,29892.0,124.0,88,0,COMPLETED,Y,N,0,N,Y,0.585,5.5,N,,Y,INSURANCE,0.396,0.804,1.0,1.4,App,0.514,NO,YES,Service Resolution,Insurance Cross-Sell,Bank Term Deposit,20-09-2026,"Complaint status and resolution options surfaced in the mobile app, internet banking or contact-centre desktop; service follow-up initiated; promotional offers suppressed until resolution",10-09-2026
SYN-033453,profile_only_v1,20260814,True,33453,342227,0.490062,0.525716,0.418416,0.41835,0,0.035654,6.6e-05,0.118727,exact_age,high,36,management,single,tertiary,no,20,yes,no,cellular,20,apr,766,2,150,3,other,no,342227,Female,36,1,45.0,1,1-2 Year,No,25329.0,26.0,66,0,COMPLETED,Y,N,0,N,N,0.458,5.8,Y,TERM_DEPOSIT,N,,0.536,0.541,1.0,1.4,App,0.991,NO,NO,Bank Term Deposit,Bank Term Deposit,Insurance Cross-Sell,20-09-2026,Term Deposit cross sell offer made to the customer via digital channels,10-09-2026
SYN-039716,profile_only_v1,20260814,True,39716,83447,0.779766,0.766215,0.716572,0.71681,0,0.013551,0.000238,0.045128,exact_age,high,55,admin.,divorced,secondary,no,1872,no,no,cellular,27,may,76,3,103,5,success,no,83447,Female,55,1,28.0,0,1-2 Year,Yes,45286.0,124.0,141,0,COMPLETED,Y,N,0,N,N,0.356,6.8,N,,N,,0.996,0.885,1.0,1.4,App,0.903,YES,YES,Bank Term Deposit,Insurance Cross-Sell,,20-09-2026,Term Deposit cross sell offer made to the customer via digital channels,10-09-2026
SYN-040607,profile_only_v1,20260814,True,40607,104701,0.445236,0.53561,0.398529,0.398384,0,0.090373,0.000144,0.300944,exact_age,high,37,admin.,single,secondary,no,115,no,no,cellular,4,aug,236,1,92,4,failure,no,104701,Female,37,1,8.0,1,1-2 Year,No,32766.0,124.0,93,0,COMPLETED,N,N,50,Y,N,0.313,8.1,N,,N,,0.543,0.51,1.0,1.4,SMS,0.984,NO,NO,No Marketing Action (Consent Withheld),Bank Term Deposit,Insurance Cross-Sell,20-09-2026,Marketing messages and sales offers suppressed across channels in absence of valid consent; only essential service communications retained,10-09-2026
SYN-001728,profile_only_v1,20260814,True,1728,33181,0.724823,0.796222,0.274631,0.274413,0,0.071399,0.000218,0.23776,exact_age,high,59,blue-collar,single,primary,no,96,yes,no,unknown,9,may,123,1,-1,0,unknown,no,33181,Male,59,1,28.0,0,1-2 Year,Yes,27853.0,26.0,68,0,COMPLETED,Y,N,19,N,N,0.598,3.3,Y,TERM_DEPOSIT,Y,INSURANCE,0.262,0.438,1.0,1.4,App,0.688,NO,YES,Service Intervention (Low NPS),Insurance Cross-Sell,Bank Term Deposit,20-09-2026,Service-recovery message -  apology / follow-up communication sent; contact-centre/service task created to address the customer’s recent experience,10-09-2026
SYN-020552,profile_only_v1,20260814,True,20552,64495,0.705002,0.67601,0.132094,0.130459,0,0.028992,0.001635,0.096629,exact_age,high,47,management,married,secondary,no,-1854,yes,yes,cellular,12,aug,388,2,-1,0,unknown,no,64495,Female,47,1,28.0,1,1-2 Year,No,2630.0,26.0,65,0,COMPLETED,Y,N,80,Y,N,0.503,5.6,N,,N,,0.456,0.613,1.0,1.4,Call,0.844,NO,NO,Payment Reminder / Collections Resolution,Bank Term Deposit,Insurance Cross-Sell,20-09-2026,"Payment-due reminder sent through the mobile app, internet banking, SMS or email; customer directed to payment options or the collections support journey; sales offers paused",10-09-2026
SYN-008191,profile_only_v1,20260814,True,8191,289643,0.223299,0.328197,0.257915,0.257761,0,0.104898,0.000154,0.349309,exact_age,high,29,blue-collar,single,secondary,no,80,yes,yes,unknown,2,jun,281,4,-1,0,unknown,no,289643,Female,29,1,3.0,1,< 1 Year,No,22054.0,152.0,260,0,COMPLETED,Y,N,0,N,N,0.191,7.3,N,,N,,0.228,0.284,1.0,1.4,App,0.433,NO,NO,Bank Term Deposit,Insurance Cross-Sell,,20-09-2026,Term Deposit cross sell offer made to the customer via digital channels,10-09-2026
SYN-032778,profile_only_v1,20260814,True,32778,192931,0.439465,0.516268,0.679168,0.679215,0,0.076803,4.7e-05,0.255755,exact_age,high,35,blue-collar,married,secondary,no,2200,yes,no,cellular,17,apr,14,1,-1,0,unknown,no,192931,Female,35,1,29.0,1,1-2 Year,No,34304.0,152.0,299,0,COMPLETED,Y,N,51,Y,N,0.056,9.5,N,,N,,0.685,0.474,1.0,1.4,Call,0.562,NO,NO,Payment Reminder / Collections Resolution,Bank Term Deposit,Insurance Cross-Sell,20-09-2026,"Payment-due reminder sent through the mobile app, internet banking, SMS or email; customer directed to payment options or the collections support journey; sales offers paused",10-09-2026
SYN-007694,profile_only_v1,20260814,True,7694,12379,0.442062,0.525716,0.520444,0.519944,0,0.083654,0.0005,0.27857,exact_age,high,36,unemployed,single,tertiary,no,577,yes,no,unknown,30,may,155,1,-1,0,unknown,no,12379,Male,36,1,0.0,1,1-2 Year,Yes,2630.0,26.0,138,0,COMPLETED,Y,N,79,Y,N,0.369,5.7,N,,N,,0.376,0.494,1.0,1.4,App,0.953,NO,NO,Payment Reminder / Collections Resolution,Bank Term Deposit,Insurance Cross-Sell,20-09-2026,"Payment-due reminder sent through the mobile app, internet banking, SMS or email; customer directed to payment options or the collections support journey; sales offers paused",10-09-2026
SYN-005375,profile_only_v1,20260814,True,5375,262162,0.349426,0.352244,0.259786,0.259512,0,0.002818,0.000274,0.009407,exact_age,high,31,management,single,tertiary,no,-1206,yes,no,unknown,23,may,390,1,-1,0,unknown,no,262162,Female,31,1,28.0,1,< 1 Year,No,32785.0,152.0,190,0,COMPLETED,Y,N,19,N,N,0.274,7.3,N,,N,,0.407,0.769,1.0,1.4,Email,0.831,NO,NO,Bank Term Deposit,Insurance Cross-Sell,,20-09-2026,Term Deposit cross sell offer made to the customer via digital channels,10-09-2026
SYN-003586,profile_only_v1,20260814,True,3586,333600,0.783907,0.747493,0.724035,0.724009,0,0.036414,2.6e-05,0.12126,exact_age,high,53,management,single,tertiary,no,1074,yes,no,unknown,15,may,523,2,-1,0,unknown,no,333600,Female,53,1,28.0,0,1-2 Year,Yes,45625.0,124.0,291,0,COMPLETED,Y,N,0,N,N,0.06,9.9,N,,N,,0.652,0.74,1.0,1.4,SMS,0.428,NO,NO,Insurance Cross-Sell,Bank Term Deposit,,20-09-2026,Insurance cross sell offer made to the customer via digital channels,10-09-2026
SYN-033224,profile_only_v1,20260814,True,33224,331533,0.279926,0.371625,0.512765,0.512652,0,0.091699,0.000113,0.305358,exact_age,high,33,blue-collar,single,primary,no,910,yes,no,cellular,20,apr,42,1,-1,0,unknown,no,331533,Male,33,1,8.0,1,< 1 Year,No,40181.0,152.0,293,0,COMPLETED,Y,N,0,N,Y,0.005,8.8,N,,N,,0.353,0.436,1.0,1.4,App,0.585,NO,NO,Service Resolution,Bank Term Deposit,Insurance Cross-Sell,20-09-2026,"Complaint status and resolution options surfaced in the mobile app, internet banking or contact-centre desktop; service follow-up initiated; promotional offers suppressed until resolution",10-09-2026
SYN-031961,profile_only_v1,20260814,True,31961,20487,0.235299,0.328197,0.372386,0.3727,0,0.092898,0.000314,0.30935,exact_age,high,29,technician,single,secondary,no,110,yes,no,cellular,13,apr,1036,1,-1,0,unknown,yes,20487,Female,29,1,45.0,1,< 1 Year,No,25702.0,152.0,81,0,COMPLETED,Y,N,81,Y,N,0.458,5.5,N,,Y,INSURANCE,0.304,0.646,1.0,1.4,App,0.967,NO,NO,Payment Reminder / Collections Resolution,Bank Term Deposit,Insurance Cross-Sell,20-09-2026,"Payment-due reminder sent through the mobile app, internet banking, SMS or email; customer directed to payment options or the collections support journey; sales offers paused",10-09-2026
SYN-043869,profile_only_v1,20260814,True,43869,326618,0.256448,0.341125,0.66868,0.669305,0,0.084678,0.000624,0.281982,exact_age,high,30,technician,single,secondary,no,1165,no,no,cellular,4,jun,204,2,183,3,success,yes,326618,Female,30,1,10.0,1,< 1 Year,No,33727.0,152.0,85,0,COMPLETED,N,N,0,N,N,0.382,7.5,N,,N,,0.697,0.228,1.0,1.4,Call,0.545,YES,NO,No Marketing Action (Consent Withheld),Bank Term Deposit,Insurance Cross-Sell,20-09-2026,Marketing messages and sales offers suppressed across channels in absence of valid consent; only essential service communications retained,10-09-2026
SYN-033245,profile_only_v1,20260814,True,33245,198985,0.544062,0.525716,0.486188,0.486172,0,0.018346,1.6e-05,0.061093,exact_age,high,36,management,married,tertiary,no,139,yes,no,cellular,20,apr,79,1,-1,0,unknown,no,198985,Female,36,1,8.0,0,1-2 Year,Yes,35835.0,152.0,30,0,COMPLETED,Y,N,0,N,N,0.57,3.8,N,,N,,0.177,0.684,1.0,1.4,App,0.895,NO,NO,Service Intervention (Low NPS),Insurance Cross-Sell,Bank Term Deposit,20-09-2026,Service-recovery message -  apology / follow-up communication sent; contact-centre/service task created to address the customer’s recent experience,10-09-2026
SYN-002017,profile_only_v1,20260814,True,2017,266019,0.569236,0.53561,0.292191,0.292345,0,0.033627,0.000154,0.111977,exact_age,high,37,management,married,tertiary,no,-120,yes,no,unknown,9,may,77,2,-1,0,unknown,no,266019,Male,37,1,33.0,0,1-2 Year,Yes,23092.0,29.0,296,0,COMPLETED,Y,N,0,N,N,0.0,10.0,N,,N,,0.462,0.869,1.0,1.4,Call,0.467,NO,YES,Insurance Cross-Sell,Bank Term Deposit,,20-09-2026,Insurance cross sell offer made to the customer via digital channels,10-09-2026
SYN-020215,profile_only_v1,20260814,True,20215,181185,0.530853,0.473431,0.030357,0.040459,0,0.057423,0.010102,0.192878,exact_age,high,42,housemaid,married,primary,no,-209,no,yes,cellular,11,aug,90,2,-1,0,unknown,no,181185,Female,42,1,28.0,0,< 1 Year,No,2630.0,1.0,271,1,COMPLETED,Y,N,72,Y,N,0.0,8.9,N,,N,,0.527,1.0,1.0,1.4,SMS,0.83,NO,NO,Payment Reminder / Collections Resolution,Insurance Cross-Sell,Bank Term Deposit,20-09-2026,"Payment-due reminder sent through the mobile app, internet banking, SMS or email; customer directed to payment options or the collections support journey; sales offers paused",10-09-2026
SYN-002061,profile_only_v1,20260814,True,2061,103412,0.251427,0.238833,0.438469,0.442197,0,0.012593,0.003728,0.042958,exact_age,high,25,student,married,tertiary,no,333,yes,no,unknown,12,may,399,3,-1,0,unknown,no,103412,Male,25,1,15.0,1,< 1 Year,No,32209.0,152.0,35,0,COMPLETED,N,N,0,N,N,0.594,4.6,N,,N,,0.291,0.319,1.0,1.4,Email,0.728,NO,NO,No Marketing Action (Consent Withheld),Bank Term Deposit,Insurance Cross-Sell,20-09-2026,Marketing messages and sales offers suppressed across channels in absence of valid consent; only essential service communications retained,10-09-2026
SYN-030694,profile_only_v1,20260814,True,30694,134975,0.394626,0.352244,0.743081,0.74267,0,0.042382,0.000411,0.141137,exact_age,high,31,self-employed,married,tertiary,no,1134,no,no,cellular,6,feb,174,2,-1,0,unknown,no,134975,Female,31,1,18.0,0,< 1 Year,Yes,41129.0,152.0,153,1,COMPLETED,Y,N,0,N,Y,0.406,7.4,N,,N,,0.616,0.809,1.0,1.4,App,0.912,NO,NO,Service Resolution,Bank Term Deposit,Insurance Cross-Sell,20-09-2026,"Complaint status and resolution options surfaced in the mobile app, internet banking or contact-centre desktop; service follow-up initiated; promotional offers suppressed until resolution",10-09-2026
SYN-004904,profile_only_v1,20260814,True,4904,269161,0.447465,0.516268,0.71502,0.715118,0,0.068803,9.7e-05,0.229115,exact_age,high,35,technician,single,tertiary,no,1362,yes,no,unknown,21,may,230,1,-1,0,unknown,no,269161,Male,35,1,28.0,0,1-2 Year,Yes,45211.0,122.0,163,0,COMPLETED,Y,N,39,Y,N,0.302,7.1,N,,N,,0.376,0.75,1.0,1.4,App,0.646,NO,YES,Payment Reminder / Collections Resolution,Insurance Cross-Sell,Bank Term Deposit,20-09-2026,"Payment-due reminder sent through the mobile app, internet banking, SMS or email; customer directed to payment options or the collections support journey; sales offers paused",10-09-2026
SYN-011520,profile_only_v1,20260814,True,11520,315669,0.544062,0.525716,0.787879,0.787819,0,0.018346,6e-05,0.061093,exact_age,high,36,management,married,tertiary,no,1352,no,no,unknown,19,jun,2028,1,-1,0,unknown,yes,315669,Female,36,1,8.0,0,1-2 Year,No,47015.0,7.0,185,0,COMPLETED,Y,N,0,N,N,0.363,7.8,N,,N,,0.543,1.0,1.0,1.4,Email,0.691,NO,NO,Bank Term Deposit,Insurance Cross-Sell,,20-09-2026,Term Deposit cross sell offer made to the customer via digital channels,10-09-2026
SYN-037576,profile_only_v1,20260814,True,37576,102435,0.357926,0.371625,0.715844,0.71562,0,0.013699,0.000224,0.045621,exact_age,high,33,management,single,secondary,no,1615,yes,no,cellular,14,may,178,8,174,3,failure,no,102435,Female,33,1,6.0,1,< 1 Year,No,34582.0,152.0,126,0,COMPLETED,Y,N,0,N,N,0.466,8.1,N,,N,,0.287,0.362,1.0,1.4,SMS,0.888,NO,NO,Bank Term Deposit,Insurance Cross-Sell,,20-09-2026,Term Deposit cross sell offer made to the customer via digital channels,10-09-2026
SYN-011506,profile_only_v1,20260814,True,11506,220899,0.446853,0.473431,0.223826,0.095386,0,0.026577,0.12844,0.333073,exact_age,high,42,admin.,single,unknown,no,22,no,no,unknown,19,jun,246,3,-1,0,unknown,no,220899,Male,42,1,18.0,0,< 1 Year,No,2630.0,1.0,131,1,INCOMPLETE,Y,N,46,Y,N,0.372,6.5,Y,INSURANCE,N,,0.392,0.693,1.0,1.4,Call,0.744,NO,NO,Complete KYC,Insurance Cross-Sell,Bank Term Deposit,20-09-2026,KYC completion notification displayed in the mobile app and internet banking; reminder sent through SMS/email; cross-sell offers withheld until KYC is completed,10-09-2026
SYN-024875,profile_only_v1,20260814,True,24875,256838,0.796423,0.796222,0.411719,0.411463,0,0.000201,0.000256,0.000926,exact_age,high,59,entrepreneur,married,primary,no,222,no,no,cellular,18,nov,97,1,-1,0,unknown,no,256838,Male,59,1,33.0,1,1-2 Year,No,27616.0,26.0,216,0,COMPLETED,Y,N,0,N,N,0.267,7.0,N,,N,,0.599,0.447,1.0,1.4,App,0.866,NO,NO,Bank Term Deposit,Insurance Cross-Sell,,20-09-2026,Term Deposit cross sell offer made to the customer via digital channels,10-09-2026
SYN-041233,profile_only_v1,20260814,True,41233,296321,0.906823,0.880222,0.646836,0.64472,0,0.026601,0.002117,0.088739,exact_age,high,59,management,married,tertiary,no,474,no,no,cellular,21,aug,252,1,-1,0,unknown,yes,296321,Female,59,1,28.0,0,> 2 Years,Yes,43717.0,122.0,31,0,COMPLETED,Y,N,0,N,N,0.537,7.2,N,,N,,0.489,0.589,1.0,1.4,App,0.658,NO,NO,Insurance Cross-Sell,Bank Term Deposit,,20-09-2026,Insurance cross sell offer made to the customer via digital channels,10-09-2026
SYN-028126,profile_only_v1,20260814,True,28126,3151,0.349426,0.352244,0.492669,0.491378,0,0.002818,0.001292,0.009922,exact_age,high,31,management,single,tertiary,no,86,no,no,cellular,29,jan,100,1,170,4,failure,no,3151,Male,31,1,15.0,1,< 1 Year,No,33620.0,152.0,66,0,COMPLETED,Y,N,0,N,N,0.527,3.6,Y,INSURANCE,N,,0.569,0.922,1.0,1.4,SMS,0.528,NO,NO,Service Intervention (Low NPS),Bank Term Deposit,Insurance Cross-Sell,20-09-2026,Service-recovery message -  apology / follow-up communication sent; contact-centre/service task created to address the customer’s recent experience,10-09-2026
SYN-022231,profile_only_v1,20260814,True,22231,253017,0.704639,0.714828,0.930856,0.932358,0,0.010188,0.001502,0.034134,exact_age,high,44,management,married,tertiary,no,7635,no,no,cellular,21,aug,719,5,-1,0,unknown,no,253017,Female,44,1,28.0,0,> 2 Years,Yes,64384.0,26.0,162,0,COMPLETED,Y,N,0,N,N,0.391,4.6,N,,Y,TERM_DEPOSIT,0.451,0.77,1.0,1.4,Call,0.992,NO,YES,Bank Term Deposit,Insurance Cross-Sell,Bank Term Deposit,20-09-2026,Term Deposit cross sell offer made to the customer via digital channels,10-09-2026
SYN-000315,profile_only_v1,20260814,True,315,357030,0.387926,0.371625,0.494568,0.494768,0,0.016301,0.0002,0.054285,exact_age,high,33,admin.,single,tertiary,no,193,no,no,unknown,5,may,132,2,-1,0,unknown,no,357030,Male,33,1,37.0,1,< 1 Year,No,32416.0,152.0,63,0,COMPLETED,Y,N,0,N,N,0.599,5.3,N,,Y,INSURANCE,0.656,0.673,1.0,1.4,Email,0.403,NO,NO,Insurance Cross-Sell,Bank Term Deposit,Insurance Cross-Sell,20-09-2026,Insurance cross sell offer made to the customer via digital channels,10-09-2026
SYN-033543,profile_only_v1,20260814,True,33543,26914,0.323319,0.312702,0.796725,0.796796,0,0.010617,7e-05,0.035354,exact_age,high,28,technician,married,tertiary,no,2925,yes,no,cellular,20,apr,81,4,-1,0,unknown,no,26914,Male,28,1,6.0,1,< 1 Year,No,42886.0,152.0,106,0,COMPLETED,Y,N,0,N,Y,0.355,7.0,N,,N,,0.346,0.027,1.0,1.4,Call,0.648,NO,NO,Service Resolution,Bank Term Deposit,Insurance Cross-Sell,20-09-2026,"Complaint status and resolution options surfaced in the mobile app, internet banking or contact-centre desktop; service follow-up initiated; promotional offers suppressed until resolution",10-09-2026
SYN-005087,profile_only_v1,20260814,True,5087,55184,0.407926,0.371625,0.424601,0.429944,0,0.036301,0.005343,0.121618,exact_age,high,33,management,single,tertiary,no,28,yes,no,unknown,21,may,237,2,-1,0,unknown,no,55184,Male,33,1,48.0,1,< 1 Year,No,2630.0,152.0,220,0,COMPLETED,Y,N,0,N,N,0.263,8.7,N,,N,,0.604,0.633,1.0,1.4,App,0.457,NO,NO,Bank Term Deposit,Insurance Cross-Sell,,20-09-2026,Term Deposit cross sell offer made to the customer via digital channels,10-09-2026
SYN-004701,profile_only_v1,20260814,True,4701,104429,0.275426,0.352244,0.436529,0.442701,0,0.076818,0.006171,0.256267,exact_age,high,31,blue-collar,married,primary,no,855,yes,yes,unknown,20,may,172,4,-1,0,unknown,no,104429,Female,31,1,6.0,1,< 1 Year,No,26180.0,152.0,44,0,COMPLETED,N,N,6,N,N,0.566,4.4,Y,INSURANCE,N,,0.62,0.324,1.0,1.4,SMS,0.721,NO,NO,No Marketing Action (Consent Withheld),Bank Term Deposit,Insurance Cross-Sell,20-09-2026,Marketing messages and sales offers suppressed across channels in absence of valid consent; only essential service communications retained,10-09-2026
SYN-036453,profile_only_v1,20260814,True,36453,257558,0.437236,0.53561,0.353281,0.353436,0,0.098373,0.000154,0.327584,exact_age,high,37,blue-collar,single,secondary,no,133,yes,no,cellular,11,may,1388,2,-1,0,unknown,yes,257558,Male,37,1,28.0,0,1-2 Year,Yes,32491.0,26.0,45,0,COMPLETED,Y,N,14,N,Y,0.588,5.5,N,,N,,0.715,0.866,1.0,1.4,App,0.597,NO,YES,Service Resolution,Insurance Cross-Sell,Bank Term Deposit,20-09-2026,"Complaint status and resolution options surfaced in the mobile app, internet banking or contact-centre desktop; service follow-up initiated; promotional offers suppressed until resolution",10-09-2026
SYN-014982,profile_only_v1,20260814,True,14982,354114,0.499236,0.53561,0.569603,0.569615,0,0.036373,1.2e-05,0.121124,exact_age,high,37,admin.,married,secondary,no,764,yes,no,cellular,16,jul,108,5,-1,0,unknown,no,354114,Female,37,1,28.0,0,1-2 Year,Yes,39592.0,122.0,52,1,COMPLETED,Y,N,25,N,N,0.639,4.3,N,,N,,0.425,0.843,1.0,1.4,SMS,0.493,NO,YES,Retention Action,Insurance Cross-Sell,Bank Term Deposit,20-09-2026,"Retention message prioritised - fee review, tailored support option and/or save offer; proactive contact task created for the service team; routine cross-sell deferred",10-09-2026
SYN-043722,profile_only_v1,20260814,True,43722,250372,0.153299,0.328197,0.549854,0.550139,0,0.174898,0.000285,0.58241,exact_age,high,29,unemployed,single,primary,no,1374,no,no,cellular,14,may,1205,2,178,7,success,yes,250372,Male,29,1,30.0,0,< 1 Year,Yes,30498.0,26.0,206,0,COMPLETED,Y,N,0,N,N,0.317,5.5,N,,N,,0.617,0.775,1.0,1.4,SMS,0.808,YES,YES,Bank Term Deposit,Insurance Cross-Sell,,20-09-2026,Term Deposit cross sell offer made to the customer via digital channels,10-09-2026
SYN-005201,profile_only_v1,20260814,True,5201,43310,0.569236,0.53561,0.789092,0.789087,0,0.033627,4e-06,0.111976,exact_age,high,37,management,married,tertiary,no,1813,yes,no,unknown,21,may,291,4,-1,0,unknown,no,43310,Female,37,1,8.0,0,1-2 Year,No,47098.0,26.0,39,0,COMPLETED,Y,N,0,N,N,0.588,4.4,N,,Y,TERM_DEPOSIT,0.645,0.846,1.0,1.4,Email,0.98,NO,NO,Bank Term Deposit,Bank Term Deposit,Insurance Cross-Sell,20-09-2026,Term Deposit cross sell offer made to the customer via digital channels,10-09-2026
SYN-015459,profile_only_v1,20260814,True,15459,108715,0.467966,0.420112,0.07594,0.060645,0,0.047854,0.015294,0.163878,exact_age,high,38,admin.,single,secondary,yes,-61,no,yes,cellular,18,jul,102,2,-1,0,unknown,no,108715,Female,38,1,50.0,0,< 1 Year,No,2630.0,1.0,190,0,COMPLETED,Y,N,0,N,N,0.176,9.6,N,,Y,TERM_DEPOSIT,0.477,0.924,1.0,1.4,SMS,0.942,NO,NO,Bank Term Deposit,Bank Term Deposit,Insurance Cross-Sell,20-09-2026,Term Deposit cross sell offer made to the customer via digital channels,10-09-2026
SYN-042762,profile_only_v1,20260814,True,42762,60345,0.853584,0.893469,0.388274,0.380218,0,0.039885,0.008056,0.134335,exact_age,high,61,retired,married,secondary,no,89,no,no,cellular,28,jan,477,2,92,3,failure,no,60345,Male,61,1,28.0,0,> 2 Years,Yes,33614.0,26.0,256,0,COMPLETED,Y,N,0,N,N,0.103,8.8,N,,N,,0.801,0.723,1.0,1.4,Call,0.94,YES,YES,Bank Term Deposit,Insurance Cross-Sell,,20-09-2026,Term Deposit cross sell offer made to the customer via digital channels,10-09-2026
SYN-030608,profile_only_v1,20260814,True,30608,165551,0.435465,0.516268,0.542005,0.542,0,0.080803,5e-06,0.269075,exact_age,high,35,admin.,divorced,secondary,no,627,yes,no,cellular,6,feb,298,6,275,2,failure,no,165551,Female,35,1,28.0,0,1-2 Year,Yes,38655.0,124.0,98,0,COMPLETED,Y,N,0,N,N,0.572,4.6,N,,N,,0.633,0.793,1.0,1.4,SMS,0.475,NO,YES,Insurance Cross-Sell,Bank Term Deposit,,20-09-2026,Insurance cross sell offer made to the customer via digital channels,10-09-2026
SYN-028416,profile_only_v1,20260814,True,28416,1966,0.758953,0.737177,0.331178,0.331212,0,0.021777,3.4e-05,0.072516,exact_age,high,52,technician,married,secondary,no,1,no,no,cellular,29,jan,189,1,248,6,other,no,1966,Male,52,1,28.0,0,1-2 Year,Yes,31445.0,26.0,223,1,INCOMPLETE,Y,N,0,N,N,0.167,9.2,N,,N,,0.24,1.0,1.0,1.4,App,0.518,NO,YES,Complete KYC,Insurance Cross-Sell,Bank Term Deposit,20-09-2026,KYC completion notification displayed in the mobile app and internet banking; reminder sent through SMS/email; cross-sell offers withheld until KYC is completed,10-09-2026
SYN-019995,profile_only_v1,20260814,True,19995,49710,0.387426,0.352244,0.470702,0.470636,0,0.035182,6.6e-05,0.117158,exact_age,high,31,technician,married,tertiary,no,120,no,no,cellular,8,aug,1000,1,-1,0,unknown,yes,49710,Female,31,1,33.0,1,< 1 Year,No,31305.0,124.0,270,0,COMPLETED,Y,N,0,N,N,0.091,9.0,N,,N,,0.629,0.585,1.0,1.4,Call,0.552,NO,NO,Bank Term Deposit,Insurance Cross-Sell,,20-09-2026,Term Deposit cross sell offer made to the customer via digital channels,10-09-2026
SYN-028946,profile_only_v1,20260814,True,28946,116390,0.337926,0.371625,0.378775,0.378543,0,0.033699,0.000232,0.112219,exact_age,high,33,admin.,single,secondary,no,79,no,no,cellular,2,feb,674,1,-1,0,unknown,no,116390,Female,33,1,39.0,0,< 1 Year,No,29099.0,152.0,41,0,COMPLETED,Y,N,0,N,N,0.509,5.5,N,,Y,INSURANCE,0.481,0.75,1.0,1.4,App,0.952,NO,NO,Insurance Cross-Sell,Bank Term Deposit,Insurance Cross-Sell,20-09-2026,Insurance cross sell offer made to the customer via digital channels,10-09-2026
SYN-022103,profile_only_v1,20260814,True,22103,158675,0.360448,0.341125,0.365746,0.365667,0,0.019322,8e-05,0.064343,exact_age,high,30,technician,married,tertiary,no,0,no,no,cellular,21,aug,351,6,-1,0,unknown,no,158675,Male,30,1,36.0,1,< 1 Year,No,31182.0,151.0,216,0,COMPLETED,Y,N,0,N,N,0.062,10.0,N,,N,,0.422,0.601,1.0,1.4,SMS,0.96,NO,NO,Bank Term Deposit,Insurance Cross-Sell,,20-09-2026,Term Deposit cross sell offer made to the customer via digital channels,10-09-2026
SYN-015955,profile_only_v1,20260814,True,15955,23353,0.592853,0.599431,0.179726,0.1812,0,0.006577,0.001474,0.022211,exact_age,high,42,technician,divorced,secondary,no,-263,yes,no,cellular,22,jul,307,1,-1,0,unknown,no,23353,Male,42,1,29.0,0,1-2 Year,Yes,2630.0,157.0,219,1,COMPLETED,Y,N,0,N,N,0.205,8.0,N,,Y,INSURANCE,0.524,0.582,1.0,1.4,SMS,0.471,NO,YES,Insurance Cross-Sell,Insurance Cross-Sell,Bank Term Deposit,20-09-2026,Insurance cross sell offer made to the customer via digital channels,10-09-2026
SYN-021781,profile_only_v1,20260814,True,21781,129065,0.439465,0.516268,0.39064,0.390745,0,0.076803,0.000105,0.255755,exact_age,high,35,technician,divorced,secondary,no,82,no,no,cellular,19,aug,152,3,-1,0,unknown,no,129065,Male,35,1,28.0,0,1-2 Year,Yes,34078.0,26.0,223,1,COMPLETED,Y,N,0,N,N,0.17,7.3,N,,N,,0.444,0.83,1.0,1.4,App,0.62,NO,YES,Insurance Cross-Sell,Bank Term Deposit,,20-09-2026,Insurance cross sell offer made to the customer via digital channels,10-09-2026
SYN-025595,profile_only_v1,20260814,True,25595,81059,0.643547,0.646451,0.649446,0.649472,0,0.002905,2.6e-05,0.009673,exact_age,high,45,technician,divorced,secondary,no,1309,yes,no,cellular,19,nov,298,1,170,2,failure,no,81059,Male,45,1,30.0,0,1-2 Year,Yes,29418.0,124.0,172,0,COMPLETED,Y,N,0,N,N,0.365,7.9,N,,N,,0.429,0.904,1.0,1.4,SMS,0.519,NO,YES,Insurance Cross-Sell,Bank Term Deposit,,20-09-2026,Insurance cross sell offer made to the customer via digital channels,10-09-2026
SYN-030717,profile_only_v1,20260814,True,30717,64619,0.722734,0.745624,0.164807,0.190459,0,0.022889,0.025652,0.099612,exact_age,high,46,technician,married,tertiary,no,-369,yes,yes,cellular,6,feb,339,4,-1,0,unknown,no,64619,Male,46,1,28.0,0,> 2 Years,Yes,2630.0,124.0,152,0,COMPLETED,N,N,0,N,N,0.331,5.8,N,,N,,0.428,0.863,1.0,1.4,Call,0.874,NO,YES,No Marketing Action (Consent Withheld),Insurance Cross-Sell,Bank Term Deposit,20-09-2026,Marketing messages and sales offers suppressed across channels in absence of valid consent; only essential service communications retained,10-09-2026
SYN-014734,profile_only_v1,20260814,True,14734,288373,0.728334,0.745624,0.567462,0.564954,0,0.017289,0.002508,0.057914,exact_age,high,46,entrepreneur,married,tertiary,no,406,yes,no,telephone,15,jul,232,4,-1,0,unknown,no,288373,Male,46,1,8.0,0,> 2 Years,Yes,40112.0,26.0,173,1,COMPLETED,Y,N,0,N,N,0.186,7.8,N,,N,,0.437,0.87,1.0,1.4,Branch,0.995,NO,YES,Insurance Cross-Sell,Bank Term Deposit,,20-09-2026,Insurance cross sell offer made to the customer via digital channels,10-09-2026
SYN-027397,profile_only_v1,20260814,True,27397,313158,0.306448,0.341125,0.759624,0.759652,0,0.034678,2.8e-05,0.115478,exact_age,high,30,admin.,married,secondary,no,4457,yes,no,cellular,21,nov,566,4,-1,0,unknown,yes,313158,Female,30,1,21.0,1,< 1 Year,No,39824.0,152.0,277,0,COMPLETED,Y,N,0,N,N,0.0,9.9,Y,INSURANCE,Y,INSURANCE,0.467,0.379,1.0,1.4,SMS,0.958,NO,NO,Insurance Cross-Sell,Bank Term Deposit,Insurance Cross-Sell,20-09-2026,Insurance cross sell offer made to the customer via digital channels,10-09-2026
SYN-031394,profile_only_v1,20260814,True,31394,187358,0.804085,0.878073,0.708384,0.708268,0,0.073988,0.000115,0.246381,exact_age,high,76,retired,divorced,primary,no,3049,no,no,cellular,24,mar,170,3,-1,0,unknown,yes,187358,Female,76,1,6.0,1,1-2 Year,No,31520.0,122.0,48,0,COMPLETED,Y,N,0,N,N,0.596,3.8,N,,Y,TERM_DEPOSIT,0.711,0.583,1.0,1.4,Call,0.615,YES,NO,Service Intervention (Low NPS),Bank Term Deposit,Insurance Cross-Sell,20-09-2026,Service-recovery message -  apology / follow-up communication sent; contact-centre/service task created to address the customer’s recent experience,10-09-2026
SYN-020149,profile_only_v1,20260814,True,20149,345889,0.795152,0.774299,0.735134,0.735156,0,0.020853,2.2e-05,0.069442,exact_age,high,56,blue-collar,married,secondary,no,2750,no,no,cellular,11,aug,115,2,-1,0,unknown,no,345889,Male,56,1,41.0,0,1-2 Year,Yes,38277.0,124.0,23,0,INCOMPLETE,N,N,0,N,N,0.619,5.1,Y,INSURANCE,N,,0.474,1.0,1.0,1.4,App,0.594,NO,NO,Complete KYC,Insurance Cross-Sell,Bank Term Deposit,20-09-2026,KYC completion notification displayed in the mobile app and internet banking; reminder sent through SMS/email; cross-sell offers withheld until KYC is completed,10-09-2026
SYN-021211,profile_only_v1,20260814,True,21211,296938,0.723902,0.702641,0.612941,0.612957,0,0.021262,1.7e-05,0.070801,exact_age,high,49,entrepreneur,married,secondary,no,687,no,no,cellular,18,aug,65,6,-1,0,unknown,no,296938,Male,49,1,8.0,0,1-2 Year,Yes,39175.0,124.0,96,0,COMPLETED,Y,N,0,N,Y,0.587,3.8,N,,N,,0.489,0.591,1.0,1.4,Call,0.632,NO,NO,Service Resolution,Insurance Cross-Sell,Bank Term Deposit,20-09-2026,"Complaint status and resolution options surfaced in the mobile app, internet banking or contact-centre desktop; service follow-up initiated; promotional offers suppressed until resolution",10-09-2026
SYN-022164,profile_only_v1,20260814,True,22164,7270,0.586645,0.58456,0.619407,0.619441,0,0.002085,3.5e-05,0.006944,exact_age,high,41,technician,married,secondary,no,1032,yes,no,cellular,21,aug,64,2,-1,0,unknown,no,7270,Male,41,1,28.0,0,1-2 Year,Yes,41342.0,26.0,267,1,COMPLETED,Y,N,8,N,N,0.162,7.3,N,,Y,TERM_DEPOSIT,0.336,0.982,1.0,1.4,App,0.781,NO,YES,Bank Term Deposit,Insurance Cross-Sell,Bank Term Deposit,20-09-2026,Term Deposit cross sell offer made to the customer via digital channels,10-09-2026
SYN-043032,profile_only_v1,20260814,True,43032,118839,0.432762,0.488171,0.736035,0.73596,0,0.055409,7.5e-05,0.184512,exact_age,high,32,management,married,tertiary,no,905,no,no,cellular,12,feb,666,4,-1,0,unknown,yes,118839,Male,32,1,41.0,0,1-2 Year,No,38314.0,124.0,137,0,COMPLETED,Y,N,0,N,N,0.388,6.6,N,,N,,0.438,0.78,1.0,1.4,Call,0.887,NO,NO,Bank Term Deposit,Insurance Cross-Sell,,20-09-2026,Term Deposit cross sell offer made to the customer via digital channels,10-09-2026
SYN-040120,profile_only_v1,20260814,True,40120,196591,0.668734,0.661624,0.635566,0.635355,0,0.007111,0.000211,0.023684,exact_age,high,46,admin.,married,secondary,no,974,no,no,cellular,5,jun,174,2,80,1,success,yes,196591,Female,46,1,28.0,0,1-2 Year,Yes,41924.0,26.0,190,0,COMPLETED,Y,N,0,N,Y,0.388,7.4,N,,N,,0.994,0.77,1.0,1.4,SMS,0.48,YES,YES,Service Resolution,Bank Term Deposit,Insurance Cross-Sell,20-09-2026,"Complaint status and resolution options surfaced in the mobile app, internet banking or contact-centre desktop; service follow-up initiated; promotional offers suppressed until resolution",10-09-2026
SYN-027355,profile_only_v1,20260814,True,27355,144438,0.270448,0.341125,0.7356,0.735854,0,0.070678,0.000253,0.235358,exact_age,high,30,student,single,tertiary,no,2766,no,no,cellular,21,nov,834,1,-1,0,unknown,yes,144438,Male,30,1,41.0,1,< 1 Year,No,43019.0,152.0,133,0,COMPLETED,Y,N,0,N,N,0.314,6.6,N,,Y,INSURANCE,0.599,0.43,1.0,1.4,SMS,0.682,YES,NO,Insurance Cross-Sell,Bank Term Deposit,Insurance Cross-Sell,20-09-2026,Insurance cross sell offer made to the customer via digital channels,10-09-2026
SYN-006256,profile_only_v1,20260814,True,6256,261199,0.746953,0.737177,0.419907,0.419977,0,0.009777,7e-05,0.032557,exact_age,high,52,technician,divorced,secondary,no,388,yes,yes,unknown,27,may,139,1,-1,0,unknown,no,261199,Male,52,1,8.0,0,1-2 Year,No,33549.0,124.0,151,0,COMPLETED,Y,N,41,Y,Y,0.29,8.5,N,,N,,0.927,0.729,1.0,1.4,App,0.465,NO,NO,Payment Reminder / Collections Resolution,Bank Term Deposit,Insurance Cross-Sell,20-09-2026,"Payment-due reminder sent through the mobile app, internet banking, SMS or email; customer directed to payment options or the collections support journey; sales offers paused",10-09-2026
SYN-028971,profile_only_v1,20260814,True,28971,373971,0.433236,0.53561,0.279246,0.278888,0,0.102373,0.000358,0.340905,exact_age,high,37,services,single,secondary,no,21,yes,no,cellular,2,feb,96,1,271,2,other,no,373971,Female,37,1,41.0,1,1-2 Year,No,23389.0,152.0,109,0,COMPLETED,Y,N,0,N,N,0.35,7.2,N,,N,,0.394,0.385,1.0,1.4,App,0.419,NO,NO,Bank Term Deposit,Insurance Cross-Sell,,20-09-2026,Term Deposit cross sell offer made to the customer via digital channels,10-09-2026
SYN-034933,profile_only_v1,20260814,True,34933,43815,0.688734,0.661624,0.24319,0.243129,0,0.027111,6.1e-05,0.090278,exact_age,high,46,management,married,secondary,no,-27,yes,no,cellular,6,may,289,1,-1,0,unknown,no,43815,Female,46,1,28.0,0,1-2 Year,Yes,24077.0,124.0,198,0,INCOMPLETE,Y,N,0,N,N,0.26,9.4,N,,N,,0.622,0.631,1.0,1.4,SMS,0.721,NO,YES,Complete KYC,Insurance Cross-Sell,Bank Term Deposit,20-09-2026,KYC completion notification displayed in the mobile app and internet banking; reminder sent through SMS/email; cross-sell offers withheld until KYC is completed,10-09-2026
SYN-043589,profile_only_v1,20260814,True,43589,147537,0.407926,0.371625,0.708998,0.709688,0,0.036301,0.00069,0.120895,exact_age,high,33,management,single,tertiary,no,952,yes,no,cellular,29,apr,1241,5,-1,0,unknown,yes,147537,Female,33,1,17.0,0,< 1 Year,Yes,45237.0,31.0,161,0,COMPLETED,Y,N,0,N,Y,0.403,6.6,N,,N,,0.373,0.775,1.0,1.4,Call,0.98,NO,YES,Service Resolution,Insurance Cross-Sell,Bank Term Deposit,20-09-2026,"Complaint status and resolution options surfaced in the mobile app, internet banking or contact-centre desktop; service follow-up initiated; promotional offers suppressed until resolution",10-09-2026
SYN-018165,profile_only_v1,20260814,True,18165,245317,0.555624,0.570481,0.422313,0.422389,0,0.014857,7.6e-05,0.049475,exact_age,high,40,blue-collar,married,secondary,no,384,no,yes,cellular,30,jul,142,3,-1,0,unknown,no,245317,Female,40,1,33.0,0,1-2 Year,Yes,27935.0,154.0,239,0,COMPLETED,Y,N,0,N,N,0.168,7.6,N,,N,,0.514,0.631,1.0,1.4,Call,0.537,NO,YES,Insurance Cross-Sell,Bank Term Deposit,,20-09-2026,Insurance cross sell offer made to the customer via digital channels,10-09-2026
SYN-028643,profile_only_v1,20260814,True,28643,226245,0.726734,0.745624,0.221654,0.214674,0,0.018889,0.00698,0.065278,exact_age,high,46,management,divorced,tertiary,no,-154,yes,yes,cellular,29,jan,150,2,247,2,failure,no,226245,Male,46,1,33.0,0,> 2 Years,Yes,2630.0,124.0,206,0,COMPLETED,Y,N,28,N,N,0.091,7.1,N,,N,,0.418,0.731,1.0,1.4,App,0.46,NO,YES,Insurance Cross-Sell,Bank Term Deposit,,20-09-2026,Insurance cross sell offer made to the customer via digital channels,10-09-2026
SYN-034339,profile_only_v1,20260814,True,34339,271445,0.411926,0.371625,0.351498,0.356286,0,0.040301,0.004788,0.134735,exact_age,high,33,management,married,secondary,no,11,yes,no,cellular,4,may,104,3,-1,0,unknown,no,271445,Male,33,1,37.0,1,< 1 Year,No,29231.0,152.0,41,0,COMPLETED,Y,N,0,N,N,0.7,3.1,N,,Y,TERM_DEPOSIT,0.538,0.433,1.0,1.4,SMS,0.879,NO,NO,Retention Action,Bank Term Deposit,Insurance Cross-Sell,20-09-2026,"Retention message prioritised - fee review, tailored support option and/or save offer; proactive contact task created for the service team; routine cross-sell deferred",10-09-2026
SYN-035551,profile_only_v1,20260814,True,35551,345737,0.535194,0.557608,0.315569,0.31559,0,0.022414,2.1e-05,0.074638,exact_age,high,39,blue-collar,married,secondary,no,62,yes,no,cellular,7,may,877,3,-1,0,unknown,yes,345737,Female,39,1,28.0,0,1-2 Year,Yes,30594.0,163.0,163,0,COMPLETED,N,N,0,N,N,0.559,5.3,N,,N,,0.799,0.756,1.0,1.4,SMS,0.424,NO,YES,No Marketing Action (Consent Withheld),Insurance Cross-Sell,Bank Term Deposit,20-09-2026,Marketing messages and sales offers suppressed across channels in absence of valid consent; only essential service communications retained,10-09-2026
SYN-014870,profile_only_v1,20260814,True,14870,200439,0.309323,0.294061,0.413701,0.413699,0,0.015262,2e-06,0.050821,exact_age,high,27,technician,married,tertiary,no,77,yes,no,cellular,16,jul,143,1,-1,0,unknown,no,200439,Male,27,1,28.0,1,< 1 Year,No,38744.0,152.0,26,0,COMPLETED,Y,N,0,N,N,0.569,5.6,N,,Y,TERM_DEPOSIT,0.263,0.274,1.0,1.4,SMS,0.585,NO,NO,Bank Term Deposit,Bank Term Deposit,Insurance Cross-Sell,20-09-2026,Term Deposit cross sell offer made to the customer via digital channels,10-09-2026
SYN-014461,profile_only_v1,20260814,True,14461,365393,0.69199,0.689673,0.478174,0.478165,0,0.002317,9e-06,0.007715,exact_age,high,48,blue-collar,married,secondary,no,742,yes,yes,cellular,14,jul,304,4,-1,0,unknown,no,365393,Male,48,1,33.0,1,1-2 Year,No,29538.0,16.0,59,0,COMPLETED,Y,N,45,Y,N,0.378,5.0,N,,N,,0.25,0.436,1.0,1.4,SMS,0.774,NO,NO,Payment Reminder / Collections Resolution,Bank Term Deposit,Insurance Cross-Sell,20-09-2026,"Payment-due reminder sent through the mobile app, internet banking, SMS or email; customer directed to payment options or the collections support journey; sales offers paused",10-09-2026
SYN-026706,profile_only_v1,20260814,True,26706,217018,0.479236,0.53561,0.297604,0.298039,0,0.056373,0.000435,0.187727,exact_age,high,37,blue-collar,divorced,secondary,no,33,yes,no,cellular,20,nov,106,2,167,1,failure,no,217018,Male,37,1,28.0,0,1-2 Year,Yes,29552.0,122.0,117,0,COMPLETED,Y,N,0,N,N,0.418,4.7,N,,N,,0.915,0.517,1.0,1.4,Call,0.471,NO,YES,Insurance Cross-Sell,Bank Term Deposit,,20-09-2026,Insurance cross sell offer made to the customer via digital channels,10-09-2026
SYN-030194,profile_only_v1,20260814,True,30194,341840,0.224448,0.341125,0.680424,0.680403,0,0.116678,2.1e-05,0.388538,exact_age,high,30,unemployed,single,secondary,no,2616,no,no,cellular,5,feb,301,1,-1,0,unknown,no,341840,Male,30,1,23.0,1,< 1 Year,No,32995.0,152.0,13,0,COMPLETED,Y,N,82,Y,N,0.686,3.1,N,,N,,0.222,0.308,1.0,1.4,Call,0.713,YES,NO,Payment Reminder / Collections Resolution,Bank Term Deposit,Insurance Cross-Sell,20-09-2026,"Payment-due reminder sent through the mobile app, internet banking, SMS or email; customer directed to payment options or the collections support journey; sales offers paused",10-09-2026
SYN-026852,profile_only_v1,20260814,True,26852,163906,0.489547,0.646451,0.472432,0.47251,0,0.156905,7.8e-05,0.522493,exact_age,high,45,blue-collar,single,unknown,no,816,no,no,cellular,20,nov,279,3,-1,0,unknown,no,163906,Female,45,1,28.0,0,1-2 Year,No,37122.0,124.0,138,0,INCOMPLETE,Y,N,0,N,N,0.262,9.7,N,,N,,0.526,0.618,1.0,1.4,SMS,0.461,NO,NO,Complete KYC,Bank Term Deposit,Insurance Cross-Sell,20-09-2026,KYC completion notification displayed in the mobile app and internet banking; reminder sent through SMS/email; cross-sell offers withheld until KYC is completed,10-09-2026
SYN-008176,profile_only_v1,20260814,True,8176,233587,0.310448,0.341125,0.593989,0.594021,0,0.030678,3.3e-05,0.102158,exact_age,high,30,technician,married,secondary,no,854,yes,no,unknown,2,jun,163,2,-1,0,unknown,no,233587,Female,30,1,8.0,0,< 1 Year,Yes,43234.0,152.0,223,0,COMPLETED,Y,N,0,N,N,0.166,9.2,Y,TERM_DEPOSIT,N,,0.617,0.97,1.0,1.4,Call,0.788,NO,NO,Bank Term Deposit,Insurance Cross-Sell,Bank Term Deposit,20-09-2026,Term Deposit cross sell offer made to the customer via digital channels,10-09-2026
SYN-015227,profile_only_v1,20260814,True,15227,324484,0.391976,0.506981,0.625445,0.625537,0,0.115006,9.2e-05,0.382969,exact_age,high,34,unemployed,married,secondary,no,2126,yes,no,cellular,17,jul,215,2,-1,0,unknown,no,324484,Male,34,1,28.0,0,1-2 Year,Yes,41564.0,154.0,201,0,COMPLETED,Y,N,0,N,N,0.199,8.1,N,,N,,0.491,0.671,1.0,1.4,SMS,0.574,NO,YES,Insurance Cross-Sell,Bank Term Deposit,,20-09-2026,Insurance cross sell offer made to the customer via digital channels,10-09-2026
SYN-005054,profile_only_v1,20260814,True,5054,182570,0.291319,0.312702,0.421227,0.417066,0,0.021383,0.004161,0.071962,exact_age,high,28,unemployed,married,tertiary,no,264,yes,no,unknown,21,may,443,2,-1,0,unknown,no,182570,Male,28,1,11.0,0,< 1 Year,Yes,29281.0,152.0,297,0,COMPLETED,Y,Y,0,N,N,0.042,8.3,N,,N,,0.582,0.917,1.0,1.4,SMS,0.631,NO,NO,Compliance Hold - No Sales Offer,Insurance Cross-Sell,Bank Term Deposit,20-09-2026,Case routed for internal AML/fraud review; a neutral service message displayed stating account activity is restricted,10-09-2026
SYN-032927,profile_only_v1,20260814,True,32927,224392,0.267426,0.352244,0.439136,0.447335,0,0.084818,0.008199,0.283185,exact_age,high,31,services,single,secondary,no,603,yes,yes,cellular,17,apr,185,2,319,2,failure,no,224392,Male,31,1,28.0,1,< 1 Year,No,39060.0,152.0,28,0,COMPLETED,Y,N,2,N,N,0.555,5.3,N,,N,,0.542,0.538,1.0,1.4,App,0.581,NO,NO,Bank Term Deposit,Insurance Cross-Sell,,20-09-2026,Term Deposit cross sell offer made to the customer via digital channels,10-09-2026
SYN-010779,profile_only_v1,20260814,True,10779,104571,0.745766,0.766215,0.572687,0.57267,0,0.020449,1.6e-05,0.068096,exact_age,high,55,technician,married,primary,no,1498,no,yes,unknown,17,jun,345,2,-1,0,unknown,no,104571,Female,55,1,28.0,0,1-2 Year,Yes,39699.0,26.0,246,0,COMPLETED,Y,N,0,N,N,0.128,6.2,N,,Y,TERM_DEPOSIT,0.521,0.775,1.0,1.4,Call,0.935,NO,YES,Bank Term Deposit,Insurance Cross-Sell,Bank Term Deposit,20-09-2026,Term Deposit cross sell offer made to the customer via digital channels,10-09-2026
SYN-023515,profile_only_v1,20260814,True,23515,337959,0.824953,0.821177,0.298707,0.29942,0,0.003777,0.000713,0.012702,exact_age,high,52,management,married,tertiary,no,-542,no,no,cellular,28,aug,80,2,-1,0,unknown,no,337959,Male,52,1,2.0,0,> 2 Years,Yes,19352.0,26.0,69,0,COMPLETED,Y,N,0,N,N,0.591,3.7,N,,Y,TERM_DEPOSIT,0.608,1.0,1.0,1.4,App,0.889,NO,YES,Service Intervention (Low NPS),Insurance Cross-Sell,Bank Term Deposit,20-09-2026,Service-recovery message -  apology / follow-up communication sent; contact-centre/service task created to address the customer’s recent experience,10-09-2026
SYN-026704,profile_only_v1,20260814,True,26704,23587,0.333426,0.352244,0.662989,0.662552,0,0.018818,0.000438,0.062672,exact_age,high,31,admin.,married,secondary,no,3052,yes,yes,cellular,20,nov,115,2,177,2,failure,no,23587,Male,31,1,23.0,0,< 1 Year,Yes,32263.0,156.0,90,0,COMPLETED,Y,N,0,N,N,0.444,8.1,N,,N,,0.697,0.833,1.0,1.4,App,0.627,NO,YES,Insurance Cross-Sell,Bank Term Deposit,,20-09-2026,Insurance cross sell offer made to the customer via digital channels,10-09-2026
SYN-032097,profile_only_v1,20260814,True,32097,190615,0.524645,0.58456,0.507547,0.507289,0,0.059915,0.000259,0.199518,exact_age,high,41,blue-collar,married,primary,no,875,yes,no,cellular,14,apr,189,2,-1,0,unknown,no,190615,Male,41,1,12.0,0,1-2 Year,Yes,26096.0,55.0,243,1,COMPLETED,N,N,88,Y,N,0.262,7.7,N,,N,,0.709,0.802,1.0,1.4,App,0.889,NO,YES,No Marketing Action (Consent Withheld),Insurance Cross-Sell,Bank Term Deposit,20-09-2026,Marketing messages and sales offers suppressed across channels in absence of valid consent; only essential service communications retained,10-09-2026
SYN-009583,profile_only_v1,20260814,True,9583,178678,0.563624,0.570481,0.732966,0.732957,0,0.006857,9e-06,0.022835,exact_age,high,40,admin.,married,secondary,no,2199,no,no,unknown,6,jun,38,3,-1,0,unknown,no,178678,Male,40,1,28.0,0,1-2 Year,Yes,46064.0,156.0,131,0,COMPLETED,Y,N,0,N,N,0.601,7.4,N,,Y,TERM_DEPOSIT,0.166,0.976,1.0,1.4,Email,0.421,NO,YES,Retention Action,Insurance Cross-Sell,Bank Term Deposit,20-09-2026,"Retention message prioritised - fee review, tailored support option and/or save offer; proactive contact task created for the service team; routine cross-sell deferred",10-09-2026
SYN-030917,profile_only_v1,20260814,True,30917,2605,0.283426,0.352244,0.737837,0.738144,0,0.068818,0.000306,0.229164,exact_age,high,31,technician,single,secondary,no,2088,no,no,cellular,9,feb,15,14,-1,0,unknown,no,2605,Female,31,1,4.0,1,< 1 Year,No,36605.0,152.0,60,0,COMPLETED,Y,N,0,N,N,0.601,6.1,N,,N,,0.564,0.614,1.0,1.4,App,0.966,NO,NO,Retention Action,Bank Term Deposit,Insurance Cross-Sell,20-09-2026,"Retention message prioritised - fee review, tailored support option and/or save offer; proactive contact task created for the service team; routine cross-sell deferred",10-09-2026
SYN-008647,profile_only_v1,20260814,True,8647,69975,0.447465,0.516268,0.186072,0.186717,0,0.068803,0.000645,0.229121,exact_age,high,35,admin.,married,secondary,no,-87,yes,no,unknown,3,jun,1363,7,-1,0,unknown,yes,69975,Male,35,1,24.0,1,1-2 Year,Yes,2630.0,157.0,133,0,COMPLETED,Y,N,0,N,N,0.363,6.8,N,,N,,0.865,0.62,1.0,1.4,Branch,0.513,NO,NO,Bank Term Deposit,Insurance Cross-Sell,,20-09-2026,Term Deposit cross sell offer made to the customer via digital channels,10-09-2026
SYN-030265,profile_only_v1,20260814,True,30265,111726,0.912994,0.944842,0.815658,0.815083,0,0.031849,0.000574,0.106066,exact_age,high,71,retired,married,tertiary,no,2651,no,no,cellular,5,feb,531,2,-1,0,unknown,no,111726,Female,71,1,45.0,0,> 2 Years,Yes,35717.0,26.0,187,0,COMPLETED,Y,N,85,Y,N,0.284,6.6,N,,N,,0.376,0.922,1.0,1.4,SMS,0.577,YES,NO,Payment Reminder / Collections Resolution,Bank Term Deposit,Insurance Cross-Sell,20-09-2026,"Payment-due reminder sent through the mobile app, internet banking, SMS or email; customer directed to payment options or the collections support journey; sales offers paused",10-09-2026
SYN-035916,profile_only_v1,20260814,True,35916,197087,0.634639,0.630828,0.565658,0.565569,0,0.003812,8.9e-05,0.012695,exact_age,high,44,admin.,married,secondary,no,1248,yes,yes,cellular,8,may,428,3,-1,0,unknown,no,197087,Female,44,1,11.0,0,1-2 Year,Yes,29495.0,26.0,293,0,COMPLETED,Y,N,3,N,Y,0.15,8.8,N,,N,,0.565,0.571,1.0,1.4,App,0.862,NO,YES,Service Resolution,Insurance Cross-Sell,Bank Term Deposit,20-09-2026,"Complaint status and resolution options surfaced in the mobile app, internet banking or contact-centre desktop; service follow-up initiated; promotional offers suppressed until resolution",10-09-2026
SYN-025882,profile_only_v1,20260814,True,25882,297476,0.376448,0.341125,0.879573,0.818437,0,0.035322,0.061136,0.192861,exact_age,high,30,management,married,tertiary,no,5204,yes,no,cellular,19,nov,117,1,-1,0,unknown,no,297476,Female,30,1,28.0,1,< 1 Year,No,75810.0,152.0,228,0,COMPLETED,Y,N,0,N,N,0.227,8.3,N,,Y,TERM_DEPOSIT,0.622,0.709,1.0,1.4,App,0.971,NO,NO,Bank Term Deposit,Bank Term Deposit,Insurance Cross-Sell,20-09-2026,Term Deposit cross sell offer made to the customer via digital channels,10-09-2026
SYN-016226,profile_only_v1,20260814,True,16226,36153,0.576639,0.630828,0.072068,0.130459,0,0.054188,0.05839,0.2321,exact_age,high,44,blue-collar,married,primary,no,-89,no,yes,cellular,23,jul,187,4,-1,0,unknown,no,36153,Male,44,1,28.0,0,1-2 Year,Yes,2630.0,26.0,60,0,COMPLETED,Y,N,0,N,N,0.595,4.5,N,,N,,0.715,1.0,1.0,1.4,App,0.927,NO,YES,Insurance Cross-Sell,Bank Term Deposit,,20-09-2026,Insurance cross sell offer made to the customer via digital channels,10-09-2026
SYN-042111,profile_only_v1,20260814,True,42111,255714,0.407926,0.371625,0.67403,0.677319,0,0.036301,0.003289,0.121162,exact_age,high,33,management,single,tertiary,no,576,no,no,cellular,2,nov,144,1,-1,0,unknown,no,255714,Male,33,1,11.0,1,< 1 Year,No,36687.0,152.0,116,0,INCOMPLETE,Y,N,0,N,N,0.552,3.9,N,,N,,0.452,0.625,1.0,1.4,Call,0.531,NO,NO,Complete KYC,Bank Term Deposit,Insurance Cross-Sell,20-09-2026,KYC completion notification displayed in the mobile app and internet banking; reminder sent through SMS/email; cross-sell offers withheld until KYC is completed,10-09-2026
SYN-010696,profile_only_v1,20260814,True,10696,312790,0.672142,0.757249,0.597027,0.597002,0,0.085107,2.6e-05,0.283406,exact_age,high,54,technician,divorced,unknown,no,1725,no,no,unknown,16,jun,216,3,-1,0,unknown,no,312790,Female,54,1,28.0,0,1-2 Year,Yes,40545.0,26.0,230,0,INCOMPLETE,Y,N,0,N,N,0.178,8.7,N,,N,,0.013,1.0,1.0,1.4,Branch,0.957,NO,YES,Complete KYC,Insurance Cross-Sell,Bank Term Deposit,20-09-2026,KYC completion notification displayed in the mobile app and internet banking; reminder sent through SMS/email; cross-sell offers withheld until KYC is completed,10-09-2026
SYN-005801,profile_only_v1,20260814,True,5801,12365,0.547194,0.557608,0.197499,0.197201,0,0.010414,0.000298,0.034686,exact_age,high,39,technician,married,secondary,no,-72,yes,no,unknown,26,may,207,2,-1,0,unknown,no,12365,Male,39,1,35.0,0,1-2 Year,Yes,2630.0,124.0,195,0,COMPLETED,Y,N,61,Y,Y,0.355,7.0,N,,N,,0.319,0.921,1.0,1.4,Branch,0.971,NO,YES,Payment Reminder / Collections Resolution,Insurance Cross-Sell,Bank Term Deposit,20-09-2026,"Payment-due reminder sent through the mobile app, internet banking, SMS or email; customer directed to payment options or the collections support journey; sales offers paused",10-09-2026
SYN-001489,profile_only_v1,20260814,True,1489,356269,0.670198,0.714805,0.544629,0.544625,0,0.044608,4e-06,0.148544,exact_age,high,50,blue-collar,married,primary,no,1164,yes,no,unknown,8,may,166,2,-1,0,unknown,no,356269,Female,50,1,28.0,0,1-2 Year,Yes,38740.0,26.0,140,0,COMPLETED,Y,N,0,N,N,0.302,8.4,N,,N,,0.265,0.767,1.0,1.4,Email,0.691,NO,YES,Insurance Cross-Sell,Bank Term Deposit,,20-09-2026,Insurance cross sell offer made to the customer via digital channels,10-09-2026
SYN-023776,profile_only_v1,20260814,True,23776,368584,0.613194,0.641608,0.23702,0.242751,0,0.028414,0.005731,0.095697,exact_age,high,39,management,married,tertiary,no,-17,yes,yes,cellular,28,aug,908,1,-1,0,unknown,yes,368584,Female,39,1,46.0,0,> 2 Years,Yes,2630.0,157.0,79,0,INCOMPLETE,Y,N,0,N,N,0.45,5.9,N,,N,,0.804,0.967,1.0,1.4,SMS,0.847,NO,NO,Complete KYC,Insurance Cross-Sell,Bank Term Deposit,20-09-2026,KYC completion notification displayed in the mobile app and internet banking; reminder sent through SMS/email; cross-sell offers withheld until KYC is completed,10-09-2026
SYN-029949,profile_only_v1,20260814,True,29949,342321,0.433236,0.53561,0.614679,0.614443,0,0.102373,0.000236,0.340904,exact_age,high,37,services,single,secondary,no,1045,no,no,cellular,4,feb,301,1,-1,0,unknown,no,342321,Female,37,1,26.0,0,1-2 Year,Yes,33930.0,124.0,224,1,INCOMPLETE,Y,N,0,N,N,0.093,8.1,N,,N,,0.48,0.997,1.0,1.4,Call,0.544,NO,YES,Complete KYC,Insurance Cross-Sell,Bank Term Deposit,20-09-2026,KYC completion notification displayed in the mobile app and internet banking; reminder sent through SMS/email; cross-sell offers withheld until KYC is completed,10-09-2026
SYN-023786,profile_only_v1,20260814,True,23786,167960,0.583166,0.546112,0.730999,0.730931,0,0.037054,6.8e-05,0.123391,exact_age,high,38,self-employed,married,tertiary,no,1029,no,no,cellular,29,aug,42,2,-1,0,unknown,no,167960,Female,38,1,36.0,1,1-2 Year,No,37972.0,124.0,144,0,COMPLETED,Y,N,23,N,N,0.361,6.0,N,,Y,TERM_DEPOSIT,0.796,0.174,1.0,1.4,App,0.576,NO,NO,Bank Term Deposit,Bank Term Deposit,Insurance Cross-Sell,20-09-2026,Term Deposit cross sell offer made to the customer via digital channels,10-09-2026
SYN-041743,profile_only_v1,20260814,True,41743,226579,0.407926,0.371625,0.820517,0.802274,0,0.036301,0.018244,0.129201,exact_age,high,33,management,single,tertiary,no,1781,no,no,cellular,8,oct,611,2,183,1,success,yes,226579,Female,33,1,35.0,1,< 1 Year,No,49669.0,152.0,160,0,INCOMPLETE,Y,N,0,N,N,0.413,6.2,N,,Y,TERM_DEPOSIT,0.772,0.423,1.0,1.4,Call,0.969,YES,NO,Complete KYC,Bank Term Deposit,Insurance Cross-Sell,20-09-2026,KYC completion notification displayed in the mobile app and internet banking; reminder sent through SMS/email; cross-sell offers withheld until KYC is completed,10-09-2026
SYN-029062,profile_only_v1,20260814,True,29062,17078,0.813969,0.789198,0.2619,0.262298,0,0.02477,0.000398,0.082491,exact_age,high,58,admin.,divorced,secondary,no,0,yes,no,cellular,2,feb,244,1,229,5,other,no,17078,Male,58,1,24.0,1,1-2 Year,No,20553.0,26.0,236,0,COMPLETED,Y,N,0,N,N,0.069,10.0,N,,Y,TERM_DEPOSIT,0.262,0.636,1.0,1.4,SMS,0.448,NO,NO,Bank Term Deposit,Bank Term Deposit,Insurance Cross-Sell,20-09-2026,Term Deposit cross sell offer made to the customer via digital channels,10-09-2026
SYN-019464,profile_only_v1,20260814,True,19464,353522,0.670853,0.683431,0.275235,0.253956,0,0.012577,0.021279,0.067706,exact_age,high,42,management,married,tertiary,no,-323,yes,no,cellular,7,aug,135,2,-1,0,unknown,no,353522,Male,42,1,12.0,0,> 2 Years,Yes,2630.0,157.0,249,0,INCOMPLETE,Y,N,0,N,N,0.0,8.1,N,,N,,0.602,0.712,1.0,1.4,Call,0.813,NO,NO,Complete KYC,Insurance Cross-Sell,Bank Term Deposit,20-09-2026,KYC completion notification displayed in the mobile app and internet banking; reminder sent through SMS/email; cross-sell offers withheld until KYC is completed,10-09-2026
SYN-033759,profile_only_v1,20260814,True,33759,350550,0.754953,0.737177,0.295746,0.295409,0,0.017777,0.000337,0.059202,exact_age,high,52,admin.,married,secondary,no,0,no,no,cellular,22,apr,91,2,275,1,failure,no,350550,Male,52,1,28.0,1,1-2 Year,No,29380.0,26.0,91,0,COMPLETED,Y,N,0,N,N,0.475,3.5,Y,TERM_DEPOSIT,N,,0.442,0.586,1.0,1.4,App,0.893,NO,NO,Service Intervention (Low NPS),Bank Term Deposit,Insurance Cross-Sell,20-09-2026,Service-recovery message -  apology / follow-up communication sent; contact-centre/service task created to address the customer’s recent experience,10-09-2026
SYN-006611,profile_only_v1,20260814,True,6611,127455,0.267426,0.352244,0.2319,0.23185,0,0.084818,5e-05,0.282442,exact_age,high,31,services,single,secondary,no,0,yes,no,unknown,28,may,231,2,-1,0,unknown,no,127455,Male,31,1,21.0,1,< 1 Year,No,22279.0,160.0,270,0,COMPLETED,Y,N,0,N,N,0.0,10.0,N,,N,,0.193,0.463,1.0,1.4,Branch,0.587,NO,NO,Bank Term Deposit,Insurance Cross-Sell,,20-09-2026,Term Deposit cross sell offer made to the customer via digital channels,10-09-2026
SYN-003778,profile_only_v1,20260814,True,3778,15875,0.310448,0.341125,0.108667,0.108987,0,0.030678,0.00032,0.102161,exact_age,high,30,technician,married,secondary,no,-306,yes,yes,unknown,16,may,203,1,-1,0,unknown,no,15875,Female,30,1,46.0,0,< 1 Year,Yes,2630.0,152.0,210,0,INCOMPLETE,Y,N,0,N,Y,0.209,6.6,Y,TERM_DEPOSIT,N,,0.522,0.761,1.0,1.4,Call,0.523,NO,NO,Complete KYC,Insurance Cross-Sell,Bank Term Deposit,20-09-2026,KYC completion notification displayed in the mobile app and internet banking; reminder sent through SMS/email; cross-sell offers withheld until KYC is completed,10-09-2026
SYN-016795,profile_only_v1,20260814,True,16795,203519,0.757676,0.726309,0.772018,0.772031,0,0.031367,1.2e-05,0.104453,exact_age,high,51,management,single,tertiary,no,1565,yes,no,cellular,24,jul,870,3,-1,0,unknown,no,203519,Male,51,1,28.0,0,1-2 Year,Yes,48286.0,26.0,206,1,COMPLETED,Y,N,0,N,N,0.285,7.7,N,,N,,0.427,1.0,1.0,1.4,SMS,0.7,NO,YES,Insurance Cross-Sell,Bank Term Deposit,,20-09-2026,Insurance cross sell offer made to the customer via digital channels,10-09-2026
SYN-002756,profile_only_v1,20260814,True,2756,75752,0.277299,0.328197,0.290823,0.29073,0,0.050898,9.3e-05,0.169489,exact_age,high,29,blue-collar,married,secondary,no,23,yes,no,unknown,14,may,219,4,-1,0,unknown,no,75752,Female,29,1,8.0,1,< 1 Year,No,33214.0,152.0,20,0,COMPLETED,Y,N,0,N,N,0.563,2.0,N,,Y,TERM_DEPOSIT,0.482,0.557,1.0,1.4,SMS,0.582,NO,NO,Service Intervention (Low NPS),Bank Term Deposit,Insurance Cross-Sell,20-09-2026,Service-recovery message -  apology / follow-up communication sent; contact-centre/service task created to address the customer’s recent experience,10-09-2026
SYN-016819,profile_only_v1,20260814,True,16819,178297,0.622127,0.614964,0.328311,0.328295,0,0.007163,1.5e-05,0.023854,exact_age,high,43,technician,married,secondary,no,34,yes,no,cellular,24,jul,96,3,-1,0,unknown,no,178297,Male,43,1,28.0,0,1-2 Year,Yes,31293.0,26.0,136,1,COMPLETED,Y,N,0,N,N,0.36,6.9,N,,N,,0.349,0.692,1.0,1.4,App,0.822,NO,YES,Insurance Cross-Sell,Bank Term Deposit,,20-09-2026,Insurance cross sell offer made to the customer via digital channels,10-09-2026
SYN-041257,profile_only_v1,20260814,True,41257,290358,0.621676,0.726309,0.535134,0.534894,0,0.104633,0.000239,0.348427,exact_age,high,51,housemaid,married,unknown,no,2337,yes,no,cellular,25,aug,46,4,90,7,failure,no,290358,Female,51,1,9.0,1,1-2 Year,No,31002.0,124.0,162,0,COMPLETED,Y,N,0,N,Y,0.234,5.6,N,,Y,INSURANCE,0.41,0.457,1.0,1.4,SMS,0.766,NO,NO,Service Resolution,Bank Term Deposit,Insurance Cross-Sell,20-09-2026,"Complaint status and resolution options surfaced in the mobile app, internet banking or contact-centre desktop; service follow-up initiated; promotional offers suppressed until resolution",10-09-2026
SYN-018729,profile_only_v1,20260814,True,18729,37762,0.550853,0.599431,0.063915,0.130459,0,0.048577,0.066544,0.232041,exact_age,high,42,admin.,married,primary,no,-466,no,yes,telephone,31,jul,94,15,-1,0,unknown,no,37762,Female,42,1,28.0,0,1-2 Year,No,2630.0,26.0,227,0,COMPLETED,Y,N,0,N,N,0.098,9.4,N,,Y,INSURANCE,0.588,0.771,1.0,1.4,Call,0.993,NO,NO,Insurance Cross-Sell,Insurance Cross-Sell,Bank Term Deposit,20-09-2026,Insurance cross sell offer made to the customer via digital channels,10-09-2026
SYN-013323,profile_only_v1,20260814,True,13323,259492,0.651547,0.646451,0.2619,0.261868,0,0.005095,3.2e-05,0.016967,exact_age,high,45,admin.,married,secondary,no,0,yes,no,cellular,8,jul,376,1,-1,0,unknown,no,259492,Male,45,1,28.0,1,1-2 Year,No,26693.0,125.0,247,0,COMPLETED,Y,N,0,N,N,0.09,10.0,N,,N,,0.739,0.298,1.0,1.4,Call,0.696,NO,NO,Bank Term Deposit,Insurance Cross-Sell,,20-09-2026,Term Deposit cross sell offer made to the customer via digital channels,10-09-2026
SYN-027849,profile_only_v1,20260814,True,27849,141391,0.740142,0.757249,0.487653,0.487709,0,0.017107,5.6e-05,0.056966,exact_age,high,54,unemployed,divorced,secondary,no,550,no,no,cellular,28,jan,131,1,-1,0,unknown,no,141391,Male,54,1,46.0,1,1-2 Year,No,27652.0,124.0,207,0,COMPLETED,Y,N,5,N,N,0.226,7.9,N,,N,,0.304,0.446,1.0,1.4,SMS,0.517,NO,NO,Bank Term Deposit,Insurance Cross-Sell,,20-09-2026,Term Deposit cross sell offer made to the customer via digital channels,10-09-2026
SYN-042322,profile_only_v1,20260814,True,42322,111700,0.755002,0.76001,0.749132,0.742237,0,0.005008,0.006895,0.023985,exact_age,high,47,management,married,tertiary,no,999,no,no,cellular,16,nov,111,1,94,1,other,no,111700,Male,47,1,8.0,0,> 2 Years,Yes,45910.0,26.0,77,0,COMPLETED,Y,N,7,N,N,0.482,4.4,N,,Y,TERM_DEPOSIT,0.584,0.839,1.0,1.4,Call,0.537,YES,YES,Bank Term Deposit,Bank Term Deposit,Insurance Cross-Sell,20-09-2026,Term Deposit cross sell offer made to the customer via digital channels,10-09-2026
SYN-019474,profile_only_v1,20260814,True,19474,8344,0.360448,0.341125,0.806621,0.806855,0,0.019322,0.000234,0.064345,exact_age,high,30,technician,married,tertiary,no,2283,no,no,cellular,7,aug,74,2,-1,0,unknown,no,8344,Male,30,1,28.0,0,< 1 Year,Yes,67763.0,121.0,33,0,INCOMPLETE,N,N,0,N,N,0.736,2.8,N,,Y,INSURANCE,0.441,1.0,1.0,1.4,Call,0.55,NO,YES,Complete KYC,Insurance Cross-Sell,Bank Term Deposit,20-09-2026,KYC completion notification displayed in the mobile app and internet banking; reminder sent through SMS/email; cross-sell offers withheld until KYC is completed,10-09-2026
SYN-011016,profile_only_v1,20260814,True,11016,4533,0.211319,0.312702,0.114208,0.115472,0,0.101383,0.001264,0.337621,exact_age,high,28,blue-collar,married,primary,no,0,yes,yes,unknown,17,jun,273,27,-1,0,unknown,no,4533,Female,28,1,49.0,0,< 1 Year,Yes,2630.0,160.0,103,0,COMPLETED,N,N,0,N,N,0.408,7.7,N,,N,,0.606,0.714,1.0,1.4,App,0.755,NO,NO,No Marketing Action (Consent Withheld),Insurance Cross-Sell,Bank Term Deposit,20-09-2026,Marketing messages and sales offers suppressed across channels in absence of valid consent; only essential service communications retained,10-09-2026
SYN-014360,profile_only_v1,20260814,True,14360,4906,0.685002,0.67601,0.291587,0.291467,0,0.008992,0.00012,0.029944,exact_age,high,47,admin.,married,secondary,no,104,yes,yes,cellular,14,jul,77,2,-1,0,unknown,no,4906,Female,47,1,28.0,0,1-2 Year,Yes,29114.0,124.0,35,1,COMPLETED,Y,N,39,Y,N,0.821,3.4,Y,INSURANCE,N,,0.182,0.95,1.0,1.4,Call,0.605,NO,YES,Payment Reminder / Collections Resolution,Insurance Cross-Sell,Bank Term Deposit,20-09-2026,"Payment-due reminder sent through the mobile app, internet banking, SMS or email; customer directed to payment options or the collections support journey; sales offers paused",10-09-2026
SYN-044042,profile_only_v1,20260814,True,44042,57683,0.64599,0.689673,0.660469,0.660698,0,0.043683,0.000229,0.145466,exact_age,high,48,admin.,single,secondary,no,1544,yes,no,telephone,30,jun,263,1,450,2,failure,yes,57683,Male,48,1,22.0,0,1-2 Year,Yes,31393.0,26.0,82,0,COMPLETED,Y,N,0,N,N,0.313,6.8,N,,N,,0.617,0.568,1.0,1.4,Call,0.715,YES,YES,Insurance Cross-Sell,Bank Term Deposit,,20-09-2026,Insurance cross sell offer made to the customer via digital channels,10-09-2026
SYN-006438,profile_only_v1,20260814,True,6438,38394,0.077467,0.194818,0.40125,0.401255,0,0.117351,6e-06,0.390779,exact_age,high,24,technician,single,unknown,no,818,yes,yes,unknown,27,may,953,3,-1,0,unknown,no,38394,Male,24,1,28.0,0,< 1 Year,Yes,38322.0,152.0,149,0,INCOMPLETE,Y,N,0,N,N,0.327,6.2,N,,N,,0.446,0.79,1.0,1.4,SMS,0.414,NO,NO,Complete KYC,Insurance Cross-Sell,Bank Term Deposit,20-09-2026,KYC completion notification displayed in the mobile app and internet banking; reminder sent through SMS/email; cross-sell offers withheld until KYC is completed,10-09-2026
SYN-026968,profile_only_v1,20260814,True,26968,211941,0.658198,0.714805,0.272189,0.272474,0,0.056608,0.000285,0.188505,exact_age,high,50,housemaid,married,primary,no,85,no,no,cellular,21,nov,714,1,-1,0,unknown,no,211941,Male,50,1,28.0,0,1-2 Year,Yes,27684.0,26.0,181,0,COMPLETED,Y,N,30,N,N,0.369,7.8,N,,N,,0.776,0.539,1.0,1.4,SMS,0.625,NO,YES,Insurance Cross-Sell,Bank Term Deposit,,20-09-2026,Insurance cross sell offer made to the customer via digital channels,10-09-2026
SYN-011696,profile_only_v1,20260814,True,11696,181157,0.493624,0.570481,0.49035,0.49038,0,0.076857,3e-05,0.255935,exact_age,high,40,housemaid,married,primary,no,746,no,no,unknown,20,jun,246,3,-1,0,unknown,no,181157,Male,40,1,28.0,1,1-2 Year,No,37741.0,26.0,293,0,COMPLETED,Y,N,0,N,Y,0.104,8.7,N,,N,,0.48,0.718,1.0,1.4,App,0.522,NO,NO,Service Resolution,Bank Term Deposit,Insurance Cross-Sell,20-09-2026,"Complaint status and resolution options surfaced in the mobile app, internet banking or contact-centre desktop; service follow-up initiated; promotional offers suppressed until resolution",10-09-2026
SYN-040424,profile_only_v1,20260814,True,40424,146634,0.283426,0.352244,0.350651,0.348365,0,0.068818,0.002287,0.229234,exact_age,high,31,technician,single,secondary,no,18,no,no,cellular,2,jul,109,1,-1,0,unknown,no,146634,Male,31,1,46.0,1,< 1 Year,No,26467.0,160.0,126,0,INCOMPLETE,Y,N,0,N,N,0.396,6.5,N,,N,,0.292,0.385,1.0,1.4,App,0.644,NO,NO,Complete KYC,Bank Term Deposit,Insurance Cross-Sell,20-09-2026,KYC completion notification displayed in the mobile app and internet banking; reminder sent through SMS/email; cross-sell offers withheld until KYC is completed,10-09-2026
SYN-009858,profile_only_v1,20260814,True,9858,5898,0.639547,0.646451,0.119786,0.130459,0,0.006905,0.010672,0.035222,exact_age,high,45,services,married,secondary,no,-1036,yes,no,unknown,9,jun,65,17,-1,0,unknown,no,5898,Male,45,1,28.0,1,1-2 Year,No,2630.0,26.0,226,0,COMPLETED,Y,N,0,N,N,0.24,7.7,N,,N,,0.621,0.708,1.0,1.4,SMS,0.469,NO,NO,Bank Term Deposit,Insurance Cross-Sell,,20-09-2026,Term Deposit cross sell offer made to the customer via digital channels,10-09-2026
SYN-035450,profile_only_v1,20260814,True,35450,50320,0.459966,0.546112,0.104208,0.130459,0,0.086146,0.026251,0.294276,exact_age,high,38,services,married,primary,no,0,yes,yes,cellular,7,may,127,1,171,2,other,no,50320,Male,38,1,28.0,0,1-2 Year,Yes,2630.0,154.0,120,1,COMPLETED,Y,N,0,N,N,0.507,6.8,N,,N,,0.534,0.798,1.0,1.4,App,0.875,NO,YES,Insurance Cross-Sell,Bank Term Deposit,,20-09-2026,Insurance cross sell offer made to the customer via digital channels,10-09-2026
SYN-017808,profile_only_v1,20260814,True,17808,59980,0.517465,0.516268,0.3719,0.371464,0,0.001197,0.000436,0.004132,exact_age,high,35,management,married,tertiary,no,0,yes,no,telephone,29,jul,399,12,-1,0,unknown,no,59980,Female,35,1,28.0,1,1-2 Year,No,33283.0,124.0,173,1,COMPLETED,Y,N,0,N,N,0.023,9.2,N,,N,,0.192,0.55,1.0,1.4,Call,0.551,NO,NO,Bank Term Deposit,Insurance Cross-Sell,,20-09-2026,Term Deposit cross sell offer made to the customer via digital channels,10-09-2026
SYN-043356,profile_only_v1,20260814,True,43356,78402,0.259002,0.271112,0.789408,0.789333,0,0.01211,7.5e-05,0.040327,exact_age,high,26,management,single,tertiary,no,1370,no,no,cellular,25,mar,231,1,295,1,other,no,78402,Male,26,1,10.0,1,< 1 Year,No,43080.0,152.0,99,0,COMPLETED,Y,N,4,N,N,0.252,7.5,N,,N,,0.367,0.541,1.0,1.4,App,0.767,YES,NO,Bank Term Deposit,Insurance Cross-Sell,,20-09-2026,Term Deposit cross sell offer made to the customer via digital channels,10-09-2026
SYN-041172,profile_only_v1,20260814,True,41172,44047,0.916085,0.878073,0.359746,0.360135,0,0.038012,0.000389,0.126583,exact_age,high,76,retired,married,tertiary,no,0,no,no,telephone,19,aug,170,1,-1,0,unknown,no,44047,Male,76,1,28.0,1,1-2 Year,No,32785.0,122.0,169,0,COMPLETED,Y,N,74,Y,N,0.296,7.6,N,,N,,0.497,0.79,1.0,1.4,Call,0.981,YES,NO,Payment Reminder / Collections Resolution,Bank Term Deposit,Insurance Cross-Sell,20-09-2026,"Payment-due reminder sent through the mobile app, internet banking, SMS or email; customer directed to payment options or the collections support journey; sales offers paused",10-09-2026
SYN-038743,profile_only_v1,20260814,True,38743,65628,0.525966,0.546112,0.459978,0.459514,0,0.020146,0.000464,0.067095,exact_age,high,38,technician,married,secondary,no,525,yes,yes,telephone,18,may,15,7,178,1,other,no,65628,Male,38,1,8.0,0,1-2 Year,Yes,34940.0,124.0,208,0,COMPLETED,Y,N,74,Y,N,0.233,7.8,Y,TERM_DEPOSIT,N,,0.379,0.856,1.0,1.4,Branch,0.7,NO,NO,Payment Reminder / Collections Resolution,Insurance Cross-Sell,Bank Term Deposit,20-09-2026,"Payment-due reminder sent through the mobile app, internet banking, SMS or email; customer directed to payment options or the collections support journey; sales offers paused",10-09-2026
SYN-027123,profile_only_v1,20260814,True,27123,203970,0.656734,0.661624,0.73123,0.730916,0,0.004889,0.000314,0.016301,exact_age,high,46,services,married,secondary,no,2948,no,no,cellular,21,nov,893,1,-1,0,unknown,yes,203970,Male,46,1,38.0,0,1-2 Year,Yes,33504.0,124.0,27,0,COMPLETED,N,N,0,N,N,0.571,4.5,N,,N,,0.493,0.748,1.0,1.4,SMS,0.555,NO,YES,No Marketing Action (Consent Withheld),Insurance Cross-Sell,Bank Term Deposit,20-09-2026,Marketing messages and sales offers suppressed across channels in absence of valid consent; only essential service communications retained,10-09-2026
SYN-034787,profile_only_v1,20260814,True,34787,67600,0.508836,0.53561,0.218208,0.218121,0,0.026773,8.7e-05,0.089156,exact_age,high,37,entrepreneur,married,secondary,no,0,yes,yes,cellular,6,may,160,2,-1,0,unknown,no,67600,Male,37,1,13.0,0,1-2 Year,Yes,2630.0,157.0,161,0,COMPLETED,Y,N,46,Y,N,0.336,4.9,N,,Y,TERM_DEPOSIT,0.696,1.0,1.0,1.4,App,0.786,NO,YES,Payment Reminder / Collections Resolution,Insurance Cross-Sell,Bank Term Deposit,20-09-2026,"Payment-due reminder sent through the mobile app, internet banking, SMS or email; customer directed to payment options or the collections support journey; sales offers paused",10-09-2026
SYN-035193,profile_only_v1,20260814,True,35193,213338,0.391926,0.371625,0.16243,0.162531,0,0.020301,0.000101,0.067603,exact_age,high,33,admin.,married,secondary,no,-370,yes,no,cellular,7,may,261,1,345,1,failure,yes,213338,Female,33,1,15.0,0,< 1 Year,Yes,21514.0,124.0,238,1,COMPLETED,Y,N,33,Y,N,0.25,8.1,N,,Y,TERM_DEPOSIT,0.555,0.778,1.0,1.4,SMS,0.995,NO,YES,Payment Reminder / Collections Resolution,Insurance Cross-Sell,Bank Term Deposit,20-09-2026,"Payment-due reminder sent through the mobile app, internet banking, SMS or email; customer directed to payment options or the collections support journey; sales offers paused",10-09-2026
SYN-012751,profile_only_v1,20260814,True,12751,344299,0.560734,0.661624,0.620071,0.620041,0,0.100889,3e-05,0.335962,exact_age,high,46,unknown,married,unknown,no,2911,no,no,telephone,7,jul,41,9,-1,0,unknown,no,344299,Male,46,1,8.0,0,1-2 Year,Yes,39422.0,25.0,22,0,COMPLETED,N,N,0,N,N,0.488,5.6,Y,TERM_DEPOSIT,Y,INSURANCE,0.282,0.991,1.0,1.4,Call,0.918,NO,YES,No Marketing Action (Consent Withheld),Insurance Cross-Sell,Bank Term Deposit,20-09-2026,Marketing messages and sales offers suppressed across channels in absence of valid consent; only essential service communications retained,10-09-2026
SYN-032664,profile_only_v1,20260814,True,32664,197915,0.203319,0.312702,0.395205,0.395148,0,0.109383,5.7e-05,0.364246,exact_age,high,28,services,single,secondary,no,437,yes,yes,cellular,17,apr,219,1,322,2,failure,no,197915,Male,28,1,33.0,1,< 1 Year,No,29938.0,152.0,231,0,COMPLETED,Y,N,0,N,N,0.0,7.8,N,,N,,0.478,0.571,1.0,1.4,SMS,0.591,NO,NO,Bank Term Deposit,Insurance Cross-Sell,,20-09-2026,Term Deposit cross sell offer made to the customer via digital channels,10-09-2026
SYN-041019,profile_only_v1,20260814,True,41019,224772,0.696198,0.714805,0.245746,0.245122,0,0.018608,0.000624,0.061983,exact_age,high,50,housemaid,divorced,secondary,no,0,no,no,telephone,13,aug,43,1,105,2,failure,no,224772,Female,50,1,28.0,0,1-2 Year,Yes,24451.0,26.0,134,0,COMPLETED,Y,N,70,Y,N,0.392,6.9,N,,Y,TERM_DEPOSIT,0.251,0.854,1.0,1.4,Call,0.819,NO,YES,Payment Reminder / Collections Resolution,Insurance Cross-Sell,Bank Term Deposit,20-09-2026,"Payment-due reminder sent through the mobile app, internet banking, SMS or email; customer directed to payment options or the collections support journey; sales offers paused",10-09-2026
SYN-024527,profile_only_v1,20260814,True,24527,106710,0.693907,0.747493,0.348003,0.348348,0,0.053586,0.000345,0.178442,exact_age,high,53,services,divorced,primary,no,200,no,no,cellular,17,nov,182,3,-1,0,unknown,no,106710,Male,53,1,6.0,0,1-2 Year,Yes,22645.0,154.0,290,1,COMPLETED,Y,N,42,Y,N,0.005,10.0,N,,N,,0.593,1.0,1.0,1.4,Call,0.87,NO,YES,Payment Reminder / Collections Resolution,Insurance Cross-Sell,Bank Term Deposit,20-09-2026,"Payment-due reminder sent through the mobile app, internet banking, SMS or email; customer directed to payment options or the collections support journey; sales offers paused",10-09-2026
SYN-030743,profile_only_v1,20260814,True,30743,356304,0.469976,0.506981,0.592311,0.591942,0,0.037006,0.000369,0.123232,exact_age,high,34,admin.,married,tertiary,no,457,no,no,cellular,6,feb,144,5,-1,0,unknown,no,356304,Female,34,1,8.0,1,1-2 Year,No,38476.0,124.0,54,0,COMPLETED,N,N,0,N,N,0.604,4.4,Y,INSURANCE,Y,INSURANCE,0.338,0.603,1.0,1.4,SMS,0.855,NO,NO,No Marketing Action (Consent Withheld),Bank Term Deposit,Insurance Cross-Sell,20-09-2026,Marketing messages and sales offers suppressed across channels in absence of valid consent; only essential service communications retained,10-09-2026
SYN-013243,profile_only_v1,20260814,True,13243,254970,0.866643,0.886975,0.343639,0.343682,0,0.020332,4.4e-05,0.067704,exact_age,high,60,management,married,secondary,no,49,no,yes,cellular,8,jul,76,2,-1,0,unknown,no,254970,Male,60,1,28.0,0,> 2 Years,Yes,31144.0,122.0,182,0,COMPLETED,Y,N,0,N,N,0.231,7.2,N,,N,,0.207,0.94,1.0,1.4,Call,0.752,NO,YES,Insurance Cross-Sell,Bank Term Deposit,,20-09-2026,Insurance cross sell offer made to the customer via digital channels,10-09-2026
SYN-028347,profile_only_v1,20260814,True,28347,159601,0.227323,0.294061,0.589003,0.588918,0,0.066738,8.4e-05,0.222239,exact_age,high,27,unemployed,married,secondary,no,1167,no,no,cellular,29,jan,394,1,-1,0,unknown,no,159601,Male,27,1,30.0,1,< 1 Year,No,31595.0,152.0,73,0,COMPLETED,Y,N,30,N,N,0.483,4.5,N,,N,,0.235,0.554,1.0,1.4,Call,0.913,YES,NO,Bank Term Deposit,Insurance Cross-Sell,,20-09-2026,Term Deposit cross sell offer made to the customer via digital channels,10-09-2026
SYN-019808,profile_only_v1,20260814,True,19808,258237,0.341926,0.371625,0.78573,0.785855,0,0.029699,0.000125,0.098898,exact_age,high,33,technician,single,secondary,no,5833,yes,no,cellular,8,aug,93,2,-1,0,unknown,no,258237,Female,33,1,30.0,1,< 1 Year,No,43362.0,152.0,37,0,COMPLETED,Y,N,83,Y,N,0.484,3.4,N,,N,,0.666,0.428,1.0,1.4,SMS,0.794,NO,NO,Payment Reminder / Collections Resolution,Bank Term Deposit,Insurance Cross-Sell,20-09-2026,"Payment-due reminder sent through the mobile app, internet banking, SMS or email; customer directed to payment options or the collections support journey; sales offers paused",10-09-2026
SYN-020258,profile_only_v1,20260814,True,20258,164967,0.684734,0.661624,0.618319,0.618152,0,0.023111,0.000166,0.076959,exact_age,high,46,management,single,tertiary,no,379,no,no,cellular,11,aug,83,6,-1,0,unknown,no,164967,Female,46,1,28.0,0,1-2 Year,Yes,41293.0,26.0,196,0,COMPLETED,N,N,42,Y,N,0.283,7.2,Y,INSURANCE,N,,0.397,0.763,1.0,1.4,Call,0.63,NO,YES,No Marketing Action (Consent Withheld),Insurance Cross-Sell,Bank Term Deposit,20-09-2026,Marketing messages and sales offers suppressed across channels in absence of valid consent; only essential service communications retained,10-09-2026
SYN-015071,profile_only_v1,20260814,True,15071,340299,0.75399,0.773673,0.618868,0.615312,0,0.019683,0.003557,0.066145,exact_age,high,48,technician,married,tertiary,no,658,yes,no,cellular,17,jul,89,1,-1,0,unknown,no,340299,Female,48,1,28.0,0,> 2 Years,Yes,42606.0,124.0,119,1,INCOMPLETE,Y,N,0,N,N,0.496,3.0,Y,INSURANCE,N,,0.395,1.0,1.0,1.4,SMS,0.918,NO,YES,Complete KYC,Insurance Cross-Sell,Bank Term Deposit,20-09-2026,KYC completion notification displayed in the mobile app and internet banking; reminder sent through SMS/email; cross-sell offers withheld until KYC is completed,10-09-2026
SYN-004415,profile_only_v1,20260814,True,4415,17077,0.322448,0.341125,0.842286,0.826,0,0.018678,0.016286,0.074339,exact_age,high,30,management,single,tertiary,no,3110,yes,no,unknown,20,may,133,1,-1,0,unknown,no,17077,Male,30,1,30.0,1,< 1 Year,No,66729.0,152.0,269,0,COMPLETED,Y,N,0,N,N,0.069,8.5,N,,N,,0.488,0.383,1.0,1.4,SMS,0.996,NO,NO,Bank Term Deposit,Insurance Cross-Sell,,20-09-2026,Term Deposit cross sell offer made to the customer via digital channels,10-09-2026
SYN-031306,profile_only_v1,20260814,True,31306,48967,0.622127,0.614964,0.688613,0.688665,0,0.007163,5.2e-05,0.023854,exact_age,high,43,technician,married,secondary,no,1358,no,no,cellular,10,mar,159,3,-1,0,unknown,yes,48967,Male,43,1,28.0,1,1-2 Year,No,44036.0,26.0,194,0,COMPLETED,Y,N,20,N,N,0.245,7.1,Y,INSURANCE,N,,0.363,0.535,1.0,1.4,App,0.947,NO,NO,Insurance Cross-Sell,Bank Term Deposit,Insurance Cross-Sell,20-09-2026,Insurance cross sell offer made to the customer via digital channels,10-09-2026
SYN-004952,profile_only_v1,20260814,True,4952,239452,0.435976,0.380981,0.753827,0.756379,0,0.054994,0.002552,0.183242,exact_age,high,34,management,single,tertiary,no,1350,yes,no,unknown,21,may,68,1,-1,0,unknown,no,239452,Male,34,1,8.0,1,< 1 Year,No,54102.0,152.0,111,0,COMPLETED,Y,N,71,Y,N,0.412,6.6,Y,INSURANCE,N,,0.671,0.503,1.0,1.4,Branch,0.853,NO,NO,Payment Reminder / Collections Resolution,Bank Term Deposit,Insurance Cross-Sell,20-09-2026,"Payment-due reminder sent through the mobile app, internet banking, SMS or email; customer directed to payment options or the collections support journey; sales offers paused",10-09-2026
SYN-042465,profile_only_v1,20260814,True,42465,109871,0.754297,0.781862,0.535361,0.535644,0,0.027565,0.000283,0.091795,exact_age,high,57,retired,divorced,primary,no,698,no,no,telephone,9,dec,135,3,191,2,failure,no,109871,Male,57,1,6.0,0,1-2 Year,Yes,26987.0,116.0,187,0,COMPLETED,N,N,0,N,N,0.25,10.0,N,,N,,0.64,1.0,1.0,1.4,Branch,0.751,NO,YES,No Marketing Action (Consent Withheld),Insurance Cross-Sell,Bank Term Deposit,20-09-2026,Marketing messages and sales offers suppressed across channels in absence of valid consent; only essential service communications retained,10-09-2026
SYN-021500,profile_only_v1,20260814,True,21500,177403,0.786198,0.798805,0.478112,0.479929,0,0.012608,0.001816,0.042229,exact_age,high,50,management,divorced,tertiary,no,60,no,no,cellular,19,aug,255,2,-1,0,unknown,no,177403,Male,50,1,28.0,0,> 2 Years,Yes,38357.0,124.0,96,0,COMPLETED,Y,N,0,N,N,0.409,6.2,N,,N,,0.755,0.824,1.0,1.4,App,0.498,NO,YES,Insurance Cross-Sell,Bank Term Deposit,,20-09-2026,Insurance cross sell offer made to the customer via digital channels,10-09-2026
SYN-003669,profile_only_v1,20260814,True,3669,8698,0.501624,0.570481,0.597367,0.59738,0,0.068857,1.3e-05,0.229295,exact_age,high,40,blue-collar,single,secondary,no,1101,yes,no,unknown,16,may,214,1,-1,0,unknown,no,8698,Male,40,1,28.0,0,1-2 Year,Yes,40557.0,122.0,280,1,COMPLETED,Y,N,0,N,Y,0.102,6.6,N,,N,,0.461,0.569,1.0,1.4,Branch,0.851,NO,YES,Service Resolution,Insurance Cross-Sell,Bank Term Deposit,20-09-2026,"Complaint status and resolution options surfaced in the mobile app, internet banking or contact-centre desktop; service follow-up initiated; promotional offers suppressed until resolution",10-09-2026
SYN-003949,profile_only_v1,20260814,True,3949,323879,0.670198,0.714805,0.337898,0.337859,0,0.044608,3.9e-05,0.148544,exact_age,high,50,blue-collar,married,primary,no,231,yes,no,unknown,16,may,171,4,-1,0,unknown,no,323879,Male,50,1,2.0,0,1-2 Year,Yes,24717.0,26.0,141,0,COMPLETED,Y,N,0,N,N,0.378,7.9,N,,N,,0.738,0.834,1.0,1.4,Call,0.909,NO,YES,Insurance Cross-Sell,Bank Term Deposit,,20-09-2026,Insurance cross sell offer made to the customer via digital channels,10-09-2026
SYN-011565,profile_only_v1,20260814,True,11565,191845,0.742953,0.737177,0.321895,0.321916,0,0.005777,2.1e-05,0.019236,exact_age,high,52,admin.,divorced,secondary,no,98,no,yes,unknown,19,jun,148,1,-1,0,unknown,no,191845,Male,52,1,28.0,1,1-2 Year,No,30942.0,124.0,94,0,COMPLETED,Y,N,0,N,N,0.52,4.9,N,,N,,0.681,0.476,1.0,1.4,SMS,0.644,NO,NO,Bank Term Deposit,Insurance Cross-Sell,,20-09-2026,Term Deposit cross sell offer made to the customer via digital channels,10-09-2026
SYN-030713,profile_only_v1,20260814,True,30713,15914,0.493624,0.570481,0.604227,0.604204,0,0.076857,2.3e-05,0.255935,exact_age,high,40,housemaid,married,primary,no,1832,no,no,cellular,6,feb,213,4,-1,0,unknown,no,15914,Male,40,1,21.0,1,1-2 Year,No,29048.0,26.0,111,0,COMPLETED,Y,N,0,N,N,0.397,6.9,N,,Y,TERM_DEPOSIT,0.301,0.441,1.0,1.4,SMS,0.649,NO,NO,Bank Term Deposit,Bank Term Deposit,Insurance Cross-Sell,20-09-2026,Term Deposit cross sell offer made to the customer via digital channels,10-09-2026
SYN-038653,profile_only_v1,20260814,True,38653,32778,0.651547,0.646451,0.273396,0.27335,0,0.005095,4.6e-05,0.016967,exact_age,high,45,admin.,married,secondary,no,72,yes,yes,cellular,15,may,262,2,352,2,failure,no,32778,Male,45,1,6.0,1,1-2 Year,No,19491.0,152.0,176,0,COMPLETED,Y,N,46,Y,N,0.21,7.2,N,,N,,0.674,0.555,1.0,1.4,App,0.933,NO,NO,Payment Reminder / Collections Resolution,Bank Term Deposit,Insurance Cross-Sell,20-09-2026,"Payment-due reminder sent through the mobile app, internet banking, SMS or email; customer directed to payment options or the collections support journey; sales offers paused",10-09-2026
SYN-010984,profile_only_v1,20260814,True,10984,375340,0.493624,0.570481,0.378489,0.378575,0,0.076857,8.6e-05,0.255935,exact_age,high,40,housemaid,married,primary,no,322,no,no,unknown,17,jun,140,2,-1,0,unknown,no,375340,Female,40,1,28.0,0,1-2 Year,Yes,33591.0,157.0,286,0,COMPLETED,Y,N,10,N,N,0.091,10.0,N,,N,,0.651,0.853,1.0,1.4,Branch,0.866,NO,YES,Insurance Cross-Sell,Bank Term Deposit,,20-09-2026,Insurance cross sell offer made to the customer via digital channels,10-09-2026
SYN-021803,profile_only_v1,20260814,True,21803,363544,0.337426,0.352244,0.305746,0.305872,0,0.014818,0.000125,0.049343,exact_age,high,31,technician,married,secondary,no,0,no,no,cellular,20,aug,117,4,-1,0,unknown,no,363544,Female,31,1,41.0,0,< 1 Year,Yes,28107.0,152.0,281,1,COMPLETED,Y,N,0,N,N,0.0,10.0,N,,Y,TERM_DEPOSIT,0.591,0.997,1.0,1.4,Call,0.69,NO,NO,Bank Term Deposit,Insurance Cross-Sell,Bank Term Deposit,20-09-2026,Term Deposit cross sell offer made to the customer via digital channels,10-09-2026
SYN-017795,profile_only_v1,20260814,True,17795,79636,0.668734,0.661624,0.549177,0.549187,0,0.007111,1e-05,0.023678,exact_age,high,46,admin.,married,secondary,no,659,yes,no,telephone,29,jul,1127,11,-1,0,unknown,yes,79636,Male,46,1,28.0,0,1-2 Year,Yes,38894.0,26.0,57,0,COMPLETED,Y,N,0,N,N,0.531,6.5,N,,N,,0.352,0.811,1.0,1.4,Branch,0.653,NO,YES,Insurance Cross-Sell,Bank Term Deposit,,20-09-2026,Insurance cross sell offer made to the customer via digital channels,10-09-2026
SYN-009301,profile_only_v1,20260814,True,9301,233894,0.626639,0.630828,0.337247,0.337162,0,0.004188,8.5e-05,0.013949,exact_age,high,44,blue-collar,married,secondary,no,249,yes,yes,unknown,5,jun,173,3,-1,0,unknown,no,233894,Male,44,1,47.0,0,1-2 Year,Yes,26373.0,26.0,123,1,COMPLETED,Y,N,0,N,N,0.422,5.1,N,,Y,TERM_DEPOSIT,0.414,0.892,1.0,1.4,Call,0.786,NO,YES,Bank Term Deposit,Insurance Cross-Sell,Bank Term Deposit,20-09-2026,Term Deposit cross sell offer made to the customer via digital channels,10-09-2026
SYN-004080,profile_only_v1,20260814,True,4080,7729,0.742953,0.737177,0.197908,0.197201,0,0.005777,0.000707,0.019318,exact_age,high,52,admin.,divorced,secondary,no,-342,no,no,unknown,19,may,153,1,-1,0,unknown,no,7729,Female,52,1,35.0,0,1-2 Year,Yes,2630.0,26.0,23,0,COMPLETED,Y,N,0,N,N,0.554,3.7,N,,N,,0.435,0.747,1.0,1.4,Email,0.795,NO,YES,Service Intervention (Low NPS),Insurance Cross-Sell,Bank Term Deposit,20-09-2026,Service-recovery message -  apology / follow-up communication sent; contact-centre/service task created to address the customer’s recent experience,10-09-2026
SYN-005222,profile_only_v1,20260814,True,5222,33416,0.449236,0.53561,0.479282,0.479274,0,0.086373,9e-06,0.287624,exact_age,high,37,technician,single,secondary,no,363,yes,no,unknown,23,may,110,3,-1,0,unknown,no,33416,Female,37,1,10.0,1,1-2 Year,No,26536.0,124.0,251,0,COMPLETED,Y,N,0,N,N,0.028,10.0,N,,Y,INSURANCE,0.662,0.396,1.0,1.4,Branch,0.641,NO,NO,Insurance Cross-Sell,Bank Term Deposit,Insurance Cross-Sell,20-09-2026,Insurance cross sell offer made to the customer via digital channels,10-09-2026
SYN-020526,profile_only_v1,20260814,True,20526,323608,0.435976,0.506981,0.834051,0.834056,0,0.071006,5e-06,0.236449,exact_age,high,34,management,single,tertiary,no,2835,yes,no,cellular,12,aug,107,2,-1,0,unknown,no,323608,Male,34,1,3.0,0,1-2 Year,Yes,35982.0,124.0,114,1,COMPLETED,Y,N,30,N,N,0.4,6.7,N,,N,,0.475,0.818,1.0,1.4,SMS,0.503,NO,YES,Insurance Cross-Sell,Bank Term Deposit,,20-09-2026,Insurance cross sell offer made to the customer via digital channels,10-09-2026
SYN-004977,profile_only_v1,20260814,True,4977,97620,0.394062,0.399716,0.054263,0.051878,0,0.005654,0.002385,0.019749,exact_age,high,36,management,married,unknown,no,-35,yes,yes,unknown,21,may,17,2,-1,0,unknown,no,97620,Male,36,1,8.0,0,< 1 Year,No,2630.0,1.0,125,0,COMPLETED,Y,N,0,N,N,0.403,5.1,N,,N,,0.463,0.79,1.0,1.4,App,0.591,NO,NO,Bank Term Deposit,Insurance Cross-Sell,,20-09-2026,Term Deposit cross sell offer made to the customer via digital channels,10-09-2026
SYN-032654,profile_only_v1,20260814,True,32654,197750,0.298448,0.341125,0.202046,0.201802,0,0.042678,0.000245,0.142119,exact_age,high,30,blue-collar,married,secondary,no,2,yes,yes,cellular,17,apr,291,2,326,1,failure,no,197750,Female,30,1,8.0,1,< 1 Year,No,28737.0,152.0,240,0,COMPLETED,Y,N,0,N,N,0.087,8.9,Y,INSURANCE,N,,0.484,0.663,1.0,1.4,SMS,0.728,NO,NO,Insurance Cross-Sell,Bank Term Deposit,Insurance Cross-Sell,20-09-2026,Insurance cross sell offer made to the customer via digital channels,10-09-2026
SYN-026881,profile_only_v1,20260814,True,26881,240121,0.466062,0.525716,0.704394,0.704392,0,0.059654,2e-06,0.198647,exact_age,high,36,blue-collar,married,secondary,no,2848,yes,no,cellular,20,nov,265,3,-1,0,unknown,no,240121,Female,36,1,29.0,0,1-2 Year,Yes,35170.0,124.0,19,1,COMPLETED,Y,N,0,N,Y,0.485,5.2,N,,Y,TERM_DEPOSIT,0.581,0.988,1.0,1.4,SMS,0.838,NO,YES,Service Resolution,Insurance Cross-Sell,Bank Term Deposit,20-09-2026,"Complaint status and resolution options surfaced in the mobile app, internet banking or contact-centre desktop; service follow-up initiated; promotional offers suppressed until resolution",10-09-2026
SYN-030927,profile_only_v1,20260814,True,30927,228193,0.253299,0.328197,0.2519,0.251874,0,0.074898,2.7e-05,0.249409,exact_age,high,29,unemployed,single,tertiary,no,0,yes,no,cellular,9,feb,102,3,12,3,other,no,228193,Male,29,1,8.0,1,< 1 Year,No,31516.0,152.0,120,0,COMPLETED,Y,N,0,N,N,0.467,3.1,N,,N,,0.633,0.197,1.0,1.4,SMS,0.999,NO,NO,Service Intervention (Low NPS),Bank Term Deposit,Insurance Cross-Sell,20-09-2026,Service-recovery message -  apology / follow-up communication sent; contact-centre/service task created to address the customer’s recent experience,10-09-2026
SYN-018505,profile_only_v1,20260814,True,18505,374709,0.621547,0.646451,0.683204,0.683297,0,0.024905,9.3e-05,0.082934,exact_age,high,45,management,married,primary,no,1533,no,no,cellular,31,jul,83,4,-1,0,unknown,no,374709,Male,45,1,8.0,0,1-2 Year,Yes,41749.0,124.0,219,0,COMPLETED,Y,N,0,N,N,0.239,7.9,N,,N,,0.631,0.912,1.0,1.4,SMS,0.844,NO,NO,Insurance Cross-Sell,Bank Term Deposit,,20-09-2026,Insurance cross sell offer made to the customer via digital channels,10-09-2026
SYN-016033,profile_only_v1,20260814,True,16033,209381,0.179427,0.238833,0.306805,0.306886,0,0.059407,8.1e-05,0.197825,exact_age,high,25,admin.,single,secondary,no,18,yes,no,cellular,22,jul,129,1,-1,0,unknown,no,209381,Male,25,1,8.0,1,< 1 Year,No,33853.0,152.0,108,0,COMPLETED,Y,N,0,N,N,0.399,8.3,N,,Y,INSURANCE,0.348,0.712,1.0,1.4,App,0.802,NO,NO,Insurance Cross-Sell,Bank Term Deposit,Insurance Cross-Sell,20-09-2026,Insurance cross sell offer made to the customer via digital channels,10-09-2026
SYN-003443,profile_only_v1,20260814,True,3443,38728,0.588853,0.599431,0.581237,0.581241,0,0.010577,4e-06,0.035223,exact_age,high,42,services,married,secondary,no,1048,yes,no,unknown,15,may,51,1,-1,0,unknown,no,38728,Female,42,1,39.0,0,1-2 Year,No,31721.0,124.0,222,0,INCOMPLETE,Y,Y,0,N,Y,0.059,9.9,N,,N,,0.487,0.86,1.0,1.4,Email,0.87,NO,NO,Complete KYC,Insurance Cross-Sell,Bank Term Deposit,20-09-2026,KYC completion notification displayed in the mobile app and internet banking; reminder sent through SMS/email; cross-sell offers withheld until KYC is completed,10-09-2026
SYN-028613,profile_only_v1,20260814,True,28613,364883,0.407926,0.371625,0.333703,0.334533,0,0.036301,0.00083,0.1209,exact_age,high,33,management,single,tertiary,no,-53,no,no,cellular,29,jan,617,2,-1,0,unknown,no,364883,Female,33,1,28.0,0,< 1 Year,Yes,35890.0,26.0,113,1,COMPLETED,Y,N,0,N,N,0.296,7.1,N,,N,,0.644,0.939,1.0,1.4,Call,0.638,NO,YES,Insurance Cross-Sell,Bank Term Deposit,,20-09-2026,Insurance cross sell offer made to the customer via digital channels,10-09-2026
SYN-014741,profile_only_v1,20260814,True,14741,72124,0.772142,0.757249,0.512096,0.507267,0,0.014893,0.004829,0.051043,exact_age,high,54,technician,divorced,secondary,no,765,yes,yes,cellular,15,jul,812,3,-1,0,unknown,no,72124,Female,54,1,28.0,0,1-2 Year,Yes,38312.0,26.0,81,1,COMPLETED,Y,N,63,Y,N,0.332,3.2,N,,N,,0.473,0.876,1.0,1.4,App,0.878,NO,YES,Payment Reminder / Collections Resolution,Insurance Cross-Sell,Bank Term Deposit,20-09-2026,"Payment-due reminder sent through the mobile app, internet banking, SMS or email; customer directed to payment options or the collections support journey; sales offers paused",10-09-2026
SYN-001909,profile_only_v1,20260814,True,1909,262043,0.578334,0.661624,0.326012,0.326218,0,0.083289,0.000206,0.277354,exact_age,high,46,entrepreneur,married,unknown,no,242,yes,no,unknown,9,may,332,2,-1,0,unknown,no,262043,Female,46,1,8.0,0,1-2 Year,Yes,29717.0,124.0,70,0,COMPLETED,Y,N,0,N,N,0.549,5.3,N,,N,,0.35,0.727,1.0,1.4,SMS,0.585,NO,YES,Insurance Cross-Sell,Bank Term Deposit,,20-09-2026,Insurance cross sell offer made to the customer via digital channels,10-09-2026
SYN-011389,profile_only_v1,20260814,True,11389,210059,0.731742,0.757249,0.662965,0.662632,0,0.025507,0.000333,0.084942,exact_age,high,54,retired,married,primary,no,1925,no,no,unknown,19,jun,348,3,-1,0,unknown,no,210059,Female,54,1,23.0,0,1-2 Year,Yes,29540.0,154.0,180,0,COMPLETED,Y,N,0,N,Y,0.443,4.4,N,,N,,0.238,0.739,1.0,1.4,App,0.702,NO,YES,Service Resolution,Insurance Cross-Sell,Bank Term Deposit,20-09-2026,"Complaint status and resolution options surfaced in the mobile app, internet banking or contact-centre desktop; service follow-up initiated; promotional offers suppressed until resolution",10-09-2026
SYN-028348,profile_only_v1,20260814,True,28348,284261,0.906823,0.880222,0.782748,0.789325,0,0.026601,0.006577,0.090094,exact_age,high,59,management,married,tertiary,no,2365,no,yes,cellular,29,jan,36,1,188,4,failure,no,284261,Female,59,1,28.0,0,> 2 Years,Yes,49999.0,26.0,113,0,COMPLETED,Y,N,0,N,Y,0.512,5.9,N,,Y,TERM_DEPOSIT,0.543,1.0,1.0,1.4,SMS,0.966,NO,YES,Service Resolution,Insurance Cross-Sell,Bank Term Deposit,20-09-2026,"Complaint status and resolution options surfaced in the mobile app, internet banking or contact-centre desktop; service follow-up initiated; promotional offers suppressed until resolution",10-09-2026
SYN-035036,profile_only_v1,20260814,True,35036,122031,0.512062,0.525716,0.459623,0.459712,0,0.013654,8.9e-05,0.045468,exact_age,high,36,services,married,tertiary,no,260,yes,no,cellular,6,may,167,3,299,2,failure,no,122031,Male,36,1,24.0,0,1-2 Year,Yes,28185.0,154.0,227,0,COMPLETED,Y,N,0,N,N,0.15,9.3,N,,N,,0.379,0.982,1.0,1.4,SMS,0.885,NO,YES,Insurance Cross-Sell,Bank Term Deposit,,20-09-2026,Insurance cross sell offer made to the customer via digital channels,10-09-2026
SYN-040475,profile_only_v1,20260814,True,40475,126636,0.755002,0.76001,0.909292,0.904259,0,0.005008,0.005033,0.020891,exact_age,high,47,management,married,tertiary,no,4879,no,no,cellular,6,jul,96,3,340,3,failure,no,126636,Male,47,1,28.0,0,> 2 Years,Yes,59481.0,26.0,128,1,INCOMPLETE,Y,N,0,N,N,0.48,4.7,N,,N,,0.412,0.652,1.0,1.4,SMS,0.803,YES,YES,Complete KYC,Insurance Cross-Sell,Bank Term Deposit,20-09-2026,KYC completion notification displayed in the mobile app and internet banking; reminder sent through SMS/email; cross-sell offers withheld until KYC is completed,10-09-2026
SYN-028237,profile_only_v1,20260814,True,28237,267402,0.403426,0.352244,0.674008,0.673697,0,0.051182,0.000311,0.170439,exact_age,high,31,management,married,tertiary,no,732,yes,no,cellular,29,jan,542,1,241,1,failure,no,267402,Female,31,1,8.0,1,< 1 Year,No,47111.0,152.0,242,0,COMPLETED,Y,N,17,N,N,0.074,9.2,N,,N,,0.623,0.515,1.0,1.4,App,0.77,NO,NO,Bank Term Deposit,Insurance Cross-Sell,,20-09-2026,Term Deposit cross sell offer made to the customer via digital channels,10-09-2026
SYN-031823,profile_only_v1,20260814,True,31823,371505,0.728334,0.745624,0.84745,0.848315,0,0.017289,0.000865,0.057615,exact_age,high,46,entrepreneur,married,tertiary,no,4726,yes,no,cellular,8,apr,405,1,-1,0,unknown,no,371505,Female,46,1,28.0,0,> 2 Years,Yes,53791.0,26.0,80,0,COMPLETED,N,N,0,N,Y,0.524,3.9,N,,Y,INSURANCE,0.454,0.758,1.0,1.4,SMS,0.509,NO,YES,No Marketing Action (Consent Withheld),Insurance Cross-Sell,Bank Term Deposit,20-09-2026,Marketing messages and sales offers suppressed across channels in absence of valid consent; only essential service communications retained,10-09-2026
SYN-000509,profile_only_v1,20260814,True,509,198773,0.848243,0.886975,0.263442,0.254033,0,0.038732,0.009408,0.131103,exact_age,high,60,retired,married,secondary,yes,15,no,no,unknown,6,may,80,1,-1,0,unknown,no,198773,Male,60,1,3.0,0,> 2 Years,Yes,2630.0,124.0,71,0,COMPLETED,Y,N,0,N,N,0.454,5.5,N,,Y,INSURANCE,0.442,1.0,1.0,1.4,Branch,0.818,NO,NO,Insurance Cross-Sell,Insurance Cross-Sell,Bank Term Deposit,20-09-2026,Insurance cross sell offer made to the customer via digital channels,10-09-2026
SYN-041533,profile_only_v1,20260814,True,41533,204982,0.354762,0.362171,0.569879,0.569086,0,0.007409,0.000793,0.024752,exact_age,high,32,blue-collar,married,secondary,no,889,yes,no,cellular,10,sep,185,1,99,5,success,yes,204982,Female,32,1,15.0,1,< 1 Year,No,35988.0,160.0,242,0,INCOMPLETE,Y,N,0,N,N,0.033,8.3,N,,N,,0.862,0.366,1.0,1.4,SMS,0.744,YES,NO,Complete KYC,Bank Term Deposit,Insurance Cross-Sell,20-09-2026,KYC completion notification displayed in the mobile app and internet banking; reminder sent through SMS/email; cross-sell offers withheld until KYC is completed,10-09-2026
SYN-013348,profile_only_v1,20260814,True,13348,353388,0.836823,0.796222,0.412617,0.412244,0,0.040601,0.000373,0.135204,exact_age,high,59,admin.,married,secondary,no,302,no,yes,cellular,8,jul,250,2,-1,0,unknown,no,353388,Male,59,1,45.0,1,1-2 Year,No,25167.0,152.0,31,0,COMPLETED,N,N,49,Y,N,0.596,4.3,N,,N,,0.7,0.332,1.0,1.4,SMS,0.995,NO,NO,No Marketing Action (Consent Withheld),Bank Term Deposit,Insurance Cross-Sell,20-09-2026,Marketing messages and sales offers suppressed across channels in absence of valid consent; only essential service communications retained,10-09-2026
SYN-003579,profile_only_v1,20260814,True,3579,30457,0.157844,0.147384,0.479422,0.479415,0,0.010461,7e-06,0.034834,exact_age,high,23,services,single,secondary,no,496,yes,no,unknown,15,may,430,2,-1,0,unknown,no,30457,Female,23,1,46.0,1,< 1 Year,No,29191.0,152.0,46,0,COMPLETED,Y,N,0,N,N,0.409,7.4,N,,N,,0.295,0.428,1.0,1.4,SMS,0.909,NO,NO,Bank Term Deposit,Insurance Cross-Sell,,20-09-2026,Term Deposit cross sell offer made to the customer via digital channels,10-09-2026
SYN-014140,profile_only_v1,20260814,True,14140,71466,0.670853,0.683431,0.616103,0.617311,0,0.012577,0.001208,0.041992,exact_age,high,42,management,married,tertiary,no,484,yes,no,cellular,11,jul,144,2,-1,0,unknown,no,71466,Male,42,1,38.0,0,> 2 Years,Yes,33424.0,26.0,219,0,COMPLETED,Y,N,43,Y,N,0.168,7.2,N,,N,,0.569,0.82,1.0,1.4,Call,0.963,NO,YES,Payment Reminder / Collections Resolution,Insurance Cross-Sell,Bank Term Deposit,20-09-2026,"Payment-due reminder sent through the mobile app, internet banking, SMS or email; customer directed to payment options or the collections support journey; sales offers paused",10-09-2026
SYN-032415,profile_only_v1,20260814,True,32415,357644,0.591966,0.630112,0.62503,0.622469,0,0.038146,0.002562,0.127186,exact_age,high,38,management,married,tertiary,no,516,yes,no,telephone,16,apr,198,3,-1,0,unknown,no,357644,Male,38,1,28.0,0,> 2 Years,Yes,42875.0,124.0,206,0,COMPLETED,Y,N,0,N,N,0.188,8.5,N,,N,,0.354,0.931,1.0,1.4,Branch,0.408,NO,YES,Insurance Cross-Sell,Bank Term Deposit,,20-09-2026,Insurance cross sell offer made to the customer via digital channels,10-09-2026
SYN-031294,profile_only_v1,20260814,True,31294,345065,0.755002,0.76001,0.849658,0.842035,0,0.005008,0.007623,0.025325,exact_age,high,47,management,married,tertiary,no,2351,no,no,cellular,10,mar,80,1,-1,0,unknown,yes,345065,Male,47,1,28.0,0,> 2 Years,Yes,53335.0,52.0,150,1,COMPLETED,Y,N,0,N,N,0.429,3.9,N,,N,,0.337,1.0,1.0,1.4,SMS,0.789,NO,YES,Service Intervention (Low NPS),Insurance Cross-Sell,Bank Term Deposit,20-09-2026,Service-recovery message -  apology / follow-up communication sent; contact-centre/service task created to address the customer’s recent experience,10-09-2026
SYN-009723,profile_only_v1,20260814,True,9723,69315,0.807152,0.774299,0.648172,0.647956,0,0.032853,0.000216,0.109403,exact_age,high,56,technician,married,secondary,no,992,no,no,unknown,9,jun,123,1,-1,0,unknown,no,69315,Male,56,1,28.0,1,1-2 Year,No,42398.0,122.0,255,0,COMPLETED,Y,N,43,Y,N,0.138,7.1,Y,TERM_DEPOSIT,N,,0.69,0.31,1.0,1.4,Email,0.475,NO,NO,Payment Reminder / Collections Resolution,Bank Term Deposit,Insurance Cross-Sell,20-09-2026,"Payment-due reminder sent through the mobile app, internet banking, SMS or email; customer directed to payment options or the collections support journey; sales offers paused",10-09-2026
SYN-013854,profile_only_v1,20260814,True,13854,48083,0.445236,0.53561,0.135941,0.130459,0,0.090373,0.005482,0.301256,exact_age,high,37,admin.,single,secondary,no,-261,no,yes,cellular,10,jul,259,1,-1,0,unknown,no,48083,Male,37,1,28.0,1,1-2 Year,No,2630.0,122.0,277,0,COMPLETED,Y,N,0,N,N,0.0,8.2,N,,N,,0.625,0.486,1.0,1.4,SMS,0.788,NO,NO,Bank Term Deposit,Insurance Cross-Sell,,20-09-2026,Term Deposit cross sell offer made to the customer via digital channels,10-09-2026
SYN-036635,profile_only_v1,20260814,True,36635,205924,0.306448,0.341125,0.431653,0.429944,0,0.034678,0.001708,0.115556,exact_age,high,30,admin.,married,secondary,no,265,yes,no,cellular,12,may,342,1,354,2,failure,no,205924,Male,30,1,31.0,1,< 1 Year,No,2630.0,152.0,201,0,INCOMPLETE,Y,N,0,N,N,0.269,8.9,N,,N,,0.318,0.468,1.0,1.4,SMS,0.574,NO,NO,Complete KYC,Bank Term Deposit,Insurance Cross-Sell,20-09-2026,KYC completion notification displayed in the mobile app and internet banking; reminder sent through SMS/email; cross-sell offers withheld until KYC is completed,10-09-2026
SYN-004988,profile_only_v1,20260814,True,4988,157536,0.591966,0.630112,0.521048,0.520845,0,0.038146,0.000203,0.127026,exact_age,high,38,management,married,tertiary,no,216,yes,no,unknown,21,may,1307,1,-1,0,unknown,no,157536,Female,38,1,13.0,0,> 2 Years,Yes,29454.0,124.0,71,0,COMPLETED,Y,N,0,N,N,0.456,4.3,N,,N,,0.548,0.818,1.0,1.4,Branch,0.601,NO,YES,Insurance Cross-Sell,Bank Term Deposit,,20-09-2026,Insurance cross sell offer made to the customer via digital channels,10-09-2026
SYN-040122,profile_only_v1,20260814,True,40122,297491,0.165042,0.173888,0.425905,0.428865,0,0.008845,0.00296,0.03037,exact_age,high,20,admin.,single,secondary,no,336,no,yes,cellular,5,jun,133,1,-1,0,unknown,no,297491,Male,20,1,47.0,0,1-2 Year,Yes,29537.0,156.0,134,0,INCOMPLETE,Y,N,0,N,N,0.363,5.1,N,,N,,0.474,0.694,1.0,1.4,Call,0.794,YES,NO,Complete KYC,Bank Term Deposit,Insurance Cross-Sell,20-09-2026,KYC completion notification displayed in the mobile app and internet banking; reminder sent through SMS/email; cross-sell offers withheld until KYC is completed,10-09-2026
SYN-002815,profile_only_v1,20260814,True,2815,91030,0.709907,0.747493,0.510797,0.507684,0,0.037586,0.003113,0.125402,exact_age,high,53,blue-collar,married,primary,no,896,yes,no,unknown,14,may,106,1,-1,0,unknown,no,91030,Male,53,1,17.0,1,1-2 Year,No,31542.0,124.0,67,0,INCOMPLETE,N,N,0,N,N,0.524,5.4,N,,N,,0.246,0.543,1.0,1.4,Call,0.901,NO,NO,Complete KYC,Bank Term Deposit,Insurance Cross-Sell,20-09-2026,KYC completion notification displayed in the mobile app and internet banking; reminder sent through SMS/email; cross-sell offers withheld until KYC is completed,10-09-2026
SYN-016474,profile_only_v1,20260814,True,16474,13083,0.651547,0.646451,0.51743,0.519944,0,0.005095,0.002514,0.018093,exact_age,high,45,admin.,married,secondary,no,524,yes,no,cellular,23,jul,808,1,-1,0,unknown,yes,13083,Male,45,1,20.0,1,1-2 Year,No,2630.0,26.0,65,0,COMPLETED,Y,N,0,N,N,0.545,3.0,Y,TERM_DEPOSIT,Y,TERM_DEPOSIT,0.648,0.401,1.0,1.4,SMS,0.641,NO,NO,Service Intervention (Low NPS),Bank Term Deposit,Insurance Cross-Sell,20-09-2026,Service-recovery message -  apology / follow-up communication sent; contact-centre/service task created to address the customer’s recent experience,10-09-2026
SYN-044787,profile_only_v1,20260814,True,44787,373518,0.798751,0.847383,0.668725,0.668563,0,0.048632,0.000161,0.161944,exact_age,high,68,retired,divorced,primary,no,2027,no,no,cellular,14,sep,404,2,91,4,success,yes,373518,Male,68,1,8.0,0,1-2 Year,Yes,41158.0,26.0,114,0,COMPLETED,Y,N,0,N,N,0.346,4.3,N,,N,,0.744,0.813,1.0,1.4,App,0.89,YES,NO,Bank Term Deposit,Insurance Cross-Sell,,20-09-2026,Term Deposit cross sell offer made to the customer via digital channels,10-09-2026
SYN-016574,profile_only_v1,20260814,True,16574,4027,0.732198,0.714805,0.521424,0.519944,0,0.017392,0.001479,0.058034,exact_age,high,50,technician,married,secondary,no,503,yes,no,cellular,24,jul,186,2,-1,0,unknown,no,4027,Female,50,1,20.0,0,1-2 Year,Yes,2630.0,156.0,35,0,COMPLETED,Y,N,0,N,N,0.55,7.1,N,,N,,0.559,0.738,1.0,1.4,SMS,0.814,NO,YES,Insurance Cross-Sell,Bank Term Deposit,,20-09-2026,Insurance cross sell offer made to the customer via digital channels,10-09-2026
SYN-036115,profile_only_v1,20260814,True,36115,53755,0.366762,0.362171,0.480455,0.479623,0,0.004591,0.000832,0.015429,exact_age,high,32,technician,married,secondary,no,367,yes,no,cellular,11,may,214,2,276,3,failure,no,53755,Male,32,1,28.0,0,< 1 Year,Yes,40166.0,155.0,108,1,COMPLETED,Y,N,0,N,N,0.391,5.4,Y,INSURANCE,N,,0.633,0.751,1.0,1.4,SMS,0.804,NO,YES,Insurance Cross-Sell,Insurance Cross-Sell,Bank Term Deposit,20-09-2026,Insurance cross sell offer made to the customer via digital channels,10-09-2026
SYN-042795,profile_only_v1,20260814,True,42795,283761,0.696953,0.737177,0.401907,0.402027,0,0.040223,0.000121,0.133944,exact_age,high,52,blue-collar,married,primary,no,306,no,no,cellular,28,jan,223,1,-1,0,unknown,yes,283761,Female,52,1,50.0,1,1-2 Year,No,29366.0,8.0,104,0,COMPLETED,Y,N,0,N,N,0.368,5.4,N,,N,,0.416,0.525,1.0,1.4,SMS,0.606,NO,NO,Bank Term Deposit,Insurance Cross-Sell,,20-09-2026,Term Deposit cross sell offer made to the customer via digital channels,10-09-2026
SYN-038826,profile_only_v1,20260814,True,38826,71879,0.277299,0.328197,0.165126,0.165031,0,0.050898,9.5e-05,0.169489,exact_age,high,29,blue-collar,married,secondary,no,-95,yes,no,cellular,18,may,164,1,370,1,failure,no,71879,Female,29,1,8.0,0,< 1 Year,Yes,25559.0,152.0,158,0,INCOMPLETE,Y,N,0,N,N,0.349,7.5,Y,INSURANCE,N,,0.336,0.987,1.0,1.4,SMS,0.51,NO,NO,Complete KYC,Insurance Cross-Sell,Bank Term Deposit,20-09-2026,KYC completion notification displayed in the mobile app and internet banking; reminder sent through SMS/email; cross-sell offers withheld until KYC is completed,10-09-2026
SYN-037501,profile_only_v1,20260814,True,37501,236352,0.588853,0.599431,0.263761,0.263684,0,0.010577,7.7e-05,0.035223,exact_age,high,42,services,married,secondary,no,108,yes,yes,cellular,13,may,225,2,365,7,failure,no,236352,Female,42,1,28.0,0,1-2 Year,Yes,26883.0,124.0,40,0,COMPLETED,Y,N,23,N,N,0.533,5.3,N,,N,,0.468,0.915,1.0,1.4,App,0.468,NO,YES,Insurance Cross-Sell,Bank Term Deposit,,20-09-2026,Insurance cross sell offer made to the customer via digital channels,10-09-2026
SYN-007439,profile_only_v1,20260814,True,7439,115744,0.895969,0.873198,0.866648,0.866265,0,0.02277,0.000384,0.075832,exact_age,high,58,management,married,tertiary,no,4265,yes,no,unknown,29,may,96,2,-1,0,unknown,no,115744,Male,58,1,10.0,0,> 2 Years,Yes,36862.0,26.0,139,1,COMPLETED,Y,N,79,Y,N,0.446,5.7,N,,Y,TERM_DEPOSIT,0.54,0.934,1.0,1.4,SMS,0.926,NO,YES,Payment Reminder / Collections Resolution,Insurance Cross-Sell,Bank Term Deposit,20-09-2026,"Payment-due reminder sent through the mobile app, internet banking, SMS or email; customer directed to payment options or the collections support journey; sales offers paused",10-09-2026
SYN-017106,profile_only_v1,20260814,True,17106,58099,0.275426,0.352244,0.177881,0.177637,0,0.076818,0.000244,0.255803,exact_age,high,31,blue-collar,married,primary,no,3,no,yes,telephone,25,jul,143,3,-1,0,unknown,no,58099,Male,31,1,28.0,1,< 1 Year,No,27652.0,152.0,96,0,COMPLETED,N,N,0,N,N,0.363,6.1,N,,Y,TERM_DEPOSIT,0.452,0.681,1.0,1.4,Call,0.903,NO,NO,No Marketing Action (Consent Withheld),Bank Term Deposit,Insurance Cross-Sell,20-09-2026,Marketing messages and sales offers suppressed across channels in absence of valid consent; only essential service communications retained,10-09-2026
SYN-010312,profile_only_v1,20260814,True,10312,380146,0.673002,0.67601,0.463884,0.463861,0,0.003008,2.4e-05,0.010018,exact_age,high,47,services,married,secondary,no,440,yes,no,unknown,12,jun,91,1,-1,0,unknown,no,380146,Male,47,1,28.0,0,1-2 Year,Yes,36818.0,124.0,191,0,COMPLETED,Y,N,0,N,N,0.258,4.5,N,,Y,TERM_DEPOSIT,0.473,0.442,1.0,1.4,Branch,0.657,NO,YES,Bank Term Deposit,Insurance Cross-Sell,Bank Term Deposit,20-09-2026,Term Deposit cross sell offer made to the customer via digital channels,10-09-2026
SYN-040713,profile_only_v1,20260814,True,40713,23141,0.867558,0.885176,0.743892,0.744064,0,0.017617,0.000172,0.058667,exact_age,high,79,retired,married,secondary,no,2354,no,no,telephone,7,aug,121,2,-1,0,unknown,no,23141,Female,79,1,28.0,0,1-2 Year,Yes,46654.0,13.0,30,0,COMPLETED,Y,N,0,N,N,0.625,3.8,N,,N,,0.377,0.777,1.0,1.4,Call,0.862,YES,NO,Retention Action,Bank Term Deposit,Insurance Cross-Sell,20-09-2026,"Retention message prioritised - fee review, tailored support option and/or save offer; proactive contact task created for the service team; routine cross-sell deferred",10-09-2026
SYN-033505,profile_only_v1,20260814,True,33505,318219,0.585547,0.646451,0.645108,0.645117,0,0.060905,9e-06,0.202813,exact_age,high,45,services,single,secondary,no,1757,yes,no,cellular,20,apr,1010,3,326,1,other,no,318219,Female,45,1,28.0,0,1-2 Year,Yes,42295.0,55.0,144,0,COMPLETED,N,N,0,N,N,0.22,10.0,N,,Y,INSURANCE,0.422,0.626,1.0,1.4,SMS,0.651,NO,YES,No Marketing Action (Consent Withheld),Insurance Cross-Sell,Bank Term Deposit,20-09-2026,Marketing messages and sales offers suppressed across channels in absence of valid consent; only essential service communications retained,10-09-2026
SYN-006169,profile_only_v1,20260814,True,6169,88116,0.279426,0.352244,0.758479,0.758461,0,0.072818,1.8e-05,0.242482,exact_age,high,31,admin.,single,secondary,no,4388,yes,no,unknown,27,may,182,2,-1,0,unknown,no,88116,Female,31,1,28.0,0,< 1 Year,Yes,55928.0,26.0,71,0,COMPLETED,Y,N,0,N,N,0.521,5.6,N,,Y,TERM_DEPOSIT,0.446,0.665,1.0,1.4,Email,0.936,NO,YES,Bank Term Deposit,Insurance Cross-Sell,Bank Term Deposit,20-09-2026,Term Deposit cross sell offer made to the customer via digital channels,10-09-2026
SYN-029836,profile_only_v1,20260814,True,29836,187693,0.366762,0.362171,0.337445,0.337364,0,0.004591,8.1e-05,0.015289,exact_age,high,32,technician,married,secondary,no,4,no,no,cellular,4,feb,145,2,260,4,failure,no,187693,Female,32,1,33.0,1,< 1 Year,No,28278.0,152.0,39,0,COMPLETED,Y,N,0,N,N,0.563,3.0,N,,N,,0.737,0.549,1.0,1.4,App,0.645,NO,NO,Service Intervention (Low NPS),Bank Term Deposit,Insurance Cross-Sell,20-09-2026,Service-recovery message -  apology / follow-up communication sent; contact-centre/service task created to address the customer’s recent experience,10-09-2026
SYN-016375,profile_only_v1,20260814,True,16375,16383,0.64199,0.689673,0.111888,0.130459,0,0.047683,0.018571,0.165433,exact_age,high,48,blue-collar,married,primary,no,-460,no,no,cellular,23,jul,135,1,-1,0,unknown,no,16383,Female,48,1,28.0,1,1-2 Year,No,2630.0,26.0,258,0,COMPLETED,N,N,2,N,N,0.0,8.7,N,,N,,0.546,0.273,1.0,1.4,App,0.954,NO,NO,No Marketing Action (Consent Withheld),Bank Term Deposit,Insurance Cross-Sell,20-09-2026,Marketing messages and sales offers suppressed across channels in absence of valid consent; only essential service communications retained,10-09-2026
SYN-040694,profile_only_v1,20260814,True,40694,227455,0.857663,0.837546,0.806327,0.806525,0,0.020117,0.000198,0.06699,exact_age,high,66,admin.,married,secondary,no,5464,no,no,cellular,7,aug,131,1,-1,0,unknown,no,227455,Male,66,1,30.0,0,1-2 Year,Yes,35154.0,124.0,39,0,COMPLETED,N,N,0,N,N,0.687,3.9,Y,TERM_DEPOSIT,Y,INSURANCE,0.507,0.682,1.0,1.4,Call,0.976,YES,NO,No Marketing Action (Consent Withheld),Bank Term Deposit,Insurance Cross-Sell,20-09-2026,Marketing messages and sales offers suppressed across channels in absence of valid consent; only essential service communications retained,10-09-2026
SYN-016067,profile_only_v1,20260814,True,16067,73369,0.439465,0.516268,0.333155,0.332915,0,0.076803,0.00024,0.255756,exact_age,high,35,blue-collar,married,secondary,no,162,no,yes,cellular,22,jul,675,2,-1,0,unknown,no,73369,Male,35,1,3.0,0,1-2 Year,No,21264.0,124.0,291,0,COMPLETED,Y,N,29,N,N,0.029,9.2,N,,N,,0.574,0.75,1.0,1.4,SMS,0.844,NO,NO,Bank Term Deposit,Insurance Cross-Sell,,20-09-2026,Term Deposit cross sell offer made to the customer via digital channels,10-09-2026
SYN-030088,profile_only_v1,20260814,True,30088,104735,0.610734,0.661624,0.451247,0.451201,0,0.050889,4.6e-05,0.169462,exact_age,high,46,blue-collar,married,primary,no,580,yes,no,telephone,4,feb,30,2,-1,0,unknown,no,104735,Male,46,1,8.0,0,1-2 Year,Yes,34652.0,124.0,219,0,COMPLETED,Y,N,17,N,Y,0.139,10.0,N,,N,,0.334,0.556,1.0,1.4,Call,0.618,NO,NO,Service Resolution,Insurance Cross-Sell,Bank Term Deposit,20-09-2026,"Complaint status and resolution options surfaced in the mobile app, internet banking or contact-centre desktop; service follow-up initiated; promotional offers suppressed until resolution",10-09-2026
SYN-041827,profile_only_v1,20260814,True,41827,315026,0.387426,0.352244,0.598252,0.599554,0,0.035182,0.001302,0.117203,exact_age,high,31,technician,married,tertiary,no,442,no,no,cellular,15,oct,244,1,-1,0,unknown,no,315026,Male,31,1,28.0,1,< 1 Year,No,44713.0,151.0,238,0,COMPLETED,N,N,0,N,N,0.155,9.3,N,,N,,0.44,0.474,1.0,1.4,App,0.589,NO,NO,No Marketing Action (Consent Withheld),Bank Term Deposit,Insurance Cross-Sell,20-09-2026,Marketing messages and sales offers suppressed across channels in absence of valid consent; only essential service communications retained,10-09-2026
SYN-003641,profile_only_v1,20260814,True,3641,300225,0.651547,0.646451,0.576803,0.576535,0,0.005095,0.000268,0.01698,exact_age,high,45,admin.,married,secondary,no,805,yes,no,unknown,15,may,186,3,-1,0,unknown,no,300225,Male,45,1,14.0,0,1-2 Year,Yes,28121.0,26.0,28,1,COMPLETED,N,N,12,N,N,0.626,3.9,N,,N,,0.53,0.916,1.0,1.4,Email,0.42,NO,YES,No Marketing Action (Consent Withheld),Insurance Cross-Sell,Bank Term Deposit,20-09-2026,Marketing messages and sales offers suppressed across channels in absence of valid consent; only essential service communications retained,10-09-2026
SYN-015207,profile_only_v1,20260814,True,15207,215873,0.339299,0.328197,0.712559,0.712549,0,0.011102,1e-05,0.036971,exact_age,high,29,technician,married,tertiary,no,1337,yes,no,cellular,17,jul,125,2,-1,0,unknown,no,215873,Female,29,1,14.0,0,< 1 Year,Yes,35559.0,152.0,140,0,COMPLETED,N,N,0,N,N,0.337,6.6,N,,Y,TERM_DEPOSIT,0.318,0.761,1.0,1.4,Call,0.595,NO,NO,No Marketing Action (Consent Withheld),Insurance Cross-Sell,Bank Term Deposit,20-09-2026,Marketing messages and sales offers suppressed across channels in absence of valid consent; only essential service communications retained,10-09-2026
SYN-020710,profile_only_v1,20260814,True,20710,339557,0.709547,0.730451,0.838167,0.837357,0,0.020905,0.000809,0.069643,exact_age,high,45,management,divorced,tertiary,no,2096,no,no,cellular,13,aug,317,2,-1,0,unknown,no,339557,Male,45,1,28.0,0,> 2 Years,Yes,52991.0,26.0,189,0,COMPLETED,Y,N,0,N,N,0.409,3.2,N,,Y,TERM_DEPOSIT,0.812,0.892,1.0,1.4,Call,0.919,NO,YES,Service Intervention (Low NPS),Insurance Cross-Sell,Bank Term Deposit,20-09-2026,Service-recovery message -  apology / follow-up communication sent; contact-centre/service task created to address the customer’s recent experience,10-09-2026
SYN-025888,profile_only_v1,20260814,True,25888,321662,0.677002,0.67601,0.463395,0.463425,0,0.000992,3e-05,0.003303,exact_age,high,47,blue-collar,married,secondary,no,310,no,no,cellular,19,nov,353,2,-1,0,unknown,no,321662,Male,47,1,46.0,0,1-2 Year,Yes,27027.0,155.0,259,1,COMPLETED,Y,N,79,Y,N,0.077,9.2,N,,N,,0.654,0.97,1.0,1.4,App,0.961,NO,YES,Payment Reminder / Collections Resolution,Insurance Cross-Sell,Bank Term Deposit,20-09-2026,"Payment-due reminder sent through the mobile app, internet banking, SMS or email; customer directed to payment options or the collections support journey; sales offers paused",10-09-2026
SYN-022277,profile_only_v1,20260814,True,22277,72908,0.362762,0.362171,0.497924,0.498145,0,0.000591,0.000222,0.002044,exact_age,high,32,technician,single,tertiary,no,178,no,no,cellular,21,aug,159,3,-1,0,unknown,no,72908,Male,32,1,28.0,1,< 1 Year,No,40831.0,152.0,183,0,COMPLETED,Y,N,0,N,N,0.289,7.0,N,,N,,0.503,0.377,1.0,1.4,Call,0.94,NO,NO,Bank Term Deposit,Insurance Cross-Sell,,20-09-2026,Term Deposit cross sell offer made to the customer via digital channels,10-09-2026
SYN-038302,profile_only_v1,20260814,True,38302,126279,0.610127,0.614964,0.723538,0.723588,0,0.004837,5e-05,0.016106,exact_age,high,43,blue-collar,married,secondary,no,3549,yes,no,cellular,15,may,7,5,-1,0,unknown,no,126279,Male,43,1,29.0,0,1-2 Year,Yes,35856.0,124.0,57,0,COMPLETED,Y,N,0,N,Y,0.63,3.5,N,,Y,TERM_DEPOSIT,0.487,0.577,1.0,1.4,SMS,0.889,NO,YES,Service Resolution,Insurance Cross-Sell,Bank Term Deposit,20-09-2026,"Complaint status and resolution options surfaced in the mobile app, internet banking or contact-centre desktop; service follow-up initiated; promotional offers suppressed until resolution",10-09-2026
SYN-023846,profile_only_v1,20260814,True,23846,109150,0.814697,0.781862,0.663905,0.664042,0,0.032835,0.000136,0.10934,exact_age,high,57,admin.,married,secondary,no,1218,no,no,cellular,29,aug,214,7,-1,0,unknown,no,109150,Male,57,1,28.0,0,1-2 Year,Yes,43015.0,55.0,132,0,COMPLETED,Y,N,0,N,N,0.359,7.3,N,,N,,0.627,0.793,1.0,1.4,Call,0.441,NO,YES,Insurance Cross-Sell,Bank Term Deposit,,20-09-2026,Insurance cross sell offer made to the customer via digital channels,10-09-2026
SYN-007698,profile_only_v1,20260814,True,7698,195014,0.837169,0.873198,0.677429,0.677919,0,0.03603,0.00049,0.119985,exact_age,high,58,self-employed,married,secondary,no,1407,yes,no,unknown,30,may,58,1,-1,0,unknown,no,195014,Female,58,1,28.0,0,> 2 Years,Yes,44987.0,26.0,39,0,COMPLETED,N,N,0,N,N,0.575,3.6,N,,N,,0.606,1.0,1.0,1.4,Branch,0.61,NO,YES,No Marketing Action (Consent Withheld),Insurance Cross-Sell,Bank Term Deposit,20-09-2026,Marketing messages and sales offers suppressed across channels in absence of valid consent; only essential service communications retained,10-09-2026
SYN-018471,profile_only_v1,20260814,True,18471,376896,0.593547,0.520451,0.010624,0.040459,0,0.073095,0.029835,0.254578,exact_age,high,45,blue-collar,married,primary,no,-455,yes,yes,cellular,31,jul,161,2,-1,0,unknown,no,376896,Female,45,1,28.0,0,< 1 Year,No,2630.0,1.0,182,0,COMPLETED,Y,N,0,N,N,0.388,7.0,N,,N,,0.523,0.932,1.0,1.4,App,0.72,NO,NO,Insurance Cross-Sell,Bank Term Deposit,,20-09-2026,Insurance cross sell offer made to the customer via digital channels,10-09-2026
SYN-011078,profile_only_v1,20260814,True,11078,46286,0.862297,0.865862,0.705009,0.710181,0,0.003565,0.005172,0.017553,exact_age,high,57,entrepreneur,divorced,tertiary,no,873,no,no,unknown,17,jun,441,3,-1,0,unknown,no,46286,Female,57,1,28.0,0,> 2 Years,Yes,46290.0,26.0,221,0,COMPLETED,N,N,0,N,N,0.156,10.0,N,,Y,TERM_DEPOSIT,0.47,0.606,1.0,1.4,SMS,0.599,NO,YES,No Marketing Action (Consent Withheld),Insurance Cross-Sell,Bank Term Deposit,20-09-2026,Marketing messages and sales offers suppressed across channels in absence of valid consent; only essential service communications retained,10-09-2026
SYN-039582,profile_only_v1,20260814,True,39582,122690,0.834142,0.841249,0.884699,0.887185,0,0.007107,0.002486,0.024468,exact_age,high,54,technician,married,tertiary,no,6507,no,no,cellular,26,may,145,1,-1,0,unknown,no,122690,Female,54,1,28.0,0,> 2 Years,Yes,57334.0,122.0,94,1,COMPLETED,Y,N,0,N,N,0.494,3.1,N,,N,,0.618,0.846,1.0,1.4,Call,0.698,NO,YES,Service Intervention (Low NPS),Insurance Cross-Sell,Bank Term Deposit,20-09-2026,Service-recovery message -  apology / follow-up communication sent; contact-centre/service task created to address the customer’s recent experience,10-09-2026
SYN-040070,profile_only_v1,20260814,True,40070,168809,0.76999,0.773673,0.339744,0.338683,0,0.003683,0.001061,0.012548,exact_age,high,48,management,married,tertiary,no,-10,no,no,cellular,4,jun,144,1,-1,0,unknown,no,168809,Female,48,1,28.0,0,> 2 Years,Yes,30731.0,26.0,236,1,INCOMPLETE,Y,N,0,N,N,0.15,8.3,N,,N,,0.702,0.982,1.0,1.4,SMS,0.965,NO,YES,Complete KYC,Insurance Cross-Sell,Bank Term Deposit,20-09-2026,KYC completion notification displayed in the mobile app and internet banking; reminder sent through SMS/email; cross-sell offers withheld until KYC is completed,10-09-2026
SYN-016393,profile_only_v1,20260814,True,16393,153695,0.779152,0.774299,0.403683,0.403698,0,0.004853,1.5e-05,0.016162,exact_age,high,56,services,divorced,secondary,no,191,no,no,cellular,23,jul,335,3,-1,0,unknown,no,153695,Male,56,1,32.0,1,1-2 Year,Yes,24777.0,124.0,274,0,COMPLETED,Y,N,0,N,N,0.068,7.7,N,,Y,INSURANCE,0.282,0.549,1.0,1.4,Call,0.585,NO,NO,Insurance Cross-Sell,Bank Term Deposit,Insurance Cross-Sell,20-09-2026,Insurance cross sell offer made to the customer via digital channels,10-09-2026
SYN-041181,profile_only_v1,20260814,True,41181,167034,0.185465,0.230668,0.569921,0.570162,0,0.045204,0.000241,0.150529,exact_age,high,22,student,single,tertiary,no,691,no,no,cellular,19,aug,338,1,-1,0,unknown,yes,167034,Male,22,1,46.0,1,1-2 Year,No,29092.0,124.0,48,0,INCOMPLETE,Y,N,0,N,N,0.641,2.7,N,,N,,0.29,0.442,1.0,1.4,App,0.729,YES,NO,Complete KYC,Bank Term Deposit,Insurance Cross-Sell,20-09-2026,KYC completion notification displayed in the mobile app and internet banking; reminder sent through SMS/email; cross-sell offers withheld until KYC is completed,10-09-2026
SYN-040196,profile_only_v1,20260814,True,40196,16190,0.506436,0.53561,0.797036,0.79717,0,0.029173,0.000134,0.097148,exact_age,high,37,self-employed,single,tertiary,no,1758,no,no,cellular,8,jun,98,2,-1,0,unknown,no,16190,Female,37,1,13.0,0,1-2 Year,No,34958.0,124.0,109,0,COMPLETED,Y,N,0,N,N,0.447,4.3,N,,N,,0.581,0.592,1.0,1.4,App,0.981,YES,YES,Bank Term Deposit,Insurance Cross-Sell,,20-09-2026,Term Deposit cross sell offer made to the customer via digital channels,10-09-2026
SYN-030617,profile_only_v1,20260814,True,30617,349722,0.563624,0.570481,0.570104,0.570051,0,0.006857,5.3e-05,0.022835,exact_age,high,40,admin.,married,secondary,no,767,yes,no,cellular,6,feb,168,1,-1,0,unknown,no,349722,Female,40,1,28.0,0,1-2 Year,Yes,39609.0,157.0,277,1,COMPLETED,Y,N,38,Y,N,0.149,7.9,N,,N,,0.294,0.572,1.0,1.4,SMS,0.724,NO,YES,Payment Reminder / Collections Resolution,Insurance Cross-Sell,Bank Term Deposit,20-09-2026,"Payment-due reminder sent through the mobile app, internet banking, SMS or email; customer directed to payment options or the collections support journey; sales offers paused",10-09-2026
SYN-011700,profile_only_v1,20260814,True,11700,200435,0.437236,0.53561,0.596882,0.597028,0,0.098373,0.000146,0.327584,exact_age,high,37,blue-collar,single,secondary,no,847,no,no,unknown,20,jun,54,1,-1,0,unknown,no,200435,Female,37,1,28.0,0,1-2 Year,Yes,40546.0,124.0,45,1,COMPLETED,Y,N,0,N,N,0.541,3.9,N,,Y,INSURANCE,0.329,0.913,1.0,1.4,App,0.589,NO,YES,Service Intervention (Low NPS),Insurance Cross-Sell,Bank Term Deposit,20-09-2026,Service-recovery message -  apology / follow-up communication sent; contact-centre/service task created to address the customer’s recent experience,10-09-2026
SYN-001130,profile_only_v1,20260814,True,1130,37775,0.223299,0.328197,0.36428,0.364203,0,0.104898,7.7e-05,0.349309,exact_age,high,29,services,married,primary,no,321,yes,no,unknown,7,may,196,2,-1,0,unknown,no,37775,Male,29,1,41.0,1,< 1 Year,No,29894.0,26.0,165,0,COMPLETED,Y,N,0,N,N,0.297,6.7,N,,N,,0.689,0.369,1.0,1.4,Call,0.648,NO,NO,Bank Term Deposit,Insurance Cross-Sell,,20-09-2026,Term Deposit cross sell offer made to the customer via digital channels,10-09-2026
SYN-016735,profile_only_v1,20260814,True,16735,168009,0.676734,0.661624,0.429109,0.429094,0,0.015111,1.6e-05,0.050318,exact_age,high,46,management,divorced,secondary,no,145,yes,no,cellular,24,jul,72,5,-1,0,unknown,no,168009,Female,46,1,8.0,1,1-2 Year,No,33880.0,26.0,37,0,COMPLETED,N,N,0,N,N,0.533,3.5,N,,Y,INSURANCE,0.472,0.308,1.0,1.4,Call,0.793,NO,NO,No Marketing Action (Consent Withheld),Bank Term Deposit,Insurance Cross-Sell,20-09-2026,Marketing messages and sales offers suppressed across channels in absence of valid consent; only essential service communications retained,10-09-2026
SYN-017201,profile_only_v1,20260814,True,17201,38312,0.584639,0.630828,0.091657,0.130459,0,0.046188,0.038802,0.181842,exact_age,high,44,admin.,married,primary,no,-92,no,yes,cellular,28,jul,526,5,-1,0,unknown,no,38312,Male,44,1,28.0,0,1-2 Year,Yes,2630.0,124.0,32,1,COMPLETED,Y,N,0,N,N,0.489,5.9,N,,N,,0.634,0.883,1.0,1.4,Call,0.601,NO,YES,Insurance Cross-Sell,Bank Term Deposit,,20-09-2026,Insurance cross sell offer made to the customer via digital channels,10-09-2026
SYN-015001,profile_only_v1,20260814,True,15001,223696,0.503236,0.53561,0.632174,0.632151,0,0.032373,2.3e-05,0.107804,exact_age,high,37,technician,married,secondary,no,1142,yes,no,cellular,17,jul,309,2,-1,0,unknown,no,223696,Female,37,1,28.0,1,1-2 Year,No,41804.0,122.0,185,0,COMPLETED,Y,N,49,Y,N,0.195,9.1,N,,N,,0.771,0.578,1.0,1.4,App,0.439,NO,NO,Payment Reminder / Collections Resolution,Bank Term Deposit,Insurance Cross-Sell,20-09-2026,"Payment-due reminder sent through the mobile app, internet banking, SMS or email; customer directed to payment options or the collections support journey; sales offers paused",10-09-2026
SYN-039764,profile_only_v1,20260814,True,39764,13618,0.183427,0.238833,0.672164,0.672149,0,0.055407,1.5e-05,0.184505,exact_age,high,25,technician,single,secondary,no,1199,no,no,cellular,1,jun,287,1,-1,0,unknown,yes,13618,Female,25,1,10.0,1,< 1 Year,No,33849.0,152.0,157,0,COMPLETED,Y,N,0,N,N,0.266,8.6,N,,N,,0.39,0.456,1.0,1.4,SMS,0.447,YES,NO,Bank Term Deposit,Insurance Cross-Sell,,20-09-2026,Term Deposit cross sell offer made to the customer via digital channels,10-09-2026
SYN-008397,profile_only_v1,20260814,True,8397,308318,0.310448,0.341125,0.497329,0.497543,0,0.030678,0.000214,0.102159,exact_age,high,30,technician,married,secondary,no,418,yes,no,unknown,3,jun,112,1,-1,0,unknown,no,308318,Male,30,1,36.0,0,< 1 Year,No,34343.0,152.0,101,0,COMPLETED,Y,N,0,N,N,0.501,4.5,N,,N,,0.636,0.787,1.0,1.4,App,0.791,NO,NO,Bank Term Deposit,Insurance Cross-Sell,,20-09-2026,Term Deposit cross sell offer made to the customer via digital channels,10-09-2026
SYN-028400,profile_only_v1,20260814,True,28400,78119,0.620334,0.661624,0.309757,0.309705,0,0.041289,5.1e-05,0.137494,exact_age,high,46,retired,married,primary,no,270,yes,yes,cellular,29,jan,133,1,-1,0,unknown,no,78119,Female,46,1,47.0,1,1-2 Year,No,25145.0,16.0,281,0,COMPLETED,Y,N,0,N,N,0.07,10.0,N,,Y,INSURANCE,0.607,0.585,1.0,1.4,SMS,0.687,NO,NO,Insurance Cross-Sell,Bank Term Deposit,Insurance Cross-Sell,20-09-2026,Insurance cross sell offer made to the customer via digital channels,10-09-2026
SYN-025805,profile_only_v1,20260814,True,25805,40698,0.490062,0.525716,0.715095,0.71522,0,0.035654,0.000125,0.118728,exact_age,high,36,management,single,tertiary,no,774,no,no,cellular,19,nov,193,2,-1,0,unknown,no,40698,Male,36,1,3.0,0,1-2 Year,Yes,30499.0,30.0,69,0,COMPLETED,Y,N,0,N,N,0.468,6.8,N,,N,,0.457,0.627,1.0,1.4,App,0.687,NO,YES,Insurance Cross-Sell,Bank Term Deposit,,20-09-2026,Insurance cross sell offer made to the customer via digital channels,10-09-2026
SYN-034276,profile_only_v1,20260814,True,34276,51540,0.366762,0.362171,0.448386,0.451408,0,0.004591,0.003022,0.017053,exact_age,high,32,technician,married,secondary,no,282,yes,no,cellular,4,may,257,2,-1,0,unknown,no,51540,Male,32,1,28.0,0,< 1 Year,Yes,39196.0,152.0,141,0,COMPLETED,N,N,0,N,N,0.395,4.5,N,,N,,0.566,0.942,1.0,1.4,App,0.492,NO,NO,No Marketing Action (Consent Withheld),Insurance Cross-Sell,Bank Term Deposit,20-09-2026,Marketing messages and sales offers suppressed across channels in absence of valid consent; only essential service communications retained,10-09-2026
SYN-002535,profile_only_v1,20260814,True,2535,32401,0.247323,0.294061,0.2419,0.241882,0,0.046738,1.9e-05,0.155639,exact_age,high,27,blue-collar,married,secondary,no,0,yes,no,unknown,13,may,296,1,-1,0,unknown,no,32401,Female,27,1,28.0,1,< 1 Year,No,31931.0,152.0,156,0,COMPLETED,Y,N,0,N,N,0.314,4.9,N,,N,,0.508,0.515,1.0,1.4,SMS,0.581,NO,NO,Bank Term Deposit,Insurance Cross-Sell,,20-09-2026,Term Deposit cross sell offer made to the customer via digital channels,10-09-2026
SYN-013971,profile_only_v1,20260814,True,13971,238029,0.802876,0.810309,0.457928,0.457959,0,0.007433,3.1e-05,0.024751,exact_age,high,51,self-employed,married,tertiary,no,126,yes,no,cellular,10,jul,412,1,-1,0,unknown,no,238029,Male,51,1,46.0,0,> 2 Years,Yes,26964.0,155.0,111,0,COMPLETED,N,N,62,Y,N,0.317,8.3,N,,N,,0.674,0.638,1.0,1.4,App,0.916,NO,NO,No Marketing Action (Consent Withheld),Insurance Cross-Sell,Bank Term Deposit,20-09-2026,Marketing messages and sales offers suppressed across channels in absence of valid consent; only essential service communications retained,10-09-2026
SYN-037168,profile_only_v1,20260814,True,37168,289331,0.485194,0.557608,0.660576,0.66057,0,0.072414,6e-06,0.241138,exact_age,high,39,blue-collar,married,primary,no,3419,yes,no,cellular,13,may,155,1,327,5,failure,no,289331,Male,39,1,28.0,0,1-2 Year,Yes,42882.0,124.0,295,0,COMPLETED,Y,N,0,N,N,0.0,9.4,N,,N,,0.726,0.757,1.0,1.4,App,0.602,NO,YES,Insurance Cross-Sell,Bank Term Deposit,,20-09-2026,Insurance cross sell offer made to the customer via digital channels,10-09-2026
SYN-009229,profile_only_v1,20260814,True,9229,190660,0.771897,0.781862,0.798459,0.798497,0,0.009965,3.8e-05,0.033185,exact_age,high,57,self-employed,single,secondary,no,3277,no,no,unknown,5,jun,127,4,-1,0,unknown,no,190660,Male,57,1,22.0,0,1-2 Year,Yes,36687.0,124.0,91,0,COMPLETED,Y,N,0,N,N,0.501,4.7,N,,N,,0.587,0.668,1.0,1.4,Call,0.673,NO,NO,Insurance Cross-Sell,Bank Term Deposit,,20-09-2026,Insurance cross sell offer made to the customer via digital channels,10-09-2026
SYN-012065,profile_only_v1,20260814,True,12065,20028,0.511224,0.570481,0.686535,0.686519,0,0.059257,1.6e-05,0.197327,exact_age,high,40,retired,single,secondary,no,1400,no,no,unknown,20,jun,20,7,-1,0,unknown,no,20028,Male,40,1,50.0,1,1-2 Year,No,37376.0,124.0,140,0,COMPLETED,Y,N,0,N,N,0.273,7.0,N,,N,,0.504,0.605,1.0,1.4,Branch,0.85,NO,NO,Bank Term Deposit,Insurance Cross-Sell,,20-09-2026,Term Deposit cross sell offer made to the customer via digital channels,10-09-2026
SYN-001128,profile_only_v1,20260814,True,1128,216795,0.542853,0.599431,0.334483,0.334511,0,0.056577,2.8e-05,0.188403,exact_age,high,42,blue-collar,married,primary,no,223,yes,no,unknown,7,may,41,3,-1,0,unknown,no,216795,Male,42,1,28.0,0,1-2 Year,Yes,31604.0,23.0,254,0,COMPLETED,Y,N,0,N,N,0.015,10.0,N,,N,,0.517,0.896,1.0,1.4,App,0.826,NO,YES,Insurance Cross-Sell,Bank Term Deposit,,20-09-2026,Insurance cross sell offer made to the customer via digital channels,10-09-2026
SYN-029350,profile_only_v1,20260814,True,29350,333640,0.362762,0.362171,0.763369,0.762582,0,0.000591,0.000787,0.002782,exact_age,high,32,technician,single,tertiary,no,1534,no,no,cellular,2,feb,199,2,-1,0,unknown,no,333640,Male,32,1,18.0,1,< 1 Year,No,43077.0,152.0,166,0,COMPLETED,Y,N,0,N,N,0.21,7.5,N,,N,,0.272,0.501,1.0,1.4,Call,0.532,YES,NO,Bank Term Deposit,Insurance Cross-Sell,,20-09-2026,Term Deposit cross sell offer made to the customer via digital channels,10-09-2026
SYN-039472,profile_only_v1,20260814,True,39472,110560,0.490062,0.525716,0.790368,0.790442,0,0.035654,7.4e-05,0.118727,exact_age,high,36,management,single,tertiary,no,1379,no,no,cellular,25,may,189,1,186,1,failure,yes,110560,Male,36,1,28.0,0,1-2 Year,Yes,49509.0,26.0,188,0,COMPLETED,Y,N,0,N,N,0.298,5.6,N,,N,,0.636,0.699,1.0,1.4,App,0.863,YES,YES,Insurance Cross-Sell,Bank Term Deposit,,20-09-2026,Insurance cross sell offer made to the customer via digital channels,10-09-2026
SYN-023115,profile_only_v1,20260814,True,23115,316533,0.544062,0.525716,0.454669,0.454759,0,0.018346,9e-05,0.061093,exact_age,high,36,management,married,tertiary,no,23,no,no,cellular,26,aug,133,11,-1,0,unknown,no,316533,Female,36,1,28.0,0,1-2 Year,Yes,36487.0,154.0,224,0,COMPLETED,Y,N,0,N,N,0.22,7.3,N,,N,,0.584,1.0,1.0,1.4,Call,0.956,NO,YES,Insurance Cross-Sell,Bank Term Deposit,,20-09-2026,Insurance cross sell offer made to the customer via digital channels,10-09-2026
SYN-007006,profile_only_v1,20260814,True,7006,18578,0.231002,0.271112,0.287604,0.287575,0,0.04011,3e-05,0.133567,exact_age,high,26,services,married,secondary,no,33,yes,no,unknown,28,may,51,4,-1,0,unknown,no,18578,Male,26,1,33.0,1,< 1 Year,No,26739.0,151.0,145,0,COMPLETED,N,N,72,Y,N,0.38,5.8,N,,N,,0.543,0.542,1.0,1.4,Email,0.584,NO,NO,No Marketing Action (Consent Withheld),Bank Term Deposit,Insurance Cross-Sell,20-09-2026,Marketing messages and sales offers suppressed across channels in absence of valid consent; only essential service communications retained,10-09-2026
SYN-012377,profile_only_v1,20260814,True,12377,246273,0.743366,0.766215,0.267585,0.267629,0,0.022849,4.4e-05,0.076088,exact_age,high,55,retired,married,primary,no,2,no,no,unknown,27,jun,392,4,-1,0,unknown,no,246273,Female,55,1,28.0,0,1-2 Year,Yes,27256.0,26.0,245,0,INCOMPLETE,Y,N,0,N,N,0.191,5.0,N,,N,,0.491,0.868,1.0,1.4,App,0.56,NO,YES,Complete KYC,Insurance Cross-Sell,Bank Term Deposit,20-09-2026,KYC completion notification displayed in the mobile app and internet banking; reminder sent through SMS/email; cross-sell offers withheld until KYC is completed,10-09-2026
SYN-006718,profile_only_v1,20260814,True,6718,90548,0.203319,0.312702,0.292,0.292014,0,0.109383,1.5e-05,0.364246,exact_age,high,28,services,single,secondary,no,40,yes,no,unknown,28,may,313,2,-1,0,unknown,no,90548,Male,28,1,29.0,0,< 1 Year,Yes,28155.0,124.0,32,0,COMPLETED,Y,N,0,N,N,0.606,4.7,N,,N,,0.262,0.929,1.0,1.4,Email,0.843,NO,YES,Retention Action,Insurance Cross-Sell,Bank Term Deposit,20-09-2026,"Retention message prioritised - fee review, tailored support option and/or save offer; proactive contact task created for the service team; routine cross-sell deferred",10-09-2026
SYN-004659,profile_only_v1,20260814,True,4659,376027,0.767969,0.789198,0.276366,0.276447,0,0.02123,8.1e-05,0.070695,exact_age,high,58,blue-collar,married,primary,no,99,yes,no,unknown,20,may,215,3,-1,0,unknown,no,376027,Male,58,1,45.0,0,1-2 Year,Yes,20193.0,26.0,22,0,COMPLETED,N,N,0,N,N,0.552,3.6,N,,N,,0.874,0.94,1.0,1.4,Call,0.926,NO,YES,No Marketing Action (Consent Withheld),Insurance Cross-Sell,Bank Term Deposit,20-09-2026,Marketing messages and sales offers suppressed across channels in absence of valid consent; only essential service communications retained,10-09-2026
SYN-005791,profile_only_v1,20260814,True,5791,275747,0.461926,0.497625,0.904374,0.904254,0,0.035699,0.00012,0.118878,exact_age,high,33,management,married,tertiary,no,9725,yes,no,unknown,26,may,131,4,-1,0,unknown,no,275747,Male,33,1,23.0,1,1-2 Year,No,48710.0,31.0,147,0,COMPLETED,Y,N,0,N,N,0.431,7.0,N,,N,,0.457,0.277,1.0,1.4,App,0.999,NO,NO,Bank Term Deposit,Insurance Cross-Sell,,20-09-2026,Term Deposit cross sell offer made to the customer via digital channels,10-09-2026
SYN-003331,profile_only_v1,20260814,True,3331,145223,0.639547,0.646451,0.762749,0.76277,0,0.006905,2.2e-05,0.022993,exact_age,high,45,services,married,secondary,no,9077,yes,no,unknown,15,may,139,1,-1,0,unknown,no,145223,Male,45,1,39.0,0,1-2 Year,Yes,37835.0,26.0,127,1,COMPLETED,Y,N,0,N,N,0.35,2.8,N,,N,,0.21,0.88,1.0,1.4,Email,0.468,NO,YES,Service Intervention (Low NPS),Insurance Cross-Sell,Bank Term Deposit,20-09-2026,Service-recovery message -  apology / follow-up communication sent; contact-centre/service task created to address the customer’s recent experience,10-09-2026
SYN-044287,profile_only_v1,20260814,True,44287,30481,0.589547,0.646451,0.2419,0.241773,0,0.056905,0.000127,0.189493,exact_age,high,45,blue-collar,single,secondary,no,0,yes,no,cellular,26,jul,768,2,91,5,success,no,30481,Male,45,1,28.0,0,1-2 Year,Yes,23808.0,124.0,258,0,COMPLETED,Y,N,0,N,N,0.074,10.0,N,,N,,0.685,0.709,1.0,1.4,Call,0.436,YES,YES,Bank Term Deposit,Insurance Cross-Sell,,20-09-2026,Term Deposit cross sell offer made to the customer via digital channels,10-09-2026
SYN-042271,profile_only_v1,20260814,True,42271,135123,0.543194,0.557608,0.429623,0.429671,0,0.014414,4.8e-05,0.047998,exact_age,high,39,admin.,married,secondary,no,260,yes,no,cellular,13,nov,226,1,94,4,success,yes,135123,Female,39,1,28.0,0,1-2 Year,Yes,35570.0,124.0,13,1,COMPLETED,Y,N,0,N,N,0.574,5.0,N,,Y,INSURANCE,0.733,0.819,1.0,1.4,SMS,0.693,YES,YES,Insurance Cross-Sell,Bank Term Deposit,Insurance Cross-Sell,20-09-2026,Insurance cross sell offer made to the customer via digital channels,10-09-2026
SYN-037480,profile_only_v1,20260814,True,37480,138370,0.333926,0.371625,0.375445,0.377028,0,0.037699,0.001583,0.1256,exact_age,high,33,blue-collar,married,primary,no,324,yes,no,cellular,13,may,217,2,-1,0,unknown,no,138370,Female,33,1,46.0,0,< 1 Year,Yes,27232.0,124.0,94,0,COMPLETED,Y,N,0,N,N,0.384,7.3,N,,Y,INSURANCE,0.482,0.68,1.0,1.4,SMS,0.93,NO,YES,Insurance Cross-Sell,Insurance Cross-Sell,Bank Term Deposit,20-09-2026,Insurance cross sell offer made to the customer via digital channels,10-09-2026
SYN-004256,profile_only_v1,20260814,True,4256,338593,0.582645,0.58456,0.750203,0.750114,0,0.001915,8.9e-05,0.006381,exact_age,high,41,admin.,married,secondary,no,3855,yes,no,unknown,19,may,657,2,-1,0,unknown,no,338593,Male,41,1,28.0,0,1-2 Year,No,46980.0,55.0,28,0,INCOMPLETE,Y,N,0,N,N,0.559,4.8,N,,N,,0.503,0.678,1.0,1.4,Email,0.643,NO,NO,Complete KYC,Bank Term Deposit,Insurance Cross-Sell,20-09-2026,KYC completion notification displayed in the mobile app and internet banking; reminder sent through SMS/email; cross-sell offers withheld until KYC is completed,10-09-2026
SYN-007648,profile_only_v1,20260814,True,7648,369492,0.489976,0.506981,0.57883,0.578607,0,0.017006,0.000223,0.056632,exact_age,high,34,management,married,tertiary,no,362,yes,no,unknown,30,may,38,3,-1,0,unknown,no,369492,Male,34,1,30.0,0,1-2 Year,Yes,27655.0,155.0,283,1,COMPLETED,Y,N,0,N,N,0.181,7.3,N,,N,,0.446,0.9,1.0,1.4,Call,0.842,NO,YES,Insurance Cross-Sell,Bank Term Deposit,,20-09-2026,Insurance cross sell offer made to the customer via digital channels,10-09-2026
SYN-039810,profile_only_v1,20260814,True,39810,257654,0.730302,0.702641,0.652514,0.652555,0,0.027662,4.2e-05,0.092113,exact_age,high,49,management,single,tertiary,no,493,no,no,cellular,1,jun,161,1,39,1,failure,no,257654,Female,49,1,28.0,0,1-2 Year,No,42571.0,26.0,248,0,COMPLETED,Y,N,0,N,N,0.114,9.8,N,,Y,INSURANCE,0.574,0.554,1.0,1.4,App,0.726,YES,NO,Insurance Cross-Sell,Bank Term Deposit,Insurance Cross-Sell,20-09-2026,Insurance cross sell offer made to the customer via digital channels,10-09-2026
SYN-015829,profile_only_v1,20260814,True,15829,17164,0.376448,0.341125,0.452021,0.452036,0,0.035322,1.4e-05,0.117622,exact_age,high,30,management,married,tertiary,no,74,yes,no,cellular,21,jul,106,3,-1,0,unknown,no,17164,Male,30,1,29.0,1,< 1 Year,No,32266.0,152.0,147,0,COMPLETED,Y,N,0,N,N,0.415,6.3,N,,N,,0.306,0.686,1.0,1.4,SMS,0.771,NO,NO,Bank Term Deposit,Insurance Cross-Sell,,20-09-2026,Term Deposit cross sell offer made to the customer via digital channels,10-09-2026
SYN-029412,profile_only_v1,20260814,True,29412,9031,0.772142,0.757249,0.204208,0.203872,0,0.014893,0.000336,0.049602,exact_age,high,54,technician,divorced,secondary,no,0,yes,yes,cellular,3,feb,62,2,203,5,failure,no,9031,Male,54,1,22.0,0,1-2 Year,Yes,2630.0,30.0,207,0,COMPLETED,Y,N,74,Y,N,0.252,4.5,N,,N,,0.434,1.0,1.0,1.4,Call,0.773,NO,YES,Payment Reminder / Collections Resolution,Insurance Cross-Sell,Bank Term Deposit,20-09-2026,"Payment-due reminder sent through the mobile app, internet banking, SMS or email; customer directed to payment options or the collections support journey; sales offers paused",10-09-2026
SYN-010457,profile_only_v1,20260814,True,10457,281690,0.627002,0.55001,0.023563,0.040459,0,0.076992,0.016896,0.259839,exact_age,high,47,blue-collar,married,primary,no,-245,yes,yes,unknown,12,jun,67,4,-1,0,unknown,no,281690,Male,47,1,28.0,0,< 1 Year,No,2630.0,1.0,222,0,COMPLETED,Y,Y,45,Y,N,0.253,7.2,N,,N,,0.41,0.781,1.0,1.4,SMS,0.738,NO,NO,Compliance Hold - No Sales Offer,Bank Term Deposit,Insurance Cross-Sell,20-09-2026,Case routed for internal AML/fraud review; a neutral service message displayed stating account activity is restricted,10-09-2026
SYN-027754,profile_only_v1,20260814,True,27754,195394,0.473727,0.614964,0.392866,0.392834,0,0.141237,3.2e-05,0.470318,exact_age,high,43,entrepreneur,single,unknown,no,323,no,no,cellular,28,jan,159,1,226,1,success,no,195394,Male,43,1,28.0,0,1-2 Year,Yes,34161.0,26.0,179,0,INCOMPLETE,Y,N,0,N,Y,0.101,7.0,N,,Y,INSURANCE,0.781,0.82,1.0,1.4,SMS,0.969,YES,YES,Complete KYC,Insurance Cross-Sell,Bank Term Deposit,20-09-2026,KYC completion notification displayed in the mobile app and internet banking; reminder sent through SMS/email; cross-sell offers withheld until KYC is completed,10-09-2026
SYN-004571,profile_only_v1,20260814,True,4571,235143,0.416062,0.525716,0.709389,0.709086,0,0.109654,0.000303,0.365148,exact_age,high,36,blue-collar,married,primary,no,8135,yes,no,unknown,20,may,522,1,-1,0,unknown,no,235143,Male,36,1,28.0,0,1-2 Year,Yes,44940.0,124.0,45,1,COMPLETED,Y,N,0,N,N,0.386,5.7,N,,N,,0.458,1.0,1.0,1.4,App,0.988,NO,YES,Insurance Cross-Sell,Bank Term Deposit,,20-09-2026,Insurance cross sell offer made to the customer via digital channels,10-09-2026
SYN-020574,profile_only_v1,20260814,True,20574,189708,0.784142,0.757249,0.592715,0.592343,0,0.026893,0.000372,0.089559,exact_age,high,54,technician,married,secondary,no,658,no,no,cellular,12,aug,398,4,-1,0,unknown,no,189708,Female,54,1,28.0,1,1-2 Year,No,40385.0,26.0,117,0,COMPLETED,Y,N,0,N,N,0.388,6.9,N,,Y,INSURANCE,0.479,0.39,1.0,1.4,Call,0.811,NO,NO,Insurance Cross-Sell,Bank Term Deposit,Insurance Cross-Sell,20-09-2026,Insurance cross sell offer made to the customer via digital channels,10-09-2026
SYN-002354,profile_only_v1,20260814,True,2354,127055,0.403426,0.352244,0.568874,0.568842,0,0.051182,3.2e-05,0.170438,exact_age,high,31,management,married,tertiary,no,334,yes,no,unknown,13,may,449,1,-1,0,unknown,no,127055,Female,31,1,41.0,1,< 1 Year,No,35098.0,152.0,13,0,COMPLETED,Y,N,0,N,N,0.64,4.1,N,,N,,0.506,0.485,1.0,1.4,Call,0.44,NO,NO,Retention Action,Bank Term Deposit,Insurance Cross-Sell,20-09-2026,"Retention message prioritised - fee review, tailored support option and/or save offer; proactive contact task created for the service team; routine cross-sell deferred",10-09-2026
SYN-023629,profile_only_v1,20260814,True,23629,267221,0.341926,0.371625,0.406671,0.409483,0,0.029699,0.002812,0.099147,exact_age,high,33,technician,single,secondary,no,111,no,no,cellular,28,aug,7,23,-1,0,unknown,no,267221,Male,33,1,10.0,1,< 1 Year,No,27012.0,152.0,49,0,COMPLETED,Y,N,31,Y,N,0.505,5.3,N,,N,,0.414,0.438,1.0,1.4,App,0.623,NO,NO,Payment Reminder / Collections Resolution,Bank Term Deposit,Insurance Cross-Sell,20-09-2026,"Payment-due reminder sent through the mobile app, internet banking, SMS or email; customer directed to payment options or the collections support journey; sales offers paused",10-09-2026
SYN-025803,profile_only_v1,20260814,True,25803,179789,0.329426,0.352244,0.783545,0.783918,0,0.022818,0.000372,0.075988,exact_age,high,31,admin.,single,tertiary,no,2004,no,no,cellular,19,nov,117,1,-1,0,unknown,no,179789,Female,31,1,30.0,1,< 1 Year,No,43039.0,152.0,150,0,COMPLETED,Y,N,0,N,N,0.357,6.4,N,,Y,TERM_DEPOSIT,0.461,0.384,1.0,1.4,Call,0.952,YES,NO,Bank Term Deposit,Bank Term Deposit,Insurance Cross-Sell,20-09-2026,Term Deposit cross sell offer made to the customer via digital channels,10-09-2026
SYN-037414,profile_only_v1,20260814,True,37414,241366,0.591966,0.630112,0.3719,0.358464,0,0.038146,0.013436,0.131391,exact_age,high,38,management,married,tertiary,no,0,yes,no,cellular,13,may,537,5,303,2,failure,no,241366,Male,38,1,47.0,0,> 2 Years,Yes,26003.0,26.0,223,0,COMPLETED,Y,N,0,N,N,0.097,9.9,N,,N,,0.751,0.76,1.0,1.4,SMS,0.501,NO,YES,Insurance Cross-Sell,Bank Term Deposit,,20-09-2026,Insurance cross sell offer made to the customer via digital channels,10-09-2026
SYN-036895,profile_only_v1,20260814,True,36895,313978,0.539624,0.570481,0.378223,0.378174,0,0.030857,4.9e-05,0.102755,exact_age,high,40,services,divorced,secondary,no,209,yes,no,cellular,12,may,302,2,344,3,other,no,313978,Male,40,1,46.0,0,1-2 Year,No,24658.0,124.0,169,0,COMPLETED,Y,N,72,Y,N,0.09,8.9,N,,N,,0.501,0.962,1.0,1.4,Call,0.519,NO,NO,Payment Reminder / Collections Resolution,Bank Term Deposit,Insurance Cross-Sell,20-09-2026,"Payment-due reminder sent through the mobile app, internet banking, SMS or email; customer directed to payment options or the collections support journey; sales offers paused",10-09-2026
SYN-023153,profile_only_v1,20260814,True,23153,150823,0.721547,0.730451,0.444425,0.445249,0,0.008905,0.000824,0.029725,exact_age,high,45,management,married,tertiary,no,10,no,no,cellular,26,aug,133,7,-1,0,unknown,no,150823,Male,45,1,28.0,0,> 2 Years,Yes,36894.0,26.0,259,0,COMPLETED,Y,N,85,Y,N,0.144,7.4,Y,INSURANCE,N,,0.598,0.998,1.0,1.4,SMS,0.592,NO,YES,Payment Reminder / Collections Resolution,Insurance Cross-Sell,Bank Term Deposit,20-09-2026,"Payment-due reminder sent through the mobile app, internet banking, SMS or email; customer directed to payment options or the collections support journey; sales offers paused",10-09-2026
SYN-022952,profile_only_v1,20260814,True,22952,191219,0.76999,0.773673,0.405746,0.401226,0,0.003683,0.00452,0.016678,exact_age,high,48,management,married,tertiary,no,0,no,no,cellular,26,aug,60,5,-1,0,unknown,no,191219,Male,48,1,28.0,0,> 2 Years,Yes,34787.0,26.0,132,1,COMPLETED,Y,N,42,Y,Y,0.275,5.5,N,,Y,INSURANCE,0.447,0.846,1.0,1.4,App,0.639,NO,YES,Payment Reminder / Collections Resolution,Insurance Cross-Sell,Bank Term Deposit,20-09-2026,"Payment-due reminder sent through the mobile app, internet banking, SMS or email; customer directed to payment options or the collections support journey; sales offers paused",10-09-2026
SYN-001743,profile_only_v1,20260814,True,1743,64431,0.481194,0.557608,0.391535,0.391437,0,0.076414,9.8e-05,0.254458,exact_age,high,39,blue-collar,single,secondary,no,217,yes,no,unknown,9,may,107,1,-1,0,unknown,no,64431,Male,39,1,38.0,0,1-2 Year,Yes,24861.0,124.0,24,0,INCOMPLETE,N,N,0,N,N,0.632,6.2,N,,N,,0.498,0.833,1.0,1.4,Branch,0.511,NO,YES,Complete KYC,Insurance Cross-Sell,Bank Term Deposit,20-09-2026,KYC completion notification displayed in the mobile app and internet banking; reminder sent through SMS/email; cross-sell offers withheld until KYC is completed,10-09-2026
SYN-031219,profile_only_v1,20260814,True,31219,53752,0.301299,0.328197,0.496063,0.496076,0,0.026898,1.2e-05,0.089569,exact_age,high,29,management,single,tertiary,no,92,no,no,cellular,2,mar,175,5,-1,0,unknown,yes,53752,Female,29,1,15.0,0,< 1 Year,Yes,33758.0,152.0,292,0,COMPLETED,Y,N,0,N,N,0.093,8.3,N,,N,,0.719,0.9,1.0,1.4,Call,0.783,NO,NO,Bank Term Deposit,Insurance Cross-Sell,,20-09-2026,Term Deposit cross sell offer made to the customer via digital channels,10-09-2026
SYN-013141,profile_only_v1,20260814,True,13141,276813,0.521966,0.546112,0.426584,0.426734,0,0.024146,0.00015,0.080406,exact_age,high,38,admin.,married,secondary,no,338,no,yes,cellular,8,jul,191,1,-1,0,unknown,no,276813,Female,38,1,35.0,0,1-2 Year,Yes,26339.0,26.0,41,1,COMPLETED,Y,N,0,N,N,0.56,5.2,N,,Y,TERM_DEPOSIT,0.585,0.831,1.0,1.4,Call,0.556,NO,YES,Bank Term Deposit,Insurance Cross-Sell,Bank Term Deposit,20-09-2026,Term Deposit cross sell offer made to the customer via digital channels,10-09-2026
SYN-010656,profile_only_v1,20260814,True,10656,216904,0.477194,0.557608,0.612442,0.612572,0,0.080414,0.00013,0.267778,exact_age,high,39,services,single,secondary,no,1336,yes,no,unknown,16,jun,358,1,-1,0,unknown,no,216904,Male,39,1,50.0,0,1-2 Year,Yes,34952.0,8.0,292,0,COMPLETED,Y,N,0,N,N,0.0,9.7,N,,N,,0.665,0.49,1.0,1.4,Email,0.971,NO,YES,Insurance Cross-Sell,Bank Term Deposit,,20-09-2026,Insurance cross sell offer made to the customer via digital channels,10-09-2026
SYN-040975,profile_only_v1,20260814,True,40975,30475,0.157002,0.271112,0.492265,0.492285,0,0.11411,2e-05,0.379987,exact_age,high,26,student,single,secondary,no,611,no,no,cellular,13,aug,138,2,69,3,failure,no,30475,Male,26,1,30.0,1,< 1 Year,No,29002.0,152.0,246,0,COMPLETED,Y,N,52,Y,N,0.097,8.7,N,,N,,0.356,0.497,1.0,1.4,App,0.924,YES,NO,Payment Reminder / Collections Resolution,Bank Term Deposit,Insurance Cross-Sell,20-09-2026,"Payment-due reminder sent through the mobile app, internet banking, SMS or email; customer directed to payment options or the collections support journey; sales offers paused",10-09-2026
SYN-003968,profile_only_v1,20260814,True,3968,108078,0.555624,0.570481,0.536559,0.536626,0,0.014857,6.7e-05,0.049475,exact_age,high,40,blue-collar,married,secondary,no,1161,yes,yes,unknown,16,may,292,8,-1,0,unknown,no,108078,Female,40,1,15.0,1,1-2 Year,No,31314.0,152.0,242,0,COMPLETED,N,N,0,N,N,0.248,7.0,N,,Y,TERM_DEPOSIT,0.402,0.547,1.0,1.4,App,0.791,NO,NO,No Marketing Action (Consent Withheld),Bank Term Deposit,Insurance Cross-Sell,20-09-2026,Marketing messages and sales offers suppressed across channels in absence of valid consent; only essential service communications retained,10-09-2026
SYN-019537,profile_only_v1,20260814,True,19537,46663,0.670198,0.714805,0.674399,0.674032,0,0.044608,0.000368,0.148547,exact_age,high,50,blue-collar,married,primary,no,4108,yes,no,cellular,7,aug,526,2,-1,0,unknown,yes,46663,Male,50,1,19.0,0,1-2 Year,Yes,35584.0,26.0,272,0,COMPLETED,Y,N,0,N,Y,0.058,7.3,Y,TERM_DEPOSIT,N,,0.288,0.67,1.0,1.4,SMS,0.713,NO,YES,Service Resolution,Insurance Cross-Sell,Bank Term Deposit,20-09-2026,"Complaint status and resolution options surfaced in the mobile app, internet banking or contact-centre desktop; service follow-up initiated; promotional offers suppressed until resolution",10-09-2026
SYN-030667,profile_only_v1,20260814,True,30667,104399,0.285465,0.516268,0.446834,0.446645,0,0.230803,0.00019,0.768575,exact_age,high,35,blue-collar,single,unknown,no,871,yes,no,cellular,6,feb,117,1,245,3,failure,no,104399,Female,35,1,8.0,1,1-2 Year,No,34492.0,152.0,265,0,INCOMPLETE,Y,N,0,N,N,0.11,10.0,N,,N,,0.579,0.479,1.0,1.4,SMS,0.737,NO,NO,Complete KYC,Bank Term Deposit,Insurance Cross-Sell,20-09-2026,KYC completion notification displayed in the mobile app and internet banking; reminder sent through SMS/email; cross-sell offers withheld until KYC is completed,10-09-2026
SYN-044189,profile_only_v1,20260814,True,44189,187609,0.685002,0.67601,0.780065,0.780015,0,0.008992,5e-05,0.029943,exact_age,high,47,admin.,married,secondary,no,3676,no,no,cellular,15,jul,415,2,342,1,other,yes,187609,Male,47,1,3.0,0,1-2 Year,Yes,32924.0,124.0,216,0,COMPLETED,Y,N,51,Y,N,0.194,8.6,N,,Y,TERM_DEPOSIT,0.641,0.835,1.0,1.4,App,0.674,YES,YES,Payment Reminder / Collections Resolution,Bank Term Deposit,Insurance Cross-Sell,20-09-2026,"Payment-due reminder sent through the mobile app, internet banking, SMS or email; customer directed to payment options or the collections support journey; sales offers paused",10-09-2026
SYN-034612,profile_only_v1,20260814,True,34612,166259,0.638127,0.614964,0.234372,0.234388,0,0.023163,1.6e-05,0.077134,exact_age,high,43,management,married,secondary,no,-100,yes,no,cellular,5,may,227,1,-1,0,unknown,no,166259,Female,43,1,46.0,1,1-2 Year,No,15598.0,16.0,92,0,COMPLETED,Y,N,0,N,N,0.53,5.7,N,,N,,0.61,0.79,1.0,1.4,SMS,0.962,NO,NO,Bank Term Deposit,Insurance Cross-Sell,,20-09-2026,Term Deposit cross sell offer made to the customer via digital channels,10-09-2026
SYN-009187,profile_only_v1,20260814,True,9187,147695,0.754752,0.774299,0.562068,0.562408,0,0.019547,0.00034,0.065096,exact_age,high,56,retired,married,primary,no,855,no,no,unknown,5,jun,140,2,-1,0,unknown,no,147695,Female,56,1,28.0,0,1-2 Year,Yes,39344.0,26.0,224,0,COMPLETED,N,N,20,N,N,0.166,8.6,N,,N,,0.62,0.915,1.0,1.4,SMS,0.628,NO,YES,No Marketing Action (Consent Withheld),Insurance Cross-Sell,Bank Term Deposit,20-09-2026,Marketing messages and sales offers suppressed across channels in absence of valid consent; only essential service communications retained,10-09-2026
SYN-037255,profile_only_v1,20260814,True,37255,17375,0.683676,0.726309,0.654391,0.654142,0,0.042633,0.000249,0.141968,exact_age,high,51,blue-collar,married,primary,no,3185,yes,no,cellular,13,may,154,1,174,2,failure,no,17375,Female,51,1,28.0,1,1-2 Year,No,42630.0,26.0,55,0,COMPLETED,N,N,0,N,N,0.509,1.3,N,,Y,TERM_DEPOSIT,0.716,0.433,1.0,1.4,SMS,0.617,NO,NO,No Marketing Action (Consent Withheld),Bank Term Deposit,Insurance Cross-Sell,20-09-2026,Marketing messages and sales offers suppressed across channels in absence of valid consent; only essential service communications retained,10-09-2026
SYN-031155,profile_only_v1,20260814,True,31155,336756,0.532062,0.525716,0.341822,0.341966,0,0.006346,0.000144,0.021136,exact_age,high,36,management,divorced,tertiary,no,-1,no,no,cellular,26,feb,88,3,-1,0,unknown,no,336756,Female,36,1,33.0,1,1-2 Year,No,25296.0,124.0,289,0,COMPLETED,Y,N,4,N,N,0.177,8.0,N,,N,,0.503,0.734,1.0,1.4,Call,0.586,NO,NO,Bank Term Deposit,Insurance Cross-Sell,,20-09-2026,Term Deposit cross sell offer made to the customer via digital channels,10-09-2026
SYN-025919,profile_only_v1,20260814,True,25919,302117,0.701002,0.67601,0.3719,0.371849,0,0.024992,5.1e-05,0.083222,exact_age,high,47,management,single,tertiary,no,0,yes,no,cellular,19,nov,50,2,-1,0,unknown,no,302117,Male,47,1,41.0,1,1-2 Year,No,27602.0,124.0,123,0,COMPLETED,Y,N,0,N,N,0.454,6.0,N,,N,,0.313,0.68,1.0,1.4,SMS,0.657,NO,NO,Bank Term Deposit,Insurance Cross-Sell,,20-09-2026,Term Deposit cross sell offer made to the customer via digital channels,10-09-2026
SYN-037581,profile_only_v1,20260814,True,37581,68851,0.259002,0.271112,0.861704,0.826,0,0.01211,0.035704,0.097948,exact_age,high,26,management,single,tertiary,no,3944,yes,no,cellular,14,may,974,2,-1,0,unknown,yes,68851,Female,26,1,28.0,1,< 1 Year,No,110070.0,152.0,169,0,INCOMPLETE,Y,N,0,N,N,0.292,7.2,N,,N,,0.428,0.734,1.0,1.4,Call,0.957,NO,NO,Complete KYC,Bank Term Deposit,Insurance Cross-Sell,20-09-2026,KYC completion notification displayed in the mobile app and internet banking; reminder sent through SMS/email; cross-sell offers withheld until KYC is completed,10-09-2026
SYN-038024,profile_only_v1,20260814,True,38024,104157,0.478062,0.525716,0.620099,0.619939,0,0.047654,0.00016,0.158688,exact_age,high,36,technician,married,secondary,no,1038,yes,no,telephone,14,may,42,3,-1,0,unknown,no,104157,Male,36,1,30.0,1,1-2 Year,No,28663.0,152.0,207,0,INCOMPLETE,Y,N,0,N,N,0.335,6.9,N,,N,,0.504,0.585,1.0,1.4,Branch,0.609,NO,NO,Complete KYC,Bank Term Deposit,Insurance Cross-Sell,20-09-2026,KYC completion notification displayed in the mobile app and internet banking; reminder sent through SMS/email; cross-sell offers withheld until KYC is completed,10-09-2026
SYN-021472,profile_only_v1,20260814,True,21472,204336,0.763766,0.766215,0.487427,0.486775,0,0.002449,0.000652,0.008317,exact_age,high,55,unemployed,married,secondary,no,549,no,no,cellular,18,aug,43,5,-1,0,unknown,no,204336,Female,55,1,28.0,1,1-2 Year,No,37621.0,26.0,154,0,COMPLETED,Y,N,38,Y,N,0.411,6.4,N,,Y,TERM_DEPOSIT,0.475,0.258,1.0,1.4,Call,0.847,NO,NO,Payment Reminder / Collections Resolution,Bank Term Deposit,Insurance Cross-Sell,20-09-2026,"Payment-due reminder sent through the mobile app, internet banking, SMS or email; customer directed to payment options or the collections support journey; sales offers paused",10-09-2026
SYN-005837,profile_only_v1,20260814,True,5837,371433,0.411976,0.506981,0.76498,0.764861,0,0.095006,0.000119,0.316369,exact_age,high,34,blue-collar,married,secondary,no,7216,yes,no,unknown,26,may,143,2,-1,0,unknown,no,371433,Male,34,1,50.0,0,1-2 Year,Yes,40694.0,124.0,146,1,COMPLETED,N,N,12,N,Y,0.43,5.2,N,,Y,TERM_DEPOSIT,0.805,0.864,1.0,1.4,Email,0.599,NO,YES,No Marketing Action (Consent Withheld),Insurance Cross-Sell,Bank Term Deposit,20-09-2026,Marketing messages and sales offers suppressed across channels in absence of valid consent; only essential service communications retained,10-09-2026
SYN-042121,profile_only_v1,20260814,True,42121,8310,0.859756,0.864702,0.734728,0.734997,0,0.004946,0.000269,0.016485,exact_age,high,72,retired,single,tertiary,no,1285,no,no,telephone,2,nov,179,5,98,2,failure,no,8310,Male,72,1,4.0,1,1-2 Year,No,32978.0,26.0,163,0,COMPLETED,Y,N,0,N,N,0.229,8.6,N,,N,,0.662,0.4,1.0,1.4,Call,0.915,YES,NO,Bank Term Deposit,Insurance Cross-Sell,,20-09-2026,Term Deposit cross sell offer made to the customer via digital channels,10-09-2026
SYN-033787,profile_only_v1,20260814,True,33787,310136,0.543194,0.557608,0.597854,0.597971,0,0.014414,0.000117,0.047999,exact_age,high,39,admin.,married,secondary,no,732,no,no,cellular,23,apr,522,4,-1,0,unknown,yes,310136,Female,39,1,28.0,0,1-2 Year,Yes,40579.0,26.0,222,0,COMPLETED,Y,N,71,Y,N,0.19,7.5,N,,N,,0.435,0.92,1.0,1.4,App,0.93,NO,YES,Payment Reminder / Collections Resolution,Insurance Cross-Sell,Bank Term Deposit,20-09-2026,"Payment-due reminder sent through the mobile app, internet banking, SMS or email; customer directed to payment options or the collections support journey; sales offers paused",10-09-2026
SYN-012579,profile_only_v1,20260814,True,12579,16411,0.411976,0.506981,0.382579,0.382622,0,0.095006,4.3e-05,0.316369,exact_age,high,34,blue-collar,married,secondary,no,277,no,yes,unknown,3,jul,225,2,-1,0,unknown,no,16411,Female,34,1,41.0,1,1-2 Year,No,27979.0,152.0,198,0,COMPLETED,Y,N,0,N,N,0.32,5.1,N,,N,,0.3,0.648,1.0,1.4,SMS,0.748,NO,NO,Bank Term Deposit,Insurance Cross-Sell,,20-09-2026,Term Deposit cross sell offer made to the customer via digital channels,10-09-2026
SYN-000951,profile_only_v1,20260814,True,951,107860,0.305299,0.328197,0.362603,0.362605,0,0.022898,2e-06,0.076249,exact_age,high,29,management,married,secondary,no,147,yes,yes,unknown,7,may,376,2,-1,0,unknown,no,107860,Female,29,1,3.0,1,< 1 Year,No,24914.0,152.0,294,0,COMPLETED,Y,N,0,N,N,0.133,6.1,N,,N,,0.622,0.473,1.0,1.4,SMS,0.667,NO,NO,Bank Term Deposit,Insurance Cross-Sell,,20-09-2026,Term Deposit cross sell offer made to the customer via digital channels,10-09-2026
SYN-011458,profile_only_v1,20260814,True,11458,240407,0.542645,0.58456,0.36384,0.363815,0,0.041915,2.5e-05,0.139577,exact_age,high,41,unemployed,divorced,secondary,no,271,yes,no,unknown,19,jun,196,2,-1,0,unknown,no,240407,Female,41,1,8.0,1,1-2 Year,No,31405.0,7.0,246,0,INCOMPLETE,Y,N,0,N,N,0.17,9.5,N,,N,,0.699,0.595,1.0,1.4,Email,0.555,NO,NO,Complete KYC,Bank Term Deposit,Insurance Cross-Sell,20-09-2026,KYC completion notification displayed in the mobile app and internet banking; reminder sent through SMS/email; cross-sell offers withheld until KYC is completed,10-09-2026
SYN-026134,profile_only_v1,20260814,True,26134,244669,0.801276,0.810309,0.75087,0.751084,0,0.009033,0.000214,0.030084,exact_age,high,51,entrepreneur,married,tertiary,no,3188,yes,yes,cellular,19,nov,339,3,-1,0,unknown,no,244669,Male,51,1,41.0,0,> 2 Years,Yes,41419.0,124.0,86,0,COMPLETED,Y,N,84,Y,N,0.526,5.5,N,,N,,0.321,0.993,1.0,1.4,App,0.668,NO,NO,Payment Reminder / Collections Resolution,Insurance Cross-Sell,Bank Term Deposit,20-09-2026,"Payment-due reminder sent through the mobile app, internet banking, SMS or email; customer directed to payment options or the collections support journey; sales offers paused",10-09-2026
SYN-004145,profile_only_v1,20260814,True,4145,752,0.709907,0.747493,0.220579,0.220681,0,0.037586,0.000102,0.125161,exact_age,high,53,blue-collar,married,primary,no,10,yes,no,unknown,19,may,73,1,-1,0,unknown,no,752,Male,53,1,30.0,1,1-2 Year,No,2630.0,26.0,208,0,COMPLETED,Y,N,0,N,N,0.173,10.0,N,,N,,0.55,0.625,1.0,1.4,App,0.991,NO,NO,Bank Term Deposit,Insurance Cross-Sell,,20-09-2026,Term Deposit cross sell offer made to the customer via digital channels,10-09-2026
SYN-040328,profile_only_v1,20260814,True,40328,284623,0.176762,0.362171,0.378683,0.378362,0,0.185409,0.000321,0.617413,exact_age,high,32,student,single,unknown,no,640,no,no,cellular,17,jun,49,2,134,1,failure,no,284623,Male,32,1,35.0,1,< 1 Year,No,28347.0,152.0,87,0,COMPLETED,Y,N,79,Y,N,0.483,3.3,N,,N,,0.561,0.528,1.0,1.4,App,0.52,YES,NO,Payment Reminder / Collections Resolution,Bank Term Deposit,Insurance Cross-Sell,20-09-2026,"Payment-due reminder sent through the mobile app, internet banking, SMS or email; customer directed to payment options or the collections support journey; sales offers paused",10-09-2026
SYN-024404,profile_only_v1,20260814,True,24404,20613,0.567624,0.570481,0.696792,0.696738,0,0.002857,5.4e-05,0.009516,exact_age,high,40,technician,married,secondary,no,1952,yes,no,cellular,17,nov,310,1,-1,0,unknown,no,20613,Male,40,1,35.0,0,1-2 Year,Yes,32971.0,124.0,246,1,COMPLETED,N,N,35,Y,N,0.066,10.0,N,,N,,0.446,1.0,1.0,1.4,SMS,0.866,NO,YES,No Marketing Action (Consent Withheld),Insurance Cross-Sell,Bank Term Deposit,20-09-2026,Marketing messages and sales offers suppressed across channels in absence of valid consent; only essential service communications retained,10-09-2026
SYN-027839,profile_only_v1,20260814,True,27839,31119,0.655547,0.646451,0.714401,0.714453,0,0.009095,5.1e-05,0.030287,exact_age,high,45,technician,married,secondary,no,1686,no,no,cellular,28,jan,355,1,-1,0,unknown,no,31119,Male,45,1,28.0,0,1-2 Year,Yes,45182.0,124.0,293,0,COMPLETED,Y,N,0,N,N,0.0,10.0,N,,N,,0.368,0.78,1.0,1.4,App,0.816,NO,YES,Insurance Cross-Sell,Bank Term Deposit,,20-09-2026,Insurance cross sell offer made to the customer via digital channels,10-09-2026
SYN-003553,profile_only_v1,20260814,True,3553,237762,0.171427,0.238833,0.2419,0.241936,0,0.067407,3.6e-05,0.224465,exact_age,high,25,blue-collar,single,secondary,no,0,yes,no,unknown,15,may,244,2,-1,0,unknown,no,237762,Male,25,1,11.0,1,< 1 Year,No,24061.0,152.0,94,0,COMPLETED,Y,N,16,N,N,0.49,5.2,N,,N,,0.671,0.946,1.0,1.4,SMS,0.627,NO,NO,Bank Term Deposit,Insurance Cross-Sell,,20-09-2026,Term Deposit cross sell offer made to the customer via digital channels,10-09-2026
SYN-008716,profile_only_v1,20260814,True,8716,194653,0.655547,0.646451,0.615704,0.615662,0,0.009095,4.2e-05,0.030287,exact_age,high,45,technician,married,secondary,no,1003,yes,no,unknown,4,jun,71,1,-1,0,unknown,no,194653,Male,45,1,50.0,0,1-2 Year,Yes,35047.0,8.0,80,0,INCOMPLETE,Y,N,0,N,N,0.416,6.7,N,,Y,INSURANCE,0.397,0.966,1.0,1.4,Call,0.54,NO,YES,Complete KYC,Insurance Cross-Sell,Bank Term Deposit,20-09-2026,KYC completion notification displayed in the mobile app and internet banking; reminder sent through SMS/email; cross-sell offers withheld until KYC is completed,10-09-2026
SYN-005729,profile_only_v1,20260814,True,5729,174866,0.771907,0.747493,0.351382,0.351626,0,0.024414,0.000244,0.081302,exact_age,high,53,technician,married,secondary,no,137,no,yes,unknown,26,may,129,1,-1,0,unknown,no,174866,Female,53,1,8.0,0,1-2 Year,Yes,30890.0,124.0,165,1,COMPLETED,Y,N,0,N,N,0.31,5.8,N,,N,,0.645,0.779,1.0,1.4,Email,0.654,NO,NO,Insurance Cross-Sell,Bank Term Deposit,,20-09-2026,Insurance cross sell offer made to the customer via digital channels,10-09-2026
SYN-040729,profile_only_v1,20260814,True,40729,215964,0.473976,0.506981,0.888017,0.88804,0,0.033006,2.2e-05,0.109909,exact_age,high,34,technician,married,tertiary,no,7050,no,no,cellular,7,aug,130,1,-1,0,unknown,yes,215964,Female,34,1,15.0,0,1-2 Year,Yes,51460.0,152.0,249,0,COMPLETED,Y,N,0,N,N,0.241,8.7,N,,Y,INSURANCE,0.58,0.947,1.0,1.4,App,0.79,NO,YES,Insurance Cross-Sell,Insurance Cross-Sell,Bank Term Deposit,20-09-2026,Insurance cross sell offer made to the customer via digital channels,10-09-2026
SYN-003305,profile_only_v1,20260814,True,3305,107934,0.824297,0.865862,0.566311,0.566751,0,0.041565,0.00044,0.138417,exact_age,high,57,entrepreneur,married,secondary,no,1037,yes,yes,unknown,15,may,112,1,-1,0,unknown,no,107934,Female,57,1,29.0,0,> 2 Years,Yes,33158.0,26.0,253,0,COMPLETED,Y,N,5,N,N,0.164,8.7,N,,N,,0.468,0.877,1.0,1.4,Call,0.426,NO,YES,Insurance Cross-Sell,Bank Term Deposit,,20-09-2026,Insurance cross sell offer made to the customer via digital channels,10-09-2026
SYN-007603,profile_only_v1,20260814,True,7603,368930,0.443465,0.516268,0.355746,0.355756,0,0.072803,1e-05,0.242435,exact_age,high,35,admin.,single,tertiary,no,0,no,no,unknown,30,may,327,1,-1,0,unknown,no,368930,Male,35,1,23.0,0,1-2 Year,Yes,22410.0,124.0,188,0,COMPLETED,N,N,0,N,N,0.402,7.0,N,,Y,INSURANCE,0.161,0.79,1.0,1.4,SMS,0.404,NO,YES,No Marketing Action (Consent Withheld),Insurance Cross-Sell,Bank Term Deposit,20-09-2026,Marketing messages and sales offers suppressed across channels in absence of valid consent; only essential service communications retained,10-09-2026
SYN-017874,profile_only_v1,20260814,True,17874,270691,0.648734,0.661624,0.38384,0.383846,0,0.012889,6e-06,0.042922,exact_age,high,46,housemaid,married,secondary,no,271,yes,no,cellular,30,jul,1013,29,-1,0,unknown,yes,270691,Female,46,1,36.0,1,1-2 Year,No,27926.0,152.0,109,0,COMPLETED,Y,N,4,N,N,0.292,7.5,N,,N,,0.676,0.271,1.0,1.4,SMS,0.571,NO,NO,Bank Term Deposit,Insurance Cross-Sell,,20-09-2026,Term Deposit cross sell offer made to the customer via digital channels,10-09-2026
SYN-001772,profile_only_v1,20260814,True,1772,126506,0.309426,0.352244,0.638731,0.638783,0,0.042818,5.2e-05,0.142582,exact_age,high,31,services,divorced,secondary,no,1656,yes,no,unknown,9,may,208,3,-1,0,unknown,no,126506,Female,31,1,28.0,1,< 1 Year,No,46523.0,152.0,113,0,COMPLETED,Y,N,0,N,N,0.38,7.5,N,,N,,0.496,0.455,1.0,1.4,Branch,0.511,NO,NO,Bank Term Deposit,Insurance Cross-Sell,,20-09-2026,Term Deposit cross sell offer made to the customer via digital channels,10-09-2026
SYN-013315,profile_only_v1,20260814,True,13315,171257,0.399065,0.516268,0.367286,0.367254,0,0.117203,3.2e-05,0.390287,exact_age,high,35,retired,married,primary,no,329,no,yes,cellular,8,jul,520,3,-1,0,unknown,no,171257,Male,35,1,28.0,1,1-2 Year,No,33103.0,139.0,65,0,COMPLETED,Y,N,0,N,Y,0.573,3.8,N,,N,,0.319,0.547,1.0,1.4,App,0.775,NO,NO,Service Resolution,Bank Term Deposit,Insurance Cross-Sell,20-09-2026,"Complaint status and resolution options surfaced in the mobile app, internet banking or contact-centre desktop; service follow-up initiated; promotional offers suppressed until resolution",10-09-2026
SYN-037861,profile_only_v1,20260814,True,37861,104142,0.179427,0.238833,0.564383,0.564361,0,0.059407,2.2e-05,0.197825,exact_age,high,25,admin.,single,secondary,no,1235,yes,yes,cellular,14,may,64,1,349,3,failure,no,104142,Female,25,1,44.0,0,< 1 Year,No,31899.0,152.0,78,0,COMPLETED,Y,N,0,N,N,0.485,6.7,N,,N,,0.435,0.493,1.0,1.4,App,0.623,NO,NO,Bank Term Deposit,Insurance Cross-Sell,,20-09-2026,Term Deposit cross sell offer made to the customer via digital channels,10-09-2026
SYN-028775,profile_only_v1,20260814,True,28775,363728,0.489976,0.506981,0.608754,0.608828,0,0.017006,7.4e-05,0.056629,exact_age,high,34,management,married,tertiary,no,351,no,no,cellular,30,jan,193,1,-1,0,unknown,no,363728,Male,34,1,8.0,0,1-2 Year,Yes,39039.0,124.0,229,0,COMPLETED,N,N,0,N,N,0.095,9.8,N,,N,,0.334,0.752,1.0,1.4,App,0.848,NO,YES,No Marketing Action (Consent Withheld),Insurance Cross-Sell,Bank Term Deposit,20-09-2026,Marketing messages and sales offers suppressed across channels in absence of valid consent; only essential service communications retained,10-09-2026
SYN-027792,profile_only_v1,20260814,True,27792,245130,0.740697,0.781862,0.412676,0.41219,0,0.041165,0.000485,0.137086,exact_age,high,57,services,divorced,primary,no,362,no,no,cellular,28,jan,91,1,231,1,failure,no,245130,Female,57,1,28.0,0,1-2 Year,Yes,34918.0,122.0,175,0,COMPLETED,Y,N,7,N,N,0.31,6.8,N,,N,,0.423,1.0,1.0,1.4,SMS,0.802,NO,YES,Insurance Cross-Sell,Bank Term Deposit,,20-09-2026,Insurance cross sell offer made to the customer via digital channels,10-09-2026
SYN-042651,profile_only_v1,20260814,True,42651,150720,0.817961,0.886899,0.632308,0.63301,0,0.068938,0.000702,0.229569,exact_age,high,80,retired,married,primary,no,1468,no,no,cellular,13,jan,330,3,-1,0,unknown,yes,150720,Female,80,1,11.0,0,1-2 Year,Yes,31275.0,26.0,146,0,COMPLETED,Y,N,48,Y,N,0.451,5.4,N,,Y,TERM_DEPOSIT,0.544,0.53,1.0,1.4,Call,0.646,YES,NO,Payment Reminder / Collections Resolution,Bank Term Deposit,Insurance Cross-Sell,20-09-2026,"Payment-due reminder sent through the mobile app, internet banking, SMS or email; customer directed to payment options or the collections support journey; sales offers paused",10-09-2026
SYN-026979,profile_only_v1,20260814,True,26979,102831,0.481194,0.557608,0.775705,0.775078,0,0.076414,0.000628,0.254463,exact_age,high,39,blue-collar,single,secondary,no,4619,no,no,cellular,21,nov,104,1,-1,0,unknown,no,102831,Male,39,1,28.0,0,1-2 Year,Yes,48477.0,124.0,264,1,COMPLETED,Y,N,0,N,N,0.253,8.9,Y,INSURANCE,Y,INSURANCE,0.482,0.785,1.0,1.4,Call,0.524,NO,YES,Insurance Cross-Sell,Insurance Cross-Sell,Bank Term Deposit,20-09-2026,Insurance cross sell offer made to the customer via digital channels,10-09-2026
SYN-022357,profile_only_v1,20260814,True,22357,331310,0.644734,0.661624,0.685507,0.685603,0,0.016889,9.6e-05,0.056242,exact_age,high,46,housemaid,single,tertiary,no,1328,no,no,cellular,22,aug,1241,2,-1,0,unknown,no,331310,Male,46,1,28.0,0,1-2 Year,Yes,43906.0,26.0,163,0,COMPLETED,Y,N,0,N,N,0.276,8.1,N,,N,,0.805,0.795,1.0,1.4,SMS,0.935,NO,YES,Insurance Cross-Sell,Bank Term Deposit,,20-09-2026,Insurance cross sell offer made to the customer via digital channels,10-09-2026
SYN-005772,profile_only_v1,20260814,True,5772,51158,0.827569,0.789198,0.2659,0.266089,0,0.03837,0.000189,0.127774,exact_age,high,58,retired,married,secondary,no,0,yes,no,unknown,26,may,77,1,-1,0,unknown,no,51158,Female,58,1,28.0,0,1-2 Year,Yes,27106.0,124.0,65,0,COMPLETED,Y,N,0,N,N,0.536,4.5,N,,N,,0.515,0.828,1.0,1.4,App,0.505,NO,YES,Insurance Cross-Sell,Bank Term Deposit,,20-09-2026,Insurance cross sell offer made to the customer via digital channels,10-09-2026
SYN-030930,profile_only_v1,20260814,True,30930,154006,0.301299,0.328197,0.536964,0.53707,0,0.026898,0.000106,0.08957,exact_age,high,29,management,single,tertiary,no,176,no,no,cellular,9,feb,204,2,-1,0,unknown,no,154006,Male,29,1,17.0,1,< 1 Year,No,37503.0,152.0,124,0,COMPLETED,Y,N,0,N,N,0.447,5.6,N,,Y,TERM_DEPOSIT,0.522,0.711,1.0,1.4,App,0.673,YES,NO,Bank Term Deposit,Bank Term Deposit,Insurance Cross-Sell,20-09-2026,Term Deposit cross sell offer made to the customer via digital channels,10-09-2026
SYN-023426,profile_only_v1,20260814,True,23426,11032,0.727002,0.76001,0.745875,0.7437,0,0.033008,0.002175,0.110052,exact_age,high,47,blue-collar,married,tertiary,no,1707,no,no,cellular,27,aug,71,7,-1,0,unknown,no,11032,Male,47,1,36.0,0,> 2 Years,Yes,37787.0,26.0,224,1,COMPLETED,Y,N,84,Y,N,0.219,7.0,N,,N,,0.7,0.878,1.0,1.4,App,0.994,NO,YES,Payment Reminder / Collections Resolution,Insurance Cross-Sell,Bank Term Deposit,20-09-2026,"Payment-due reminder sent through the mobile app, internet banking, SMS or email; customer directed to payment options or the collections support journey; sales offers paused",10-09-2026
SYN-010499,profile_only_v1,20260814,True,10499,131495,0.559966,0.546112,0.671463,0.671463,0,0.013854,0.0,0.046135,exact_age,high,38,services,married,tertiary,no,1018,no,no,unknown,16,jun,325,3,-1,0,unknown,no,131495,Male,38,1,41.0,0,1-2 Year,Yes,35899.0,106.0,151,1,COMPLETED,Y,N,0,N,Y,0.424,5.0,N,,N,,0.81,0.745,1.0,1.4,Branch,0.821,NO,YES,Service Resolution,Insurance Cross-Sell,Bank Term Deposit,20-09-2026,"Complaint status and resolution options surfaced in the mobile app, internet banking or contact-centre desktop; service follow-up initiated; promotional offers suppressed until resolution",10-09-2026
SYN-008508,profile_only_v1,20260814,True,8508,172139,0.279426,0.352244,0.694629,0.694481,0,0.072818,0.000148,0.242483,exact_age,high,31,admin.,single,secondary,no,2104,yes,no,unknown,3,jun,455,1,-1,0,unknown,no,172139,Male,31,1,28.0,1,< 1 Year,No,49823.0,152.0,273,0,COMPLETED,Y,N,0,N,N,0.139,7.3,N,,N,,0.266,0.622,1.0,1.4,Branch,0.524,NO,NO,Bank Term Deposit,Insurance Cross-Sell,,20-09-2026,Term Deposit cross sell offer made to the customer via digital channels,10-09-2026
SYN-042454,profile_only_v1,20260814,True,42454,73734,0.705907,0.747493,0.66619,0.666294,0,0.041586,0.000104,0.138481,exact_age,high,53,blue-collar,single,secondary,no,1442,no,no,telephone,9,dec,137,8,188,2,other,no,73734,Male,53,1,14.0,0,1-2 Year,Yes,30429.0,163.0,139,1,INCOMPLETE,Y,N,0,N,N,0.338,5.9,Y,TERM_DEPOSIT,Y,INSURANCE,0.503,0.968,1.0,1.4,Call,0.896,NO,NO,Complete KYC,Bank Term Deposit,Insurance Cross-Sell,20-09-2026,KYC completion notification displayed in the mobile app and internet banking; reminder sent through SMS/email; cross-sell offers withheld until KYC is completed,10-09-2026
SYN-006193,profile_only_v1,20260814,True,6193,268210,0.385465,0.390268,0.136904,0.062126,0,0.004803,0.074778,0.187627,exact_age,high,35,blue-collar,single,secondary,no,-482,yes,no,unknown,27,may,472,1,-1,0,unknown,no,268210,Female,35,1,36.0,0,< 1 Year,No,2630.0,1.0,289,0,COMPLETED,Y,N,0,N,N,0.009,8.8,N,,N,,0.434,0.75,1.0,1.4,SMS,0.815,NO,NO,Insurance Cross-Sell,Bank Term Deposit,,20-09-2026,Insurance cross sell offer made to the customer via digital channels,10-09-2026
SYN-012739,profile_only_v1,20260814,True,12739,51677,0.581547,0.646451,0.632273,0.632295,0,0.064905,2.3e-05,0.216133,exact_age,high,45,blue-collar,divorced,primary,no,1805,no,no,cellular,7,jul,758,1,-1,0,unknown,no,51677,Male,45,1,28.0,0,1-2 Year,Yes,41809.0,26.0,261,1,COMPLETED,Y,N,0,N,N,0.214,8.5,N,,N,,0.38,0.884,1.0,1.4,SMS,0.841,NO,YES,Insurance Cross-Sell,Bank Term Deposit,,20-09-2026,Insurance cross sell offer made to the customer via digital channels,10-09-2026
SYN-043676,profile_only_v1,20260814,True,43676,368226,0.877663,0.837546,0.616834,0.616778,0,0.040117,5.7e-05,0.133588,exact_age,high,66,management,married,secondary,no,587,no,no,cellular,12,may,457,2,392,2,success,yes,368226,Male,66,1,28.0,0,1-2 Year,Yes,41246.0,124.0,194,0,COMPLETED,Y,N,0,N,N,0.271,5.1,N,,Y,TERM_DEPOSIT,0.843,0.772,1.0,1.4,App,0.724,YES,NO,Bank Term Deposit,Bank Term Deposit,Insurance Cross-Sell,20-09-2026,Term Deposit cross sell offer made to the customer via digital channels,10-09-2026
SYN-015205,profile_only_v1,20260814,True,15205,40007,0.722142,0.757249,0.592188,0.592102,0,0.035107,8.6e-05,0.116906,exact_age,high,54,blue-collar,married,primary,no,1298,no,no,telephone,17,jul,304,4,-1,0,unknown,no,40007,Male,54,1,28.0,0,1-2 Year,No,40378.0,124.0,203,0,COMPLETED,Y,N,77,Y,N,0.193,9.1,N,,Y,TERM_DEPOSIT,0.533,0.813,1.0,1.4,Call,0.673,NO,NO,Payment Reminder / Collections Resolution,Bank Term Deposit,Insurance Cross-Sell,20-09-2026,"Payment-due reminder sent through the mobile app, internet banking, SMS or email; customer directed to payment options or the collections support journey; sales offers paused",10-09-2026
SYN-003376,profile_only_v1,20260814,True,3376,249592,0.622127,0.614964,0.354277,0.354275,0,0.007163,2e-06,0.023854,exact_age,high,43,technician,married,secondary,no,78,yes,no,unknown,15,may,80,1,-1,0,unknown,no,249592,Male,43,1,28.0,0,1-2 Year,Yes,32527.0,26.0,119,1,COMPLETED,Y,N,0,N,N,0.282,8.1,N,,N,,0.746,0.685,1.0,1.4,SMS,0.759,NO,YES,Insurance Cross-Sell,Bank Term Deposit,,20-09-2026,Insurance cross sell offer made to the customer via digital channels,10-09-2026
SYN-000621,profile_only_v1,20260814,True,621,205660,0.70399,0.689673,0.424142,0.424167,0,0.014317,2.5e-05,0.047675,exact_age,high,48,technician,married,secondary,no,147,no,no,unknown,6,may,142,3,-1,0,unknown,no,205660,Male,48,1,26.0,0,1-2 Year,Yes,29150.0,124.0,21,1,COMPLETED,Y,N,0,N,Y,0.548,2.9,N,,N,,0.424,0.735,1.0,1.4,SMS,0.545,NO,YES,Service Resolution,Insurance Cross-Sell,Bank Term Deposit,20-09-2026,"Complaint status and resolution options surfaced in the mobile app, internet banking or contact-centre desktop; service follow-up initiated; promotional offers suppressed until resolution",10-09-2026
SYN-018943,profile_only_v1,20260814,True,18943,22265,0.714302,0.702641,0.632447,0.632422,0,0.011662,2.4e-05,0.038833,exact_age,high,49,admin.,married,secondary,no,949,no,no,cellular,4,aug,91,1,-1,0,unknown,no,22265,Female,49,1,15.0,0,1-2 Year,Yes,34028.0,124.0,73,0,COMPLETED,Y,N,0,N,N,0.552,4.5,Y,TERM_DEPOSIT,N,,0.47,0.84,1.0,1.4,SMS,0.694,NO,YES,Bank Term Deposit,Insurance Cross-Sell,Bank Term Deposit,20-09-2026,Term Deposit cross sell offer made to the customer via digital channels,10-09-2026
SYN-015593,profile_only_v1,20260814,True,15593,111325,0.591966,0.630112,0.697661,0.699459,0,0.038146,0.001797,0.127104,exact_age,high,38,management,married,tertiary,no,1482,yes,yes,cellular,21,jul,361,1,-1,0,unknown,no,111325,Female,38,1,46.0,0,> 2 Years,Yes,33014.0,156.0,161,0,COMPLETED,Y,N,0,N,N,0.377,7.5,Y,TERM_DEPOSIT,N,,0.549,0.625,1.0,1.4,SMS,0.531,NO,NO,Bank Term Deposit,Insurance Cross-Sell,Bank Term Deposit,20-09-2026,Term Deposit cross sell offer made to the customer via digital channels,10-09-2026
SYN-031598,profile_only_v1,20260814,True,31598,203559,0.660734,0.661624,0.41942,0.419465,0,0.000889,4.5e-05,0.002964,exact_age,high,46,technician,divorced,secondary,no,387,yes,yes,cellular,3,apr,298,1,-1,0,unknown,no,203559,Male,46,1,43.0,0,1-2 Year,Yes,26822.0,155.0,217,1,COMPLETED,Y,N,0,N,N,0.35,7.2,N,,Y,INSURANCE,0.527,1.0,1.0,1.4,App,0.962,NO,YES,Insurance Cross-Sell,Insurance Cross-Sell,Bank Term Deposit,20-09-2026,Insurance cross sell offer made to the customer via digital channels,10-09-2026
SYN-020296,profile_only_v1,20260814,True,20296,217637,0.733766,0.766215,0.611469,0.611452,0,0.032449,1.7e-05,0.108056,exact_age,high,55,blue-collar,married,primary,no,1512,no,no,cellular,11,aug,262,4,-1,0,unknown,no,217637,Male,55,1,28.0,0,1-2 Year,Yes,41055.0,26.0,48,0,COMPLETED,N,N,63,Y,N,0.663,3.8,N,,N,,0.533,0.882,1.0,1.4,SMS,0.419,NO,YES,No Marketing Action (Consent Withheld),Insurance Cross-Sell,Bank Term Deposit,20-09-2026,Marketing messages and sales offers suppressed across channels in absence of valid consent; only essential service communications retained,10-09-2026
SYN-017079,profile_only_v1,20260814,True,17079,37120,0.638639,0.630828,0.305132,0.305214,0,0.007812,8.2e-05,0.026013,exact_age,high,44,technician,married,secondary,no,111,yes,yes,cellular,25,jul,356,3,-1,0,unknown,no,37120,Female,44,1,8.0,0,1-2 Year,Yes,28583.0,152.0,212,0,COMPLETED,N,N,50,Y,N,0.057,6.9,N,,Y,INSURANCE,0.518,0.925,1.0,1.4,Call,0.496,NO,NO,No Marketing Action (Consent Withheld),Insurance Cross-Sell,Bank Term Deposit,20-09-2026,Marketing messages and sales offers suppressed across channels in absence of valid consent; only essential service communications retained,10-09-2026
SYN-003901,profile_only_v1,20260814,True,3901,252074,0.306448,0.341125,0.367789,0.367892,0,0.034678,0.000103,0.115478,exact_age,high,30,admin.,married,secondary,no,122,yes,no,unknown,16,may,107,1,-1,0,unknown,no,252074,Female,30,1,11.0,1,< 1 Year,No,27978.0,152.0,18,0,COMPLETED,Y,N,0,N,N,0.514,5.0,N,,N,,0.735,0.138,1.0,1.4,SMS,0.956,NO,NO,Bank Term Deposit,Insurance Cross-Sell,,20-09-2026,Term Deposit cross sell offer made to the customer via digital channels,10-09-2026
SYN-028506,profile_only_v1,20260814,True,28506,213267,0.676127,0.698964,0.888132,0.888622,0,0.022837,0.000491,0.076056,exact_age,high,43,management,divorced,tertiary,no,3578,no,no,cellular,29,jan,376,2,-1,0,unknown,no,213267,Male,43,1,28.0,0,> 2 Years,Yes,57501.0,122.0,209,1,COMPLETED,Y,N,0,N,N,0.307,7.3,Y,INSURANCE,N,,0.618,0.922,1.0,1.4,App,0.507,YES,YES,Insurance Cross-Sell,Insurance Cross-Sell,Bank Term Deposit,20-09-2026,Insurance cross sell offer made to the customer via digital channels,10-09-2026
SYN-027292,profile_only_v1,20260814,True,27292,266397,0.576853,0.599431,0.498841,0.498724,0,0.022577,0.000117,0.075183,exact_age,high,42,services,divorced,secondary,no,444,no,no,cellular,21,nov,171,1,-1,0,unknown,no,266397,Male,42,1,28.0,0,1-2 Year,No,38023.0,26.0,209,0,COMPLETED,Y,N,0,N,N,0.233,6.3,N,,N,,0.501,0.697,1.0,1.4,App,0.423,NO,NO,Bank Term Deposit,Insurance Cross-Sell,,20-09-2026,Term Deposit cross sell offer made to the customer via digital channels,10-09-2026
SYN-026595,profile_only_v1,20260814,True,26595,117385,0.758823,0.796222,0.706901,0.707106,0,0.037399,0.000205,0.12454,exact_age,high,59,unemployed,married,primary,no,13836,no,no,telephone,20,nov,733,1,-1,0,unknown,no,117385,Male,59,1,46.0,1,1-2 Year,Yes,32936.0,124.0,56,0,COMPLETED,Y,N,0,N,N,0.682,4.1,N,,N,,0.56,0.534,1.0,1.4,Call,0.784,NO,NO,Retention Action,Bank Term Deposit,Insurance Cross-Sell,20-09-2026,"Retention message prioritised - fee review, tailored support option and/or save offer; proactive contact task created for the service team; routine cross-sell deferred",10-09-2026
SYN-009632,profile_only_v1,20260814,True,9632,177098,0.626639,0.630828,0.428266,0.428273,0,0.004188,7e-06,0.013947,exact_age,high,44,technician,divorced,secondary,no,414,yes,yes,unknown,6,jun,81,2,-1,0,unknown,no,177098,Male,44,1,28.0,0,1-2 Year,Yes,35519.0,124.0,263,0,COMPLETED,Y,N,0,N,Y,0.182,8.2,Y,INSURANCE,N,,0.561,0.716,1.0,1.4,Branch,0.43,NO,YES,Service Resolution,Insurance Cross-Sell,Bank Term Deposit,20-09-2026,"Complaint status and resolution options surfaced in the mobile app, internet banking or contact-centre desktop; service follow-up initiated; promotional offers suppressed until resolution",10-09-2026
SYN-032985,profile_only_v1,20260814,True,32985,338107,0.304762,0.362171,0.263701,0.2636,0,0.057409,0.000101,0.191172,exact_age,high,32,blue-collar,married,primary,no,77,yes,no,cellular,17,apr,464,2,-1,0,unknown,no,338107,Male,32,1,8.0,1,< 1 Year,No,32050.0,152.0,87,0,INCOMPLETE,Y,N,41,Y,N,0.564,2.4,N,,Y,TERM_DEPOSIT,0.554,0.667,1.0,1.4,SMS,0.596,NO,NO,Complete KYC,Bank Term Deposit,Insurance Cross-Sell,20-09-2026,KYC completion notification displayed in the mobile app and internet banking; reminder sent through SMS/email; cross-sell offers withheld until KYC is completed,10-09-2026
SYN-042744,profile_only_v1,20260814,True,42744,230397,0.68799,0.689673,0.660347,0.660452,0,0.001683,0.000106,0.005611,exact_age,high,48,admin.,divorced,secondary,no,1180,no,no,cellular,27,jan,142,1,238,3,other,yes,230397,Female,48,1,7.0,0,1-2 Year,Yes,32667.0,31.0,134,0,COMPLETED,Y,N,0,N,N,0.421,5.1,N,,Y,TERM_DEPOSIT,0.172,1.0,1.0,1.4,Call,0.467,YES,YES,Bank Term Deposit,Insurance Cross-Sell,Bank Term Deposit,20-09-2026,Term Deposit cross sell offer made to the customer via digital channels,10-09-2026
SYN-044697,profile_only_v1,20260814,True,44697,320833,0.839984,0.809469,0.794272,0.793998,0,0.030515,0.000274,0.101618,exact_age,high,61,admin.,divorced,secondary,no,4519,no,no,cellular,6,sep,145,1,391,11,other,no,320833,Male,61,1,28.0,0,1-2 Year,Yes,49770.0,124.0,23,0,COMPLETED,Y,N,0,N,Y,0.62,3.4,N,,Y,INSURANCE,0.621,0.868,1.0,1.4,App,0.928,YES,NO,Service Resolution,Bank Term Deposit,Insurance Cross-Sell,20-09-2026,"Complaint status and resolution options surfaced in the mobile app, internet banking or contact-centre desktop; service follow-up initiated; promotional offers suppressed until resolution",10-09-2026
SYN-032897,profile_only_v1,20260814,True,32897,273451,0.277299,0.328197,0.448848,0.448812,0,0.050898,3.5e-05,0.169489,exact_age,high,29,blue-collar,married,secondary,no,602,yes,yes,cellular,17,apr,440,2,-1,0,unknown,no,273451,Female,29,1,30.0,1,< 1 Year,No,27925.0,152.0,285,0,COMPLETED,Y,N,73,Y,N,0.171,8.5,N,,N,,0.105,0.588,1.0,1.4,SMS,0.563,NO,NO,Payment Reminder / Collections Resolution,Bank Term Deposit,Insurance Cross-Sell,20-09-2026,"Payment-due reminder sent through the mobile app, internet banking, SMS or email; customer directed to payment options or the collections support journey; sales offers paused",10-09-2026
SYN-043218,profile_only_v1,20260814,True,43218,149122,0.461926,0.497625,0.791692,0.79338,0,0.035699,0.001688,0.118952,exact_age,high,33,management,married,tertiary,no,1390,no,no,cellular,5,mar,77,1,179,5,failure,no,149122,Male,33,1,24.0,1,1-2 Year,No,38221.0,157.0,293,0,COMPLETED,Y,N,77,Y,N,0.0,10.0,N,,N,,0.447,0.768,1.0,1.4,Call,0.522,YES,NO,Payment Reminder / Collections Resolution,Bank Term Deposit,Insurance Cross-Sell,20-09-2026,"Payment-due reminder sent through the mobile app, internet banking, SMS or email; customer directed to payment options or the collections support journey; sales offers paused",10-09-2026
SYN-003413,profile_only_v1,20260814,True,3413,15306,0.261319,0.312702,0.261131,0.261123,0,0.051383,7e-06,0.171106,exact_age,high,28,blue-collar,married,secondary,no,86,yes,yes,unknown,15,may,918,1,-1,0,unknown,no,15306,Female,28,1,18.0,1,< 1 Year,No,25044.0,152.0,231,0,COMPLETED,Y,N,44,Y,N,0.067,9.0,N,,N,,0.4,0.509,1.0,1.4,Branch,0.673,NO,NO,Payment Reminder / Collections Resolution,Bank Term Deposit,Insurance Cross-Sell,20-09-2026,"Payment-due reminder sent through the mobile app, internet banking, SMS or email; customer directed to payment options or the collections support journey; sales offers paused",10-09-2026
SYN-010917,profile_only_v1,20260814,True,10917,224694,0.470062,0.525716,0.756029,0.756015,0,0.055654,1.4e-05,0.185327,exact_age,high,36,admin.,single,tertiary,no,1568,no,no,unknown,17,jun,433,2,-1,0,unknown,no,224694,Male,36,1,8.0,1,1-2 Year,Yes,45090.0,124.0,235,0,COMPLETED,Y,N,0,N,N,0.347,8.1,N,,N,,0.382,0.298,1.0,1.4,Branch,0.904,NO,NO,Bank Term Deposit,Insurance Cross-Sell,,20-09-2026,Term Deposit cross sell offer made to the customer via digital channels,10-09-2026
SYN-004288,profile_only_v1,20260814,True,4288,23511,0.235319,0.312702,0.484317,0.484462,0,0.077383,0.000145,0.257687,exact_age,high,28,management,single,secondary,no,471,yes,yes,unknown,19,may,123,2,-1,0,unknown,no,23511,Male,28,1,8.0,1,< 1 Year,No,39213.0,160.0,233,0,COMPLETED,Y,N,0,N,N,0.255,8.1,N,,N,,0.371,0.67,1.0,1.4,Branch,0.499,NO,NO,Bank Term Deposit,Insurance Cross-Sell,,20-09-2026,Term Deposit cross sell offer made to the customer via digital channels,10-09-2026
SYN-041121,profile_only_v1,20260814,True,41121,318066,0.760104,0.842599,0.474902,0.475537,0,0.082495,0.000636,0.274713,exact_age,high,67,retired,married,unknown,no,696,no,no,telephone,17,aug,119,1,105,2,failure,no,318066,Male,67,1,8.0,1,1-2 Year,No,35480.0,7.0,154,0,INCOMPLETE,Y,N,0,N,N,0.267,7.5,N,,N,,0.283,0.422,1.0,1.4,Call,0.961,YES,NO,Complete KYC,Bank Term Deposit,Insurance Cross-Sell,20-09-2026,KYC completion notification displayed in the mobile app and internet banking; reminder sent through SMS/email; cross-sell offers withheld until KYC is completed,10-09-2026
SYN-036273,profile_only_v1,20260814,True,36273,24035,0.730953,0.737177,0.221955,0.220681,0,0.006223,0.001274,0.020967,exact_age,high,52,services,divorced,secondary,no,36,yes,yes,cellular,11,may,930,1,-1,0,unknown,yes,24035,Male,52,1,30.0,1,1-2 Year,No,2630.0,26.0,209,0,COMPLETED,N,N,61,Y,N,0.096,10.0,N,,N,,0.723,0.58,1.0,1.4,SMS,0.779,NO,NO,No Marketing Action (Consent Withheld),Bank Term Deposit,Insurance Cross-Sell,20-09-2026,Marketing messages and sales offers suppressed across channels in absence of valid consent; only essential service communications retained,10-09-2026
SYN-009362,profile_only_v1,20260814,True,9362,61526,0.702876,0.726309,0.302425,0.302209,0,0.023433,0.000216,0.078033,exact_age,high,51,self-employed,married,primary,no,10,no,no,unknown,6,jun,513,3,-1,0,unknown,no,61526,Male,51,1,50.0,1,1-2 Year,No,25351.0,26.0,288,0,COMPLETED,Y,N,0,N,N,0.0,10.0,Y,INSURANCE,N,,0.561,0.223,1.0,1.4,Call,0.688,NO,NO,Insurance Cross-Sell,Bank Term Deposit,Insurance Cross-Sell,20-09-2026,Insurance cross sell offer made to the customer via digital channels,10-09-2026
SYN-043699,profile_only_v1,20260814,True,43699,210849,0.894344,0.905402,0.359746,0.359797,0,0.011058,5.1e-05,0.036822,exact_age,high,63,retired,divorced,tertiary,no,0,no,no,cellular,13,may,263,1,181,2,success,yes,210849,Male,63,1,28.0,0,> 2 Years,Yes,32317.0,26.0,62,0,COMPLETED,Y,N,75,Y,Y,0.568,2.1,Y,INSURANCE,N,,0.807,0.901,1.0,1.4,Call,0.913,YES,YES,Payment Reminder / Collections Resolution,Bank Term Deposit,Insurance Cross-Sell,20-09-2026,"Payment-due reminder sent through the mobile app, internet banking, SMS or email; customer directed to payment options or the collections support journey; sales offers paused",10-09-2026
SYN-028925,profile_only_v1,20260814,True,28925,171692,0.857616,0.899557,0.645429,0.644905,0,0.041941,0.000524,0.13967,exact_age,high,62,technician,married,secondary,no,973,no,no,cellular,2,feb,326,1,-1,0,unknown,yes,171692,Male,62,1,8.0,0,> 2 Years,Yes,42098.0,26.0,142,0,COMPLETED,Y,N,0,N,N,0.409,8.6,N,,N,,0.532,0.68,1.0,1.4,App,0.448,YES,YES,Bank Term Deposit,Insurance Cross-Sell,,20-09-2026,Term Deposit cross sell offer made to the customer via digital channels,10-09-2026
SYN-043826,profile_only_v1,20260814,True,43826,97098,0.137844,0.147384,0.548264,0.548199,0,0.009539,6.5e-05,0.031767,exact_age,high,23,student,single,secondary,no,922,no,no,cellular,28,may,538,2,184,9,failure,yes,97098,Female,23,1,28.0,1,< 1 Year,No,42642.0,160.0,227,0,COMPLETED,Y,N,0,N,N,0.063,10.0,Y,INSURANCE,Y,INSURANCE,0.199,0.551,1.0,1.4,App,0.592,YES,NO,Insurance Cross-Sell,Bank Term Deposit,Insurance Cross-Sell,20-09-2026,Insurance cross sell offer made to the customer via digital channels,10-09-2026
SYN-024906,profile_only_v1,20260814,True,24906,158,0.589845,0.58456,0.383746,0.384018,0,0.005285,0.000272,0.017612,exact_age,high,41,self-employed,single,tertiary,no,0,no,no,cellular,18,nov,256,1,-1,0,unknown,no,158,Male,41,1,35.0,0,1-2 Year,Yes,25112.0,154.0,221,0,COMPLETED,Y,N,0,N,N,0.288,6.2,N,,N,,0.364,0.82,1.0,1.4,SMS,0.726,NO,YES,Insurance Cross-Sell,Bank Term Deposit,,20-09-2026,Insurance cross sell offer made to the customer via digital channels,10-09-2026
SYN-033171,profile_only_v1,20260814,True,33171,229734,0.169323,0.294061,0.642337,0.64227,0,0.124738,6.7e-05,0.415379,exact_age,high,27,student,single,secondary,no,2784,yes,no,telephone,20,apr,153,1,328,1,failure,no,229734,Female,27,1,8.0,1,< 1 Year,No,45394.0,152.0,244,0,COMPLETED,N,N,0,N,N,0.017,8.2,N,,N,,0.532,0.615,1.0,1.4,Call,0.784,NO,NO,No Marketing Action (Consent Withheld),Bank Term Deposit,Insurance Cross-Sell,20-09-2026,Marketing messages and sales offers suppressed across channels in absence of valid consent; only essential service communications retained,10-09-2026
SYN-017696,profile_only_v1,20260814,True,17696,295927,0.554645,0.58456,0.365081,0.365084,0,0.029915,3e-06,0.099617,exact_age,high,41,unemployed,married,secondary,no,274,yes,no,cellular,29,jul,207,4,-1,0,unknown,no,295927,Female,41,1,28.0,0,1-2 Year,Yes,33007.0,124.0,48,0,COMPLETED,Y,N,0,N,N,0.504,4.4,N,,N,,0.656,0.834,1.0,1.4,SMS,0.557,NO,YES,Insurance Cross-Sell,Bank Term Deposit,,20-09-2026,Insurance cross sell offer made to the customer via digital channels,10-09-2026
SYN-003649,profile_only_v1,20260814,True,3649,332018,0.593547,0.646451,0.271586,0.271646,0,0.052905,5.9e-05,0.176173,exact_age,high,45,blue-collar,married,primary,no,91,yes,no,unknown,15,may,239,2,-1,0,unknown,no,332018,Female,45,1,18.0,0,1-2 Year,Yes,21359.0,26.0,252,1,COMPLETED,Y,N,0,N,N,0.141,7.5,N,,N,,0.711,0.706,1.0,1.4,SMS,0.701,NO,YES,Insurance Cross-Sell,Bank Term Deposit,,20-09-2026,Insurance cross sell offer made to the customer via digital channels,10-09-2026
SYN-007226,profile_only_v1,20260814,True,7226,176266,0.824953,0.821177,0.73613,0.736326,0,0.003777,0.000196,0.012586,exact_age,high,52,management,married,tertiary,no,1177,yes,no,unknown,29,may,473,1,-1,0,unknown,no,176266,Male,52,1,11.0,0,> 2 Years,Yes,34981.0,30.0,211,0,COMPLETED,N,N,3,N,Y,0.162,9.0,N,,N,,0.642,0.723,1.0,1.4,Branch,0.526,NO,YES,No Marketing Action (Consent Withheld),Insurance Cross-Sell,Bank Term Deposit,20-09-2026,Marketing messages and sales offers suppressed across channels in absence of valid consent; only essential service communications retained,10-09-2026
SYN-012173,profile_only_v1,20260814,True,12173,74134,0.551547,0.646451,0.59062,0.590484,0,0.094905,0.000136,0.316033,exact_age,high,45,admin.,married,unknown,no,1783,no,no,unknown,20,jun,11,11,-1,0,unknown,no,74134,Female,45,1,29.0,1,1-2 Year,No,31704.0,124.0,127,0,INCOMPLETE,Y,N,0,N,N,0.419,3.1,N,,N,,0.578,0.114,1.0,1.4,Email,0.6,NO,NO,Complete KYC,Bank Term Deposit,Insurance Cross-Sell,20-09-2026,KYC completion notification displayed in the mobile app and internet banking; reminder sent through SMS/email; cross-sell offers withheld until KYC is completed,10-09-2026
SYN-007074,profile_only_v1,20260814,True,7074,38217,0.325926,0.371625,0.28774,0.287686,0,0.045699,5.4e-05,0.152177,exact_age,high,33,services,single,secondary,no,91,no,yes,unknown,28,may,376,3,-1,0,unknown,no,38217,Male,33,1,13.0,0,< 1 Year,Yes,23069.0,26.0,84,1,COMPLETED,Y,N,0,N,Y,0.399,6.4,N,,N,,0.358,0.958,1.0,1.4,Email,0.677,NO,YES,Service Resolution,Insurance Cross-Sell,Bank Term Deposit,20-09-2026,"Complaint status and resolution options surfaced in the mobile app, internet banking or contact-centre desktop; service follow-up initiated; promotional offers suppressed until resolution",10-09-2026
SYN-031768,profile_only_v1,20260814,True,31768,15886,0.784142,0.757249,0.680326,0.680274,0,0.026893,5.2e-05,0.089554,exact_age,high,54,technician,married,secondary,no,3323,yes,yes,cellular,8,apr,59,3,-1,0,unknown,no,15886,Male,54,1,28.0,0,1-2 Year,Yes,43681.0,124.0,109,0,COMPLETED,Y,N,27,N,N,0.439,7.0,N,,N,,0.356,0.898,1.0,1.4,SMS,0.432,NO,NO,Insurance Cross-Sell,Bank Term Deposit,,20-09-2026,Insurance cross sell offer made to the customer via digital channels,10-09-2026
SYN-020883,profile_only_v1,20260814,True,20883,261813,0.68799,0.689673,0.502676,0.502633,0,0.001683,4.3e-05,0.005606,exact_age,high,48,admin.,divorced,secondary,no,362,no,no,cellular,13,aug,529,1,-1,0,unknown,yes,261813,Female,48,1,52.0,1,1-2 Year,Yes,34790.0,26.0,165,0,COMPLETED,Y,N,70,Y,N,0.291,5.0,N,,N,,0.688,0.395,1.0,1.4,SMS,0.535,NO,NO,Payment Reminder / Collections Resolution,Bank Term Deposit,Insurance Cross-Sell,20-09-2026,"Payment-due reminder sent through the mobile app, internet banking, SMS or email; customer directed to payment options or the collections support journey; sales offers paused",10-09-2026
SYN-003039,profile_only_v1,20260814,True,3039,360745,0.632645,0.66856,0.832048,0.835015,0,0.035915,0.002966,0.119826,exact_age,high,41,admin.,married,tertiary,no,5426,yes,no,unknown,14,may,149,2,-1,0,unknown,no,360745,Male,41,1,28.0,0,> 2 Years,Yes,52819.0,26.0,127,0,COMPLETED,Y,N,0,N,N,0.439,5.5,N,,N,,0.244,0.9,1.0,1.4,SMS,0.974,NO,YES,Insurance Cross-Sell,Bank Term Deposit,,20-09-2026,Insurance cross sell offer made to the customer via digital channels,10-09-2026
SYN-040549,profile_only_v1,20260814,True,40549,294547,0.179427,0.238833,0.480309,0.480313,0,0.059407,4e-06,0.197825,exact_age,high,25,admin.,single,secondary,no,302,no,no,cellular,8,jul,122,1,-1,0,unknown,no,294547,Male,25,1,37.0,1,< 1 Year,No,32009.0,152.0,231,0,COMPLETED,N,N,0,N,N,0.086,8.1,Y,TERM_DEPOSIT,Y,INSURANCE,0.562,0.27,1.0,1.4,App,0.41,YES,NO,No Marketing Action (Consent Withheld),Bank Term Deposit,Insurance Cross-Sell,20-09-2026,Marketing messages and sales offers suppressed across channels in absence of valid consent; only essential service communications retained,10-09-2026
SYN-037210,profile_only_v1,20260814,True,37210,253477,0.555624,0.570481,0.5882,0.588265,0,0.014857,6.5e-05,0.049475,exact_age,high,40,blue-collar,married,secondary,no,1023,yes,no,cellular,13,may,64,5,336,11,other,no,253477,Male,40,1,39.0,0,1-2 Year,Yes,31919.0,124.0,126,0,COMPLETED,Y,N,0,N,N,0.264,5.5,N,,N,,0.539,0.852,1.0,1.4,SMS,0.74,NO,YES,Insurance Cross-Sell,Bank Term Deposit,,20-09-2026,Insurance cross sell offer made to the customer via digital channels,10-09-2026
SYN-030722,profile_only_v1,20260814,True,30722,64253,0.369976,0.506981,0.473399,0.473081,0,0.137006,0.000318,0.45623,exact_age,high,34,technician,single,secondary,no,347,yes,no,cellular,6,feb,154,2,197,6,failure,no,64253,Female,34,1,28.0,0,1-2 Year,Yes,37142.0,26.0,111,0,INCOMPLETE,Y,N,0,N,N,0.371,5.5,N,,N,,0.322,0.633,1.0,1.4,Call,0.783,NO,YES,Complete KYC,Insurance Cross-Sell,Bank Term Deposit,20-09-2026,KYC completion notification displayed in the mobile app and internet banking; reminder sent through SMS/email; cross-sell offers withheld until KYC is completed,10-09-2026
SYN-003360,profile_only_v1,20260814,True,3360,321733,0.673002,0.67601,0.69279,0.692742,0,0.003008,4.7e-05,0.010018,exact_age,high,47,services,married,secondary,no,2796,yes,no,unknown,15,may,57,2,-1,0,unknown,no,321733,Male,47,1,28.0,1,1-2 Year,Yes,44214.0,13.0,76,0,COMPLETED,Y,N,0,N,N,0.477,5.8,N,,N,,0.411,0.458,1.0,1.4,Branch,0.688,NO,NO,Bank Term Deposit,Insurance Cross-Sell,,20-09-2026,Term Deposit cross sell offer made to the customer via digital channels,10-09-2026
SYN-003353,profile_only_v1,20260814,True,3353,379649,0.798198,0.798805,0.467538,0.467311,0,0.000608,0.000227,0.002102,exact_age,high,50,management,married,tertiary,no,101,yes,no,unknown,15,may,348,1,-1,0,unknown,no,379649,Male,50,1,36.0,0,> 2 Years,Yes,29947.0,124.0,150,1,INCOMPLETE,Y,N,0,N,N,0.375,7.4,N,,N,,0.548,0.701,1.0,1.4,Call,0.683,NO,YES,Complete KYC,Insurance Cross-Sell,Bank Term Deposit,20-09-2026,KYC completion notification displayed in the mobile app and internet banking; reminder sent through SMS/email; cross-sell offers withheld until KYC is completed,10-09-2026
SYN-043079,profile_only_v1,20260814,True,43079,258390,0.754752,0.774299,0.780901,0.780886,0,0.019547,1.5e-05,0.06509,exact_age,high,56,retired,married,primary,no,16432,no,no,cellular,19,feb,702,2,189,2,failure,no,258390,Male,56,1,28.0,0,1-2 Year,Yes,48871.0,26.0,186,0,COMPLETED,Y,N,0,N,N,0.213,8.5,N,,Y,TERM_DEPOSIT,0.521,0.911,1.0,1.4,App,0.713,YES,YES,Bank Term Deposit,Insurance Cross-Sell,Bank Term Deposit,20-09-2026,Term Deposit cross sell offer made to the customer via digital channels,10-09-2026
SYN-024582,profile_only_v1,20260814,True,24582,218054,0.894823,0.880222,0.853627,0.845872,0,0.014601,0.007755,0.052344,exact_age,high,59,management,divorced,tertiary,no,3552,yes,no,cellular,17,nov,690,1,123,7,other,no,218054,Female,59,1,46.0,0,> 2 Years,Yes,38605.0,11.0,77,0,COMPLETED,Y,N,0,N,N,0.664,4.0,N,,Y,INSURANCE,0.557,0.777,1.0,1.4,Call,0.711,NO,NO,Retention Action,Insurance Cross-Sell,Bank Term Deposit,20-09-2026,"Retention message prioritised - fee review, tailored support option and/or save offer; proactive contact task created for the service team; routine cross-sell deferred",10-09-2026
SYN-001647,profile_only_v1,20260814,True,1647,92866,0.385465,0.516268,0.302,0.301983,0,0.130803,1.7e-05,0.435575,exact_age,high,35,blue-collar,single,secondary,no,40,yes,no,unknown,9,may,617,4,-1,0,unknown,yes,92866,Male,35,1,41.0,1,1-2 Year,No,24692.0,124.0,90,0,COMPLETED,Y,N,0,N,N,0.481,7.5,N,,N,,0.629,0.286,1.0,1.4,Call,0.908,NO,NO,Bank Term Deposit,Insurance Cross-Sell,,20-09-2026,Term Deposit cross sell offer made to the customer via digital channels,10-09-2026
SYN-035860,profile_only_v1,20260814,True,35860,164276,0.407926,0.371625,0.903784,0.808186,0,0.036301,0.095599,0.267828,exact_age,high,33,management,single,tertiary,no,9449,yes,no,cellular,8,may,428,1,-1,0,unknown,no,164276,Male,33,1,41.0,1,< 1 Year,No,55287.0,151.0,26,0,COMPLETED,Y,N,0,N,N,0.61,4.6,N,,Y,TERM_DEPOSIT,0.569,0.643,1.0,1.4,Call,0.484,NO,NO,Retention Action,Bank Term Deposit,Insurance Cross-Sell,20-09-2026,"Retention message prioritised - fee review, tailored support option and/or save offer; proactive contact task created for the service team; routine cross-sell deferred",10-09-2026
SYN-011201,profile_only_v1,20260814,True,11201,66797,0.503236,0.53561,0.580674,0.580471,0,0.032373,0.000203,0.107805,exact_age,high,37,technician,married,secondary,no,603,no,no,unknown,18,jun,339,2,-1,0,unknown,no,66797,Female,37,1,46.0,0,1-2 Year,Yes,29357.0,124.0,278,0,COMPLETED,Y,N,0,N,N,0.0,10.0,N,,N,,0.575,0.867,1.0,1.4,Call,0.86,NO,YES,Insurance Cross-Sell,Bank Term Deposit,,20-09-2026,Insurance cross sell offer made to the customer via digital channels,10-09-2026
SYN-031996,profile_only_v1,20260814,True,31996,352624,0.745152,0.774299,0.675566,0.67575,0,0.029147,0.000184,0.097059,exact_age,high,56,blue-collar,married,primary,no,2765,no,no,cellular,13,apr,222,3,-1,0,unknown,no,352624,Female,56,1,28.0,1,1-2 Year,No,43480.0,13.0,138,0,COMPLETED,Y,N,0,N,N,0.439,6.6,N,,Y,TERM_DEPOSIT,0.428,0.763,1.0,1.4,Call,0.928,NO,NO,Bank Term Deposit,Bank Term Deposit,Insurance Cross-Sell,20-09-2026,Term Deposit cross sell offer made to the customer via digital channels,10-09-2026
SYN-044896,profile_only_v1,20260814,True,44896,233352,0.489976,0.506981,0.721821,0.721597,0,0.017006,0.000225,0.056632,exact_age,high,34,management,married,tertiary,no,812,no,no,cellular,27,sep,156,2,279,1,failure,no,233352,Female,34,1,28.0,1,1-2 Year,No,45506.0,26.0,260,0,COMPLETED,Y,N,42,Y,N,0.0,9.1,N,,Y,INSURANCE,0.549,0.531,1.0,1.4,Call,0.705,YES,NO,Payment Reminder / Collections Resolution,Bank Term Deposit,Insurance Cross-Sell,20-09-2026,"Payment-due reminder sent through the mobile app, internet banking, SMS or email; customer directed to payment options or the collections support journey; sales offers paused",10-09-2026
SYN-036854,profile_only_v1,20260814,True,36854,227498,0.551624,0.570481,0.589232,0.58918,0,0.018857,5.2e-05,0.062795,exact_age,high,40,services,married,secondary,no,1116,yes,no,cellular,12,may,350,5,286,2,failure,no,227498,Female,40,1,6.0,0,1-2 Year,No,28278.0,124.0,266,0,COMPLETED,Y,N,0,N,N,0.161,8.3,N,,N,,0.534,0.844,1.0,1.4,Call,0.877,NO,NO,Bank Term Deposit,Insurance Cross-Sell,,20-09-2026,Term Deposit cross sell offer made to the customer via digital channels,10-09-2026
SYN-030018,profile_only_v1,20260814,True,30018,192650,0.574645,0.58456,0.613097,0.61301,0,0.009915,8.7e-05,0.033017,exact_age,high,41,blue-collar,married,secondary,no,1245,yes,no,cellular,4,feb,123,1,271,1,failure,no,192650,Female,41,1,11.0,0,1-2 Year,Yes,30730.0,26.0,105,1,INCOMPLETE,Y,N,0,N,N,0.37,5.4,N,,N,,0.668,0.773,1.0,1.4,SMS,0.439,NO,YES,Complete KYC,Insurance Cross-Sell,Bank Term Deposit,20-09-2026,KYC completion notification displayed in the mobile app and internet banking; reminder sent through SMS/email; cross-sell offers withheld until KYC is completed,10-09-2026
SYN-036132,profile_only_v1,20260814,True,36132,268079,0.487236,0.53561,0.375953,0.376518,0,0.048373,0.000565,0.16109,exact_age,high,37,admin.,divorced,secondary,no,295,yes,yes,cellular,11,may,202,3,265,2,failure,no,268079,Male,37,1,28.0,1,1-2 Year,No,33507.0,124.0,104,0,COMPLETED,N,N,0,N,N,0.375,6.6,N,,N,,0.501,0.438,1.0,1.4,App,0.682,NO,NO,No Marketing Action (Consent Withheld),Bank Term Deposit,Insurance Cross-Sell,20-09-2026,Marketing messages and sales offers suppressed across channels in absence of valid consent; only essential service communications retained,10-09-2026
SYN-028594,profile_only_v1,20260814,True,28594,95174,0.393026,0.352244,0.568238,0.567889,0,0.040782,0.000349,0.135808,exact_age,high,31,entrepreneur,married,tertiary,no,312,no,no,cellular,29,jan,468,2,-1,0,unknown,no,95174,Male,31,1,45.0,1,< 1 Year,No,29901.0,152.0,211,0,COMPLETED,Y,N,44,Y,N,0.078,10.0,N,,N,,0.569,0.299,1.0,1.4,Call,0.503,NO,NO,Payment Reminder / Collections Resolution,Bank Term Deposit,Insurance Cross-Sell,20-09-2026,"Payment-due reminder sent through the mobile app, internet banking, SMS or email; customer directed to payment options or the collections support journey; sales offers paused",10-09-2026
SYN-022413,profile_only_v1,20260814,True,22413,163370,0.362762,0.362171,0.5476,0.546952,0,0.000591,0.000647,0.002548,exact_age,high,32,technician,single,tertiary,no,388,yes,no,cellular,22,aug,119,2,-1,0,unknown,no,163370,Male,32,1,37.0,1,< 1 Year,No,33921.0,152.0,298,0,COMPLETED,Y,N,0,N,N,0.0,10.0,N,,N,,0.458,0.376,1.0,1.4,App,0.446,NO,NO,Bank Term Deposit,Insurance Cross-Sell,,20-09-2026,Term Deposit cross sell offer made to the customer via digital channels,10-09-2026
SYN-029445,profile_only_v1,20260814,True,29445,123477,0.350762,0.362171,0.455958,0.455955,0,0.011409,3e-06,0.037992,exact_age,high,32,services,married,secondary,no,414,yes,no,cellular,3,feb,236,2,272,1,failure,no,123477,Female,32,1,36.0,1,< 1 Year,No,33111.0,152.0,128,0,COMPLETED,Y,N,0,N,N,0.307,8.9,N,,Y,TERM_DEPOSIT,0.263,0.323,1.0,1.4,SMS,0.623,NO,NO,Bank Term Deposit,Bank Term Deposit,Insurance Cross-Sell,20-09-2026,Term Deposit cross sell offer made to the customer via digital channels,10-09-2026
SYN-035668,profile_only_v1,20260814,True,35668,236865,0.639547,0.646451,0.540625,0.540596,0,0.006905,2.9e-05,0.022993,exact_age,high,45,services,married,secondary,no,770,yes,no,cellular,8,may,114,1,-1,0,unknown,no,236865,Male,45,1,47.0,0,1-2 Year,Yes,32089.0,124.0,83,1,COMPLETED,Y,N,0,N,N,0.449,4.1,N,,N,,0.536,0.883,1.0,1.4,Call,0.75,NO,YES,Insurance Cross-Sell,Bank Term Deposit,,20-09-2026,Insurance cross sell offer made to the customer via digital channels,10-09-2026
SYN-024530,profile_only_v1,20260814,True,24530,379843,0.491236,0.53561,0.783055,0.78236,0,0.044373,0.000695,0.147774,exact_age,high,37,blue-collar,married,secondary,no,22341,yes,no,cellular,17,nov,175,1,-1,0,unknown,no,379843,Male,37,1,28.0,0,1-2 Year,Yes,48967.0,13.0,17,0,COMPLETED,Y,N,0,N,N,0.692,2.4,N,,N,,0.751,0.527,1.0,1.4,SMS,0.966,NO,YES,Retention Action,Insurance Cross-Sell,Bank Term Deposit,20-09-2026,"Retention message prioritised - fee review, tailored support option and/or save offer; proactive contact task created for the service team; routine cross-sell deferred",10-09-2026
SYN-025937,profile_only_v1,20260814,True,25937,246803,0.656302,0.702641,0.734143,0.734184,0,0.046338,4.1e-05,0.154307,exact_age,high,49,blue-collar,married,primary,no,6429,no,no,cellular,19,nov,108,1,-1,0,unknown,no,246803,Male,49,1,40.0,0,1-2 Year,Yes,35418.0,124.0,187,0,COMPLETED,Y,N,0,N,N,0.224,5.7,N,,N,,0.75,0.888,1.0,1.4,App,0.793,NO,YES,Insurance Cross-Sell,Bank Term Deposit,,20-09-2026,Insurance cross sell offer made to the customer via digital channels,10-09-2026
SYN-009490,profile_only_v1,20260814,True,9490,95763,0.466062,0.525716,0.319909,0.319913,0,0.059654,4e-06,0.198647,exact_age,high,36,blue-collar,married,secondary,no,70,yes,no,unknown,6,jun,100,2,-1,0,unknown,no,95763,Male,36,1,28.0,0,1-2 Year,Yes,30832.0,124.0,142,1,COMPLETED,Y,N,14,N,N,0.333,4.7,N,,N,,0.44,0.553,1.0,1.4,SMS,0.813,NO,YES,Insurance Cross-Sell,Bank Term Deposit,,20-09-2026,Insurance cross sell offer made to the customer via digital channels,10-09-2026
SYN-026961,profile_only_v1,20260814,True,26961,48168,0.407976,0.506981,0.2319,0.23168,0,0.099006,0.00022,0.329689,exact_age,high,34,services,married,secondary,no,0,yes,no,cellular,21,nov,248,1,-1,0,unknown,no,48168,Female,34,1,27.0,0,1-2 Year,Yes,2630.0,156.0,38,0,COMPLETED,Y,N,0,N,N,0.595,5.8,Y,TERM_DEPOSIT,N,,0.535,0.76,1.0,1.4,Call,0.977,NO,YES,Bank Term Deposit,Insurance Cross-Sell,Bank Term Deposit,20-09-2026,Term Deposit cross sell offer made to the customer via digital channels,10-09-2026
SYN-021195,profile_only_v1,20260814,True,21195,55961,0.798243,0.802975,0.333073,0.333106,0,0.004732,3.3e-05,0.015757,exact_age,high,60,retired,married,primary,no,97,no,no,cellular,14,aug,210,4,-1,0,unknown,no,55961,Male,60,1,26.0,0,1-2 Year,Yes,25995.0,22.0,61,0,COMPLETED,N,N,0,N,N,0.605,4.3,N,,N,,0.44,0.681,1.0,1.4,SMS,0.779,NO,YES,No Marketing Action (Consent Withheld),Insurance Cross-Sell,Bank Term Deposit,20-09-2026,Marketing messages and sales offers suppressed across channels in absence of valid consent; only essential service communications retained,10-09-2026
SYN-009913,profile_only_v1,20260814,True,9913,50376,0.423465,0.516268,0.451502,0.451517,0,0.092803,1.4e-05,0.309035,exact_age,high,35,services,divorced,secondary,no,305,no,no,unknown,9,jun,327,2,-1,0,unknown,no,50376,Female,35,1,29.0,0,1-2 Year,Yes,28597.0,124.0,112,0,COMPLETED,Y,N,0,N,N,0.436,4.1,N,,N,,0.412,0.697,1.0,1.4,Branch,0.903,NO,YES,Insurance Cross-Sell,Bank Term Deposit,,20-09-2026,Insurance cross sell offer made to the customer via digital channels,10-09-2026
SYN-006661,profile_only_v1,20260814,True,6661,169950,0.231002,0.271112,0.419967,0.417385,0,0.04011,0.002582,0.133723,exact_age,high,26,services,married,secondary,no,311,yes,no,unknown,28,may,373,1,-1,0,unknown,no,169950,Male,26,1,3.0,0,< 1 Year,No,26219.0,152.0,293,0,COMPLETED,Y,N,0,N,N,0.031,8.1,N,,Y,INSURANCE,0.37,0.679,1.0,1.4,Call,0.767,NO,NO,Insurance Cross-Sell,Bank Term Deposit,Insurance Cross-Sell,20-09-2026,Insurance cross sell offer made to the customer via digital channels,10-09-2026
SYN-044601,profile_only_v1,20260814,True,44601,28821,0.409966,0.546112,0.360166,0.360278,0,0.136146,0.000112,0.453365,exact_age,high,38,blue-collar,single,primary,no,490,yes,yes,unknown,25,aug,17,1,-1,0,unknown,no,28821,Male,38,1,14.0,0,1-2 Year,Yes,23149.0,124.0,271,0,COMPLETED,Y,N,44,Y,N,0.138,7.1,N,,N,,0.502,0.551,1.0,1.4,Email,0.644,NO,YES,Payment Reminder / Collections Resolution,Insurance Cross-Sell,Bank Term Deposit,20-09-2026,"Payment-due reminder sent through the mobile app, internet banking, SMS or email; customer directed to payment options or the collections support journey; sales offers paused",10-09-2026
SYN-018785,profile_only_v1,20260814,True,18785,304728,0.719507,0.747493,0.239746,0.239498,0,0.027986,0.000249,0.093194,exact_age,high,53,retired,married,primary,no,0,no,no,cellular,31,jul,85,3,-1,0,unknown,no,304728,Male,53,1,28.0,0,1-2 Year,Yes,23272.0,25.0,63,0,COMPLETED,N,N,0,N,N,0.643,5.0,N,,N,,0.504,1.0,1.0,1.4,SMS,0.435,NO,YES,No Marketing Action (Consent Withheld),Insurance Cross-Sell,Bank Term Deposit,20-09-2026,Marketing messages and sales offers suppressed across channels in absence of valid consent; only essential service communications retained,10-09-2026
SYN-043133,profile_only_v1,20260814,True,43133,188584,0.901184,0.893469,0.903364,0.904026,0,0.007715,0.000662,0.025745,exact_age,high,61,self-employed,divorced,tertiary,no,6610,no,no,cellular,24,feb,481,2,-1,0,unknown,yes,188584,Male,61,1,15.0,0,> 2 Years,Yes,44419.0,26.0,188,0,COMPLETED,Y,N,0,N,N,0.216,9.3,N,,Y,TERM_DEPOSIT,0.469,0.767,1.0,1.4,App,0.942,YES,YES,Bank Term Deposit,Bank Term Deposit,Insurance Cross-Sell,20-09-2026,Term Deposit cross sell offer made to the customer via digital channels,10-09-2026
SYN-035225,profile_only_v1,20260814,True,35225,93397,0.300762,0.362171,0.617574,0.617336,0,0.061409,0.000238,0.204493,exact_age,high,32,blue-collar,single,secondary,no,1291,yes,no,cellular,7,may,223,1,293,1,failure,no,93397,Male,32,1,35.0,1,< 1 Year,No,34389.0,152.0,180,0,INCOMPLETE,Y,N,0,N,N,0.383,4.8,N,,N,,0.466,0.601,1.0,1.4,Call,0.863,NO,NO,Complete KYC,Bank Term Deposit,Insurance Cross-Sell,20-09-2026,KYC completion notification displayed in the mobile app and internet banking; reminder sent through SMS/email; cross-sell offers withheld until KYC is completed,10-09-2026
SYN-031896,profile_only_v1,20260814,True,31896,239977,0.439465,0.516268,0.316104,0.3163,0,0.076803,0.000196,0.255755,exact_age,high,35,blue-collar,married,secondary,no,63,yes,no,cellular,9,apr,139,1,-1,0,unknown,no,239977,Female,35,1,28.0,0,1-2 Year,Yes,30636.0,152.0,278,1,INCOMPLETE,Y,N,0,N,N,0.0,8.3,N,,N,,0.448,0.972,1.0,1.4,App,0.667,NO,YES,Complete KYC,Insurance Cross-Sell,Bank Term Deposit,20-09-2026,KYC completion notification displayed in the mobile app and internet banking; reminder sent through SMS/email; cross-sell offers withheld until KYC is completed,10-09-2026
SYN-007231,profile_only_v1,20260814,True,7231,13217,0.75799,0.773673,0.184014,0.190459,0,0.015683,0.006445,0.054654,exact_age,high,48,management,divorced,tertiary,yes,-625,yes,no,unknown,29,may,125,2,-1,0,unknown,no,13217,Male,48,1,28.0,0,> 2 Years,Yes,2630.0,124.0,242,0,COMPLETED,Y,N,49,Y,N,0.059,9.9,N,,Y,TERM_DEPOSIT,0.699,0.955,1.0,1.4,Branch,0.964,NO,YES,Payment Reminder / Collections Resolution,Insurance Cross-Sell,Bank Term Deposit,20-09-2026,"Payment-due reminder sent through the mobile app, internet banking, SMS or email; customer directed to payment options or the collections support journey; sales offers paused",10-09-2026
SYN-019944,profile_only_v1,20260814,True,19944,156127,0.633624,0.654481,0.599881,0.599535,0,0.020857,0.000347,0.06946,exact_age,high,40,management,married,tertiary,no,326,no,no,cellular,8,aug,236,2,-1,0,unknown,no,156127,Male,40,1,28.0,0,> 2 Years,Yes,42035.0,125.0,34,0,COMPLETED,Y,N,0,N,Y,0.526,6.7,N,,N,,0.688,0.865,1.0,1.4,Call,0.639,NO,YES,Service Resolution,Insurance Cross-Sell,Bank Term Deposit,20-09-2026,"Complaint status and resolution options surfaced in the mobile app, internet banking or contact-centre desktop; service follow-up initiated; promotional offers suppressed until resolution",10-09-2026
SYN-028022,profile_only_v1,20260814,True,28022,6418,0.756553,0.737177,0.523804,0.519944,0,0.019377,0.00386,0.065242,exact_age,high,52,retired,married,secondary,no,414,no,no,cellular,28,jan,207,3,-1,0,unknown,no,6418,Male,52,1,1.0,0,1-2 Year,Yes,2630.0,124.0,56,0,COMPLETED,Y,N,0,N,N,0.595,3.4,N,,N,,0.446,0.86,1.0,1.4,Call,0.795,NO,YES,Service Intervention (Low NPS),Insurance Cross-Sell,Bank Term Deposit,20-09-2026,Service-recovery message -  apology / follow-up communication sent; contact-centre/service task created to address the customer’s recent experience,10-09-2026
SYN-029178,profile_only_v1,20260814,True,29178,17499,0.551624,0.570481,0.524244,0.519944,0,0.018857,0.0043,0.063708,exact_age,high,40,services,married,secondary,no,683,yes,no,cellular,2,feb,299,2,-1,0,unknown,no,17499,Male,40,1,1.0,0,1-2 Year,Yes,2630.0,124.0,151,0,COMPLETED,Y,N,67,Y,N,0.376,8.3,N,,N,,0.525,0.858,1.0,1.4,App,0.642,NO,YES,Payment Reminder / Collections Resolution,Insurance Cross-Sell,Bank Term Deposit,20-09-2026,"Payment-due reminder sent through the mobile app, internet banking, SMS or email; customer directed to payment options or the collections support journey; sales offers paused",10-09-2026
SYN-041630,profile_only_v1,20260814,True,41630,361428,0.775502,0.786641,0.79932,0.799017,0,0.011138,0.000303,0.037099,exact_age,high,49,self-employed,married,tertiary,no,1791,no,no,cellular,25,sep,139,1,-1,0,unknown,no,361428,Female,49,1,28.0,0,> 2 Years,Yes,50537.0,124.0,262,0,COMPLETED,Y,N,0,N,N,0.019,10.0,N,,Y,TERM_DEPOSIT,0.451,0.849,1.0,1.4,SMS,0.431,NO,YES,Bank Term Deposit,Insurance Cross-Sell,Bank Term Deposit,20-09-2026,Term Deposit cross sell offer made to the customer via digital channels,10-09-2026
SYN-002426,profile_only_v1,20260814,True,2426,375850,0.181002,0.271112,0.462084,0.46199,0,0.09011,9.4e-05,0.300067,exact_age,high,26,blue-collar,single,secondary,no,401,yes,no,unknown,13,may,373,1,-1,0,unknown,no,375850,Female,26,1,35.0,1,< 1 Year,No,29889.0,152.0,193,0,COMPLETED,Y,N,0,N,Y,0.318,8.9,N,,N,,0.235,0.532,1.0,1.4,Call,0.594,NO,NO,Service Resolution,Bank Term Deposit,Insurance Cross-Sell,20-09-2026,"Complaint status and resolution options surfaced in the mobile app, internet banking or contact-centre desktop; service follow-up initiated; promotional offers suppressed until resolution",10-09-2026
SYN-017742,profile_only_v1,20260814,True,17742,170057,0.866823,0.880222,0.238054,0.242751,0,0.013399,0.004696,0.046138,exact_age,high,59,housemaid,married,tertiary,no,0,no,yes,cellular,29,jul,376,2,-1,0,unknown,no,170057,Female,59,1,46.0,0,> 2 Years,Yes,2630.0,156.0,278,0,COMPLETED,Y,N,0,N,Y,0.027,10.0,N,,N,,0.326,0.748,1.0,1.4,App,0.466,NO,NO,Service Resolution,Insurance Cross-Sell,Bank Term Deposit,20-09-2026,"Complaint status and resolution options surfaced in the mobile app, internet banking or contact-centre desktop; service follow-up initiated; promotional offers suppressed until resolution",10-09-2026
SYN-034963,profile_only_v1,20260814,True,34963,14336,0.461976,0.506981,0.539127,0.539093,0,0.045006,3.4e-05,0.149869,exact_age,high,34,blue-collar,married,tertiary,no,748,yes,yes,cellular,6,may,161,1,-1,0,unknown,no,14336,Female,34,1,21.0,1,1-2 Year,No,27456.0,152.0,246,0,COMPLETED,Y,N,0,N,N,0.353,6.8,N,,N,,0.424,0.345,1.0,1.4,SMS,0.929,NO,NO,Bank Term Deposit,Insurance Cross-Sell,,20-09-2026,Term Deposit cross sell offer made to the customer via digital channels,10-09-2026
SYN-039654,profile_only_v1,20260814,True,39654,308759,0.432762,0.488171,0.40881,0.409144,0,0.055409,0.000333,0.184514,exact_age,high,32,management,married,tertiary,no,8,yes,no,cellular,26,may,175,2,-1,0,unknown,no,308759,Male,32,1,8.0,0,1-2 Year,No,33172.0,7.0,73,0,COMPLETED,Y,N,36,Y,N,0.52,4.9,Y,INSURANCE,N,,0.434,0.67,1.0,1.4,App,0.839,NO,NO,Payment Reminder / Collections Resolution,Bank Term Deposit,Insurance Cross-Sell,20-09-2026,"Payment-due reminder sent through the mobile app, internet banking, SMS or email; customer directed to payment options or the collections support journey; sales offers paused",10-09-2026
SYN-037504,profile_only_v1,20260814,True,37504,131240,0.389465,0.516268,0.364941,0.364851,0,0.126803,9e-05,0.422255,exact_age,high,35,blue-collar,married,primary,no,298,yes,no,cellular,13,may,135,2,370,2,failure,no,131240,Female,35,1,28.0,0,1-2 Year,Yes,32997.0,157.0,188,1,COMPLETED,Y,N,75,Y,N,0.292,9.5,N,,N,,0.357,1.0,1.0,1.4,App,0.634,NO,YES,Payment Reminder / Collections Resolution,Insurance Cross-Sell,Bank Term Deposit,20-09-2026,"Payment-due reminder sent through the mobile app, internet banking, SMS or email; customer directed to payment options or the collections support journey; sales offers paused",10-09-2026
SYN-014717,profile_only_v1,20260814,True,14717,189070,0.655547,0.646451,0.619397,0.619307,0,0.009095,9e-05,0.030288,exact_age,high,45,technician,married,secondary,no,1786,yes,yes,telephone,15,jul,78,4,-1,0,unknown,no,189070,Male,45,1,29.0,0,1-2 Year,Yes,32501.0,124.0,280,0,COMPLETED,Y,N,0,N,N,0.059,7.3,N,,N,,0.528,0.688,1.0,1.4,Call,0.526,NO,YES,Insurance Cross-Sell,Bank Term Deposit,,20-09-2026,Insurance cross sell offer made to the customer via digital channels,10-09-2026
SYN-025268,profile_only_v1,20260814,True,25268,86039,0.379926,0.371625,0.562355,0.562007,0,0.008301,0.000348,0.027656,exact_age,high,33,services,married,secondary,no,703,no,no,cellular,18,nov,160,2,-1,0,unknown,no,86039,Female,33,1,15.0,1,< 1 Year,No,35759.0,152.0,233,0,COMPLETED,Y,N,0,N,N,0.024,10.0,N,,N,,0.383,0.59,1.0,1.4,App,0.773,NO,NO,Bank Term Deposit,Insurance Cross-Sell,,20-09-2026,Term Deposit cross sell offer made to the customer via digital channels,10-09-2026
SYN-025925,profile_only_v1,20260814,True,25925,51495,0.365976,0.506981,0.767859,0.767766,0,0.141006,9.3e-05,0.469549,exact_age,high,34,admin.,single,secondary,no,5057,yes,no,cellular,19,nov,73,1,-1,0,unknown,no,51495,Female,34,1,3.0,0,1-2 Year,Yes,32393.0,152.0,211,0,COMPLETED,Y,N,36,Y,N,0.313,5.9,Y,INSURANCE,N,,0.576,0.937,1.0,1.4,Call,0.89,NO,YES,Payment Reminder / Collections Resolution,Insurance Cross-Sell,Bank Term Deposit,20-09-2026,"Payment-due reminder sent through the mobile app, internet banking, SMS or email; customer directed to payment options or the collections support journey; sales offers paused",10-09-2026
SYN-044690,profile_only_v1,20260814,True,44690,205508,0.76999,0.773673,0.3719,0.37954,0,0.003683,0.00764,0.022698,exact_age,high,48,management,married,tertiary,no,0,yes,no,cellular,6,sep,194,2,125,6,failure,yes,205508,Male,48,1,28.0,0,> 2 Years,Yes,33575.0,124.0,86,1,COMPLETED,Y,N,0,N,N,0.492,4.5,N,,N,,0.384,0.664,1.0,1.4,Call,0.736,NO,YES,Insurance Cross-Sell,Bank Term Deposit,,20-09-2026,Insurance cross sell offer made to the customer via digital channels,10-09-2026
SYN-034320,profile_only_v1,20260814,True,34320,12880,0.173467,0.194818,0.390212,0.390244,0,0.021351,3.3e-05,0.071099,exact_age,high,24,admin.,single,secondary,no,99,no,no,cellular,4,may,65,3,89,3,failure,no,12880,Female,24,1,6.0,1,< 1 Year,No,25532.0,152.0,171,0,COMPLETED,Y,N,0,N,Y,0.37,4.0,N,,N,,0.499,0.45,1.0,1.4,App,0.889,YES,NO,Service Resolution,Bank Term Deposit,Insurance Cross-Sell,20-09-2026,"Complaint status and resolution options surfaced in the mobile app, internet banking or contact-centre desktop; service follow-up initiated; promotional offers suppressed until resolution",10-09-2026
SYN-002098,profile_only_v1,20260814,True,2098,64267,0.271323,0.294061,0.631723,0.631701,0,0.022738,2.2e-05,0.075719,exact_age,high,27,management,single,tertiary,no,541,yes,no,unknown,12,may,145,1,-1,0,unknown,no,64267,Male,27,1,50.0,1,< 1 Year,No,39634.0,152.0,219,0,COMPLETED,Y,N,0,N,N,0.234,9.2,N,,Y,INSURANCE,0.325,0.628,1.0,1.4,Branch,0.814,NO,NO,Insurance Cross-Sell,Bank Term Deposit,Insurance Cross-Sell,20-09-2026,Insurance cross sell offer made to the customer via digital channels,10-09-2026
SYN-023530,profile_only_v1,20260814,True,23530,179778,0.766297,0.781862,0.32045,0.320768,0,0.015565,0.000318,0.051839,exact_age,high,57,retired,married,primary,no,75,no,no,cellular,28,aug,118,2,-1,0,unknown,no,179778,Male,57,1,8.0,1,1-2 Year,Yes,29428.0,124.0,14,0,COMPLETED,N,N,60,Y,N,0.7,6.3,N,,N,,0.622,0.693,1.0,1.4,SMS,0.76,NO,NO,No Marketing Action (Consent Withheld),Bank Term Deposit,Insurance Cross-Sell,20-09-2026,Marketing messages and sales offers suppressed across channels in absence of valid consent; only essential service communications retained,10-09-2026
SYN-005082,profile_only_v1,20260814,True,5082,30413,0.177002,0.271112,0.367842,0.367883,0,0.09411,4.1e-05,0.313387,exact_age,high,26,services,single,secondary,no,186,yes,no,unknown,21,may,72,3,-1,0,unknown,no,30413,Male,26,1,28.0,1,< 1 Year,No,37132.0,152.0,202,0,COMPLETED,Y,N,0,N,N,0.22,6.5,N,,N,,0.429,0.668,1.0,1.4,Call,0.509,NO,NO,Bank Term Deposit,Insurance Cross-Sell,,20-09-2026,Term Deposit cross sell offer made to the customer via digital channels,10-09-2026
SYN-014621,profile_only_v1,20260814,True,14621,3744,0.615002,0.67601,0.1519,0.153865,0,0.061008,0.001965,0.203217,exact_age,high,47,housemaid,married,primary,no,0,yes,no,telephone,15,jul,162,1,-1,0,unknown,no,3744,Male,47,1,50.0,0,1-2 Year,Yes,2630.0,124.0,173,1,COMPLETED,Y,N,0,N,N,0.262,6.5,N,,N,,0.508,0.875,1.0,1.4,Call,0.956,NO,YES,Insurance Cross-Sell,Bank Term Deposit,,20-09-2026,Insurance cross sell offer made to the customer via digital channels,10-09-2026
SYN-012542,profile_only_v1,20260814,True,12542,17471,0.339465,0.516268,0.0,0.130459,0,0.176803,0.130459,0.673056,exact_age,high,35,blue-collar,married,unknown,no,-400,yes,yes,unknown,3,jul,85,1,-1,0,unknown,no,17471,Female,35,1,28.0,0,1-2 Year,Yes,2630.0,157.0,146,0,COMPLETED,Y,N,0,N,Y,0.384,5.5,N,,N,,0.361,0.961,1.0,1.4,SMS,0.956,NO,YES,Service Resolution,Insurance Cross-Sell,Bank Term Deposit,20-09-2026,"Complaint status and resolution options surfaced in the mobile app, internet banking or contact-centre desktop; service follow-up initiated; promotional offers suppressed until resolution",10-09-2026
SYN-030363,profile_only_v1,20260814,True,30363,356427,0.248448,0.341125,0.516331,0.516351,0,0.092678,2e-05,0.308618,exact_age,high,30,blue-collar,married,primary,no,935,yes,no,cellular,5,feb,96,2,-1,0,unknown,no,356427,Female,30,1,7.0,1,< 1 Year,No,34715.0,152.0,211,0,COMPLETED,Y,N,50,Y,N,0.218,7.5,N,,N,,0.587,0.494,1.0,1.4,Call,0.924,NO,NO,Payment Reminder / Collections Resolution,Bank Term Deposit,Insurance Cross-Sell,20-09-2026,"Payment-due reminder sent through the mobile app, internet banking, SMS or email; customer directed to payment options or the collections support journey; sales offers paused",10-09-2026
SYN-019458,profile_only_v1,20260814,True,19458,275533,0.451465,0.516268,0.621937,0.622699,0,0.064803,0.000762,0.215803,exact_age,high,35,technician,married,secondary,no,1055,yes,no,cellular,7,aug,261,2,-1,0,unknown,no,275533,Male,35,1,28.0,0,1-2 Year,No,41458.0,152.0,235,0,COMPLETED,Y,N,22,N,N,0.176,9.4,N,,N,,0.427,0.903,1.0,1.4,SMS,0.948,NO,NO,Bank Term Deposit,Insurance Cross-Sell,,20-09-2026,Term Deposit cross sell offer made to the customer via digital channels,10-09-2026
SYN-015226,profile_only_v1,20260814,True,15226,380081,0.624824,0.654481,0.816261,0.818693,0,0.029657,0.002432,0.098945,exact_age,high,40,self-employed,married,tertiary,no,2977,yes,no,cellular,17,jul,1018,1,-1,0,unknown,no,380081,Female,40,1,28.0,0,> 2 Years,Yes,51723.0,150.0,26,0,COMPLETED,Y,N,36,Y,N,0.547,4.6,N,,Y,TERM_DEPOSIT,0.269,0.67,1.0,1.4,App,0.736,NO,YES,Payment Reminder / Collections Resolution,Insurance Cross-Sell,Bank Term Deposit,20-09-2026,"Payment-due reminder sent through the mobile app, internet banking, SMS or email; customer directed to payment options or the collections support journey; sales offers paused",10-09-2026
SYN-015327,profile_only_v1,20260814,True,15327,78805,0.271426,0.352244,0.617574,0.617574,0,0.080818,0.0,0.269122,exact_age,high,31,blue-collar,single,secondary,no,1291,yes,no,cellular,18,jul,72,1,-1,0,unknown,no,78805,Male,31,1,2.0,0,< 1 Year,No,34537.0,152.0,275,0,COMPLETED,Y,N,0,N,N,0.033,9.4,N,,N,,0.218,0.721,1.0,1.4,Call,0.653,NO,NO,Bank Term Deposit,Insurance Cross-Sell,,20-09-2026,Term Deposit cross sell offer made to the customer via digital channels,10-09-2026
SYN-018020,profile_only_v1,20260814,True,18020,117023,0.756697,0.781862,0.208799,0.208825,0,0.025165,2.6e-05,0.083801,exact_age,high,57,blue-collar,married,primary,yes,195,no,yes,telephone,30,jul,185,4,-1,0,unknown,no,117023,Male,57,1,45.0,0,1-2 Year,Yes,2630.0,26.0,59,0,COMPLETED,Y,N,0,N,N,0.534,4.1,N,,N,,0.499,0.86,1.0,1.4,Call,0.867,NO,YES,Insurance Cross-Sell,Bank Term Deposit,,20-09-2026,Insurance cross sell offer made to the customer via digital channels,10-09-2026
SYN-033591,profile_only_v1,20260814,True,33591,316949,0.814697,0.781862,0.693895,0.694444,0,0.032835,0.000548,0.109348,exact_age,high,57,admin.,married,secondary,no,2087,yes,no,cellular,20,apr,140,4,343,1,failure,no,316949,Male,57,1,28.0,0,1-2 Year,Yes,44288.0,26.0,104,0,INCOMPLETE,Y,N,0,N,N,0.548,4.5,Y,TERM_DEPOSIT,Y,INSURANCE,0.677,0.893,1.0,1.4,App,0.537,NO,YES,Complete KYC,Insurance Cross-Sell,Bank Term Deposit,20-09-2026,KYC completion notification displayed in the mobile app and internet banking; reminder sent through SMS/email; cross-sell offers withheld until KYC is completed,10-09-2026
SYN-011246,profile_only_v1,20260814,True,11246,37008,0.824953,0.821177,0.766774,0.765241,0,0.003777,0.001533,0.013147,exact_age,high,52,management,married,tertiary,no,1147,no,no,unknown,18,jun,43,1,-1,0,unknown,no,37008,Female,52,1,10.0,0,> 2 Years,Yes,32547.0,124.0,164,0,COMPLETED,Y,N,0,N,N,0.389,6.5,N,,N,,0.614,0.792,1.0,1.4,App,0.702,NO,YES,Insurance Cross-Sell,Bank Term Deposit,,20-09-2026,Insurance cross sell offer made to the customer via digital channels,10-09-2026
SYN-022306,profile_only_v1,20260814,True,22306,15313,0.916643,0.886975,0.483756,0.486231,0,0.029668,0.002475,0.098989,exact_age,high,60,management,married,tertiary,no,70,no,no,cellular,21,aug,36,1,-1,0,unknown,no,15313,Male,60,1,28.0,0,> 2 Years,Yes,38620.0,26.0,98,0,COMPLETED,Y,N,5,N,N,0.449,5.6,N,,Y,INSURANCE,0.608,0.716,1.0,1.4,Call,0.661,NO,YES,Insurance Cross-Sell,Insurance Cross-Sell,Bank Term Deposit,20-09-2026,Insurance cross sell offer made to the customer via digital channels,10-09-2026
SYN-008944,profile_only_v1,20260814,True,8944,186175,0.485194,0.557608,0.27928,0.279304,0,0.072414,2.4e-05,0.241138,exact_age,high,39,blue-collar,married,primary,no,104,yes,no,unknown,4,jun,624,2,-1,0,unknown,no,186175,Female,39,1,17.0,1,1-2 Year,Yes,23251.0,124.0,169,0,COMPLETED,Y,N,75,Y,Y,0.33,7.8,N,,N,,0.486,0.397,1.0,1.4,App,0.678,NO,NO,Payment Reminder / Collections Resolution,Bank Term Deposit,Insurance Cross-Sell,20-09-2026,"Payment-due reminder sent through the mobile app, internet banking, SMS or email; customer directed to payment options or the collections support journey; sales offers paused",10-09-2026
SYN-038365,profile_only_v1,20260814,True,38365,133727,0.227299,0.328197,0.30129,0.301303,0,0.100898,1.3e-05,0.335989,exact_age,high,29,blue-collar,married,primary,no,149,yes,no,cellular,15,may,242,2,-1,0,unknown,no,133727,Female,29,1,28.0,1,< 1 Year,No,34593.0,152.0,130,0,INCOMPLETE,Y,N,5,N,N,0.309,5.5,N,,N,,0.601,0.562,1.0,1.4,Call,0.921,NO,NO,Complete KYC,Bank Term Deposit,Insurance Cross-Sell,20-09-2026,KYC completion notification displayed in the mobile app and internet banking; reminder sent through SMS/email; cross-sell offers withheld until KYC is completed,10-09-2026
SYN-014453,profile_only_v1,20260814,True,14453,244853,0.677002,0.67601,0.662883,0.662873,0,0.000992,1.1e-05,0.003302,exact_age,high,47,blue-collar,married,secondary,no,1875,yes,no,cellular,14,jul,157,3,-1,0,unknown,no,244853,Male,47,1,33.0,1,1-2 Year,Yes,34010.0,124.0,148,0,INCOMPLETE,Y,N,0,N,N,0.267,7.8,Y,TERM_DEPOSIT,N,,0.838,0.539,1.0,1.4,SMS,0.947,NO,NO,Complete KYC,Bank Term Deposit,Insurance Cross-Sell,20-09-2026,KYC completion notification displayed in the mobile app and internet banking; reminder sent through SMS/email; cross-sell offers withheld until KYC is completed,10-09-2026
SYN-043572,profile_only_v1,20260814,True,43572,248314,0.809263,0.837546,0.583694,0.584221,0,0.028283,0.000527,0.094193,exact_age,high,66,retired,married,primary,no,1004,no,no,cellular,28,apr,154,1,182,1,success,no,248314,Male,66,1,28.0,1,1-2 Year,No,40104.0,124.0,49,0,COMPLETED,Y,N,0,N,N,0.45,5.4,N,,Y,INSURANCE,0.799,0.348,1.0,1.4,SMS,0.727,YES,NO,Insurance Cross-Sell,Bank Term Deposit,Insurance Cross-Sell,20-09-2026,Insurance cross sell offer made to the customer via digital channels,10-09-2026
SYN-020970,profile_only_v1,20260814,True,20970,8583,0.491236,0.53561,0.762947,0.76295,0,0.044373,3e-06,0.147764,exact_age,high,37,technician,divorced,secondary,no,2686,no,no,cellular,14,aug,144,4,-1,0,unknown,no,8583,Male,37,1,41.0,0,1-2 Year,Yes,39557.0,26.0,155,1,INCOMPLETE,Y,N,0,N,Y,0.332,7.4,N,,Y,INSURANCE,0.363,1.0,1.0,1.4,App,0.533,NO,YES,Complete KYC,Insurance Cross-Sell,Bank Term Deposit,20-09-2026,KYC completion notification displayed in the mobile app and internet banking; reminder sent through SMS/email; cross-sell offers withheld until KYC is completed,10-09-2026
SYN-038328,profile_only_v1,20260814,True,38328,21279,0.189323,0.294061,0.157313,0.157319,0,0.104738,6e-06,0.348779,exact_age,high,27,services,single,secondary,no,-74,yes,no,cellular,15,may,151,1,345,1,failure,no,21279,Female,27,1,15.0,1,< 1 Year,No,20875.0,152.0,226,0,INCOMPLETE,Y,N,0,N,N,0.121,9.7,N,,Y,INSURANCE,0.602,0.492,1.0,1.4,SMS,0.478,NO,NO,Complete KYC,Bank Term Deposit,Insurance Cross-Sell,20-09-2026,KYC completion notification displayed in the mobile app and internet banking; reminder sent through SMS/email; cross-sell offers withheld until KYC is completed,10-09-2026
SYN-032573,profile_only_v1,20260814,True,32573,66185,0.560127,0.614964,0.096973,0.130459,0,0.054837,0.033485,0.20088,exact_age,high,43,blue-collar,married,primary,no,-181,yes,no,cellular,17,apr,351,1,337,3,failure,no,66185,Female,43,1,28.0,0,1-2 Year,Yes,2630.0,26.0,276,0,COMPLETED,Y,N,0,N,N,0.074,8.9,N,,N,,0.573,0.502,1.0,1.4,Call,0.783,NO,YES,Insurance Cross-Sell,Bank Term Deposit,,20-09-2026,Insurance cross sell offer made to the customer via digital channels,10-09-2026
SYN-015786,profile_only_v1,20260814,True,15786,14839,0.379576,0.506981,0.2259,0.227079,0,0.127406,0.001179,0.424271,exact_age,high,34,entrepreneur,married,primary,no,0,yes,no,cellular,21,jul,132,3,-1,0,unknown,no,14839,Male,34,1,16.0,0,1-2 Year,Yes,2630.0,156.0,177,1,INCOMPLETE,Y,N,0,N,N,0.227,6.4,Y,TERM_DEPOSIT,N,,0.356,0.717,1.0,1.4,SMS,0.905,NO,YES,Complete KYC,Insurance Cross-Sell,Bank Term Deposit,20-09-2026,KYC completion notification displayed in the mobile app and internet banking; reminder sent through SMS/email; cross-sell offers withheld until KYC is completed,10-09-2026
SYN-016086,profile_only_v1,20260814,True,16086,3419,0.708198,0.714805,0.2119,0.211954,0,0.006608,5.4e-05,0.022004,exact_age,high,50,housemaid,married,secondary,no,0,yes,no,cellular,22,jul,160,1,-1,0,unknown,no,3419,Female,50,1,21.0,0,1-2 Year,Yes,2630.0,156.0,199,0,COMPLETED,Y,N,0,N,N,0.214,6.5,N,,N,,0.532,1.0,1.0,1.4,App,0.942,NO,YES,Insurance Cross-Sell,Bank Term Deposit,,20-09-2026,Insurance cross sell offer made to the customer via digital channels,10-09-2026
SYN-034066,profile_only_v1,20260814,True,34066,205847,0.481176,0.506981,0.582405,0.582413,0,0.025806,7e-06,0.085933,exact_age,high,34,self-employed,married,tertiary,no,442,yes,no,cellular,30,apr,69,1,164,2,other,no,205847,Male,34,1,24.0,0,1-2 Year,Yes,30779.0,124.0,93,0,INCOMPLETE,Y,N,0,N,N,0.508,4.6,N,,Y,TERM_DEPOSIT,0.298,0.625,1.0,1.4,Call,0.506,NO,YES,Complete KYC,Insurance Cross-Sell,Bank Term Deposit,20-09-2026,KYC completion notification displayed in the mobile app and internet banking; reminder sent through SMS/email; cross-sell offers withheld until KYC is completed,10-09-2026
SYN-020999,profile_only_v1,20260814,True,20999,342014,0.652645,0.66856,0.771704,0.746097,0,0.015915,0.025607,0.083107,exact_age,high,41,management,married,tertiary,no,1194,no,no,cellular,14,aug,50,5,-1,0,unknown,no,342014,Female,41,1,45.0,0,> 2 Years,Yes,33199.0,26.0,187,1,COMPLETED,N,N,0,N,Y,0.25,5.7,Y,INSURANCE,N,,0.721,0.885,1.0,1.4,App,0.682,NO,YES,No Marketing Action (Consent Withheld),Insurance Cross-Sell,Bank Term Deposit,20-09-2026,Marketing messages and sales offers suppressed across channels in absence of valid consent; only essential service communications retained,10-09-2026
SYN-015345,profile_only_v1,20260814,True,15345,50100,0.451465,0.516268,0.52431,0.519944,0,0.064803,0.004366,0.216071,exact_age,high,35,technician,married,secondary,no,513,yes,no,cellular,18,jul,377,1,-1,0,unknown,no,50100,Male,35,1,0.0,1,1-2 Year,No,2630.0,152.0,261,0,COMPLETED,Y,N,0,N,N,0.104,8.6,N,,N,,0.26,0.563,1.0,1.4,SMS,0.864,NO,NO,Bank Term Deposit,Insurance Cross-Sell,,20-09-2026,Term Deposit cross sell offer made to the customer via digital channels,10-09-2026
SYN-002178,profile_only_v1,20260814,True,2178,4924,0.560127,0.614964,0.1819,0.1812,0,0.054837,0.0007,0.182614,exact_age,high,43,blue-collar,married,primary,no,0,yes,no,unknown,12,may,3,1,-1,0,unknown,no,4924,Female,43,1,29.0,0,1-2 Year,No,2630.0,135.0,256,0,COMPLETED,Y,N,0,N,N,0.123,9.8,N,,Y,INSURANCE,0.701,0.759,1.0,1.4,Branch,0.453,NO,NO,Insurance Cross-Sell,Insurance Cross-Sell,Bank Term Deposit,20-09-2026,Insurance cross sell offer made to the customer via digital channels,10-09-2026
SYN-030440,profile_only_v1,20260814,True,30440,90486,0.721547,0.730451,0.769794,0.764288,0,0.008905,0.005506,0.032692,exact_age,high,45,management,married,tertiary,no,2953,yes,yes,cellular,5,feb,388,1,-1,0,unknown,no,90486,Female,45,1,35.0,0,> 2 Years,Yes,40174.0,26.0,252,1,COMPLETED,Y,N,0,N,Y,0.136,8.8,N,,N,,0.556,0.67,1.0,1.4,App,0.491,NO,YES,Service Resolution,Insurance Cross-Sell,Bank Term Deposit,20-09-2026,"Complaint status and resolution options surfaced in the mobile app, internet banking or contact-centre desktop; service follow-up initiated; promotional offers suppressed until resolution",10-09-2026
SYN-019463,profile_only_v1,20260814,True,19463,230946,0.688127,0.698964,0.941786,0.945887,0,0.010837,0.004101,0.037514,exact_age,high,43,management,married,tertiary,no,11754,no,no,cellular,7,aug,352,2,-1,0,unknown,no,230946,Male,43,1,46.0,0,> 2 Years,Yes,49053.0,11.0,144,0,COMPLETED,Y,N,43,Y,N,0.394,5.4,N,,N,,0.523,0.611,1.0,1.4,SMS,0.533,NO,YES,Payment Reminder / Collections Resolution,Insurance Cross-Sell,Bank Term Deposit,20-09-2026,"Payment-due reminder sent through the mobile app, internet banking, SMS or email; customer directed to payment options or the collections support journey; sales offers paused",10-09-2026
SYN-019763,profile_only_v1,20260814,True,19763,213213,0.349426,0.352244,0.450651,0.450646,0,0.002818,5e-06,0.009382,exact_age,high,31,management,single,tertiary,no,18,no,no,cellular,8,aug,82,2,-1,0,unknown,no,213213,Male,31,1,33.0,1,< 1 Year,No,30771.0,152.0,147,0,COMPLETED,Y,N,0,N,N,0.418,5.4,Y,TERM_DEPOSIT,Y,TERM_DEPOSIT,0.423,0.544,1.0,1.4,App,0.611,NO,NO,Bank Term Deposit,Bank Term Deposit,Insurance Cross-Sell,20-09-2026,Term Deposit cross sell offer made to the customer via digital channels,10-09-2026
SYN-034444,profile_only_v1,20260814,True,34444,68667,0.259002,0.271112,0.864564,0.826,0,0.01211,0.038564,0.104503,exact_age,high,26,management,single,tertiary,no,4116,yes,no,cellular,5,may,301,1,-1,0,unknown,no,68667,Male,26,1,28.0,1,< 1 Year,No,135616.0,152.0,113,0,COMPLETED,Y,N,0,N,N,0.318,5.7,N,,Y,TERM_DEPOSIT,0.594,0.249,1.0,1.4,Call,0.703,NO,NO,Bank Term Deposit,Bank Term Deposit,Insurance Cross-Sell,20-09-2026,Term Deposit cross sell offer made to the customer via digital channels,10-09-2026
SYN-019505,profile_only_v1,20260814,True,19505,377017,0.451526,0.497625,0.652747,0.65315,0,0.046099,0.000403,0.153513,exact_age,high,33,entrepreneur,married,tertiary,no,595,no,no,cellular,7,aug,22,2,-1,0,unknown,no,377017,Female,33,1,3.0,0,1-2 Year,No,28730.0,154.0,266,0,COMPLETED,Y,N,4,N,N,0.178,7.7,N,,N,,0.507,0.708,1.0,1.4,SMS,0.512,NO,NO,Insurance Cross-Sell,Bank Term Deposit,,20-09-2026,Insurance cross sell offer made to the customer via digital channels,10-09-2026
SYN-017847,profile_only_v1,20260814,True,17847,247679,0.257319,0.312702,0.409742,0.409774,0,0.055383,3.2e-05,0.184426,exact_age,high,28,services,married,secondary,no,376,no,yes,telephone,29,jul,49,4,-1,0,unknown,no,247679,Male,28,1,29.0,1,< 1 Year,No,31766.0,152.0,157,0,COMPLETED,Y,N,0,N,N,0.273,7.2,N,,N,,0.234,0.573,1.0,1.4,Branch,0.844,NO,NO,Bank Term Deposit,Insurance Cross-Sell,,20-09-2026,Term Deposit cross sell offer made to the customer via digital channels,10-09-2026
SYN-034621,profile_only_v1,20260814,True,34621,31337,0.395976,0.506981,0.13998,0.145899,0,0.111006,0.00592,0.369945,exact_age,high,34,services,divorced,secondary,no,-258,yes,no,cellular,5,may,259,1,-1,0,unknown,no,31337,Male,34,1,8.0,1,1-2 Year,No,2630.0,26.0,156,0,COMPLETED,Y,N,0,N,N,0.217,7.6,N,,Y,INSURANCE,0.602,0.439,1.0,1.4,Call,0.854,NO,NO,Insurance Cross-Sell,Bank Term Deposit,Insurance Cross-Sell,20-09-2026,Insurance cross sell offer made to the customer via digital channels,10-09-2026
SYN-014327,profile_only_v1,20260814,True,14327,289387,0.451465,0.516268,0.632016,0.631902,0,0.064803,0.000114,0.215795,exact_age,high,35,technician,married,secondary,no,1140,yes,no,cellular,14,jul,69,2,-1,0,unknown,no,289387,Male,35,1,7.0,0,1-2 Year,Yes,31841.0,157.0,153,0,COMPLETED,Y,N,85,Y,Y,0.266,8.3,N,,N,,0.801,0.67,1.0,1.4,App,0.968,NO,YES,Payment Reminder / Collections Resolution,Insurance Cross-Sell,Bank Term Deposit,20-09-2026,"Payment-due reminder sent through the mobile app, internet banking, SMS or email; customer directed to payment options or the collections support journey; sales offers paused",10-09-2026
SYN-034326,profile_only_v1,20260814,True,34326,172310,0.387426,0.352244,0.614055,0.613743,0,0.035182,0.000312,0.11716,exact_age,high,31,technician,married,tertiary,no,636,yes,no,cellular,4,may,352,4,-1,0,unknown,yes,172310,Female,31,1,47.0,1,< 1 Year,No,37009.0,152.0,100,0,COMPLETED,Y,N,0,N,N,0.548,2.6,N,,Y,TERM_DEPOSIT,0.707,0.553,1.0,1.4,SMS,0.717,NO,NO,Service Intervention (Low NPS),Bank Term Deposit,Insurance Cross-Sell,20-09-2026,Service-recovery message -  apology / follow-up communication sent; contact-centre/service task created to address the customer’s recent experience,10-09-2026
SYN-015644,profile_only_v1,20260814,True,15644,271241,0.378762,0.362171,0.379956,0.379698,0,0.016591,0.000257,0.055252,exact_age,high,32,management,single,tertiary,no,14,no,yes,cellular,21,jul,53,1,-1,0,unknown,no,271241,Female,32,1,28.0,0,< 1 Year,Yes,37557.0,26.0,271,0,INCOMPLETE,Y,N,0,N,N,0.0,9.9,N,,N,,0.735,0.876,1.0,1.4,SMS,0.934,NO,YES,Complete KYC,Insurance Cross-Sell,Bank Term Deposit,20-09-2026,KYC completion notification displayed in the mobile app and internet banking; reminder sent through SMS/email; cross-sell offers withheld until KYC is completed,10-09-2026
SYN-038895,profile_only_v1,20260814,True,38895,212922,0.389465,0.516268,0.59469,0.594529,0,0.126803,0.000161,0.422255,exact_age,high,35,blue-collar,married,primary,no,1749,yes,no,cellular,18,may,63,5,363,11,other,no,212922,Male,35,1,15.0,0,1-2 Year,No,32925.0,163.0,195,1,COMPLETED,Y,N,25,N,N,0.221,7.4,N,,Y,TERM_DEPOSIT,0.494,0.724,1.0,1.4,Call,0.408,NO,YES,Bank Term Deposit,Insurance Cross-Sell,Bank Term Deposit,20-09-2026,Term Deposit cross sell offer made to the customer via digital channels,10-09-2026
SYN-017532,profile_only_v1,20260814,True,17532,119790,0.539547,0.520451,0.149736,0.095386,0,0.019095,0.05435,0.150017,exact_age,high,45,services,married,unknown,no,9,yes,no,telephone,29,jul,186,2,-1,0,unknown,no,119790,Female,45,1,18.0,0,< 1 Year,No,2630.0,1.0,213,0,COMPLETED,Y,N,0,N,N,0.203,9.8,N,,N,,0.561,0.704,1.0,1.4,Branch,0.841,NO,NO,Insurance Cross-Sell,Bank Term Deposit,,20-09-2026,Insurance cross sell offer made to the customer via digital channels,10-09-2026
SYN-017176,profile_only_v1,20260814,True,17176,35076,0.592853,0.599431,0.12766,0.130459,0,0.006577,0.002799,0.022994,exact_age,high,42,blue-collar,married,secondary,no,-128,no,yes,cellular,28,jul,180,4,-1,0,unknown,no,35076,Male,42,1,28.0,0,1-2 Year,Yes,2630.0,26.0,38,1,COMPLETED,N,N,0,N,N,0.403,6.2,N,,N,,0.749,0.844,1.0,1.4,App,0.498,NO,YES,No Marketing Action (Consent Withheld),Insurance Cross-Sell,Bank Term Deposit,20-09-2026,Marketing messages and sales offers suppressed across channels in absence of valid consent; only essential service communications retained,10-09-2026
SYN-022780,profile_only_v1,20260814,True,22780,72723,0.746953,0.737177,0.391468,0.39141,0,0.009777,5.8e-05,0.032557,exact_age,high,52,unknown,married,secondary,no,142,no,no,cellular,25,aug,112,6,-1,0,unknown,no,72723,Male,52,1,41.0,1,1-2 Year,No,28269.0,124.0,280,0,COMPLETED,Y,N,42,Y,N,0.11,10.0,N,,N,,0.708,0.499,1.0,1.4,Call,0.615,NO,NO,Payment Reminder / Collections Resolution,Bank Term Deposit,Insurance Cross-Sell,20-09-2026,"Payment-due reminder sent through the mobile app, internet banking, SMS or email; customer directed to payment options or the collections support journey; sales offers paused",10-09-2026
SYN-011993,profile_only_v1,20260814,True,11993,242015,0.738734,0.745624,0.916327,0.917154,0,0.006889,0.000827,0.023035,exact_age,high,46,management,married,tertiary,no,5464,no,no,unknown,20,jun,79,4,-1,0,unknown,no,242015,Male,46,1,18.0,0,> 2 Years,Yes,49810.0,124.0,164,0,COMPLETED,Y,N,0,N,N,0.462,3.4,N,,N,,0.422,1.0,1.0,1.4,SMS,0.716,NO,YES,Service Intervention (Low NPS),Insurance Cross-Sell,Bank Term Deposit,20-09-2026,Service-recovery message -  apology / follow-up communication sent; contact-centre/service task created to address the customer’s recent experience,10-09-2026
SYN-024874,profile_only_v1,20260814,True,24874,286151,0.439465,0.516268,0.362901,0.362298,0,0.076803,0.000603,0.255759,exact_age,high,35,blue-collar,married,secondary,no,153,yes,no,cellular,18,nov,645,2,-1,0,unknown,no,286151,Female,35,1,46.0,1,1-2 Year,No,24150.0,124.0,259,0,COMPLETED,Y,N,16,N,N,0.055,8.7,N,,N,,0.455,0.453,1.0,1.4,Call,0.771,NO,NO,Bank Term Deposit,Insurance Cross-Sell,,20-09-2026,Term Deposit cross sell offer made to the customer via digital channels,10-09-2026
SYN-033342,profile_only_v1,20260814,True,33342,183254,0.277299,0.328197,0.619512,0.619575,0,0.050898,6.3e-05,0.169489,exact_age,high,29,blue-collar,married,secondary,no,2378,yes,yes,cellular,20,apr,239,1,276,6,failure,no,183254,Male,29,1,26.0,1,< 1 Year,No,35672.0,152.0,137,0,INCOMPLETE,Y,N,50,Y,N,0.344,8.5,N,,Y,INSURANCE,0.535,0.652,1.0,1.4,Call,0.503,NO,NO,Complete KYC,Bank Term Deposit,Insurance Cross-Sell,20-09-2026,KYC completion notification displayed in the mobile app and internet banking; reminder sent through SMS/email; cross-sell offers withheld until KYC is completed,10-09-2026
SYN-005422,profile_only_v1,20260814,True,5422,249961,0.738734,0.745624,0.313305,0.315325,0,0.006889,0.00202,0.023491,exact_age,high,46,management,married,tertiary,no,-267,no,no,unknown,23,may,249,3,-1,0,unknown,no,249961,Female,46,1,28.0,0,> 2 Years,Yes,28277.0,124.0,184,0,COMPLETED,Y,N,0,N,N,0.214,8.2,Y,TERM_DEPOSIT,N,,0.642,0.991,1.0,1.4,Email,0.456,NO,YES,Bank Term Deposit,Insurance Cross-Sell,Bank Term Deposit,20-09-2026,Term Deposit cross sell offer made to the customer via digital channels,10-09-2026
SYN-000485,profile_only_v1,20260814,True,485,219442,0.240448,0.341125,0.378223,0.378222,0,0.100678,1e-06,0.335258,exact_age,high,30,services,single,secondary,no,209,yes,no,unknown,6,may,30,2,-1,0,unknown,no,219442,Male,30,1,3.0,1,< 1 Year,No,25299.0,152.0,84,0,INCOMPLETE,Y,N,0,N,N,0.402,5.8,N,,N,,0.36,0.503,1.0,1.4,Call,0.49,NO,NO,Complete KYC,Bank Term Deposit,Insurance Cross-Sell,20-09-2026,KYC completion notification displayed in the mobile app and internet banking; reminder sent through SMS/email; cross-sell offers withheld until KYC is completed,10-09-2026
SYN-040633,profile_only_v1,20260814,True,40633,215497,0.702302,0.702641,0.638876,0.638819,0,0.000338,5.7e-05,0.001136,exact_age,high,49,admin.,divorced,secondary,no,1718,no,yes,cellular,5,aug,211,1,-1,0,unknown,yes,215497,Male,49,1,28.0,0,1-2 Year,Yes,42056.0,26.0,36,0,COMPLETED,Y,N,0,N,N,0.607,5.0,N,,Y,TERM_DEPOSIT,0.589,0.739,1.0,1.4,Call,0.512,NO,YES,Retention Action,Insurance Cross-Sell,Bank Term Deposit,20-09-2026,"Retention message prioritised - fee review, tailored support option and/or save offer; proactive contact task created for the service team; routine cross-sell deferred",10-09-2026
SYN-023113,profile_only_v1,20260814,True,23113,305640,0.721547,0.730451,0.946901,0.946617,0,0.008905,0.000283,0.029662,exact_age,high,45,management,married,tertiary,no,22815,no,no,cellular,26,aug,653,8,-1,0,unknown,no,305640,Male,45,1,28.0,0,> 2 Years,Yes,68384.0,26.0,190,1,COMPLETED,Y,N,0,N,Y,0.111,10.0,N,,N,,0.737,0.881,1.0,1.4,Call,0.502,NO,YES,Service Resolution,Insurance Cross-Sell,Bank Term Deposit,20-09-2026,"Complaint status and resolution options surfaced in the mobile app, internet banking or contact-centre desktop; service follow-up initiated; promotional offers suppressed until resolution",10-09-2026
SYN-044291,profile_only_v1,20260814,True,44291,368545,0.569236,0.53561,0.620959,0.620667,0,0.033627,0.000292,0.111979,exact_age,high,37,management,married,tertiary,no,387,no,no,cellular,26,jul,128,2,419,1,failure,no,368545,Female,37,1,24.0,0,1-2 Year,Yes,31813.0,26.0,198,1,INCOMPLETE,Y,N,32,Y,N,0.122,9.9,N,,N,,0.472,0.942,1.0,1.4,App,0.605,YES,YES,Complete KYC,Insurance Cross-Sell,Bank Term Deposit,20-09-2026,KYC completion notification displayed in the mobile app and internet banking; reminder sent through SMS/email; cross-sell offers withheld until KYC is completed,10-09-2026
SYN-024080,profile_only_v1,20260814,True,24080,305435,0.801276,0.810309,0.854183,0.858811,0,0.009033,0.004627,0.032227,exact_age,high,51,entrepreneur,married,tertiary,no,5254,yes,no,unknown,23,oct,134,1,-1,0,unknown,yes,305435,Male,51,1,30.0,0,> 2 Years,Yes,37657.0,24.0,238,0,COMPLETED,Y,N,0,N,Y,0.126,7.7,N,,N,,0.592,0.788,1.0,1.4,Call,0.513,NO,YES,Service Resolution,Insurance Cross-Sell,Bank Term Deposit,20-09-2026,"Complaint status and resolution options surfaced in the mobile app, internet banking or contact-centre desktop; service follow-up initiated; promotional offers suppressed until resolution",10-09-2026
SYN-008564,profile_only_v1,20260814,True,8564,16805,0.297002,0.271112,0.22676,0.226834,0,0.02589,7.4e-05,0.086214,exact_age,high,26,technician,married,tertiary,no,-488,yes,no,unknown,3,jun,320,1,-1,0,unknown,no,16805,Female,26,1,18.0,1,< 1 Year,No,23710.0,152.0,220,0,COMPLETED,Y,N,81,Y,N,0.073,9.6,Y,INSURANCE,N,,0.272,0.549,1.0,1.4,Call,0.803,NO,NO,Payment Reminder / Collections Resolution,Bank Term Deposit,Insurance Cross-Sell,20-09-2026,"Payment-due reminder sent through the mobile app, internet banking, SMS or email; customer directed to payment options or the collections support journey; sales offers paused",10-09-2026
SYN-044075,profile_only_v1,20260814,True,44075,31268,0.454665,0.516268,0.603018,0.602981,0,0.061603,3.7e-05,0.205139,exact_age,high,35,self-employed,single,tertiary,no,398,no,no,cellular,5,jul,101,3,-1,0,unknown,no,31268,Male,35,1,39.0,0,1-2 Year,Yes,32316.0,157.0,117,1,COMPLETED,N,N,40,Y,N,0.398,5.6,N,,N,,0.411,0.947,1.0,1.4,SMS,0.612,NO,YES,No Marketing Action (Consent Withheld),Insurance Cross-Sell,Bank Term Deposit,20-09-2026,Marketing messages and sales offers suppressed across channels in absence of valid consent; only essential service communications retained,10-09-2026
SYN-020773,profile_only_v1,20260814,True,20773,151833,0.718302,0.702641,0.765566,0.765547,0,0.015662,2e-05,0.052153,exact_age,high,49,technician,married,secondary,no,2765,no,no,cellular,13,aug,233,4,-1,0,unknown,no,151833,Female,49,1,36.0,1,1-2 Year,No,39556.0,124.0,126,0,COMPLETED,Y,N,0,N,N,0.477,8.6,N,,N,,0.239,0.512,1.0,1.4,Call,0.623,NO,NO,Bank Term Deposit,Insurance Cross-Sell,,20-09-2026,Term Deposit cross sell offer made to the customer via digital channels,10-09-2026
SYN-004059,profile_only_v1,20260814,True,4059,64472,0.686198,0.714805,0.186522,0.186717,0,0.028608,0.000195,0.095265,exact_age,high,50,management,divorced,primary,no,-6,yes,no,unknown,19,may,92,2,-1,0,unknown,no,64472,Female,50,1,24.0,0,1-2 Year,Yes,2630.0,145.0,120,0,COMPLETED,Y,N,0,N,N,0.406,7.7,N,,N,,0.646,0.895,1.0,1.4,App,0.46,NO,YES,Insurance Cross-Sell,Bank Term Deposit,,20-09-2026,Insurance cross sell offer made to the customer via digital channels,10-09-2026
SYN-007151,profile_only_v1,20260814,True,7151,90916,0.70799,0.689673,0.714315,0.714329,0,0.018317,1.3e-05,0.060995,exact_age,high,48,management,divorced,secondary,no,1598,yes,no,unknown,29,may,84,1,-1,0,unknown,no,90916,Female,48,1,28.0,0,1-2 Year,Yes,45179.0,26.0,211,1,COMPLETED,Y,N,0,N,N,0.269,6.2,N,,N,,0.514,0.628,1.0,1.4,Email,0.418,NO,YES,Insurance Cross-Sell,Bank Term Deposit,,20-09-2026,Insurance cross sell offer made to the customer via digital channels,10-09-2026
SYN-042275,profile_only_v1,20260814,True,42275,16083,0.082093,0.047888,0.431764,0.429944,2,0.034206,0.00182,2.003246,nearest_age_profile,medium,18,student,single,primary,no,608,no,no,cellular,13,nov,210,1,93,1,success,yes,16083,Female,20,1,1.0,1,< 1 Year,Yes,2630.0,160.0,118,0,COMPLETED,Y,N,0,N,N,0.381,7.1,N,,N,,0.711,0.579,1.0,1.4,Call,0.573,YES,NO,Bank Term Deposit,Insurance Cross-Sell,,20-09-2026,Term Deposit cross sell offer made to the customer via digital channels,10-09-2026
SYN-020578,profile_only_v1,20260814,True,20578,266517,0.701547,0.730451,0.807592,0.806124,0,0.028905,0.001467,0.096323,exact_age,high,45,admin.,married,tertiary,no,2552,no,no,cellular,12,aug,149,7,-1,0,unknown,no,266517,Male,45,1,28.0,0,> 2 Years,Yes,50953.0,26.0,211,1,COMPLETED,Y,N,0,N,Y,0.271,7.0,Y,TERM_DEPOSIT,Y,INSURANCE,0.384,0.993,1.0,1.4,SMS,0.58,NO,YES,Service Resolution,Insurance Cross-Sell,Bank Term Deposit,20-09-2026,"Complaint status and resolution options surfaced in the mobile app, internet banking or contact-centre desktop; service follow-up initiated; promotional offers suppressed until resolution",10-09-2026
SYN-031203,profile_only_v1,20260814,True,31203,184698,0.395926,0.371625,0.354323,0.354508,0,0.024301,0.000185,0.080924,exact_age,high,33,technician,married,secondary,no,218,yes,yes,telephone,2,mar,169,4,-1,0,unknown,no,184698,Female,33,1,18.0,0,< 1 Year,Yes,27924.0,124.0,84,1,COMPLETED,Y,N,0,N,N,0.371,6.8,N,,N,,0.578,0.667,1.0,1.4,Branch,0.578,NO,YES,Insurance Cross-Sell,Bank Term Deposit,,20-09-2026,Insurance cross sell offer made to the customer via digital channels,10-09-2026
SYN-040921,profile_only_v1,20260814,True,40921,14948,0.194448,0.341125,0.41272,0.412585,0,0.146678,0.000135,0.488438,exact_age,high,30,blue-collar,single,primary,no,334,no,no,cellular,12,aug,188,1,-1,0,unknown,no,14948,Male,30,1,30.0,0,< 1 Year,Yes,27636.0,152.0,201,0,COMPLETED,Y,N,0,N,N,0.25,4.8,N,,N,,0.522,0.624,1.0,1.4,App,0.872,NO,NO,Bank Term Deposit,Insurance Cross-Sell,,20-09-2026,Term Deposit cross sell offer made to the customer via digital channels,10-09-2026
SYN-032819,profile_only_v1,20260814,True,32819,72475,0.439465,0.516268,0.383698,0.383563,0,0.076803,0.000134,0.255755,exact_age,high,35,blue-collar,married,secondary,no,199,yes,no,cellular,17,apr,203,1,344,3,failure,no,72475,Female,35,1,10.0,1,1-2 Year,No,24002.0,152.0,53,0,COMPLETED,Y,N,51,Y,N,0.534,3.0,N,,N,,0.519,0.248,1.0,1.4,Call,0.882,NO,NO,Payment Reminder / Collections Resolution,Bank Term Deposit,Insurance Cross-Sell,20-09-2026,"Payment-due reminder sent through the mobile app, internet banking, SMS or email; customer directed to payment options or the collections support journey; sales offers paused",10-09-2026
SYN-032982,profile_only_v1,20260814,True,32982,299697,0.219467,0.194818,0.318405,0.318389,0,0.024649,1.6e-05,0.082081,exact_age,high,24,blue-collar,married,secondary,no,204,yes,yes,cellular,17,apr,229,3,-1,0,unknown,no,299697,Male,24,1,15.0,1,< 1 Year,No,29223.0,152.0,263,0,COMPLETED,Y,N,53,Y,N,0.106,9.4,N,,N,,0.345,0.556,1.0,1.4,SMS,0.423,NO,NO,Payment Reminder / Collections Resolution,Bank Term Deposit,Insurance Cross-Sell,20-09-2026,"Payment-due reminder sent through the mobile app, internet banking, SMS or email; customer directed to payment options or the collections support journey; sales offers paused",10-09-2026
SYN-030079,profile_only_v1,20260814,True,30079,170217,0.873152,0.858299,0.626721,0.631468,0,0.014853,0.004746,0.050865,exact_age,high,56,management,married,tertiary,no,856,yes,yes,cellular,4,feb,70,4,7,7,other,no,170217,Male,56,1,33.0,0,> 2 Years,Yes,33705.0,124.0,102,0,COMPLETED,Y,N,46,Y,N,0.428,6.0,Y,INSURANCE,N,,0.731,0.736,1.0,1.4,SMS,0.704,NO,NO,Payment Reminder / Collections Resolution,Insurance Cross-Sell,Bank Term Deposit,20-09-2026,"Payment-due reminder sent through the mobile app, internet banking, SMS or email; customer directed to payment options or the collections support journey; sales offers paused",10-09-2026
SYN-039385,profile_only_v1,20260814,True,39385,26311,0.547194,0.557608,0.745791,0.746097,0,0.010414,0.000306,0.034686,exact_age,high,39,technician,married,secondary,no,2266,no,no,cellular,22,may,86,1,93,4,success,no,26311,Male,39,1,28.0,0,1-2 Year,Yes,46759.0,23.0,37,1,COMPLETED,Y,N,0,N,N,0.463,5.2,Y,TERM_DEPOSIT,N,,0.608,0.721,1.0,1.4,App,0.791,YES,YES,Bank Term Deposit,Bank Term Deposit,Insurance Cross-Sell,20-09-2026,Term Deposit cross sell offer made to the customer via digital channels,10-09-2026
SYN-027108,profile_only_v1,20260814,True,27108,222776,0.651547,0.646451,0.58451,0.584643,0,0.005095,0.000133,0.01697,exact_age,high,45,admin.,married,secondary,no,857,yes,no,cellular,21,nov,169,1,92,20,other,no,222776,Male,45,1,28.0,0,1-2 Year,Yes,40116.0,124.0,151,0,COMPLETED,Y,N,0,N,N,0.208,6.5,N,,N,,0.43,0.696,1.0,1.4,App,0.512,NO,YES,Insurance Cross-Sell,Bank Term Deposit,,20-09-2026,Insurance cross sell offer made to the customer via digital channels,10-09-2026
SYN-010479,profile_only_v1,20260814,True,10479,342339,0.503236,0.53561,0.709101,0.709104,0,0.032373,3e-06,0.107804,exact_age,high,37,technician,married,secondary,no,1610,no,no,unknown,16,jun,140,2,-1,0,unknown,no,342339,Male,37,1,4.0,0,1-2 Year,Yes,32100.0,124.0,32,1,COMPLETED,N,N,0,N,N,0.517,6.9,N,,N,,0.466,0.887,1.0,1.4,SMS,0.412,NO,YES,No Marketing Action (Consent Withheld),Insurance Cross-Sell,Bank Term Deposit,20-09-2026,Marketing messages and sales offers suppressed across channels in absence of valid consent; only essential service communications retained,10-09-2026
SYN-004634,profile_only_v1,20260814,True,4634,25822,0.691766,0.640215,0.561347,0.574663,0,0.051551,0.013316,0.174862,exact_age,high,55,admin.,married,unknown,no,1848,yes,no,unknown,20,may,204,1,-1,0,unknown,no,25822,Male,55,1,29.0,0,< 1 Year,Yes,35926.0,26.0,295,1,INCOMPLETE,Y,N,11,N,N,0.0,10.0,N,,N,,0.462,0.671,1.0,1.4,Email,0.513,NO,YES,Complete KYC,Insurance Cross-Sell,Bank Term Deposit,20-09-2026,KYC completion notification displayed in the mobile app and internet banking; reminder sent through SMS/email; cross-sell offers withheld until KYC is completed,10-09-2026
SYN-000231,profile_only_v1,20260814,True,231,6734,0.627002,0.67601,0.115541,0.130459,0,0.049008,0.014917,0.167405,exact_age,high,47,blue-collar,married,primary,no,-12,yes,no,unknown,5,may,18,1,-1,0,unknown,no,6734,Male,47,1,28.0,0,1-2 Year,Yes,2630.0,26.0,220,0,COMPLETED,Y,N,0,N,N,0.067,7.9,N,,N,,0.372,0.895,1.0,1.4,SMS,0.81,NO,YES,Insurance Cross-Sell,Bank Term Deposit,,20-09-2026,Insurance cross sell offer made to the customer via digital channels,10-09-2026
SYN-018216,profile_only_v1,20260814,True,18216,365961,0.671676,0.726309,0.566405,0.566407,0,0.054633,2e-06,0.181927,exact_age,high,51,housemaid,married,primary,no,1337,no,no,telephone,30,jul,74,6,-1,0,unknown,no,365961,Male,51,1,28.0,0,1-2 Year,Yes,39481.0,122.0,68,1,COMPLETED,Y,N,42,Y,N,0.553,4.6,Y,TERM_DEPOSIT,Y,INSURANCE,0.503,0.698,1.0,1.4,Call,0.803,NO,YES,Payment Reminder / Collections Resolution,Insurance Cross-Sell,Bank Term Deposit,20-09-2026,"Payment-due reminder sent through the mobile app, internet banking, SMS or email; customer directed to payment options or the collections support journey; sales offers paused",10-09-2026
SYN-045186,profile_only_v1,20260814,True,45186,329687,0.884643,0.886975,0.786484,0.78838,0,0.002332,0.001897,0.009098,exact_age,high,60,services,married,tertiary,no,4256,yes,no,cellular,16,nov,200,1,92,4,success,yes,329687,Male,60,1,26.0,0,> 2 Years,Yes,39767.0,26.0,17,0,COMPLETED,Y,N,0,N,N,0.46,4.3,N,,Y,INSURANCE,0.717,0.75,1.0,1.4,Call,0.5,YES,YES,Insurance Cross-Sell,Bank Term Deposit,Insurance Cross-Sell,20-09-2026,Insurance cross sell offer made to the customer via digital channels,10-09-2026
SYN-012307,profile_only_v1,20260814,True,12307,179763,0.265299,0.328197,0.2419,0.242077,0,0.062898,0.000177,0.20945,exact_age,high,29,blue-collar,divorced,secondary,no,0,yes,no,unknown,25,jun,281,3,-1,0,unknown,no,179763,Female,29,1,50.0,1,< 1 Year,No,27420.0,152.0,95,0,COMPLETED,N,N,0,N,N,0.522,2.5,N,,N,,0.381,0.492,1.0,1.4,Email,0.59,NO,NO,No Marketing Action (Consent Withheld),Bank Term Deposit,Insurance Cross-Sell,20-09-2026,Marketing messages and sales offers suppressed across channels in absence of valid consent; only essential service communications retained,10-09-2026
SYN-009932,profile_only_v1,20260814,True,9932,211111,0.604645,0.58456,0.693181,0.693317,0,0.020085,0.000137,0.066884,exact_age,high,41,unemployed,married,tertiary,no,1666,no,no,unknown,9,jun,291,3,-1,0,unknown,no,211111,Female,41,1,7.0,0,1-2 Year,Yes,33705.0,124.0,32,0,COMPLETED,Y,N,0,N,N,0.666,1.7,N,,Y,INSURANCE,0.527,0.711,1.0,1.4,Call,0.939,NO,YES,Retention Action,Insurance Cross-Sell,Bank Term Deposit,20-09-2026,"Retention message prioritised - fee review, tailored support option and/or save offer; proactive contact task created for the service team; routine cross-sell deferred",10-09-2026
SYN-000310,profile_only_v1,20260814,True,310,333048,0.538127,0.488964,0.1919,0.135318,0,0.049163,0.056582,0.216361,exact_age,high,43,management,married,unknown,no,0,yes,no,unknown,5,may,105,2,-1,0,unknown,no,333048,Female,43,1,3.0,0,< 1 Year,No,2630.0,1.0,49,0,INCOMPLETE,Y,N,0,N,N,0.651,3.0,N,,N,,0.422,0.54,1.0,1.4,Branch,0.878,NO,NO,Complete KYC,Insurance Cross-Sell,Bank Term Deposit,20-09-2026,KYC completion notification displayed in the mobile app and internet banking; reminder sent through SMS/email; cross-sell offers withheld until KYC is completed,10-09-2026
SYN-006636,profile_only_v1,20260814,True,6636,47605,0.194448,0.341125,0.219939,0.219856,0,0.146678,8.3e-05,0.488438,exact_age,high,30,services,married,unknown,no,280,yes,yes,unknown,28,may,674,2,-1,0,unknown,no,47605,Female,30,1,28.0,1,< 1 Year,No,30703.0,152.0,199,0,INCOMPLETE,Y,N,0,N,N,0.113,10.0,N,,Y,TERM_DEPOSIT,0.505,0.32,1.0,1.4,Branch,0.495,NO,NO,Complete KYC,Bank Term Deposit,Insurance Cross-Sell,20-09-2026,KYC completion notification displayed in the mobile app and internet banking; reminder sent through SMS/email; cross-sell offers withheld until KYC is completed,10-09-2026
SYN-041389,profile_only_v1,20260814,True,41389,69404,0.177467,0.194818,0.682188,0.682154,0,0.017351,3.5e-05,0.057779,exact_age,high,24,technician,single,secondary,no,1298,no,no,cellular,1,sep,86,1,-1,0,unknown,no,69404,Female,24,1,41.0,1,< 1 Year,No,39590.0,152.0,251,0,COMPLETED,Y,N,0,N,N,0.122,10.0,N,,Y,TERM_DEPOSIT,0.272,0.527,1.0,1.4,SMS,0.747,YES,NO,Bank Term Deposit,Bank Term Deposit,Insurance Cross-Sell,20-09-2026,Term Deposit cross sell offer made to the customer via digital channels,10-09-2026
SYN-025236,profile_only_v1,20260814,True,25236,359282,0.738734,0.745624,0.405746,0.403623,0,0.006889,0.002123,0.023548,exact_age,high,46,management,married,tertiary,no,0,no,no,cellular,18,nov,716,2,110,3,other,yes,359282,Male,46,1,28.0,0,> 2 Years,Yes,34905.0,13.0,157,0,COMPLETED,Y,N,0,N,N,0.231,7.4,N,,N,,0.34,0.907,1.0,1.4,Call,0.589,NO,YES,Insurance Cross-Sell,Bank Term Deposit,,20-09-2026,Insurance cross sell offer made to the customer via digital channels,10-09-2026
SYN-018486,profile_only_v1,20260814,True,18486,248413,0.588853,0.599431,0.669868,0.669885,0,0.010577,1.7e-05,0.035223,exact_age,high,42,services,married,secondary,no,2219,yes,no,cellular,31,jul,548,2,-1,0,unknown,no,248413,Female,42,1,28.0,0,1-2 Year,No,43245.0,124.0,78,0,COMPLETED,Y,N,0,N,N,0.365,6.7,N,,N,,0.597,0.981,1.0,1.4,SMS,0.812,NO,NO,Bank Term Deposit,Insurance Cross-Sell,,20-09-2026,Term Deposit cross sell offer made to the customer via digital channels,10-09-2026
SYN-025653,profile_only_v1,20260814,True,25653,219110,0.378762,0.362171,0.812583,0.813442,0,0.016591,0.000859,0.05529,exact_age,high,32,management,single,tertiary,no,2280,yes,no,cellular,19,nov,206,2,-1,0,unknown,no,219110,Female,32,1,6.0,1,< 1 Year,No,48033.0,152.0,106,0,COMPLETED,Y,N,65,Y,N,0.503,5.1,N,,N,,0.516,0.435,1.0,1.4,Call,0.98,NO,NO,Payment Reminder / Collections Resolution,Bank Term Deposit,Insurance Cross-Sell,20-09-2026,"Payment-due reminder sent through the mobile app, internet banking, SMS or email; customer directed to payment options or the collections support journey; sales offers paused",10-09-2026
SYN-014111,profile_only_v1,20260814,True,14111,123453,0.419976,0.506981,0.494995,0.495057,0,0.087006,6.2e-05,0.289729,exact_age,high,34,admin.,married,secondary,no,444,yes,no,cellular,11,jul,173,2,-1,0,unknown,no,123453,Female,34,1,28.0,0,1-2 Year,Yes,37902.0,124.0,286,1,COMPLETED,Y,N,0,N,N,0.0,9.3,N,,N,,0.52,0.797,1.0,1.4,App,0.806,NO,YES,Insurance Cross-Sell,Bank Term Deposit,,20-09-2026,Insurance cross sell offer made to the customer via digital channels,10-09-2026
SYN-025974,profile_only_v1,20260814,True,25974,34140,0.588127,0.614964,0.779567,0.779221,0,0.026837,0.000346,0.08937,exact_age,high,43,management,married,primary,no,8167,yes,no,telephone,19,nov,202,2,184,2,failure,no,34140,Male,43,1,28.0,0,1-2 Year,Yes,48756.0,124.0,100,0,COMPLETED,Y,N,0,N,N,0.301,7.0,Y,INSURANCE,N,,0.222,0.765,1.0,1.4,Branch,0.526,NO,YES,Insurance Cross-Sell,Insurance Cross-Sell,Bank Term Deposit,20-09-2026,Insurance cross sell offer made to the customer via digital channels,10-09-2026
SYN-003299,profile_only_v1,20260814,True,3299,127736,0.806697,0.781862,0.712596,0.712761,0,0.024835,0.000165,0.0827,exact_age,high,57,blue-collar,married,secondary,no,2192,no,no,unknown,15,may,208,2,-1,0,unknown,no,127736,Male,57,1,35.0,0,1-2 Year,Yes,33505.0,10.0,280,0,COMPLETED,Y,N,0,N,N,0.087,10.0,N,,Y,TERM_DEPOSIT,0.588,0.632,1.0,1.4,App,0.898,NO,YES,Bank Term Deposit,Insurance Cross-Sell,Bank Term Deposit,20-09-2026,Term Deposit cross sell offer made to the customer via digital channels,10-09-2026
SYN-022559,profile_only_v1,20260814,True,22559,141224,0.673002,0.67601,0.708424,0.708428,0,0.003008,4e-06,0.010018,exact_age,high,47,services,married,secondary,no,2322,no,no,cellular,22,aug,618,1,-1,0,unknown,no,141224,Male,47,1,28.0,0,1-2 Year,Yes,44908.0,124.0,119,0,COMPLETED,Y,N,16,N,N,0.451,4.8,N,,N,,0.206,0.596,1.0,1.4,App,0.415,NO,YES,Insurance Cross-Sell,Bank Term Deposit,,20-09-2026,Insurance cross sell offer made to the customer via digital channels,10-09-2026
SYN-034937,profile_only_v1,20260814,True,34937,242779,0.354762,0.362171,0.421533,0.4143,0,0.007409,0.007234,0.03059,exact_age,high,32,blue-collar,married,secondary,no,290,yes,no,cellular,6,may,150,1,-1,0,unknown,no,242779,Female,32,1,28.0,1,< 1 Year,No,38765.0,152.0,277,0,COMPLETED,Y,N,0,N,N,0.013,10.0,Y,TERM_DEPOSIT,N,,0.515,0.704,1.0,1.4,Call,0.546,NO,NO,Bank Term Deposit,Bank Term Deposit,Insurance Cross-Sell,20-09-2026,Term Deposit cross sell offer made to the customer via digital channels,10-09-2026
SYN-035026,profile_only_v1,20260814,True,35026,94685,0.517465,0.516268,0.544313,0.542943,0,0.001197,0.00137,0.005255,exact_age,high,35,management,married,tertiary,no,272,yes,no,cellular,6,may,251,4,289,2,failure,no,94685,Female,35,1,41.0,0,1-2 Year,Yes,32067.0,124.0,18,0,COMPLETED,Y,N,40,Y,Y,0.479,4.9,N,,N,,0.423,0.644,1.0,1.4,Call,0.494,NO,YES,Payment Reminder / Collections Resolution,Insurance Cross-Sell,Bank Term Deposit,20-09-2026,"Payment-due reminder sent through the mobile app, internet banking, SMS or email; customer directed to payment options or the collections support journey; sales offers paused",10-09-2026
SYN-005274,profile_only_v1,20260814,True,5274,250533,0.383926,0.371625,0.758878,0.758921,0,0.012301,4.3e-05,0.040963,exact_age,high,33,blue-collar,married,secondary,no,6227,yes,no,unknown,23,may,76,2,-1,0,unknown,no,250533,Male,33,1,28.0,0,< 1 Year,Yes,55998.0,124.0,22,1,COMPLETED,Y,N,0,N,N,0.616,3.9,N,,N,,0.408,0.856,1.0,1.4,Branch,0.513,NO,YES,Retention Action,Insurance Cross-Sell,Bank Term Deposit,20-09-2026,"Retention message prioritised - fee review, tailored support option and/or save offer; proactive contact task created for the service team; routine cross-sell deferred",10-09-2026
SYN-039415,profile_only_v1,20260814,True,39415,142620,0.638639,0.630828,0.67074,0.670512,0,0.007812,0.000228,0.026019,exact_age,high,44,technician,married,secondary,no,2981,yes,yes,cellular,22,may,106,1,101,2,failure,no,142620,Female,44,1,28.0,0,1-2 Year,Yes,43269.0,26.0,285,1,COMPLETED,Y,Y,48,Y,N,0.052,8.7,N,,Y,TERM_DEPOSIT,0.228,0.907,1.0,1.4,Call,0.441,NO,YES,Compliance Hold - No Sales Offer,Insurance Cross-Sell,Bank Term Deposit,20-09-2026,Case routed for internal AML/fraud review; a neutral service message displayed stating account activity is restricted,10-09-2026
SYN-036762,profile_only_v1,20260814,True,36762,123308,0.574645,0.58456,0.504205,0.504237,0,0.009915,3.2e-05,0.033017,exact_age,high,41,blue-collar,married,secondary,no,552,yes,no,cellular,12,may,463,1,-1,0,unknown,no,123308,Male,41,1,28.0,0,1-2 Year,Yes,38209.0,26.0,93,0,COMPLETED,Y,N,0,N,N,0.585,6.4,Y,TERM_DEPOSIT,Y,TERM_DEPOSIT,0.623,0.826,1.0,1.4,SMS,0.771,NO,YES,Bank Term Deposit,Insurance Cross-Sell,Bank Term Deposit,20-09-2026,Term Deposit cross sell offer made to the customer via digital channels,10-09-2026
SYN-010091,profile_only_v1,20260814,True,10091,254558,0.699147,0.730451,0.652078,0.653486,0,0.031305,0.001407,0.104305,exact_age,high,45,entrepreneur,divorced,tertiary,no,1273,yes,yes,unknown,11,jun,197,3,-1,0,unknown,no,254558,Female,45,1,28.0,0,> 2 Years,Yes,44046.0,26.0,100,1,COMPLETED,N,N,21,N,N,0.393,6.0,N,,N,,0.271,0.849,1.0,1.4,Branch,0.757,NO,YES,No Marketing Action (Consent Withheld),Insurance Cross-Sell,Bank Term Deposit,20-09-2026,Marketing messages and sales offers suppressed across channels in absence of valid consent; only essential service communications retained,10-09-2026
SYN-038965,profile_only_v1,20260814,True,38965,173884,0.500062,0.525716,0.417001,0.416933,0,0.025654,6.8e-05,0.085427,exact_age,high,36,services,divorced,tertiary,no,162,yes,no,cellular,18,may,69,1,367,6,other,no,173884,Male,36,1,15.0,1,1-2 Year,No,28560.0,122.0,153,0,COMPLETED,Y,N,0,N,N,0.41,4.7,N,,N,,0.666,0.467,1.0,1.4,App,0.867,NO,NO,Bank Term Deposit,Insurance Cross-Sell,,20-09-2026,Term Deposit cross sell offer made to the customer via digital channels,10-09-2026
SYN-036845,profile_only_v1,20260814,True,36845,189456,0.329426,0.352244,0.526265,0.525893,0,0.022818,0.000373,0.075988,exact_age,high,31,admin.,single,tertiary,no,355,yes,no,cellular,12,may,609,1,-1,0,unknown,yes,189456,Female,31,1,14.0,1,< 1 Year,No,29067.0,152.0,66,0,COMPLETED,Y,N,0,N,N,0.544,5.6,N,,N,,0.317,0.81,1.0,1.4,Call,0.686,NO,NO,Bank Term Deposit,Insurance Cross-Sell,,20-09-2026,Term Deposit cross sell offer made to the customer via digital channels,10-09-2026
SYN-021277,profile_only_v1,20260814,True,21277,190556,0.780142,0.757249,0.739911,0.739821,0,0.022893,9e-05,0.076235,exact_age,high,54,admin.,married,secondary,no,3398,yes,no,telephone,18,aug,71,4,-1,0,unknown,no,190556,Male,54,1,28.0,1,1-2 Year,Yes,46420.0,124.0,20,0,INCOMPLETE,Y,N,0,N,N,0.683,5.3,N,,N,,0.386,0.573,1.0,1.4,Call,0.472,NO,NO,Complete KYC,Bank Term Deposit,Insurance Cross-Sell,20-09-2026,KYC completion notification displayed in the mobile app and internet banking; reminder sent through SMS/email; cross-sell offers withheld until KYC is completed,10-09-2026
SYN-040741,profile_only_v1,20260814,True,40741,186612,0.201323,0.294061,0.379453,0.379461,0,0.092738,8e-06,0.308819,exact_age,high,27,admin.,single,secondary,no,80,no,no,cellular,10,aug,268,1,-1,0,unknown,no,186612,Male,27,1,28.0,1,< 1 Year,No,37549.0,152.0,292,0,INCOMPLETE,Y,N,0,N,N,0.061,7.9,Y,TERM_DEPOSIT,N,,0.481,0.445,1.0,1.4,SMS,0.816,NO,NO,Complete KYC,Bank Term Deposit,Insurance Cross-Sell,20-09-2026,KYC completion notification displayed in the mobile app and internet banking; reminder sent through SMS/email; cross-sell offers withheld until KYC is completed,10-09-2026
SYN-024465,profile_only_v1,20260814,True,24465,284520,0.447465,0.516268,0.2619,0.261912,0,0.068803,1.2e-05,0.229115,exact_age,high,35,admin.,married,secondary,no,0,yes,no,telephone,17,nov,84,1,-1,0,unknown,no,284520,Female,35,1,41.0,1,1-2 Year,No,22131.0,152.0,286,0,INCOMPLETE,Y,N,0,N,N,0.134,6.4,N,,Y,INSURANCE,0.7,0.302,1.0,1.4,Branch,0.668,NO,NO,Complete KYC,Bank Term Deposit,Insurance Cross-Sell,20-09-2026,KYC completion notification displayed in the mobile app and internet banking; reminder sent through SMS/email; cross-sell offers withheld until KYC is completed,10-09-2026
SYN-001329,profile_only_v1,20260814,True,1329,174423,0.362762,0.362171,0.514571,0.51441,0,0.000591,0.000161,0.002008,exact_age,high,32,admin.,married,secondary,no,514,yes,no,unknown,8,may,459,1,-1,0,unknown,no,174423,Male,32,1,10.0,1,< 1 Year,No,28969.0,152.0,124,0,COMPLETED,Y,N,0,N,N,0.391,7.1,Y,INSURANCE,N,,0.606,0.723,1.0,1.4,App,0.491,NO,NO,Insurance Cross-Sell,Bank Term Deposit,Insurance Cross-Sell,20-09-2026,Insurance cross sell offer made to the customer via digital channels,10-09-2026
SYN-037908,profile_only_v1,20260814,True,37908,366326,0.505624,0.570481,0.279856,0.279786,0,0.064857,6.9e-05,0.215975,exact_age,high,40,blue-collar,married,primary,no,105,yes,no,cellular,14,may,143,2,370,2,failure,no,366326,Female,40,1,8.0,1,1-2 Year,No,26962.0,124.0,200,0,COMPLETED,Y,N,0,N,N,0.134,9.2,N,,N,,0.49,0.587,1.0,1.4,SMS,0.72,NO,NO,Bank Term Deposit,Insurance Cross-Sell,,20-09-2026,Term Deposit cross sell offer made to the customer via digital channels,10-09-2026
SYN-023961,profile_only_v1,20260814,True,23961,342409,0.586645,0.58456,0.578261,0.578038,0,0.002085,0.000223,0.006966,exact_age,high,41,technician,married,secondary,no,593,no,no,cellular,29,aug,95,6,-1,0,unknown,no,342409,Female,41,1,28.0,0,1-2 Year,Yes,39886.0,26.0,299,0,COMPLETED,Y,N,0,N,N,0.027,10.0,N,,Y,TERM_DEPOSIT,0.487,1.0,1.0,1.4,SMS,0.418,NO,YES,Bank Term Deposit,Insurance Cross-Sell,Bank Term Deposit,20-09-2026,Term Deposit cross sell offer made to the customer via digital channels,10-09-2026
SYN-005785,profile_only_v1,20260814,True,5785,292526,0.419976,0.506981,0.543815,0.54365,0,0.087006,0.000165,0.289729,exact_age,high,34,admin.,married,secondary,no,635,yes,no,unknown,26,may,247,1,-1,0,unknown,no,292526,Male,34,1,28.0,0,1-2 Year,Yes,38709.0,26.0,215,1,COMPLETED,N,N,0,N,N,0.312,7.6,N,,Y,TERM_DEPOSIT,0.313,0.532,1.0,1.4,Branch,0.841,NO,YES,No Marketing Action (Consent Withheld),Insurance Cross-Sell,Bank Term Deposit,20-09-2026,Marketing messages and sales offers suppressed across channels in absence of valid consent; only essential service communications retained,10-09-2026
SYN-043485,profile_only_v1,20260814,True,43485,206179,0.243467,0.194818,0.674721,0.674713,0,0.048649,8e-06,0.162001,exact_age,high,24,management,single,tertiary,no,736,yes,no,cellular,15,apr,442,2,246,2,other,yes,206179,Male,24,1,15.0,0,< 1 Year,No,40197.0,152.0,220,1,COMPLETED,N,N,0,N,N,0.109,8.0,N,,N,,0.502,0.767,1.0,1.4,Call,0.93,NO,NO,No Marketing Action (Consent Withheld),Bank Term Deposit,Insurance Cross-Sell,20-09-2026,Marketing messages and sales offers suppressed across channels in absence of valid consent; only essential service communications retained,10-09-2026
SYN-021891,profile_only_v1,20260814,True,21891,320873,0.537966,0.546112,0.464749,0.464736,0,0.008146,1.3e-05,0.027125,exact_age,high,38,management,single,tertiary,no,38,no,no,cellular,20,aug,105,2,-1,0,unknown,no,320873,Female,38,1,33.0,1,1-2 Year,No,29164.0,124.0,50,0,COMPLETED,Y,N,40,Y,Y,0.687,2.2,N,,N,,0.322,0.85,1.0,1.4,Call,0.508,NO,NO,Payment Reminder / Collections Resolution,Bank Term Deposit,Insurance Cross-Sell,20-09-2026,"Payment-due reminder sent through the mobile app, internet banking, SMS or email; customer directed to payment options or the collections support journey; sales offers paused",10-09-2026
SYN-044387,profile_only_v1,20260814,True,44387,94419,0.249299,0.328197,0.401362,0.401417,0,0.078898,5.5e-05,0.262729,exact_age,high,29,student,single,tertiary,no,163,no,no,cellular,3,aug,249,1,-1,0,unknown,yes,94419,Male,29,1,50.0,0,< 1 Year,Yes,32901.0,152.0,229,0,COMPLETED,N,N,88,Y,N,0.16,7.4,N,,N,,0.502,0.885,1.0,1.4,Call,0.407,YES,NO,No Marketing Action (Consent Withheld),Bank Term Deposit,Insurance Cross-Sell,20-09-2026,Marketing messages and sales offers suppressed across channels in absence of valid consent; only essential service communications retained,10-09-2026
SYN-025006,profile_only_v1,20260814,True,25006,354511,0.666198,0.714805,0.578321,0.578331,0,0.048608,1e-05,0.161864,exact_age,high,50,services,married,primary,no,1260,no,no,cellular,18,nov,172,1,-1,0,unknown,no,354511,Female,50,1,35.0,0,1-2 Year,Yes,29634.0,124.0,69,0,COMPLETED,Y,N,0,N,N,0.465,5.5,N,,N,,0.127,0.615,1.0,1.4,Call,0.61,NO,YES,Insurance Cross-Sell,Bank Term Deposit,,20-09-2026,Insurance cross sell offer made to the customer via digital channels,10-09-2026
SYN-015419,profile_only_v1,20260814,True,15419,294954,0.249427,0.238833,0.338054,0.338069,0,0.010593,1.5e-05,0.035275,exact_age,high,25,management,single,tertiary,no,0,no,yes,cellular,18,jul,342,1,-1,0,unknown,no,294954,Female,25,1,26.0,0,< 1 Year,Yes,28174.0,152.0,263,0,COMPLETED,Y,N,0,N,N,0.097,8.9,N,,N,,0.418,0.725,1.0,1.4,SMS,0.961,NO,NO,Bank Term Deposit,Insurance Cross-Sell,,20-09-2026,Term Deposit cross sell offer made to the customer via digital channels,10-09-2026
SYN-040690,profile_only_v1,20260814,True,40690,225942,0.861152,0.858299,0.939825,0.939575,0,0.002853,0.00025,0.009522,exact_age,high,56,management,divorced,tertiary,no,10532,no,no,cellular,7,aug,324,1,-1,0,unknown,yes,225942,Male,56,1,28.0,0,> 2 Years,Yes,66181.0,26.0,15,0,COMPLETED,Y,N,0,N,N,0.628,3.1,N,,N,,0.625,0.828,1.0,1.4,App,0.949,NO,YES,Retention Action,Insurance Cross-Sell,Bank Term Deposit,20-09-2026,"Retention message prioritised - fee review, tailored support option and/or save offer; proactive contact task created for the service team; routine cross-sell deferred",10-09-2026
SYN-018483,profile_only_v1,20260814,True,18483,338977,0.722302,0.702641,0.849669,0.84974,0,0.019662,7.1e-05,0.065473,exact_age,high,49,management,divorced,secondary,no,4908,no,no,cellular,31,jul,42,4,-1,0,unknown,no,338977,Male,49,1,8.0,0,1-2 Year,Yes,52715.0,30.0,236,1,COMPLETED,Y,N,73,Y,N,0.062,9.0,N,,N,,0.436,0.757,1.0,1.4,SMS,0.486,NO,YES,Payment Reminder / Collections Resolution,Insurance Cross-Sell,Bank Term Deposit,20-09-2026,"Payment-due reminder sent through the mobile app, internet banking, SMS or email; customer directed to payment options or the collections support journey; sales offers paused",10-09-2026
SYN-020892,profile_only_v1,20260814,True,20892,187574,0.795152,0.774299,0.705618,0.705689,0,0.020853,7.1e-05,0.069442,exact_age,high,56,technician,divorced,secondary,no,1561,no,no,cellular,13,aug,75,1,-1,0,unknown,no,187574,Male,56,1,41.0,0,1-2 Year,Yes,37125.0,26.0,238,0,COMPLETED,Y,N,0,N,N,0.114,7.2,Y,TERM_DEPOSIT,Y,TERM_DEPOSIT,0.321,0.715,1.0,1.4,App,0.805,NO,YES,Bank Term Deposit,Insurance Cross-Sell,Bank Term Deposit,20-09-2026,Term Deposit cross sell offer made to the customer via digital channels,10-09-2026
SYN-030985,profile_only_v1,20260814,True,30985,157729,0.505624,0.570481,0.661529,0.661594,0,0.064857,6.5e-05,0.215975,exact_age,high,40,blue-collar,married,primary,no,3462,yes,no,cellular,9,feb,171,3,277,4,other,no,157729,Male,40,1,7.0,1,1-2 Year,No,32700.0,124.0,76,0,COMPLETED,Y,N,0,N,Y,0.534,4.4,N,,Y,INSURANCE,0.183,0.329,1.0,1.4,App,0.954,NO,NO,Service Resolution,Bank Term Deposit,Insurance Cross-Sell,20-09-2026,"Complaint status and resolution options surfaced in the mobile app, internet banking or contact-centre desktop; service follow-up initiated; promotional offers suppressed until resolution",10-09-2026
SYN-031397,profile_only_v1,20260814,True,31397,250419,0.633624,0.654481,0.3719,0.375146,0,0.020857,0.003246,0.069927,exact_age,high,40,management,married,tertiary,no,0,yes,no,cellular,25,mar,506,2,-1,0,unknown,yes,250419,Female,40,1,28.0,0,> 2 Years,Yes,33309.0,124.0,155,0,COMPLETED,Y,N,0,N,Y,0.438,4.8,N,,N,,0.725,0.933,1.0,1.4,App,0.423,NO,YES,Service Resolution,Insurance Cross-Sell,Bank Term Deposit,20-09-2026,"Complaint status and resolution options surfaced in the mobile app, internet banking or contact-centre desktop; service follow-up initiated; promotional offers suppressed until resolution",10-09-2026
SYN-005707,profile_only_v1,20260814,True,5707,119462,0.449236,0.53561,0.502403,0.502398,0,0.086373,6e-06,0.287624,exact_age,high,37,technician,single,secondary,no,435,yes,no,unknown,26,may,210,1,-1,0,unknown,no,119462,Male,37,1,8.0,1,1-2 Year,Yes,36354.0,124.0,57,0,COMPLETED,N,N,0,N,Y,0.498,4.1,N,,N,,0.612,0.424,1.0,1.4,Call,0.509,NO,NO,No Marketing Action (Consent Withheld),Bank Term Deposit,Insurance Cross-Sell,20-09-2026,Marketing messages and sales offers suppressed across channels in absence of valid consent; only essential service communications retained,10-09-2026
SYN-012633,profile_only_v1,20260814,True,12633,103701,0.570645,0.58456,0.751579,0.75159,0,0.013915,1.1e-05,0.046337,exact_age,high,41,services,married,secondary,no,6618,yes,no,unknown,4,jul,104,1,-1,0,unknown,no,103701,Male,41,1,4.0,0,1-2 Year,Yes,33620.0,124.0,57,1,COMPLETED,Y,N,52,Y,N,0.397,7.8,N,,Y,TERM_DEPOSIT,0.433,0.687,1.0,1.4,Call,0.486,NO,YES,Payment Reminder / Collections Resolution,Insurance Cross-Sell,Bank Term Deposit,20-09-2026,"Payment-due reminder sent through the mobile app, internet banking, SMS or email; customer directed to payment options or the collections support journey; sales offers paused",10-09-2026
SYN-016887,profile_only_v1,20260814,True,16887,355792,0.193323,0.294061,0.321382,0.321367,0,0.100738,1.6e-05,0.335459,exact_age,high,27,blue-collar,single,secondary,no,137,no,yes,cellular,25,jul,359,1,-1,0,unknown,no,355792,Female,27,1,24.0,1,< 1 Year,No,25034.0,160.0,34,0,COMPLETED,Y,N,0,N,Y,0.415,5.1,N,,Y,TERM_DEPOSIT,0.531,0.445,1.0,1.4,SMS,0.754,NO,NO,Service Resolution,Bank Term Deposit,Insurance Cross-Sell,20-09-2026,"Complaint status and resolution options surfaced in the mobile app, internet banking or contact-centre desktop; service follow-up initiated; promotional offers suppressed until resolution",10-09-2026
SYN-021286,profile_only_v1,20260814,True,21286,342618,0.413926,0.371625,0.76218,0.762171,0,0.042301,9e-06,0.140863,exact_age,high,33,unemployed,married,tertiary,no,3335,no,no,cellular,18,aug,98,6,-1,0,unknown,no,342618,Male,33,1,46.0,0,< 1 Year,Yes,41036.0,124.0,190,1,COMPLETED,Y,N,0,N,N,0.249,7.8,N,,Y,INSURANCE,0.531,0.594,1.0,1.4,Call,0.406,NO,YES,Insurance Cross-Sell,Insurance Cross-Sell,Bank Term Deposit,20-09-2026,Insurance cross sell offer made to the customer via digital channels,10-09-2026
SYN-033398,profile_only_v1,20260814,True,33398,30069,0.421926,0.371625,0.310579,0.311303,0,0.050301,0.000724,0.167512,exact_age,high,33,housemaid,married,tertiary,no,10,yes,no,cellular,20,apr,129,1,322,2,failure,no,30069,Male,33,1,30.0,0,< 1 Year,Yes,24989.0,152.0,124,1,COMPLETED,N,N,0,N,N,0.151,5.7,N,,Y,INSURANCE,0.426,0.88,1.0,1.4,App,0.507,NO,NO,No Marketing Action (Consent Withheld),Insurance Cross-Sell,Bank Term Deposit,20-09-2026,Marketing messages and sales offers suppressed across channels in absence of valid consent; only essential service communications retained,10-09-2026
SYN-012661,profile_only_v1,20260814,True,12661,39391,0.283426,0.352244,0.351426,0.35136,0,0.068818,6.6e-05,0.229162,exact_age,high,31,technician,single,secondary,no,19,no,no,telephone,4,jul,65,2,-1,0,unknown,no,39391,Male,31,1,30.0,1,< 1 Year,No,26079.0,152.0,203,0,COMPLETED,Y,N,65,Y,N,0.217,10.0,Y,INSURANCE,N,,0.396,0.716,1.0,1.4,Branch,0.711,NO,NO,Payment Reminder / Collections Resolution,Bank Term Deposit,Insurance Cross-Sell,20-09-2026,"Payment-due reminder sent through the mobile app, internet banking, SMS or email; customer directed to payment options or the collections support journey; sales offers paused",10-09-2026
SYN-002103,profile_only_v1,20260814,True,2103,20973,0.221427,0.238833,0.128399,0.12887,0,0.017407,0.000472,0.057977,exact_age,high,25,services,married,secondary,no,-454,yes,no,unknown,12,may,24,1,-1,0,unknown,no,20973,Male,25,1,12.0,1,< 1 Year,No,2630.0,160.0,98,0,COMPLETED,Y,N,0,N,N,0.491,5.2,N,,Y,INSURANCE,0.531,0.635,1.0,1.4,Branch,0.424,NO,NO,Insurance Cross-Sell,Bank Term Deposit,Insurance Cross-Sell,20-09-2026,Insurance cross sell offer made to the customer via digital channels,10-09-2026
SYN-019223,profile_only_v1,20260814,True,19223,363753,0.752697,0.781862,0.273998,0.274016,0,0.029165,1.7e-05,0.097121,exact_age,high,57,services,married,primary,no,53,no,no,cellular,6,aug,86,2,-1,0,unknown,no,363753,Female,57,1,9.0,1,1-2 Year,No,22451.0,29.0,185,0,COMPLETED,Y,N,64,Y,N,0.322,6.8,N,,N,,0.508,0.6,1.0,1.4,App,0.714,NO,NO,Payment Reminder / Collections Resolution,Bank Term Deposit,Insurance Cross-Sell,20-09-2026,"Payment-due reminder sent through the mobile app, internet banking, SMS or email; customer directed to payment options or the collections support journey; sales offers paused",10-09-2026
SYN-027715,profile_only_v1,20260814,True,27715,176935,0.233319,0.312702,0.421533,0.416823,0,0.079383,0.00471,0.264608,exact_age,high,28,student,single,tertiary,no,290,yes,no,telephone,27,nov,24,1,-1,0,unknown,no,176935,Male,28,1,41.0,1,< 1 Year,No,31396.0,152.0,76,0,COMPLETED,Y,N,0,N,N,0.423,4.8,N,,N,,0.274,0.44,1.0,1.4,Call,0.467,NO,NO,Bank Term Deposit,Insurance Cross-Sell,,20-09-2026,Term Deposit cross sell offer made to the customer via digital channels,10-09-2026
SYN-015881,profile_only_v1,20260814,True,15881,73052,0.395926,0.371625,0.188756,0.188392,0,0.024301,0.000364,0.080928,exact_age,high,33,technician,married,secondary,no,-160,yes,no,cellular,21,jul,898,5,-1,0,unknown,no,73052,Male,33,1,11.0,0,< 1 Year,Yes,21542.0,124.0,190,0,INCOMPLETE,Y,N,19,N,N,0.101,7.1,N,,Y,TERM_DEPOSIT,0.93,0.723,1.0,1.4,SMS,0.664,NO,YES,Complete KYC,Insurance Cross-Sell,Bank Term Deposit,20-09-2026,KYC completion notification displayed in the mobile app and internet banking; reminder sent through SMS/email; cross-sell offers withheld until KYC is completed,10-09-2026
SYN-014272,profile_only_v1,20260814,True,14272,27250,0.784423,0.796222,0.055317,0.130459,0,0.011799,0.075142,0.19192,exact_age,high,59,retired,single,secondary,yes,-341,no,yes,cellular,14,jul,94,3,-1,0,unknown,no,27250,Female,59,1,28.0,0,1-2 Year,Yes,2630.0,124.0,288,0,COMPLETED,Y,N,0,N,N,0.13,9.9,N,,Y,TERM_DEPOSIT,0.61,0.835,1.0,1.4,SMS,0.706,NO,YES,Bank Term Deposit,Insurance Cross-Sell,Bank Term Deposit,20-09-2026,Term Deposit cross sell offer made to the customer via digital channels,10-09-2026
SYN-031312,profile_only_v1,20260814,True,31312,180447,0.303427,0.364833,0.90358,0.904305,0,0.061407,0.000725,0.204493,exact_age,high,25,management,married,tertiary,no,4461,no,no,cellular,11,mar,796,5,-1,0,unknown,yes,180447,Male,25,1,28.0,0,1-2 Year,Yes,70880.0,163.0,93,1,COMPLETED,Y,N,47,Y,N,0.402,7.5,N,,N,,0.462,0.958,1.0,1.4,SMS,0.512,YES,YES,Payment Reminder / Collections Resolution,Bank Term Deposit,Insurance Cross-Sell,20-09-2026,"Payment-due reminder sent through the mobile app, internet banking, SMS or email; customer directed to payment options or the collections support journey; sales offers paused",10-09-2026
SYN-042849,profile_only_v1,20260814,True,42849,105142,0.813756,0.864702,0.693765,0.693539,0,0.050946,0.000227,0.169652,exact_age,high,72,retired,married,primary,no,2600,no,no,cellular,3,feb,443,2,82,3,success,yes,105142,Male,72,1,33.0,1,1-2 Year,No,35024.0,26.0,112,0,COMPLETED,Y,N,0,N,N,0.363,6.8,Y,TERM_DEPOSIT,Y,TERM_DEPOSIT,0.977,0.599,1.0,1.4,Call,0.913,YES,NO,Bank Term Deposit,Bank Term Deposit,Insurance Cross-Sell,20-09-2026,Term Deposit cross sell offer made to the customer via digital channels,10-09-2026
SYN-013999,profile_only_v1,20260814,True,13999,179699,0.378762,0.362171,0.457145,0.456973,0,0.016591,0.000172,0.05525,exact_age,high,32,management,single,tertiary,no,26,no,no,cellular,10,jul,55,6,-1,0,unknown,no,179699,Male,32,1,30.0,1,< 1 Year,No,28119.0,152.0,231,0,COMPLETED,N,N,0,N,N,0.251,7.9,N,,N,,0.51,0.574,1.0,1.4,App,0.63,NO,NO,No Marketing Action (Consent Withheld),Bank Term Deposit,Insurance Cross-Sell,20-09-2026,Marketing messages and sales offers suppressed across channels in absence of valid consent; only essential service communications retained,10-09-2026
SYN-023835,profile_only_v1,20260814,True,23835,315527,0.696202,0.67601,0.323746,0.323602,0,0.020192,0.000145,0.067239,exact_age,high,47,self-employed,married,secondary,no,0,no,no,cellular,29,aug,90,6,-1,0,unknown,no,315527,Female,47,1,28.0,0,1-2 Year,Yes,31041.0,26.0,266,0,COMPLETED,Y,N,0,N,N,0.086,9.7,N,,N,,0.425,0.67,1.0,1.4,App,0.752,NO,YES,Insurance Cross-Sell,Bank Term Deposit,,20-09-2026,Insurance cross sell offer made to the customer via digital channels,10-09-2026
SYN-011647,profile_only_v1,20260814,True,11647,364867,0.510127,0.488964,0.020516,0.040459,0,0.021163,0.019943,0.086327,exact_age,high,43,blue-collar,married,unknown,no,-19,no,yes,unknown,20,jun,241,2,-1,0,unknown,no,364867,Male,43,1,28.0,0,< 1 Year,No,2630.0,1.0,51,0,COMPLETED,Y,N,0,N,N,0.71,2.9,Y,TERM_DEPOSIT,N,,0.485,0.516,1.0,1.4,Call,0.591,NO,NO,Retention Action,Bank Term Deposit,Insurance Cross-Sell,20-09-2026,"Retention message prioritised - fee review, tailored support option and/or save offer; proactive contact task created for the service team; routine cross-sell deferred",10-09-2026
SYN-036412,profile_only_v1,20260814,True,36412,219831,0.709907,0.747493,0.340407,0.340418,0,0.037586,1e-05,0.12516,exact_age,high,53,blue-collar,married,primary,no,238,yes,no,cellular,11,may,238,2,361,5,failure,no,219831,Male,53,1,6.0,0,1-2 Year,Yes,22384.0,26.0,240,0,COMPLETED,Y,N,0,N,Y,0.118,8.2,N,,N,,0.503,0.88,1.0,1.4,Call,0.489,NO,YES,Service Resolution,Insurance Cross-Sell,Bank Term Deposit,20-09-2026,"Complaint status and resolution options surfaced in the mobile app, internet banking or contact-centre desktop; service follow-up initiated; promotional offers suppressed until resolution",10-09-2026
SYN-029093,profile_only_v1,20260814,True,29093,19386,0.68799,0.689673,0.231178,0.231301,0,0.001683,0.000124,0.005613,exact_age,high,48,services,married,secondary,no,51,yes,yes,cellular,2,feb,90,1,262,1,failure,no,19386,Male,48,1,25.0,0,1-2 Year,Yes,2630.0,124.0,218,0,COMPLETED,Y,N,0,N,N,0.0,8.5,N,,N,,0.581,0.653,1.0,1.4,Call,0.842,NO,YES,Insurance Cross-Sell,Bank Term Deposit,,20-09-2026,Insurance cross sell offer made to the customer via digital channels,10-09-2026
SYN-044510,profile_only_v1,20260814,True,44510,106439,0.273299,0.328197,0.429588,0.429944,0,0.054898,0.000357,0.182811,exact_age,high,29,blue-collar,single,tertiary,no,98,no,no,cellular,10,aug,170,2,-1,0,unknown,no,106439,Male,29,1,48.0,0,< 1 Year,Yes,2630.0,124.0,160,0,COMPLETED,Y,N,89,Y,Y,0.211,9.5,N,,N,,0.483,0.611,1.0,1.4,Call,0.573,YES,YES,Payment Reminder / Collections Resolution,Insurance Cross-Sell,Bank Term Deposit,20-09-2026,"Payment-due reminder sent through the mobile app, internet banking, SMS or email; customer directed to payment options or the collections support journey; sales offers paused",10-09-2026
SYN-004871,profile_only_v1,20260814,True,4871,370102,0.407976,0.380981,0.605435,0.713588,0,0.026994,0.108153,0.284934,exact_age,high,34,services,married,secondary,no,1270,yes,no,unknown,21,may,494,3,-1,0,unknown,no,370102,Female,34,1,28.0,0,< 1 Year,Yes,51224.0,26.0,259,1,COMPLETED,Y,N,0,N,N,0.07,10.0,Y,TERM_DEPOSIT,N,,0.468,0.709,1.0,1.4,SMS,0.889,NO,YES,Bank Term Deposit,Insurance Cross-Sell,Bank Term Deposit,20-09-2026,Term Deposit cross sell offer made to the customer via digital channels,10-09-2026
SYN-018450,profile_only_v1,20260814,True,18450,370391,0.739907,0.747493,0.723868,0.72398,0,0.007586,0.000113,0.025262,exact_age,high,53,unemployed,married,secondary,no,4487,no,no,cellular,31,jul,79,2,-1,0,unknown,no,370391,Male,53,1,28.0,1,1-2 Year,No,45624.0,124.0,113,0,COMPLETED,Y,N,0,N,N,0.385,7.3,N,,N,,0.425,0.528,1.0,1.4,SMS,0.494,NO,NO,Bank Term Deposit,Insurance Cross-Sell,,20-09-2026,Term Deposit cross sell offer made to the customer via digital channels,10-09-2026
SYN-013857,profile_only_v1,20260814,True,13857,221805,0.461926,0.497625,0.495433,0.49499,0,0.035699,0.000443,0.118883,exact_age,high,33,management,married,tertiary,no,91,no,no,cellular,10,jul,526,1,-1,0,unknown,no,221805,Male,33,1,36.0,0,1-2 Year,Yes,31311.0,154.0,77,0,COMPLETED,Y,N,0,N,N,0.343,7.5,Y,TERM_DEPOSIT,N,,0.438,0.692,1.0,1.4,SMS,0.429,NO,YES,Bank Term Deposit,Insurance Cross-Sell,Bank Term Deposit,20-09-2026,Term Deposit cross sell offer made to the customer via digital channels,10-09-2026
SYN-011525,profile_only_v1,20260814,True,11525,12203,0.670198,0.714805,0.28755,0.287575,0,0.044608,2.5e-05,0.148544,exact_age,high,50,blue-collar,married,primary,no,59,no,no,unknown,19,jun,184,1,-1,0,unknown,no,12203,Female,50,1,28.0,1,1-2 Year,No,28855.0,124.0,32,0,COMPLETED,Y,N,0,N,Y,0.435,6.9,N,,N,,0.237,0.496,1.0,1.4,Branch,0.659,NO,NO,Service Resolution,Bank Term Deposit,Insurance Cross-Sell,20-09-2026,"Complaint status and resolution options surfaced in the mobile app, internet banking or contact-centre desktop; service follow-up initiated; promotional offers suppressed until resolution",10-09-2026
SYN-033963,profile_only_v1,20260814,True,33963,326220,0.543966,0.546112,0.713352,0.713381,0,0.002146,2.9e-05,0.007145,exact_age,high,38,unemployed,married,tertiary,no,2812,yes,no,cellular,30,apr,830,1,-1,0,unknown,yes,326220,Male,38,1,28.0,0,1-2 Year,Yes,45136.0,109.0,197,1,COMPLETED,N,N,0,N,N,0.136,10.0,N,,N,,0.447,0.909,1.0,1.4,App,0.572,NO,YES,No Marketing Action (Consent Withheld),Insurance Cross-Sell,Bank Term Deposit,20-09-2026,Marketing messages and sales offers suppressed across channels in absence of valid consent; only essential service communications retained,10-09-2026
SYN-024076,profile_only_v1,20260814,True,24076,19126,0.280519,0.312702,0.362505,0.362533,0,0.032183,2.8e-05,0.10717,exact_age,high,28,self-employed,married,secondary,no,123,no,yes,telephone,22,oct,313,1,-1,0,unknown,yes,19126,Male,28,1,28.0,0,< 1 Year,Yes,36934.0,124.0,204,1,COMPLETED,Y,N,0,N,N,0.333,8.8,N,,Y,INSURANCE,0.439,0.802,1.0,1.4,Call,0.427,NO,YES,Insurance Cross-Sell,Insurance Cross-Sell,Bank Term Deposit,20-09-2026,Insurance cross sell offer made to the customer via digital channels,10-09-2026
SYN-004994,profile_only_v1,20260814,True,4994,147596,0.269319,0.312702,0.322765,0.322665,0,0.043383,0.0001,0.144466,exact_age,high,28,admin.,married,secondary,no,170,yes,yes,unknown,21,may,492,1,-1,0,unknown,no,147596,Male,28,1,36.0,1,< 1 Year,No,29827.0,152.0,294,0,COMPLETED,Y,N,62,Y,N,0.0,8.9,N,,N,,0.329,0.52,1.0,1.4,SMS,0.78,NO,NO,Payment Reminder / Collections Resolution,Bank Term Deposit,Insurance Cross-Sell,20-09-2026,"Payment-due reminder sent through the mobile app, internet banking, SMS or email; customer directed to payment options or the collections support journey; sales offers paused",10-09-2026
SYN-027830,profile_only_v1,20260814,True,27830,94371,0.322448,0.341125,0.510305,0.510423,0,0.018678,0.000118,0.062198,exact_age,high,30,management,single,tertiary,no,119,no,no,cellular,28,jan,430,1,-1,0,unknown,no,94371,Female,30,1,28.0,0,< 1 Year,Yes,41252.0,122.0,171,0,COMPLETED,Y,N,69,Y,N,0.397,5.4,N,,N,,0.552,0.737,1.0,1.4,SMS,0.939,NO,YES,Payment Reminder / Collections Resolution,Insurance Cross-Sell,Bank Term Deposit,20-09-2026,"Payment-due reminder sent through the mobile app, internet banking, SMS or email; customer directed to payment options or the collections support journey; sales offers paused",10-09-2026
SYN-024402,profile_only_v1,20260814,True,24402,11843,0.459194,0.557608,0.184208,0.184361,0,0.098414,0.000153,0.327718,exact_age,high,39,management,single,primary,no,0,yes,yes,cellular,17,nov,62,1,-1,0,unknown,no,11843,Male,39,1,18.0,0,1-2 Year,Yes,2630.0,157.0,246,1,INCOMPLETE,Y,N,1,N,N,0.224,9.8,N,,N,,0.422,0.748,1.0,1.4,Call,0.758,NO,YES,Complete KYC,Insurance Cross-Sell,Bank Term Deposit,20-09-2026,KYC completion notification displayed in the mobile app and internet banking; reminder sent through SMS/email; cross-sell offers withheld until KYC is completed,10-09-2026
SYN-017459,profile_only_v1,20260814,True,17459,91428,0.69199,0.689673,0.457113,0.457207,0,0.002317,9.5e-05,0.007719,exact_age,high,48,blue-collar,married,secondary,no,387,yes,no,telephone,28,jul,76,18,-1,0,unknown,no,91428,Female,48,1,26.0,1,1-2 Year,No,30153.0,152.0,182,0,COMPLETED,Y,N,0,N,N,0.221,8.1,Y,TERM_DEPOSIT,Y,INSURANCE,0.419,0.544,1.0,1.4,Call,0.657,NO,NO,Bank Term Deposit,Bank Term Deposit,Insurance Cross-Sell,20-09-2026,Term Deposit cross sell offer made to the customer via digital channels,10-09-2026
SYN-009755,profile_only_v1,20260814,True,9755,7374,0.598734,0.661624,0.245304,0.245256,0,0.062889,4.9e-05,0.209422,exact_age,high,46,housemaid,married,primary,no,39,no,no,unknown,9,jun,74,2,-1,0,unknown,no,7374,Male,46,1,47.0,0,1-2 Year,Yes,20339.0,124.0,44,0,COMPLETED,Y,N,0,N,N,0.511,5.6,N,,N,,0.779,0.831,1.0,1.4,SMS,0.438,NO,YES,Insurance Cross-Sell,Bank Term Deposit,,20-09-2026,Insurance cross sell offer made to the customer via digital channels,10-09-2026
SYN-014952,profile_only_v1,20260814,True,14952,260232,0.786823,0.796222,0.698445,0.698598,0,0.009399,0.000153,0.031301,exact_age,high,59,admin.,married,primary,no,4387,yes,no,telephone,16,jul,73,6,-1,0,unknown,no,260232,Male,59,1,28.0,0,1-2 Year,Yes,44470.0,124.0,54,0,COMPLETED,Y,N,81,Y,N,0.591,4.8,N,,Y,TERM_DEPOSIT,0.347,0.328,1.0,1.4,Call,0.41,NO,NO,Payment Reminder / Collections Resolution,Insurance Cross-Sell,Bank Term Deposit,20-09-2026,"Payment-due reminder sent through the mobile app, internet banking, SMS or email; customer directed to payment options or the collections support journey; sales offers paused",10-09-2026
SYN-014912,profile_only_v1,20260814,True,14912,179410,0.189002,0.271112,0.182926,0.182923,0,0.08211,3e-06,0.273427,exact_age,high,26,admin.,single,secondary,yes,0,yes,no,cellular,16,jul,157,2,-1,0,unknown,no,179410,Male,26,1,8.0,1,< 1 Year,No,27343.0,152.0,95,0,COMPLETED,Y,N,19,N,N,0.397,5.4,N,,N,,0.423,0.368,1.0,1.4,SMS,0.658,NO,NO,Bank Term Deposit,Insurance Cross-Sell,,20-09-2026,Term Deposit cross sell offer made to the customer via digital channels,10-09-2026
SYN-028181,profile_only_v1,20260814,True,28181,46522,0.725502,0.702641,0.13556,0.130459,0,0.022862,0.005101,0.07719,exact_age,high,49,self-employed,married,secondary,no,-199,yes,yes,cellular,29,jan,385,1,-1,0,unknown,no,46522,Male,49,1,28.0,1,1-2 Year,No,2630.0,124.0,138,0,COMPLETED,Y,N,0,N,N,0.378,3.8,N,,N,,0.688,0.495,1.0,1.4,Call,0.414,NO,NO,Service Intervention (Low NPS),Bank Term Deposit,Insurance Cross-Sell,20-09-2026,Service-recovery message -  apology / follow-up communication sent; contact-centre/service task created to address the customer’s recent experience,10-09-2026
SYN-023840,profile_only_v1,20260814,True,23840,194361,0.784302,0.786641,0.405746,0.410535,0,0.002338,0.004788,0.01428,exact_age,high,49,management,married,tertiary,no,0,no,no,cellular,29,aug,102,2,-1,0,unknown,no,194361,Male,49,1,28.0,0,> 2 Years,Yes,35264.0,114.0,292,0,INCOMPLETE,Y,N,0,N,N,0.0,9.3,N,,N,,0.355,0.828,1.0,1.4,Call,0.843,NO,YES,Complete KYC,Insurance Cross-Sell,Bank Term Deposit,20-09-2026,KYC completion notification displayed in the mobile app and internet banking; reminder sent through SMS/email; cross-sell offers withheld until KYC is completed,10-09-2026
SYN-044672,profile_only_v1,20260814,True,44672,252049,0.432762,0.488171,0.922045,0.916,0,0.055409,0.006045,0.18513,exact_age,high,32,management,married,tertiary,no,6138,no,no,cellular,3,sep,251,3,36,11,success,no,252049,Male,32,1,3.0,1,1-2 Year,No,67354.0,124.0,15,0,COMPLETED,N,N,0,N,Y,0.621,5.8,N,,Y,INSURANCE,0.805,0.401,1.0,1.4,App,0.595,YES,NO,No Marketing Action (Consent Withheld),Bank Term Deposit,Insurance Cross-Sell,20-09-2026,Marketing messages and sales offers suppressed across channels in absence of valid consent; only essential service communications retained,10-09-2026
SYN-017451,profile_only_v1,20260814,True,17451,79223,0.294899,0.328197,0.361105,0.361049,0,0.033298,5.6e-05,0.110881,exact_age,high,29,entrepreneur,married,secondary,no,65,yes,no,cellular,28,jul,19,14,-1,0,unknown,no,79223,Female,29,1,43.0,1,< 1 Year,No,27639.0,152.0,162,0,COMPLETED,Y,N,0,N,N,0.408,8.4,N,,N,,0.502,0.478,1.0,1.4,SMS,0.576,NO,NO,Bank Term Deposit,Insurance Cross-Sell,,20-09-2026,Term Deposit cross sell offer made to the customer via digital channels,10-09-2026
SYN-020706,profile_only_v1,20260814,True,20706,74878,0.721766,0.766215,0.591754,0.592043,0,0.044449,0.000289,0.148018,exact_age,high,55,housemaid,married,primary,no,1642,no,no,cellular,13,aug,295,2,-1,0,unknown,no,74878,Female,55,1,28.0,0,1-2 Year,Yes,40376.0,163.0,25,0,COMPLETED,Y,N,0,N,N,0.593,2.7,N,,Y,INSURANCE,0.389,0.651,1.0,1.4,Call,0.975,NO,YES,Service Intervention (Low NPS),Insurance Cross-Sell,Bank Term Deposit,20-09-2026,Service-recovery message -  apology / follow-up communication sent; contact-centre/service task created to address the customer’s recent experience,10-09-2026
SYN-016230,profile_only_v1,20260814,True,16230,49230,0.250762,0.362171,0.419762,0.416359,0,0.111409,0.003403,0.37109,exact_age,high,32,blue-collar,single,primary,no,354,no,no,cellular,23,jul,284,8,-1,0,unknown,no,49230,Male,32,1,41.0,1,< 1 Year,No,31384.0,152.0,59,0,COMPLETED,Y,N,0,N,N,0.507,5.4,N,,N,,0.394,0.463,1.0,1.4,App,0.932,NO,NO,Bank Term Deposit,Insurance Cross-Sell,,20-09-2026,Term Deposit cross sell offer made to the customer via digital channels,10-09-2026
SYN-008976,profile_only_v1,20260814,True,8976,224687,0.431194,0.431608,0.042749,0.040459,0,0.000414,0.00229,0.005889,exact_age,high,39,blue-collar,single,primary,no,-491,no,yes,unknown,5,jun,179,1,-1,0,unknown,no,224687,Male,39,1,28.0,0,< 1 Year,No,2630.0,1.0,188,0,INCOMPLETE,Y,N,21,N,N,0.12,9.2,N,,Y,TERM_DEPOSIT,0.658,1.0,1.0,1.4,Call,0.954,NO,NO,Complete KYC,Bank Term Deposit,Insurance Cross-Sell,20-09-2026,KYC completion notification displayed in the mobile app and internet banking; reminder sent through SMS/email; cross-sell offers withheld until KYC is completed,10-09-2026
SYN-014348,profile_only_v1,20260814,True,14348,201310,0.354762,0.362171,0.515162,0.515377,0,0.007409,0.000215,0.024678,exact_age,high,32,blue-collar,married,secondary,no,596,yes,no,cellular,14,jul,397,3,-1,0,unknown,no,201310,Female,32,1,41.0,1,< 1 Year,No,33478.0,152.0,274,0,COMPLETED,Y,N,0,N,N,0.048,8.5,N,,N,,0.515,0.724,1.0,1.4,App,0.604,NO,NO,Bank Term Deposit,Insurance Cross-Sell,,20-09-2026,Term Deposit cross sell offer made to the customer via digital channels,10-09-2026
SYN-000934,profile_only_v1,20260814,True,934,2089,0.535194,0.557608,0.064958,0.130459,0,0.022414,0.065501,0.179961,exact_age,high,39,blue-collar,married,secondary,yes,-345,yes,no,unknown,7,may,69,1,-1,0,unknown,no,2089,Female,39,1,28.0,0,1-2 Year,Yes,2630.0,124.0,211,0,COMPLETED,Y,N,0,N,Y,0.096,7.8,N,,N,,0.473,0.935,1.0,1.4,App,0.868,NO,YES,Service Resolution,Insurance Cross-Sell,Bank Term Deposit,20-09-2026,"Complaint status and resolution options surfaced in the mobile app, internet banking or contact-centre desktop; service follow-up initiated; promotional offers suppressed until resolution",10-09-2026
SYN-021930,profile_only_v1,20260814,True,21930,276790,0.665002,0.67601,0.245746,0.245737,0,0.011008,9e-06,0.036658,exact_age,high,47,housemaid,married,secondary,no,0,no,no,cellular,20,aug,97,3,-1,0,unknown,no,276790,Male,47,1,28.0,1,1-2 Year,No,24558.0,26.0,259,0,COMPLETED,Y,N,0,N,Y,0.085,9.4,Y,TERM_DEPOSIT,N,,0.694,0.541,1.0,1.4,App,0.443,NO,NO,Service Resolution,Bank Term Deposit,Insurance Cross-Sell,20-09-2026,"Complaint status and resolution options surfaced in the mobile app, internet banking or contact-centre desktop; service follow-up initiated; promotional offers suppressed until resolution",10-09-2026
SYN-010858,profile_only_v1,20260814,True,10858,355601,0.731366,0.766215,0.572751,0.57245,0,0.034849,0.000301,0.11605,exact_age,high,55,retired,divorced,primary,no,925,no,no,unknown,17,jun,254,1,-1,0,unknown,no,355601,Male,55,1,3.0,1,1-2 Year,No,26772.0,26.0,191,0,COMPLETED,Y,N,0,N,N,0.097,9.5,N,,N,,0.534,0.662,1.0,1.4,SMS,0.719,NO,NO,Bank Term Deposit,Insurance Cross-Sell,,20-09-2026,Term Deposit cross sell offer made to the customer via digital channels,10-09-2026
SYN-025179,profile_only_v1,20260814,True,25179,270737,0.872697,0.865862,0.563493,0.561851,0,0.006835,0.001642,0.023127,exact_age,high,57,management,divorced,tertiary,no,236,no,no,cellular,18,nov,120,2,-1,0,unknown,no,270737,Male,57,1,28.0,0,> 2 Years,Yes,41548.0,26.0,63,0,COMPLETED,Y,N,0,N,N,0.58,2.5,N,,Y,INSURANCE,0.623,0.727,1.0,1.4,Call,0.611,NO,YES,Service Intervention (Low NPS),Insurance Cross-Sell,Bank Term Deposit,20-09-2026,Service-recovery message -  apology / follow-up communication sent; contact-centre/service task created to address the customer’s recent experience,10-09-2026
SYN-037616,profile_only_v1,20260814,True,37616,247394,0.461926,0.497625,0.304208,0.304092,0,0.035699,0.000116,0.118878,exact_age,high,33,management,married,tertiary,no,0,yes,yes,cellular,14,may,83,2,-1,0,unknown,no,247394,Male,33,1,28.0,0,1-2 Year,No,29927.0,124.0,146,0,COMPLETED,Y,N,0,N,N,0.422,5.8,N,,N,,0.578,0.745,1.0,1.4,App,0.873,NO,NO,Insurance Cross-Sell,Bank Term Deposit,,20-09-2026,Insurance cross sell offer made to the customer via digital channels,10-09-2026
SYN-043036,profile_only_v1,20260814,True,43036,206034,0.366762,0.362171,0.516103,0.516046,0,0.004591,5.7e-05,0.015289,exact_age,high,32,technician,married,secondary,no,484,yes,no,cellular,15,feb,83,6,187,3,success,yes,206034,Male,32,1,30.0,0,< 1 Year,No,29597.0,152.0,192,0,COMPLETED,Y,N,0,N,N,0.235,9.7,N,,N,,0.691,0.799,1.0,1.4,Call,0.704,YES,NO,Bank Term Deposit,Insurance Cross-Sell,,20-09-2026,Term Deposit cross sell offer made to the customer via digital channels,10-09-2026
SYN-039255,profile_only_v1,20260814,True,39255,96412,0.343299,0.328197,0.636337,0.636329,0,0.015102,8e-06,0.050291,exact_age,high,29,management,divorced,tertiary,no,559,yes,no,cellular,18,may,6,4,-1,0,unknown,no,96412,Female,29,1,3.0,1,< 1 Year,No,31295.0,152.0,54,0,COMPLETED,Y,N,0,N,N,0.568,4.0,N,,Y,INSURANCE,0.241,0.388,1.0,1.4,App,0.708,NO,NO,Insurance Cross-Sell,Bank Term Deposit,Insurance Cross-Sell,20-09-2026,Insurance cross sell offer made to the customer via digital channels,10-09-2026
SYN-040107,profile_only_v1,20260814,True,40107,331154,0.281299,0.328197,0.523928,0.523784,0,0.046898,0.000144,0.15617,exact_age,high,29,admin.,single,tertiary,no,261,no,no,cellular,4,jun,66,1,79,19,failure,no,331154,Female,29,1,30.0,1,< 1 Year,No,29797.0,152.0,245,0,COMPLETED,Y,N,0,N,N,0.249,9.1,N,,N,,0.363,0.386,1.0,1.4,App,0.699,YES,NO,Bank Term Deposit,Insurance Cross-Sell,,20-09-2026,Term Deposit cross sell offer made to the customer via digital channels,10-09-2026
SYN-016822,profile_only_v1,20260814,True,16822,12569,0.453065,0.516268,0.19994,0.201798,0,0.063203,0.001858,0.210518,exact_age,high,35,entrepreneur,single,tertiary,no,-880,no,yes,cellular,24,jul,77,3,-1,0,unknown,no,12569,Male,35,1,46.0,1,1-2 Year,No,2630.0,152.0,145,0,COMPLETED,N,N,0,N,N,0.402,6.1,N,,N,,0.631,0.909,1.0,1.4,SMS,0.566,NO,NO,No Marketing Action (Consent Withheld),Bank Term Deposit,Insurance Cross-Sell,20-09-2026,Marketing messages and sales offers suppressed across channels in absence of valid consent; only essential service communications retained,10-09-2026
SYN-039040,profile_only_v1,20260814,True,39040,206646,0.285299,0.328197,0.609283,0.609185,0,0.042898,9.7e-05,0.142849,exact_age,high,29,technician,single,tertiary,no,615,yes,no,cellular,18,may,373,1,-1,0,unknown,yes,206646,Male,29,1,41.0,1,< 1 Year,No,36479.0,152.0,283,0,COMPLETED,Y,N,0,N,N,0.109,10.0,N,,N,,0.636,0.734,1.0,1.4,App,0.793,NO,NO,Bank Term Deposit,Insurance Cross-Sell,,20-09-2026,Term Deposit cross sell offer made to the customer via digital channels,10-09-2026
SYN-022412,profile_only_v1,20260814,True,22412,259638,0.490062,0.525716,0.405746,0.406385,0,0.035654,0.000639,0.118738,exact_age,high,36,management,single,tertiary,no,0,no,no,cellular,22,aug,136,2,-1,0,unknown,no,259638,Female,36,1,9.0,1,1-2 Year,No,27995.0,152.0,279,0,COMPLETED,Y,N,0,N,N,0.0,8.7,N,,N,,0.621,0.661,1.0,1.4,SMS,0.823,NO,NO,Bank Term Deposit,Insurance Cross-Sell,,20-09-2026,Term Deposit cross sell offer made to the customer via digital channels,10-09-2026
SYN-028441,profile_only_v1,20260814,True,28441,186849,0.189002,0.271112,0.38727,0.387271,0,0.08211,1e-06,0.273427,exact_age,high,26,admin.,single,secondary,no,94,no,no,cellular,29,jan,171,1,-1,0,unknown,no,186849,Female,26,1,50.0,1,< 1 Year,No,32473.0,152.0,80,0,COMPLETED,Y,N,0,N,N,0.567,4.6,N,,N,,0.415,0.581,1.0,1.4,Call,0.467,YES,NO,Bank Term Deposit,Insurance Cross-Sell,,20-09-2026,Term Deposit cross sell offer made to the customer via digital channels,10-09-2026
SYN-013293,profile_only_v1,20260814,True,13293,321599,0.834142,0.841249,0.570841,0.565658,0,0.007107,0.005184,0.026981,exact_age,high,54,technician,married,tertiary,no,758,yes,yes,cellular,8,jul,554,1,-1,0,unknown,no,321599,Male,54,1,47.0,0,> 2 Years,Yes,33634.0,145.0,27,0,COMPLETED,Y,N,0,N,N,0.628,3.3,N,,N,,0.455,0.866,1.0,1.4,SMS,0.424,NO,NO,Retention Action,Insurance Cross-Sell,Bank Term Deposit,20-09-2026,"Retention message prioritised - fee review, tailored support option and/or save offer; proactive contact task created for the service team; routine cross-sell deferred",10-09-2026
SYN-032079,profile_only_v1,20260814,True,32079,339077,0.378762,0.362171,0.639738,0.639858,0,0.016591,0.00012,0.055249,exact_age,high,32,management,single,tertiary,no,574,yes,no,cellular,14,apr,259,2,145,3,failure,no,339077,Male,32,1,21.0,1,< 1 Year,No,33060.0,152.0,104,0,COMPLETED,Y,N,0,N,N,0.319,6.1,N,,Y,INSURANCE,0.39,0.521,1.0,1.4,App,0.442,NO,NO,Insurance Cross-Sell,Bank Term Deposit,Insurance Cross-Sell,20-09-2026,Insurance cross sell offer made to the customer via digital channels,10-09-2026
SYN-005223,profile_only_v1,20260814,True,5223,257262,0.622127,0.614964,0.801014,0.80104,0,0.007163,2.6e-05,0.023854,exact_age,high,43,technician,married,secondary,no,8541,yes,no,unknown,23,may,259,9,-1,0,unknown,no,257262,Male,43,1,28.0,0,1-2 Year,Yes,50301.0,26.0,185,1,INCOMPLETE,Y,N,0,N,N,0.194,8.5,N,,Y,INSURANCE,0.421,0.662,1.0,1.4,App,0.425,NO,YES,Complete KYC,Insurance Cross-Sell,Bank Term Deposit,20-09-2026,KYC completion notification displayed in the mobile app and internet banking; reminder sent through SMS/email; cross-sell offers withheld until KYC is completed,10-09-2026
SYN-009905,profile_only_v1,20260814,True,9905,253599,0.499236,0.53561,0.65024,0.650284,0,0.036373,4.4e-05,0.121124,exact_age,high,37,admin.,married,secondary,no,1093,no,no,unknown,9,jun,160,1,-1,0,unknown,no,253599,Male,37,1,28.0,0,1-2 Year,Yes,42484.0,163.0,48,0,COMPLETED,Y,N,0,N,N,0.614,1.3,N,,N,,0.524,0.92,1.0,1.4,Branch,0.956,NO,YES,Retention Action,Insurance Cross-Sell,Bank Term Deposit,20-09-2026,"Retention message prioritised - fee review, tailored support option and/or save offer; proactive contact task created for the service team; routine cross-sell deferred",10-09-2026
SYN-003501,profile_only_v1,20260814,True,3501,16567,0.355299,0.328197,0.939907,0.826,0,0.027102,0.113907,0.298726,exact_age,high,29,management,married,tertiary,no,10576,no,no,unknown,15,may,1224,2,-1,0,unknown,yes,16567,Male,29,1,50.0,1,< 1 Year,No,72158.0,152.0,286,0,COMPLETED,Y,N,0,N,N,0.068,9.8,N,,N,,0.288,0.348,1.0,1.4,Email,0.698,NO,NO,Bank Term Deposit,Insurance Cross-Sell,,20-09-2026,Term Deposit cross sell offer made to the customer via digital channels,10-09-2026
SYN-031814,profile_only_v1,20260814,True,31814,40090,0.678198,0.714805,0.194845,0.195342,0,0.036608,0.000497,0.12191,exact_age,high,50,technician,single,secondary,no,-97,yes,no,cellular,8,apr,425,1,306,2,failure,no,40090,Male,50,1,11.0,0,1-2 Year,Yes,2630.0,124.0,55,0,COMPLETED,Y,N,0,N,N,0.5,3.2,N,,Y,TERM_DEPOSIT,0.625,0.892,1.0,1.4,SMS,0.711,NO,YES,Service Intervention (Low NPS),Insurance Cross-Sell,Bank Term Deposit,20-09-2026,Service-recovery message -  apology / follow-up communication sent; contact-centre/service task created to address the customer’s recent experience,10-09-2026
SYN-018864,profile_only_v1,20260814,True,18864,282126,0.478062,0.525716,0.433881,0.433865,0,0.047654,1.6e-05,0.158687,exact_age,high,36,technician,married,secondary,no,432,yes,yes,unknown,4,aug,94,1,-1,0,unknown,no,282126,Male,36,1,47.0,0,1-2 Year,Yes,29688.0,124.0,14,1,COMPLETED,N,N,0,N,N,0.584,2.9,N,,N,,0.323,0.578,1.0,1.4,SMS,0.94,NO,YES,No Marketing Action (Consent Withheld),Insurance Cross-Sell,Bank Term Deposit,20-09-2026,Marketing messages and sales offers suppressed across channels in absence of valid consent; only essential service communications retained,10-09-2026
SYN-023490,profile_only_v1,20260814,True,23490,288712,0.761676,0.726309,0.74642,0.746377,0,0.035367,4.3e-05,0.117773,exact_age,high,51,management,married,secondary,no,1573,no,no,cellular,28,aug,72,18,-1,0,unknown,no,288712,Male,51,1,28.0,0,1-2 Year,Yes,46773.0,26.0,252,0,COMPLETED,Y,N,0,N,N,0.135,8.8,N,,N,,0.519,0.896,1.0,1.4,SMS,0.487,NO,YES,Insurance Cross-Sell,Bank Term Deposit,,20-09-2026,Insurance cross sell offer made to the customer via digital channels,10-09-2026
SYN-042265,profile_only_v1,20260814,True,42265,350658,0.816085,0.878073,0.715933,0.716094,0,0.061988,0.000161,0.206421,exact_age,high,76,retired,married,primary,no,3324,no,no,cellular,13,nov,122,1,92,3,success,yes,350658,Male,76,1,28.0,0,1-2 Year,Yes,45255.0,122.0,190,0,COMPLETED,Y,N,0,N,Y,0.111,7.9,N,,N,,1.0,0.697,1.0,1.4,App,0.741,YES,NO,Service Resolution,Bank Term Deposit,Insurance Cross-Sell,20-09-2026,"Complaint status and resolution options surfaced in the mobile app, internet banking or contact-centre desktop; service follow-up initiated; promotional offers suppressed until resolution",10-09-2026
SYN-018332,profile_only_v1,20260814,True,18332,209214,0.677507,0.747493,0.252447,0.252312,0,0.069986,0.000136,0.233053,exact_age,high,53,entrepreneur,married,unknown,no,28,no,no,cellular,31,jul,117,2,-1,0,unknown,no,209214,Male,53,1,28.0,1,1-2 Year,No,25575.0,26.0,214,0,COMPLETED,Y,N,37,Y,N,0.134,10.0,N,,N,,0.471,0.613,1.0,1.4,App,0.538,NO,NO,Payment Reminder / Collections Resolution,Bank Term Deposit,Insurance Cross-Sell,20-09-2026,"Payment-due reminder sent through the mobile app, internet banking, SMS or email; customer directed to payment options or the collections support journey; sales offers paused",10-09-2026
SYN-013208,profile_only_v1,20260814,True,13208,177531,0.252448,0.341125,0.667258,0.667422,0,0.088678,0.000164,0.295298,exact_age,high,30,admin.,single,secondary,no,1249,no,no,cellular,8,jul,220,4,-1,0,unknown,no,177531,Female,30,1,39.0,0,< 1 Year,No,37289.0,152.0,233,0,COMPLETED,Y,N,0,N,N,0.122,10.0,N,,N,,0.412,1.0,1.0,1.4,App,0.928,NO,NO,Bank Term Deposit,Insurance Cross-Sell,,20-09-2026,Term Deposit cross sell offer made to the customer via digital channels,10-09-2026
SYN-024762,profile_only_v1,20260814,True,24762,179154,0.660453,0.683431,0.785177,0.780838,0,0.022977,0.004339,0.07728,exact_age,high,42,entrepreneur,married,tertiary,no,2249,yes,no,telephone,18,nov,228,1,125,5,failure,no,179154,Male,42,1,26.0,0,> 2 Years,Yes,39448.0,124.0,283,0,COMPLETED,Y,N,0,N,N,0.0,9.4,N,,N,,0.361,0.947,1.0,1.4,Call,0.675,NO,YES,Insurance Cross-Sell,Bank Term Deposit,,20-09-2026,Insurance cross sell offer made to the customer via digital channels,10-09-2026
SYN-018932,profile_only_v1,20260814,True,18932,125384,0.788643,0.802975,0.623407,0.623598,0,0.014332,0.000191,0.047727,exact_age,high,60,blue-collar,married,primary,no,1670,no,no,cellular,4,aug,115,1,-1,0,unknown,no,125384,Female,60,1,28.0,1,1-2 Year,No,41493.0,26.0,297,0,COMPLETED,Y,N,0,N,N,0.091,7.8,N,,Y,TERM_DEPOSIT,0.143,0.441,1.0,1.4,SMS,0.405,NO,NO,Bank Term Deposit,Bank Term Deposit,Insurance Cross-Sell,20-09-2026,Term Deposit cross sell offer made to the customer via digital channels,10-09-2026
SYN-012564,profile_only_v1,20260814,True,12564,163188,0.746953,0.737177,0.376978,0.376939,0,0.009777,3.9e-05,0.032557,exact_age,high,52,blue-collar,married,secondary,no,184,yes,no,unknown,3,jul,92,1,-1,0,unknown,no,163188,Male,52,1,39.0,1,1-2 Year,No,26584.0,26.0,179,0,COMPLETED,Y,N,0,N,N,0.372,5.5,N,,N,,0.141,0.437,1.0,1.4,Email,0.403,NO,NO,Bank Term Deposit,Insurance Cross-Sell,,20-09-2026,Term Deposit cross sell offer made to the customer via digital channels,10-09-2026
SYN-025621,profile_only_v1,20260814,True,25621,107656,0.244448,0.341125,0.430717,0.429944,0,0.096678,0.000773,0.321943,exact_age,high,30,blue-collar,single,secondary,yes,447,no,no,cellular,19,nov,426,2,189,6,failure,no,107656,Male,30,1,48.0,1,< 1 Year,No,2630.0,157.0,295,0,INCOMPLETE,Y,N,0,N,N,0.0,10.0,N,,N,,0.447,0.38,1.0,1.4,Call,0.873,NO,NO,Complete KYC,Bank Term Deposit,Insurance Cross-Sell,20-09-2026,KYC completion notification displayed in the mobile app and internet banking; reminder sent through SMS/email; cross-sell offers withheld until KYC is completed,10-09-2026
SYN-012458,profile_only_v1,20260814,True,12458,40386,0.744697,0.781862,0.253998,0.253933,0,0.037165,6.5e-05,0.123761,exact_age,high,57,housemaid,married,primary,no,53,no,no,unknown,1,jul,215,3,-1,0,unknown,no,40386,Male,57,1,28.0,0,1-2 Year,No,25781.0,26.0,76,0,COMPLETED,Y,N,0,N,N,0.598,4.6,N,,N,,0.426,0.684,1.0,1.4,Call,0.898,NO,NO,Insurance Cross-Sell,Bank Term Deposit,,20-09-2026,Insurance cross sell offer made to the customer via digital channels,10-09-2026
SYN-019462,profile_only_v1,20260814,True,19462,50074,0.495236,0.53561,0.805878,0.805746,0,0.040373,0.000131,0.134444,exact_age,high,37,admin.,single,tertiary,no,2505,no,no,cellular,7,aug,420,3,-1,0,unknown,no,50074,Female,37,1,37.0,1,1-2 Year,No,41666.0,152.0,233,0,COMPLETED,Y,N,0,N,N,0.158,8.6,N,,N,,0.216,0.293,1.0,1.4,SMS,0.882,YES,NO,Bank Term Deposit,Insurance Cross-Sell,,20-09-2026,Term Deposit cross sell offer made to the customer via digital channels,10-09-2026
SYN-004550,profile_only_v1,20260814,True,4550,77040,0.466062,0.525716,0.537935,0.537739,0,0.059654,0.000196,0.198648,exact_age,high,36,technician,divorced,secondary,no,566,yes,no,unknown,20,may,129,2,-1,0,unknown,no,77040,Male,36,1,18.0,1,1-2 Year,No,29790.0,124.0,57,0,COMPLETED,Y,N,0,N,N,0.519,3.0,N,,N,,0.544,0.659,1.0,1.4,Call,0.73,NO,NO,Service Intervention (Low NPS),Bank Term Deposit,Insurance Cross-Sell,20-09-2026,Service-recovery message -  apology / follow-up communication sent; contact-centre/service task created to address the customer’s recent experience,10-09-2026
SYN-006129,profile_only_v1,20260814,True,6129,248496,0.825969,0.789198,0.352217,0.35202,0,0.03677,0.000197,0.122446,exact_age,high,58,admin.,married,secondary,no,92,yes,no,unknown,27,may,180,1,-1,0,unknown,no,248496,Female,58,1,41.0,1,1-2 Year,No,26880.0,26.0,35,0,COMPLETED,N,N,34,Y,N,0.58,2.5,Y,INSURANCE,N,,0.298,0.582,1.0,1.4,Branch,0.847,NO,NO,No Marketing Action (Consent Withheld),Bank Term Deposit,Insurance Cross-Sell,20-09-2026,Marketing messages and sales offers suppressed across channels in absence of valid consent; only essential service communications retained,10-09-2026
SYN-024636,profile_only_v1,20260814,True,24636,87608,0.688127,0.698964,0.3719,0.375195,0,0.010837,0.003294,0.037014,exact_age,high,43,management,married,tertiary,no,0,yes,no,cellular,17,nov,360,2,-1,0,unknown,no,87608,Female,43,1,28.0,0,> 2 Years,Yes,33312.0,124.0,19,0,INCOMPLETE,Y,N,0,N,N,0.519,6.6,N,,N,,0.474,0.696,1.0,1.4,App,0.992,NO,YES,Complete KYC,Insurance Cross-Sell,Bank Term Deposit,20-09-2026,KYC completion notification displayed in the mobile app and internet banking; reminder sent through SMS/email; cross-sell offers withheld until KYC is completed,10-09-2026
SYN-019062,profile_only_v1,20260814,True,19062,40991,0.489976,0.506981,0.701142,0.700599,0,0.017006,0.000542,0.056645,exact_age,high,34,management,married,tertiary,no,697,no,no,cellular,5,aug,166,1,-1,0,unknown,no,40991,Male,34,1,28.0,1,1-2 Year,No,44562.0,26.0,222,0,COMPLETED,Y,N,13,N,N,0.184,7.6,N,,N,,0.834,0.542,1.0,1.4,App,0.947,NO,NO,Bank Term Deposit,Insurance Cross-Sell,,20-09-2026,Term Deposit cross sell offer made to the customer via digital channels,10-09-2026
SYN-026816,profile_only_v1,20260814,True,26816,366948,0.733152,0.774299,0.256146,0.256455,0,0.041147,0.000309,0.13702,exact_age,high,56,blue-collar,divorced,primary,no,12,no,no,cellular,20,nov,282,2,135,1,failure,no,366948,Male,56,1,28.0,1,1-2 Year,No,26087.0,124.0,278,0,COMPLETED,Y,N,0,N,N,0.0,10.0,N,,N,,0.329,0.566,1.0,1.4,SMS,0.923,NO,NO,Bank Term Deposit,Insurance Cross-Sell,,20-09-2026,Term Deposit cross sell offer made to the customer via digital channels,10-09-2026
SYN-017154,profile_only_v1,20260814,True,17154,35272,0.306448,0.341125,0.469426,0.469406,0,0.034678,2e-05,0.115478,exact_age,high,30,technician,single,tertiary,no,190,yes,no,cellular,28,jul,33,3,-1,0,unknown,no,35272,Male,30,1,30.0,1,< 1 Year,No,28425.0,152.0,269,0,COMPLETED,Y,N,0,N,N,0.041,10.0,N,,N,,0.354,0.229,1.0,1.4,App,0.875,NO,NO,Bank Term Deposit,Insurance Cross-Sell,,20-09-2026,Term Deposit cross sell offer made to the customer via digital channels,10-09-2026
SYN-040584,profile_only_v1,20260814,True,40584,43039,0.197427,0.238833,0.34705,0.347028,0,0.041407,2.1e-05,0.137885,exact_age,high,25,student,single,tertiary,no,58,no,no,cellular,24,jul,139,5,-1,0,unknown,yes,43039,Female,25,1,14.0,1,< 1 Year,No,25279.0,152.0,93,0,COMPLETED,N,N,0,N,N,0.482,7.9,N,,N,,0.541,0.567,1.0,1.4,App,0.948,YES,NO,No Marketing Action (Consent Withheld),Bank Term Deposit,Insurance Cross-Sell,20-09-2026,Marketing messages and sales offers suppressed across channels in absence of valid consent; only essential service communications retained,10-09-2026
SYN-035775,profile_only_v1,20260814,True,35775,33482,0.329926,0.371625,0.665119,0.664783,0,0.041699,0.000335,0.13886,exact_age,high,33,blue-collar,single,secondary,no,1925,yes,no,cellular,8,may,87,2,67,2,failure,no,33482,Male,33,1,8.0,0,< 1 Year,Yes,46591.0,124.0,239,0,COMPLETED,Y,N,16,N,N,0.15,7.4,N,,Y,TERM_DEPOSIT,0.644,0.681,1.0,1.4,SMS,0.78,NO,YES,Bank Term Deposit,Insurance Cross-Sell,Bank Term Deposit,20-09-2026,Term Deposit cross sell offer made to the customer via digital channels,10-09-2026
SYN-033177,profile_only_v1,20260814,True,33177,51183,0.383926,0.371625,0.691956,0.691966,0,0.012301,1e-05,0.040963,exact_age,high,33,blue-collar,married,secondary,no,2502,yes,no,cellular,20,apr,285,1,270,1,failure,no,51183,Male,33,1,50.0,1,< 1 Year,No,42621.0,152.0,281,0,COMPLETED,Y,N,0,N,N,0.211,7.3,N,,N,,0.528,0.206,1.0,1.4,SMS,0.558,NO,NO,Bank Term Deposit,Insurance Cross-Sell,,20-09-2026,Term Deposit cross sell offer made to the customer via digital channels,10-09-2026
SYN-003945,profile_only_v1,20260814,True,3945,170542,0.756302,0.786641,0.657376,0.65764,0,0.030338,0.000264,0.101029,exact_age,high,49,technician,divorced,tertiary,no,874,yes,no,unknown,16,may,152,2,-1,0,unknown,no,170542,Male,49,1,28.0,0,> 2 Years,Yes,44204.0,26.0,33,1,COMPLETED,Y,N,0,N,Y,0.428,5.0,N,,Y,INSURANCE,0.674,0.449,1.0,1.4,Email,0.589,NO,YES,Service Resolution,Insurance Cross-Sell,Bank Term Deposit,20-09-2026,"Complaint status and resolution options surfaced in the mobile app, internet banking or contact-centre desktop; service follow-up initiated; promotional offers suppressed until resolution",10-09-2026
SYN-022683,profile_only_v1,20260814,True,22683,34869,0.683676,0.726309,0.485449,0.485448,0,0.042633,1e-06,0.141967,exact_age,high,51,blue-collar,married,primary,no,581,no,no,cellular,25,aug,121,4,-1,0,unknown,no,34869,Male,51,1,29.0,0,1-2 Year,Yes,29546.0,26.0,249,0,COMPLETED,Y,N,0,N,N,0.169,7.4,N,,N,,0.305,0.614,1.0,1.4,SMS,0.778,NO,YES,Insurance Cross-Sell,Bank Term Deposit,,20-09-2026,Insurance cross sell offer made to the customer via digital channels,10-09-2026
SYN-023963,profile_only_v1,20260814,True,23963,161222,0.841766,0.850215,0.419144,0.417813,0,0.008449,0.00133,0.028332,exact_age,high,55,admin.,married,tertiary,no,46,no,no,cellular,29,aug,59,4,-1,0,unknown,no,161222,Male,55,1,28.0,0,> 2 Years,Yes,35614.0,124.0,57,1,COMPLETED,Y,N,0,N,N,0.564,5.6,N,,Y,INSURANCE,0.315,0.59,1.0,1.4,SMS,0.515,NO,NO,Insurance Cross-Sell,Insurance Cross-Sell,Bank Term Deposit,20-09-2026,Insurance cross sell offer made to the customer via digital channels,10-09-2026
SYN-026849,profile_only_v1,20260814,True,26849,314924,0.322448,0.341125,0.519478,0.519221,0,0.018678,0.000257,0.062201,exact_age,high,30,management,single,tertiary,no,212,yes,no,cellular,20,nov,370,2,-1,0,unknown,no,314924,Male,30,1,11.0,1,< 1 Year,No,31321.0,152.0,139,0,COMPLETED,Y,N,0,N,N,0.332,6.4,N,,N,,0.31,0.605,1.0,1.4,SMS,0.495,NO,NO,Bank Term Deposit,Insurance Cross-Sell,,20-09-2026,Term Deposit cross sell offer made to the customer via digital channels,10-09-2026
SYN-006608,profile_only_v1,20260814,True,6608,100677,0.547194,0.557608,0.661123,0.660999,0,0.010414,0.000124,0.034679,exact_age,high,39,technician,married,secondary,no,1427,yes,no,unknown,28,may,454,1,-1,0,unknown,no,100677,Male,39,1,28.0,1,1-2 Year,No,42897.0,124.0,81,0,COMPLETED,Y,N,0,N,N,0.608,3.2,N,,N,,0.72,0.223,1.0,1.4,App,0.757,NO,NO,Retention Action,Bank Term Deposit,Insurance Cross-Sell,20-09-2026,"Retention message prioritised - fee review, tailored support option and/or save offer; proactive contact task created for the service team; routine cross-sell deferred",10-09-2026
SYN-015986,profile_only_v1,20260814,True,15986,57220,0.387236,0.53561,0.114208,0.130459,0,0.148373,0.016251,0.495751,exact_age,high,37,blue-collar,single,primary,no,0,yes,yes,cellular,22,jul,118,1,-1,0,unknown,no,57220,Female,37,1,28.0,0,1-2 Year,Yes,2630.0,158.0,169,0,COMPLETED,Y,N,73,Y,Y,0.159,8.4,Y,INSURANCE,N,,0.451,0.746,1.0,1.4,Call,0.492,NO,YES,Payment Reminder / Collections Resolution,Insurance Cross-Sell,Bank Term Deposit,20-09-2026,"Payment-due reminder sent through the mobile app, internet banking, SMS or email; customer directed to payment options or the collections support journey; sales offers paused",10-09-2026
SYN-019088,profile_only_v1,20260814,True,19088,272066,0.322448,0.341125,0.754254,0.754293,0,0.018678,3.9e-05,0.062198,exact_age,high,30,management,single,tertiary,no,1041,no,no,cellular,5,aug,68,1,-1,0,unknown,no,272066,Female,30,1,41.0,1,< 1 Year,No,44753.0,152.0,205,0,COMPLETED,Y,N,0,N,N,0.209,7.1,N,,Y,TERM_DEPOSIT,0.468,0.521,1.0,1.4,App,0.84,NO,NO,Bank Term Deposit,Bank Term Deposit,Insurance Cross-Sell,20-09-2026,Term Deposit cross sell offer made to the customer via digital channels,10-09-2026
SYN-017135,profile_only_v1,20260814,True,17135,11151,0.205323,0.294061,0.159786,0.159649,0,0.088738,0.000137,0.295499,exact_age,high,27,technician,single,secondary,no,-646,yes,no,cellular,25,jul,135,8,-1,0,unknown,no,11151,Female,27,1,50.0,1,< 1 Year,Yes,21946.0,156.0,105,0,COMPLETED,Y,N,0,N,N,0.523,5.1,N,,N,,0.64,0.351,1.0,1.4,App,0.499,NO,NO,Bank Term Deposit,Insurance Cross-Sell,,20-09-2026,Term Deposit cross sell offer made to the customer via digital channels,10-09-2026
SYN-040701,profile_only_v1,20260814,True,40701,160703,0.906344,0.905402,0.886988,0.88586,0,0.000942,0.001128,0.00422,exact_age,high,63,retired,married,tertiary,no,8103,no,no,cellular,7,aug,258,1,-1,0,unknown,no,160703,Male,63,1,28.0,0,> 2 Years,Yes,57182.0,26.0,243,0,COMPLETED,Y,N,0,N,N,0.19,6.0,N,,N,,0.169,0.625,1.0,1.4,Call,0.478,YES,YES,Bank Term Deposit,Insurance Cross-Sell,,20-09-2026,Term Deposit cross sell offer made to the customer via digital channels,10-09-2026
SYN-000025,profile_only_v1,20260814,True,25,2277,0.515224,0.570481,0.138208,0.145899,0,0.055257,0.007691,0.185008,exact_age,high,40,retired,married,primary,no,0,yes,yes,unknown,5,may,181,1,-1,0,unknown,no,2277,Male,40,1,8.0,1,1-2 Year,Yes,2630.0,160.0,172,0,COMPLETED,Y,N,0,N,N,0.404,7.4,N,,N,,0.578,0.436,1.0,1.4,App,0.685,NO,NO,Bank Term Deposit,Insurance Cross-Sell,,20-09-2026,Term Deposit cross sell offer made to the customer via digital channels,10-09-2026
SYN-027248,profile_only_v1,20260814,True,27248,87871,0.741766,0.766215,0.427475,0.427484,0,0.024449,9e-06,0.081416,exact_age,high,55,admin.,married,primary,no,319,no,no,cellular,21,nov,124,3,-1,0,unknown,no,87871,Female,55,1,24.0,0,1-2 Year,Yes,27279.0,163.0,279,0,COMPLETED,Y,N,0,N,N,0.051,8.3,N,,N,,0.7,0.812,1.0,1.4,SMS,0.689,NO,YES,Insurance Cross-Sell,Bank Term Deposit,,20-09-2026,Insurance cross sell offer made to the customer via digital channels,10-09-2026
SYN-036839,profile_only_v1,20260814,True,36839,12819,0.183319,0.312702,0.32269,0.322615,0,0.129383,7.4e-05,0.430846,exact_age,high,28,student,single,secondary,no,197,yes,no,cellular,12,may,32,1,-1,0,unknown,no,12819,Female,28,1,41.0,1,< 1 Year,No,28639.0,26.0,241,0,COMPLETED,Y,N,0,N,N,0.16,8.9,N,,N,,0.415,0.421,1.0,1.4,Call,0.713,NO,NO,Bank Term Deposit,Insurance Cross-Sell,,20-09-2026,Term Deposit cross sell offer made to the customer via digital channels,10-09-2026
SYN-031705,profile_only_v1,20260814,True,31705,204821,0.461926,0.497625,0.3719,0.373307,0,0.035699,0.001407,0.118929,exact_age,high,33,management,married,tertiary,no,0,yes,no,cellular,7,apr,366,1,-1,0,unknown,no,204821,Male,33,1,33.0,1,1-2 Year,No,26411.0,124.0,158,0,COMPLETED,Y,N,48,Y,N,0.411,4.9,N,,N,,0.507,0.357,1.0,1.4,Call,0.812,NO,NO,Payment Reminder / Collections Resolution,Bank Term Deposit,Insurance Cross-Sell,20-09-2026,"Payment-due reminder sent through the mobile app, internet banking, SMS or email; customer directed to payment options or the collections support journey; sales offers paused",10-09-2026
SYN-027012,profile_only_v1,20260814,True,27012,356106,0.557236,0.53561,0.310478,0.310327,0,0.021627,0.000151,0.072017,exact_age,high,37,management,divorced,tertiary,yes,26,no,yes,cellular,21,nov,22,1,-1,0,unknown,no,356106,Male,37,1,28.0,1,1-2 Year,No,30290.0,154.0,35,0,COMPLETED,Y,N,0,N,N,0.626,4.5,Y,TERM_DEPOSIT,N,,0.695,0.56,1.0,1.4,Call,0.988,NO,NO,Retention Action,Bank Term Deposit,Insurance Cross-Sell,20-09-2026,"Retention message prioritised - fee review, tailored support option and/or save offer; proactive contact task created for the service team; routine cross-sell deferred",10-09-2026
SYN-034133,profile_only_v1,20260814,True,34133,40231,0.233976,0.506981,0.470405,0.470445,0,0.273006,3.9e-05,0.909109,exact_age,high,34,student,single,unknown,no,1281,no,no,cellular,30,apr,109,1,-1,0,unknown,no,40231,Female,34,1,24.0,0,1-2 Year,Yes,28477.0,124.0,112,0,COMPLETED,Y,N,0,N,N,0.411,3.8,Y,INSURANCE,N,,0.381,0.797,1.0,1.4,App,0.509,NO,YES,Service Intervention (Low NPS),Insurance Cross-Sell,Bank Term Deposit,20-09-2026,Service-recovery message -  apology / follow-up communication sent; contact-centre/service task created to address the customer’s recent experience,10-09-2026
SYN-036379,profile_only_v1,20260814,True,36379,50535,0.576639,0.630828,0.079694,0.130459,0,0.054188,0.050764,0.220608,exact_age,high,44,blue-collar,married,primary,no,-420,yes,no,cellular,11,may,220,2,-1,0,unknown,no,50535,Female,44,1,28.0,0,1-2 Year,Yes,2630.0,26.0,167,1,COMPLETED,Y,N,0,N,Y,0.184,6.4,N,,N,,0.68,0.698,1.0,1.4,App,0.814,NO,YES,Service Resolution,Insurance Cross-Sell,Bank Term Deposit,20-09-2026,"Complaint status and resolution options surfaced in the mobile app, internet banking or contact-centre desktop; service follow-up initiated; promotional offers suppressed until resolution",10-09-2026
SYN-021080,profile_only_v1,20260814,True,21080,101348,0.683766,0.766215,0.303653,0.30403,0,0.082449,0.000377,0.274557,exact_age,high,55,blue-collar,married,unknown,no,213,no,no,cellular,14,aug,406,2,-1,0,unknown,no,101348,Male,55,1,29.0,0,1-2 Year,Yes,23527.0,124.0,258,0,COMPLETED,Y,N,38,Y,N,0.191,9.2,Y,INSURANCE,N,,0.562,0.673,1.0,1.4,Call,0.459,NO,YES,Payment Reminder / Collections Resolution,Insurance Cross-Sell,Bank Term Deposit,20-09-2026,"Payment-due reminder sent through the mobile app, internet banking, SMS or email; customer directed to payment options or the collections support journey; sales offers paused",10-09-2026
SYN-029657,profile_only_v1,20260814,True,29657,95599,0.462062,0.525716,0.528438,0.536099,0,0.063654,0.007661,0.212831,exact_age,high,36,services,married,secondary,no,1177,yes,yes,cellular,3,feb,50,5,-1,0,unknown,no,95599,Male,36,1,10.0,0,1-2 Year,Yes,27318.0,124.0,255,0,COMPLETED,Y,N,0,N,N,0.009,10.0,N,,N,,0.431,0.5,1.0,1.4,SMS,0.785,NO,YES,Insurance Cross-Sell,Bank Term Deposit,,20-09-2026,Insurance cross sell offer made to the customer via digital channels,10-09-2026
SYN-028016,profile_only_v1,20260814,True,28016,162391,0.604853,0.599431,0.619531,0.619536,0,0.005423,5e-06,0.018057,exact_age,high,42,technician,married,secondary,no,799,no,no,cellular,28,jan,234,1,181,6,failure,no,162391,Male,42,1,41.0,0,1-2 Year,Yes,34272.0,124.0,76,1,COMPLETED,N,N,61,Y,N,0.417,5.7,Y,TERM_DEPOSIT,N,,0.549,0.886,1.0,1.4,App,0.87,NO,YES,No Marketing Action (Consent Withheld),Insurance Cross-Sell,Bank Term Deposit,20-09-2026,Marketing messages and sales offers suppressed across channels in absence of valid consent; only essential service communications retained,10-09-2026
SYN-017815,profile_only_v1,20260814,True,17815,228028,0.547194,0.557608,0.541197,0.541184,0,0.010414,1.3e-05,0.034678,exact_age,high,39,technician,married,secondary,no,738,no,yes,cellular,29,jul,90,2,-1,0,unknown,no,228028,Male,39,1,19.0,1,1-2 Year,No,31665.0,124.0,17,0,COMPLETED,N,N,0,N,N,0.714,4.4,N,,N,,0.371,0.402,1.0,1.4,SMS,0.731,NO,NO,No Marketing Action (Consent Withheld),Bank Term Deposit,Insurance Cross-Sell,20-09-2026,Marketing messages and sales offers suppressed across channels in absence of valid consent; only essential service communications retained,10-09-2026
SYN-014661,profile_only_v1,20260814,True,14661,158301,0.632645,0.66856,0.475834,0.479685,0,0.035915,0.003851,0.119984,exact_age,high,41,admin.,married,tertiary,no,226,yes,no,cellular,15,jul,157,5,-1,0,unknown,no,158301,Female,41,1,28.0,0,> 2 Years,Yes,38348.0,124.0,92,0,COMPLETED,Y,N,0,N,N,0.3,7.1,N,,N,,0.363,0.922,1.0,1.4,App,0.781,NO,YES,Insurance Cross-Sell,Bank Term Deposit,,20-09-2026,Insurance cross sell offer made to the customer via digital channels,10-09-2026
SYN-014081,profile_only_v1,20260814,True,14081,31957,0.586645,0.58456,0.120035,0.130459,0,0.002085,0.010424,0.026968,exact_age,high,41,technician,married,secondary,no,-172,yes,yes,cellular,11,jul,132,2,-1,0,unknown,no,31957,Male,41,1,28.0,0,1-2 Year,Yes,2630.0,26.0,107,1,COMPLETED,Y,N,0,N,Y,0.481,5.8,N,,N,,0.38,0.677,1.0,1.4,SMS,0.837,NO,YES,Service Resolution,Insurance Cross-Sell,Bank Term Deposit,20-09-2026,"Complaint status and resolution options surfaced in the mobile app, internet banking or contact-centre desktop; service follow-up initiated; promotional offers suppressed until resolution",10-09-2026
SYN-001828,profile_only_v1,20260814,True,1828,240884,0.502645,0.58456,0.640283,0.640267,0,0.081915,1.6e-05,0.272777,exact_age,high,41,management,married,unknown,no,2457,yes,no,unknown,9,may,285,1,-1,0,unknown,no,240884,Male,41,1,28.0,1,1-2 Year,No,42109.0,26.0,247,0,COMPLETED,N,N,0,N,N,0.114,9.4,N,,Y,TERM_DEPOSIT,0.395,0.498,1.0,1.4,Branch,0.917,NO,NO,No Marketing Action (Consent Withheld),Bank Term Deposit,Insurance Cross-Sell,20-09-2026,Marketing messages and sales offers suppressed across channels in absence of valid consent; only essential service communications retained,10-09-2026
SYN-032971,profile_only_v1,20260814,True,32971,107016,0.531194,0.557608,0.568059,0.568164,0,0.026414,0.000105,0.087958,exact_age,high,39,services,married,secondary,no,946,yes,no,cellular,17,apr,295,2,-1,0,unknown,no,107016,Female,39,1,8.0,0,1-2 Year,Yes,37685.0,124.0,125,0,COMPLETED,Y,N,63,Y,N,0.394,6.4,Y,TERM_DEPOSIT,N,,0.513,1.0,1.0,1.4,App,0.847,NO,YES,Payment Reminder / Collections Resolution,Insurance Cross-Sell,Bank Term Deposit,20-09-2026,"Payment-due reminder sent through the mobile app, internet banking, SMS or email; customer directed to payment options or the collections support journey; sales offers paused",10-09-2026
SYN-042042,profile_only_v1,20260814,True,42042,182836,0.684142,0.757249,0.311107,0.31095,0,0.073107,0.000157,0.243446,exact_age,high,54,technician,married,unknown,no,240,yes,no,cellular,29,oct,142,1,-1,0,unknown,yes,182836,Male,54,1,50.0,0,1-2 Year,Yes,25797.0,124.0,277,1,COMPLETED,Y,N,0,N,N,0.0,10.0,N,,N,,0.51,0.669,1.0,1.4,SMS,0.499,NO,NO,Insurance Cross-Sell,Bank Term Deposit,,20-09-2026,Insurance cross sell offer made to the customer via digital channels,10-09-2026
SYN-037207,profile_only_v1,20260814,True,37207,93261,0.466062,0.525716,0.399637,0.399427,0,0.059654,0.00021,0.198648,exact_age,high,36,blue-collar,married,secondary,no,418,yes,yes,cellular,13,may,132,2,-1,0,unknown,no,93261,Male,36,1,28.0,0,1-2 Year,Yes,34424.0,124.0,250,0,COMPLETED,Y,N,0,N,N,0.101,9.3,N,,N,,0.606,0.55,1.0,1.4,SMS,0.678,NO,YES,Insurance Cross-Sell,Bank Term Deposit,,20-09-2026,Insurance cross sell offer made to the customer via digital channels,10-09-2026
SYN-042892,profile_only_v1,20260814,True,42892,310339,0.867961,0.886899,0.743892,0.744041,0,0.018938,0.000149,0.063063,exact_age,high,80,retired,married,secondary,no,2354,no,no,telephone,4,feb,739,1,181,2,failure,yes,310339,Female,80,1,28.0,1,1-2 Year,No,46652.0,55.0,64,0,COMPLETED,Y,N,0,N,N,0.581,2.9,N,,Y,INSURANCE,0.627,0.684,1.0,1.4,Call,0.821,YES,NO,Service Intervention (Low NPS),Bank Term Deposit,Insurance Cross-Sell,20-09-2026,Service-recovery message -  apology / follow-up communication sent; contact-centre/service task created to address the customer’s recent experience,10-09-2026
SYN-033369,profile_only_v1,20260814,True,33369,329327,0.462062,0.525716,0.558151,0.558222,0,0.063654,7.1e-05,0.211967,exact_age,high,36,services,married,secondary,no,878,yes,no,cellular,20,apr,108,1,-1,0,unknown,no,329327,Female,36,1,30.0,0,1-2 Year,Yes,27163.0,154.0,66,1,COMPLETED,Y,N,0,N,N,0.629,2.9,N,,Y,TERM_DEPOSIT,0.499,1.0,1.0,1.4,App,0.75,NO,YES,Retention Action,Insurance Cross-Sell,Bank Term Deposit,20-09-2026,"Retention message prioritised - fee review, tailored support option and/or save offer; proactive contact task created for the service team; routine cross-sell deferred",10-09-2026
SYN-028153,profile_only_v1,20260814,True,28153,252450,0.450062,0.525716,0.489391,0.489115,0,0.075654,0.000276,0.251928,exact_age,high,36,services,divorced,secondary,no,532,yes,no,cellular,29,jan,391,1,241,1,failure,no,252450,Male,36,1,29.0,1,1-2 Year,No,29640.0,26.0,247,0,COMPLETED,N,N,0,N,N,0.129,9.3,N,,N,,0.438,0.606,1.0,1.4,SMS,0.666,NO,NO,No Marketing Action (Consent Withheld),Bank Term Deposit,Insurance Cross-Sell,20-09-2026,Marketing messages and sales offers suppressed across channels in absence of valid consent; only essential service communications retained,10-09-2026
SYN-026386,profile_only_v1,20260814,True,26386,121261,0.463966,0.546112,0.445721,0.445784,0,0.082146,6.3e-05,0.273545,exact_age,high,38,blue-collar,married,primary,no,433,no,no,cellular,20,nov,81,2,136,3,failure,no,121261,Male,38,1,21.0,0,1-2 Year,Yes,25747.0,124.0,277,0,COMPLETED,Y,N,87,Y,N,0.092,8.4,N,,N,,0.537,0.583,1.0,1.4,SMS,0.851,NO,YES,Payment Reminder / Collections Resolution,Insurance Cross-Sell,Bank Term Deposit,20-09-2026,"Payment-due reminder sent through the mobile app, internet banking, SMS or email; customer directed to payment options or the collections support journey; sales offers paused",10-09-2026
SYN-002608,profile_only_v1,20260814,True,2608,336004,0.661002,0.67601,0.46827,0.468307,0,0.015008,3.7e-05,0.049978,exact_age,high,47,services,divorced,secondary,no,743,yes,yes,unknown,13,may,367,1,-1,0,unknown,no,336004,Male,47,1,8.0,0,1-2 Year,Yes,35238.0,26.0,158,0,COMPLETED,Y,N,0,N,N,0.38,5.4,N,,N,,0.383,0.961,1.0,1.4,Branch,0.958,NO,YES,Insurance Cross-Sell,Bank Term Deposit,,20-09-2026,Insurance cross sell offer made to the customer via digital channels,10-09-2026
SYN-004166,profile_only_v1,20260814,True,4166,309744,0.261319,0.312702,0.660058,0.66006,0,0.051383,2e-06,0.171106,exact_age,high,28,blue-collar,married,secondary,no,1827,yes,no,unknown,19,may,211,2,-1,0,unknown,no,309744,Female,28,1,14.0,1,< 1 Year,No,33133.0,152.0,241,0,COMPLETED,Y,N,0,N,N,0.289,7.0,N,,Y,TERM_DEPOSIT,0.589,0.916,1.0,1.4,SMS,0.839,NO,NO,Bank Term Deposit,Bank Term Deposit,Insurance Cross-Sell,20-09-2026,Term Deposit cross sell offer made to the customer via digital channels,10-09-2026
SYN-040276,profile_only_v1,20260814,True,40276,55492,0.167427,0.238833,0.515818,0.515825,0,0.071407,7e-06,0.237785,exact_age,high,25,services,single,secondary,no,505,no,no,cellular,15,jun,284,1,-1,0,unknown,yes,55492,Female,25,1,35.0,1,< 1 Year,No,31318.0,152.0,288,0,COMPLETED,Y,N,81,Y,N,0.036,10.0,N,,N,,0.525,0.416,1.0,1.4,SMS,0.643,YES,NO,Payment Reminder / Collections Resolution,Bank Term Deposit,Insurance Cross-Sell,20-09-2026,"Payment-due reminder sent through the mobile app, internet banking, SMS or email; customer directed to payment options or the collections support journey; sales offers paused",10-09-2026
SYN-029096,profile_only_v1,20260814,True,29096,253537,0.631002,0.67601,0.338416,0.338589,0,0.045008,0.000174,0.149878,exact_age,high,47,admin.,single,secondary,no,15,no,no,cellular,2,feb,71,1,266,4,failure,no,253537,Male,47,1,8.0,1,1-2 Year,No,30306.0,124.0,263,0,COMPLETED,Y,N,70,Y,N,0.014,10.0,N,,N,,0.455,0.663,1.0,1.4,Call,0.466,NO,NO,Payment Reminder / Collections Resolution,Bank Term Deposit,Insurance Cross-Sell,20-09-2026,"Payment-due reminder sent through the mobile app, internet banking, SMS or email; customer directed to payment options or the collections support journey; sales offers paused",10-09-2026
SYN-013828,profile_only_v1,20260814,True,13828,81460,0.792752,0.774299,0.153786,0.153865,0,0.018453,7.9e-05,0.06145,exact_age,high,56,retired,divorced,secondary,no,-890,yes,no,cellular,10,jul,467,1,-1,0,unknown,no,81460,Female,56,1,50.0,1,1-2 Year,No,2630.0,124.0,99,0,COMPLETED,Y,N,0,N,N,0.572,4.4,N,,N,,0.527,0.561,1.0,1.4,App,0.406,NO,NO,Bank Term Deposit,Insurance Cross-Sell,,20-09-2026,Term Deposit cross sell offer made to the customer via digital channels,10-09-2026
SYN-037835,profile_only_v1,20260814,True,37835,349660,0.419976,0.506981,0.503557,0.503272,0,0.087006,0.000285,0.28973,exact_age,high,34,admin.,married,secondary,no,774,yes,yes,cellular,14,may,163,1,175,6,other,no,349660,Female,34,1,28.0,0,1-2 Year,Yes,38175.0,124.0,296,1,INCOMPLETE,Y,N,22,N,N,0.0,9.3,N,,N,,0.476,0.952,1.0,1.4,Call,0.875,NO,YES,Complete KYC,Insurance Cross-Sell,Bank Term Deposit,20-09-2026,KYC completion notification displayed in the mobile app and internet banking; reminder sent through SMS/email; cross-sell offers withheld until KYC is completed,10-09-2026
SYN-001063,profile_only_v1,20260814,True,1063,160574,0.348448,0.341125,0.235598,0.235613,0,0.007322,1.4e-05,0.024382,exact_age,high,30,technician,divorced,tertiary,no,-317,yes,no,unknown,7,may,381,2,-1,0,unknown,no,160574,Female,30,1,23.0,1,< 1 Year,No,21329.0,152.0,190,0,COMPLETED,Y,N,0,N,N,0.205,8.6,N,,N,,0.441,0.449,1.0,1.4,Call,0.685,NO,NO,Bank Term Deposit,Insurance Cross-Sell,,20-09-2026,Term Deposit cross sell offer made to the customer via digital channels,10-09-2026
SYN-027822,profile_only_v1,20260814,True,27822,147623,0.349426,0.352244,0.573911,0.573706,0,0.002818,0.000205,0.009396,exact_age,high,31,management,single,tertiary,no,581,yes,yes,cellular,28,jan,572,1,-1,0,unknown,no,147623,Female,31,1,41.0,1,< 1 Year,No,35252.0,152.0,134,0,COMPLETED,Y,N,0,N,N,0.259,7.5,N,,N,,0.401,0.655,1.0,1.4,Call,0.876,NO,NO,Bank Term Deposit,Insurance Cross-Sell,,20-09-2026,Term Deposit cross sell offer made to the customer via digital channels,10-09-2026
SYN-020996,profile_only_v1,20260814,True,20996,374299,0.394626,0.352244,0.607804,0.607822,0,0.042382,1.8e-05,0.141134,exact_age,high,31,self-employed,married,tertiary,no,414,no,no,cellular,14,aug,169,5,-1,0,unknown,no,374299,Female,31,1,29.0,0,< 1 Year,No,37090.0,26.0,37,1,COMPLETED,N,N,0,N,N,0.613,5.1,N,,N,,0.631,0.777,1.0,1.4,Call,0.936,NO,YES,No Marketing Action (Consent Withheld),Insurance Cross-Sell,Bank Term Deposit,20-09-2026,Marketing messages and sales offers suppressed across channels in absence of valid consent; only essential service communications retained,10-09-2026
SYN-033201,profile_only_v1,20260814,True,33201,58633,0.787798,0.798805,0.497366,0.496467,0,0.011008,0.000899,0.036724,exact_age,high,50,entrepreneur,married,tertiary,no,221,yes,no,cellular,20,apr,319,2,340,1,failure,no,58633,Male,50,1,28.0,0,> 2 Years,Yes,39035.0,124.0,37,0,COMPLETED,Y,N,0,N,N,0.563,3.7,N,,N,,0.382,0.724,1.0,1.4,Call,0.582,NO,YES,Service Intervention (Low NPS),Insurance Cross-Sell,Bank Term Deposit,20-09-2026,Service-recovery message -  apology / follow-up communication sent; contact-centre/service task created to address the customer’s recent experience,10-09-2026
SYN-013238,profile_only_v1,20260814,True,13238,97935,0.369976,0.380981,0.094641,0.068244,0,0.011006,0.026397,0.075485,exact_age,high,34,technician,single,secondary,yes,-2,no,yes,cellular,8,jul,283,1,-1,0,unknown,no,97935,Male,34,1,29.0,0,< 1 Year,Yes,2630.0,1.0,177,0,COMPLETED,Y,N,0,N,N,0.327,6.9,N,,N,,0.475,0.604,1.0,1.4,Call,0.911,NO,NO,Insurance Cross-Sell,Bank Term Deposit,,20-09-2026,Insurance cross sell offer made to the customer via digital channels,10-09-2026
SYN-010014,profile_only_v1,20260814,True,10014,143657,0.176762,0.362171,0.504119,0.503928,0,0.185409,0.00019,0.617412,exact_age,high,32,student,single,unknown,no,2313,yes,no,unknown,9,jun,99,26,-1,0,unknown,no,143657,Female,32,1,50.0,1,< 1 Year,No,35215.0,152.0,226,0,INCOMPLETE,Y,N,0,N,N,0.191,7.9,N,,Y,TERM_DEPOSIT,0.671,0.693,1.0,1.4,SMS,0.615,NO,NO,Complete KYC,Bank Term Deposit,Insurance Cross-Sell,20-09-2026,KYC completion notification displayed in the mobile app and internet banking; reminder sent through SMS/email; cross-sell offers withheld until KYC is completed,10-09-2026
SYN-006610,profile_only_v1,20260814,True,6610,376364,0.471966,0.546112,0.731309,0.731136,0,0.074146,0.000172,0.246905,exact_age,high,38,technician,single,secondary,no,2751,yes,no,unknown,28,may,185,1,-1,0,unknown,no,376364,Female,38,1,28.0,0,1-2 Year,Yes,45972.0,124.0,95,0,INCOMPLETE,Y,N,44,Y,Y,0.488,6.1,N,,N,,0.503,0.869,1.0,1.4,Branch,0.518,NO,YES,Complete KYC,Insurance Cross-Sell,Bank Term Deposit,20-09-2026,KYC completion notification displayed in the mobile app and internet banking; reminder sent through SMS/email; cross-sell offers withheld until KYC is completed,10-09-2026
SYN-030315,profile_only_v1,20260814,True,30315,110809,0.329926,0.371625,0.66115,0.661122,0,0.041699,2.8e-05,0.138857,exact_age,high,33,blue-collar,single,secondary,no,1387,no,no,cellular,5,feb,185,1,-1,0,unknown,no,110809,Male,33,1,28.0,0,< 1 Year,Yes,47720.0,124.0,67,0,INCOMPLETE,Y,N,52,Y,N,0.651,2.4,N,,N,,0.358,0.842,1.0,1.4,SMS,0.612,NO,YES,Complete KYC,Insurance Cross-Sell,Bank Term Deposit,20-09-2026,KYC completion notification displayed in the mobile app and internet banking; reminder sent through SMS/email; cross-sell offers withheld until KYC is completed,10-09-2026
SYN-038637,profile_only_v1,20260814,True,38637,29001,0.294899,0.328197,0.512461,0.512451,0,0.033298,1e-05,0.110881,exact_age,high,29,entrepreneur,married,secondary,no,422,yes,no,cellular,15,may,69,3,361,2,failure,no,29001,Female,29,1,28.0,1,< 1 Year,No,41326.0,152.0,248,0,COMPLETED,Y,N,42,Y,N,0.133,8.4,N,,N,,0.394,0.406,1.0,1.4,App,0.823,NO,NO,Payment Reminder / Collections Resolution,Bank Term Deposit,Insurance Cross-Sell,20-09-2026,"Payment-due reminder sent through the mobile app, internet banking, SMS or email; customer directed to payment options or the collections support journey; sales offers paused",10-09-2026
SYN-028158,profile_only_v1,20260814,True,28158,89593,0.471236,0.53561,0.727845,0.727845,0,0.064373,0.0,0.214364,exact_age,high,37,unemployed,married,secondary,no,4769,no,no,cellular,29,jan,124,1,-1,0,unknown,no,89593,Male,37,1,30.0,1,1-2 Year,No,31747.0,152.0,199,0,COMPLETED,Y,N,0,N,N,0.258,8.8,N,,N,,0.46,0.558,1.0,1.4,App,0.855,NO,NO,Bank Term Deposit,Insurance Cross-Sell,,20-09-2026,Term Deposit cross sell offer made to the customer via digital channels,10-09-2026
SYN-021967,profile_only_v1,20260814,True,21967,136444,0.451465,0.516268,0.370746,0.370741,0,0.064803,5e-06,0.215795,exact_age,high,35,technician,married,secondary,no,179,no,yes,cellular,20,aug,82,2,-1,0,unknown,no,136444,Female,35,1,28.0,0,1-2 Year,Yes,33252.0,153.0,157,0,COMPLETED,Y,N,0,N,N,0.375,6.1,N,,N,,0.544,0.812,1.0,1.4,SMS,0.783,NO,YES,Insurance Cross-Sell,Bank Term Deposit,,20-09-2026,Insurance cross sell offer made to the customer via digital channels,10-09-2026
SYN-017615,profile_only_v1,20260814,True,17615,317446,0.677727,0.698964,0.526522,0.526387,0,0.021237,0.000135,0.070719,exact_age,high,43,entrepreneur,married,tertiary,no,210,no,no,cellular,29,jul,646,2,-1,0,unknown,no,317446,Male,43,1,28.0,0,> 2 Years,Yes,40214.0,124.0,227,0,COMPLETED,Y,N,0,N,N,0.293,5.8,N,,Y,TERM_DEPOSIT,0.609,0.829,1.0,1.4,App,0.92,NO,YES,Bank Term Deposit,Insurance Cross-Sell,Bank Term Deposit,20-09-2026,Term Deposit cross sell offer made to the customer via digital channels,10-09-2026
SYN-013758,profile_only_v1,20260814,True,13758,364663,0.580853,0.599431,0.546865,0.546971,0,0.018577,0.000106,0.061863,exact_age,high,42,blue-collar,divorced,secondary,no,1261,yes,yes,cellular,10,jul,272,1,-1,0,unknown,no,364663,Male,42,1,9.0,0,1-2 Year,Yes,31325.0,124.0,254,0,COMPLETED,Y,N,0,N,N,0.098,10.0,N,,N,,0.343,0.633,1.0,1.4,SMS,0.958,NO,YES,Insurance Cross-Sell,Bank Term Deposit,,20-09-2026,Insurance cross sell offer made to the customer via digital channels,10-09-2026
SYN-002725,profile_only_v1,20260814,True,2725,245652,0.756697,0.781862,0.564033,0.564107,0,0.025165,7.4e-05,0.083801,exact_age,high,57,blue-collar,married,primary,no,1352,yes,no,unknown,13,may,104,2,-1,0,unknown,no,245652,Male,57,1,28.0,1,1-2 Year,No,39405.0,124.0,102,0,COMPLETED,Y,N,0,N,N,0.527,4.3,Y,TERM_DEPOSIT,N,,0.477,0.27,1.0,1.4,SMS,0.555,NO,NO,Bank Term Deposit,Bank Term Deposit,Insurance Cross-Sell,20-09-2026,Term Deposit cross sell offer made to the customer via digital channels,10-09-2026
SYN-044168,profile_only_v1,20260814,True,44168,254876,0.800124,0.856686,0.483311,0.484044,0,0.056562,0.000732,0.188361,exact_age,high,70,retired,divorced,primary,no,482,no,no,telephone,14,jul,413,1,181,3,success,yes,254876,Female,70,1,28.0,0,1-2 Year,Yes,37529.0,122.0,64,1,COMPLETED,Y,N,40,Y,N,0.7,2.3,N,,Y,INSURANCE,0.685,0.763,1.0,1.4,Call,0.687,YES,NO,Payment Reminder / Collections Resolution,Bank Term Deposit,Insurance Cross-Sell,20-09-2026,"Payment-due reminder sent through the mobile app, internet banking, SMS or email; customer directed to payment options or the collections support journey; sales offers paused",10-09-2026
