synthetic_link_id,point_in_time,nbc_date,NBC1
SYN-023237,1,30-03-2026,Bank Term Deposit
SYN-023237,2,10-04-2026,Bank Term Deposit
SYN-023237,3,20-04-2026,Bank Term Deposit
SYN-023237,4,30-04-2026,Bank Term Deposit
SYN-023237,5,10-05-2026,Bank Term Deposit
SYN-023237,6,20-05-2026,Bank Term Deposit
SYN-023237,7,30-05-2026,Bank Term Deposit
SYN-023237,8,10-06-2026,Bank Term Deposit
SYN-023237,9,20-06-2026,Bank Term Deposit
SYN-023237,10,30-06-2026,Bank Term Deposit
SYN-023237,11,10-07-2026,Bank Term Deposit
SYN-023237,12,20-07-2026,Bank Term Deposit
SYN-023237,13,30-07-2026,Insurance Cross-Sell
SYN-023237,14,10-08-2026,Insurance Cross-Sell
SYN-023237,15,20-08-2026,Insurance Cross-Sell
SYN-023237,16,30-08-2026,Payment Reminder / Collections Resolution
SYN-023237,17,10-09-2026,Payment Reminder / Collections Resolution
SYN-023237,18,20-09-2026,Payment Reminder / Collections Resolution
SYN-007489,1,30-03-2026,Payment Reminder / Collections Resolution
SYN-007489,2,10-04-2026,Insurance Cross-Sell
SYN-007489,3,20-04-2026,Insurance Cross-Sell
SYN-007489,4,30-04-2026,Insurance Cross-Sell
SYN-007489,5,10-05-2026,Insurance Cross-Sell
SYN-007489,6,20-05-2026,Service Resolution
SYN-007489,7,30-05-2026,Insurance Cross-Sell
SYN-007489,8,10-06-2026,Bank Term Deposit
SYN-007489,9,20-06-2026,Bank Term Deposit
SYN-007489,10,30-06-2026,Bank Term Deposit
SYN-007489,11,10-07-2026,Bank Term Deposit
SYN-007489,12,20-07-2026,Bank Term Deposit
SYN-007489,13,30-07-2026,Bank Term Deposit
SYN-007489,14,10-08-2026,Service Resolution
SYN-007489,15,20-08-2026,Bank Term Deposit
SYN-007489,16,30-08-2026,Insurance Cross-Sell
SYN-007489,17,10-09-2026,Insurance Cross-Sell
SYN-007489,18,20-09-2026,Insurance Cross-Sell
SYN-033801,1,30-03-2026,Insurance Cross-Sell
SYN-033801,2,10-04-2026,Insurance Cross-Sell
SYN-033801,3,20-04-2026,Insurance Cross-Sell
SYN-033801,4,30-04-2026,Insurance Cross-Sell
SYN-033801,5,10-05-2026,Insurance Cross-Sell
SYN-033801,6,20-05-2026,Insurance Cross-Sell
SYN-033801,7,30-05-2026,Insurance Cross-Sell
SYN-033801,8,10-06-2026,Insurance Cross-Sell
SYN-033801,9,20-06-2026,Insurance Cross-Sell
SYN-033801,10,30-06-2026,Insurance Cross-Sell
SYN-033801,11,10-07-2026,Insurance Cross-Sell
SYN-033801,12,20-07-2026,Insurance Cross-Sell
SYN-033801,13,30-07-2026,No Marketing Action (Consent Withheld)
SYN-033801,14,10-08-2026,No Marketing Action (Consent Withheld)
SYN-033801,15,20-08-2026,No Marketing Action (Consent Withheld)
SYN-033801,16,30-08-2026,No Marketing Action (Consent Withheld)
SYN-033801,17,10-09-2026,No Marketing Action (Consent Withheld)
SYN-033801,18,20-09-2026,No Marketing Action (Consent Withheld)
SYN-018907,1,30-03-2026,Insurance Cross-Sell
SYN-018907,2,10-04-2026,Bank Term Deposit
SYN-018907,3,20-04-2026,Bank Term Deposit
SYN-018907,4,30-04-2026,Bank Term Deposit
SYN-018907,5,10-05-2026,Bank Term Deposit
SYN-018907,6,20-05-2026,Bank Term Deposit
SYN-018907,7,30-05-2026,Bank Term Deposit
SYN-018907,8,10-06-2026,Bank Term Deposit
SYN-018907,9,20-06-2026,Bank Term Deposit
SYN-018907,10,30-06-2026,Bank Term Deposit
SYN-018907,11,10-07-2026,Bank Term Deposit
SYN-018907,12,20-07-2026,Complete KYC
SYN-018907,13,30-07-2026,Complete KYC
SYN-018907,14,10-08-2026,Complete KYC
SYN-018907,15,20-08-2026,Complete KYC
SYN-018907,16,30-08-2026,Complete KYC
SYN-018907,17,10-09-2026,Complete KYC
SYN-018907,18,20-09-2026,Complete KYC
SYN-012905,1,30-03-2026,Insurance Cross-Sell
SYN-012905,2,10-04-2026,Insurance Cross-Sell
SYN-012905,3,20-04-2026,Insurance Cross-Sell
SYN-012905,4,30-04-2026,Bank Term Deposit
SYN-012905,5,10-05-2026,Insurance Cross-Sell
SYN-012905,6,20-05-2026,Insurance Cross-Sell
SYN-012905,7,30-05-2026,Insurance Cross-Sell
SYN-012905,8,10-06-2026,Insurance Cross-Sell
SYN-012905,9,20-06-2026,Insurance Cross-Sell
SYN-012905,10,30-06-2026,Insurance Cross-Sell
SYN-012905,11,10-07-2026,Insurance Cross-Sell
SYN-012905,12,20-07-2026,Insurance Cross-Sell
SYN-012905,13,30-07-2026,Insurance Cross-Sell
SYN-012905,14,10-08-2026,Insurance Cross-Sell
SYN-012905,15,20-08-2026,Insurance Cross-Sell
SYN-012905,16,30-08-2026,Insurance Cross-Sell
SYN-012905,17,10-09-2026,Insurance Cross-Sell
SYN-012905,18,20-09-2026,Insurance Cross-Sell
SYN-001646,1,30-03-2026,Bank Term Deposit
SYN-001646,2,10-04-2026,Bank Term Deposit
SYN-001646,3,20-04-2026,Bank Term Deposit
SYN-001646,4,30-04-2026,Bank Term Deposit
SYN-001646,5,10-05-2026,Insurance Cross-Sell
SYN-001646,6,20-05-2026,Insurance Cross-Sell
SYN-001646,7,30-05-2026,Insurance Cross-Sell
SYN-001646,8,10-06-2026,Insurance Cross-Sell
SYN-001646,9,20-06-2026,Insurance Cross-Sell
SYN-001646,10,30-06-2026,Insurance Cross-Sell
SYN-001646,11,10-07-2026,Insurance Cross-Sell
SYN-001646,12,20-07-2026,Insurance Cross-Sell
SYN-001646,13,30-07-2026,Insurance Cross-Sell
SYN-001646,14,10-08-2026,Insurance Cross-Sell
SYN-001646,15,20-08-2026,Insurance Cross-Sell
SYN-001646,16,30-08-2026,Insurance Cross-Sell
SYN-001646,17,10-09-2026,Bank Term Deposit
SYN-001646,18,20-09-2026,Bank Term Deposit
SYN-043210,1,30-03-2026,Bank Term Deposit
SYN-043210,2,10-04-2026,Bank Term Deposit
SYN-043210,3,20-04-2026,Payment Reminder / Collections Resolution
SYN-043210,4,30-04-2026,Bank Term Deposit
SYN-043210,5,10-05-2026,Insurance Cross-Sell
SYN-043210,6,20-05-2026,Insurance Cross-Sell
SYN-043210,7,30-05-2026,Bank Term Deposit
SYN-043210,8,10-06-2026,Bank Term Deposit
SYN-043210,9,20-06-2026,Bank Term Deposit
SYN-043210,10,30-06-2026,Bank Term Deposit
SYN-043210,11,10-07-2026,Bank Term Deposit
SYN-043210,12,20-07-2026,Bank Term Deposit
SYN-043210,13,30-07-2026,Bank Term Deposit
SYN-043210,14,10-08-2026,Bank Term Deposit
SYN-043210,15,20-08-2026,Bank Term Deposit
SYN-043210,16,30-08-2026,Bank Term Deposit
SYN-043210,17,10-09-2026,Bank Term Deposit
SYN-043210,18,20-09-2026,Bank Term Deposit
SYN-042116,1,30-03-2026,Bank Term Deposit
SYN-042116,2,10-04-2026,Insurance Cross-Sell
SYN-042116,3,20-04-2026,Insurance Cross-Sell
SYN-042116,4,30-04-2026,Insurance Cross-Sell
SYN-042116,5,10-05-2026,Insurance Cross-Sell
SYN-042116,6,20-05-2026,Insurance Cross-Sell
SYN-042116,7,30-05-2026,Insurance Cross-Sell
SYN-042116,8,10-06-2026,Insurance Cross-Sell
SYN-042116,9,20-06-2026,Insurance Cross-Sell
SYN-042116,10,30-06-2026,Insurance Cross-Sell
SYN-042116,11,10-07-2026,Insurance Cross-Sell
SYN-042116,12,20-07-2026,Insurance Cross-Sell
SYN-042116,13,30-07-2026,Insurance Cross-Sell
SYN-042116,14,10-08-2026,Insurance Cross-Sell
SYN-042116,15,20-08-2026,Insurance Cross-Sell
SYN-042116,16,30-08-2026,Insurance Cross-Sell
SYN-042116,17,10-09-2026,Insurance Cross-Sell
SYN-042116,18,20-09-2026,Insurance Cross-Sell
SYN-014625,1,30-03-2026,Bank Term Deposit
SYN-014625,2,10-04-2026,Insurance Cross-Sell
SYN-014625,3,20-04-2026,Insurance Cross-Sell
SYN-014625,4,30-04-2026,Insurance Cross-Sell
SYN-014625,5,10-05-2026,Insurance Cross-Sell
SYN-014625,6,20-05-2026,Insurance Cross-Sell
SYN-014625,7,30-05-2026,Insurance Cross-Sell
SYN-014625,8,10-06-2026,Insurance Cross-Sell
SYN-014625,9,20-06-2026,Bank Term Deposit
SYN-014625,10,30-06-2026,Bank Term Deposit
SYN-014625,11,10-07-2026,Bank Term Deposit
SYN-014625,12,20-07-2026,Bank Term Deposit
SYN-014625,13,30-07-2026,Bank Term Deposit
SYN-014625,14,10-08-2026,Bank Term Deposit
SYN-014625,15,20-08-2026,Bank Term Deposit
SYN-014625,16,30-08-2026,Bank Term Deposit
SYN-014625,17,10-09-2026,Bank Term Deposit
SYN-014625,18,20-09-2026,Bank Term Deposit
SYN-036754,1,30-03-2026,Insurance Cross-Sell
SYN-036754,2,10-04-2026,Insurance Cross-Sell
SYN-036754,3,20-04-2026,Insurance Cross-Sell
SYN-036754,4,30-04-2026,Service Intervention (Low NPS)
SYN-036754,5,10-05-2026,Service Intervention (Low NPS)
SYN-036754,6,20-05-2026,Insurance Cross-Sell
SYN-036754,7,30-05-2026,Insurance Cross-Sell
SYN-036754,8,10-06-2026,Insurance Cross-Sell
SYN-036754,9,20-06-2026,Retention Action
SYN-036754,10,30-06-2026,Retention Action
SYN-036754,11,10-07-2026,Retention Action
SYN-036754,12,20-07-2026,Retention Action
SYN-036754,13,30-07-2026,Insurance Cross-Sell
SYN-036754,14,10-08-2026,Insurance Cross-Sell
SYN-036754,15,20-08-2026,Insurance Cross-Sell
SYN-036754,16,30-08-2026,Insurance Cross-Sell
SYN-036754,17,10-09-2026,Service Intervention (Low NPS)
SYN-036754,18,20-09-2026,Service Intervention (Low NPS)
SYN-004328,1,30-03-2026,Insurance Cross-Sell
SYN-004328,2,10-04-2026,Insurance Cross-Sell
SYN-004328,3,20-04-2026,Insurance Cross-Sell
SYN-004328,4,30-04-2026,Insurance Cross-Sell
SYN-004328,5,10-05-2026,Insurance Cross-Sell
SYN-004328,6,20-05-2026,Insurance Cross-Sell
SYN-004328,7,30-05-2026,Insurance Cross-Sell
SYN-004328,8,10-06-2026,Insurance Cross-Sell
SYN-004328,9,20-06-2026,Insurance Cross-Sell
SYN-004328,10,30-06-2026,Insurance Cross-Sell
SYN-004328,11,10-07-2026,Insurance Cross-Sell
SYN-004328,12,20-07-2026,Insurance Cross-Sell
SYN-004328,13,30-07-2026,Insurance Cross-Sell
SYN-004328,14,10-08-2026,Insurance Cross-Sell
SYN-004328,15,20-08-2026,Insurance Cross-Sell
SYN-004328,16,30-08-2026,Insurance Cross-Sell
SYN-004328,17,10-09-2026,Insurance Cross-Sell
SYN-004328,18,20-09-2026,Insurance Cross-Sell
SYN-005183,1,30-03-2026,Bank Term Deposit
SYN-005183,2,10-04-2026,Bank Term Deposit
SYN-005183,3,20-04-2026,Bank Term Deposit
SYN-005183,4,30-04-2026,Bank Term Deposit
SYN-005183,5,10-05-2026,Bank Term Deposit
SYN-005183,6,20-05-2026,Bank Term Deposit
SYN-005183,7,30-05-2026,Bank Term Deposit
SYN-005183,8,10-06-2026,Retention Action
SYN-005183,9,20-06-2026,Bank Term Deposit
SYN-005183,10,30-06-2026,Bank Term Deposit
SYN-005183,11,10-07-2026,Bank Term Deposit
SYN-005183,12,20-07-2026,Bank Term Deposit
SYN-005183,13,30-07-2026,Bank Term Deposit
SYN-005183,14,10-08-2026,Complete KYC
SYN-005183,15,20-08-2026,Complete KYC
SYN-005183,16,30-08-2026,Complete KYC
SYN-005183,17,10-09-2026,Complete KYC
SYN-005183,18,20-09-2026,Complete KYC
SYN-034760,1,30-03-2026,Insurance Cross-Sell
SYN-034760,2,10-04-2026,Insurance Cross-Sell
SYN-034760,3,20-04-2026,Insurance Cross-Sell
SYN-034760,4,30-04-2026,Insurance Cross-Sell
SYN-034760,5,10-05-2026,Insurance Cross-Sell
SYN-034760,6,20-05-2026,Insurance Cross-Sell
SYN-034760,7,30-05-2026,Insurance Cross-Sell
SYN-034760,8,10-06-2026,Insurance Cross-Sell
SYN-034760,9,20-06-2026,Insurance Cross-Sell
SYN-034760,10,30-06-2026,Insurance Cross-Sell
SYN-034760,11,10-07-2026,Insurance Cross-Sell
SYN-034760,12,20-07-2026,Insurance Cross-Sell
SYN-034760,13,30-07-2026,Insurance Cross-Sell
SYN-034760,14,10-08-2026,Insurance Cross-Sell
SYN-034760,15,20-08-2026,Insurance Cross-Sell
SYN-034760,16,30-08-2026,No Marketing Action (Consent Withheld)
SYN-034760,17,10-09-2026,No Marketing Action (Consent Withheld)
SYN-034760,18,20-09-2026,No Marketing Action (Consent Withheld)
SYN-040473,1,30-03-2026,Bank Term Deposit
SYN-040473,2,10-04-2026,Bank Term Deposit
SYN-040473,3,20-04-2026,Insurance Cross-Sell
SYN-040473,4,30-04-2026,Insurance Cross-Sell
SYN-040473,5,10-05-2026,Insurance Cross-Sell
SYN-040473,6,20-05-2026,Insurance Cross-Sell
SYN-040473,7,30-05-2026,Insurance Cross-Sell
SYN-040473,8,10-06-2026,Insurance Cross-Sell
SYN-040473,9,20-06-2026,Insurance Cross-Sell
SYN-040473,10,30-06-2026,Insurance Cross-Sell
SYN-040473,11,10-07-2026,Service Resolution
SYN-040473,12,20-07-2026,Service Resolution
SYN-040473,13,30-07-2026,Insurance Cross-Sell
SYN-040473,14,10-08-2026,Insurance Cross-Sell
SYN-040473,15,20-08-2026,Insurance Cross-Sell
SYN-040473,16,30-08-2026,Bank Term Deposit
SYN-040473,17,10-09-2026,Bank Term Deposit
SYN-040473,18,20-09-2026,Bank Term Deposit
SYN-029593,1,30-03-2026,Bank Term Deposit
SYN-029593,2,10-04-2026,Bank Term Deposit
SYN-029593,3,20-04-2026,Bank Term Deposit
SYN-029593,4,30-04-2026,Bank Term Deposit
SYN-029593,5,10-05-2026,Bank Term Deposit
SYN-029593,6,20-05-2026,Bank Term Deposit
SYN-029593,7,30-05-2026,Bank Term Deposit
SYN-029593,8,10-06-2026,Insurance Cross-Sell
SYN-029593,9,20-06-2026,Insurance Cross-Sell
SYN-029593,10,30-06-2026,Insurance Cross-Sell
SYN-029593,11,10-07-2026,Insurance Cross-Sell
SYN-029593,12,20-07-2026,Insurance Cross-Sell
SYN-029593,13,30-07-2026,Insurance Cross-Sell
SYN-029593,14,10-08-2026,Insurance Cross-Sell
SYN-029593,15,20-08-2026,Insurance Cross-Sell
SYN-029593,16,30-08-2026,Insurance Cross-Sell
SYN-029593,17,10-09-2026,Insurance Cross-Sell
SYN-029593,18,20-09-2026,Insurance Cross-Sell
SYN-036994,1,30-03-2026,Insurance Cross-Sell
SYN-036994,2,10-04-2026,Insurance Cross-Sell
SYN-036994,3,20-04-2026,Insurance Cross-Sell
SYN-036994,4,30-04-2026,Insurance Cross-Sell
SYN-036994,5,10-05-2026,Insurance Cross-Sell
SYN-036994,6,20-05-2026,Insurance Cross-Sell
SYN-036994,7,30-05-2026,Bank Term Deposit
SYN-036994,8,10-06-2026,Bank Term Deposit
SYN-036994,9,20-06-2026,Insurance Cross-Sell
SYN-036994,10,30-06-2026,Bank Term Deposit
SYN-036994,11,10-07-2026,Bank Term Deposit
SYN-036994,12,20-07-2026,Bank Term Deposit
SYN-036994,13,30-07-2026,Bank Term Deposit
SYN-036994,14,10-08-2026,Bank Term Deposit
SYN-036994,15,20-08-2026,Bank Term Deposit
SYN-036994,16,30-08-2026,Insurance Cross-Sell
SYN-036994,17,10-09-2026,Bank Term Deposit
SYN-036994,18,20-09-2026,Bank Term Deposit
SYN-035446,1,30-03-2026,Insurance Cross-Sell
SYN-035446,2,10-04-2026,Insurance Cross-Sell
SYN-035446,3,20-04-2026,Insurance Cross-Sell
SYN-035446,4,30-04-2026,Insurance Cross-Sell
SYN-035446,5,10-05-2026,Insurance Cross-Sell
SYN-035446,6,20-05-2026,Insurance Cross-Sell
SYN-035446,7,30-05-2026,Insurance Cross-Sell
SYN-035446,8,10-06-2026,Insurance Cross-Sell
SYN-035446,9,20-06-2026,Insurance Cross-Sell
SYN-035446,10,30-06-2026,Insurance Cross-Sell
SYN-035446,11,10-07-2026,Insurance Cross-Sell
SYN-035446,12,20-07-2026,Bank Term Deposit
SYN-035446,13,30-07-2026,Bank Term Deposit
SYN-035446,14,10-08-2026,Bank Term Deposit
SYN-035446,15,20-08-2026,Complete KYC
SYN-035446,16,30-08-2026,Complete KYC
SYN-035446,17,10-09-2026,Complete KYC
SYN-035446,18,20-09-2026,Complete KYC
SYN-001731,1,30-03-2026,Service Resolution
SYN-001731,2,10-04-2026,Bank Term Deposit
SYN-001731,3,20-04-2026,Bank Term Deposit
SYN-001731,4,30-04-2026,Bank Term Deposit
SYN-001731,5,10-05-2026,Bank Term Deposit
SYN-001731,6,20-05-2026,Bank Term Deposit
SYN-001731,7,30-05-2026,Bank Term Deposit
SYN-001731,8,10-06-2026,Bank Term Deposit
SYN-001731,9,20-06-2026,Bank Term Deposit
SYN-001731,10,30-06-2026,Service Intervention (Low NPS)
SYN-001731,11,10-07-2026,Service Intervention (Low NPS)
SYN-001731,12,20-07-2026,Insurance Cross-Sell
SYN-001731,13,30-07-2026,Bank Term Deposit
SYN-001731,14,10-08-2026,Bank Term Deposit
SYN-001731,15,20-08-2026,Bank Term Deposit
SYN-001731,16,30-08-2026,Insurance Cross-Sell
SYN-001731,17,10-09-2026,Insurance Cross-Sell
SYN-001731,18,20-09-2026,Insurance Cross-Sell
SYN-004754,1,30-03-2026,Insurance Cross-Sell
SYN-004754,2,10-04-2026,Service Resolution
SYN-004754,3,20-04-2026,Insurance Cross-Sell
SYN-004754,4,30-04-2026,Insurance Cross-Sell
SYN-004754,5,10-05-2026,Insurance Cross-Sell
SYN-004754,6,20-05-2026,Insurance Cross-Sell
SYN-004754,7,30-05-2026,Insurance Cross-Sell
SYN-004754,8,10-06-2026,Insurance Cross-Sell
SYN-004754,9,20-06-2026,Insurance Cross-Sell
SYN-004754,10,30-06-2026,Insurance Cross-Sell
SYN-004754,11,10-07-2026,Insurance Cross-Sell
SYN-004754,12,20-07-2026,Insurance Cross-Sell
SYN-004754,13,30-07-2026,Insurance Cross-Sell
SYN-004754,14,10-08-2026,Insurance Cross-Sell
SYN-004754,15,20-08-2026,Insurance Cross-Sell
SYN-004754,16,30-08-2026,Insurance Cross-Sell
SYN-004754,17,10-09-2026,Insurance Cross-Sell
SYN-004754,18,20-09-2026,Insurance Cross-Sell
SYN-031992,1,30-03-2026,Insurance Cross-Sell
SYN-031992,2,10-04-2026,Service Resolution
SYN-031992,3,20-04-2026,Insurance Cross-Sell
SYN-031992,4,30-04-2026,Insurance Cross-Sell
SYN-031992,5,10-05-2026,Insurance Cross-Sell
SYN-031992,6,20-05-2026,Insurance Cross-Sell
SYN-031992,7,30-05-2026,Insurance Cross-Sell
SYN-031992,8,10-06-2026,Insurance Cross-Sell
SYN-031992,9,20-06-2026,Insurance Cross-Sell
SYN-031992,10,30-06-2026,Insurance Cross-Sell
SYN-031992,11,10-07-2026,Insurance Cross-Sell
SYN-031992,12,20-07-2026,Insurance Cross-Sell
SYN-031992,13,30-07-2026,Insurance Cross-Sell
SYN-031992,14,10-08-2026,Insurance Cross-Sell
SYN-031992,15,20-08-2026,Insurance Cross-Sell
SYN-031992,16,30-08-2026,Insurance Cross-Sell
SYN-031992,17,10-09-2026,Bank Term Deposit
SYN-031992,18,20-09-2026,Bank Term Deposit
SYN-010535,1,30-03-2026,Insurance Cross-Sell
SYN-010535,2,10-04-2026,Insurance Cross-Sell
SYN-010535,3,20-04-2026,Insurance Cross-Sell
SYN-010535,4,30-04-2026,Bank Term Deposit
SYN-010535,5,10-05-2026,Bank Term Deposit
SYN-010535,6,20-05-2026,Bank Term Deposit
SYN-010535,7,30-05-2026,Bank Term Deposit
SYN-010535,8,10-06-2026,Bank Term Deposit
SYN-010535,9,20-06-2026,Bank Term Deposit
SYN-010535,10,30-06-2026,Bank Term Deposit
SYN-010535,11,10-07-2026,Bank Term Deposit
SYN-010535,12,20-07-2026,Bank Term Deposit
SYN-010535,13,30-07-2026,Bank Term Deposit
SYN-010535,14,10-08-2026,Bank Term Deposit
SYN-010535,15,20-08-2026,Bank Term Deposit
SYN-010535,16,30-08-2026,Bank Term Deposit
SYN-010535,17,10-09-2026,Bank Term Deposit
SYN-010535,18,20-09-2026,Bank Term Deposit
SYN-007878,1,30-03-2026,Insurance Cross-Sell
SYN-007878,2,10-04-2026,Service Intervention (Low NPS)
SYN-007878,3,20-04-2026,Insurance Cross-Sell
SYN-007878,4,30-04-2026,Insurance Cross-Sell
SYN-007878,5,10-05-2026,Insurance Cross-Sell
SYN-007878,6,20-05-2026,Insurance Cross-Sell
SYN-007878,7,30-05-2026,Insurance Cross-Sell
SYN-007878,8,10-06-2026,Insurance Cross-Sell
SYN-007878,9,20-06-2026,Insurance Cross-Sell
SYN-007878,10,30-06-2026,Service Intervention (Low NPS)
SYN-007878,11,10-07-2026,Service Intervention (Low NPS)
SYN-007878,12,20-07-2026,Insurance Cross-Sell
SYN-007878,13,30-07-2026,Bank Term Deposit
SYN-007878,14,10-08-2026,Service Resolution
SYN-007878,15,20-08-2026,Bank Term Deposit
SYN-007878,16,30-08-2026,Bank Term Deposit
SYN-007878,17,10-09-2026,Payment Reminder / Collections Resolution
SYN-007878,18,20-09-2026,Payment Reminder / Collections Resolution
SYN-003568,1,30-03-2026,Insurance Cross-Sell
SYN-003568,2,10-04-2026,Insurance Cross-Sell
SYN-003568,3,20-04-2026,Insurance Cross-Sell
SYN-003568,4,30-04-2026,Insurance Cross-Sell
SYN-003568,5,10-05-2026,Bank Term Deposit
SYN-003568,6,20-05-2026,Insurance Cross-Sell
SYN-003568,7,30-05-2026,Insurance Cross-Sell
SYN-003568,8,10-06-2026,Insurance Cross-Sell
SYN-003568,9,20-06-2026,Insurance Cross-Sell
SYN-003568,10,30-06-2026,Insurance Cross-Sell
SYN-003568,11,10-07-2026,Insurance Cross-Sell
SYN-003568,12,20-07-2026,Insurance Cross-Sell
SYN-003568,13,30-07-2026,Insurance Cross-Sell
SYN-003568,14,10-08-2026,Insurance Cross-Sell
SYN-003568,15,20-08-2026,Insurance Cross-Sell
SYN-003568,16,30-08-2026,Insurance Cross-Sell
SYN-003568,17,10-09-2026,Bank Term Deposit
SYN-003568,18,20-09-2026,Bank Term Deposit
SYN-028802,1,30-03-2026,Bank Term Deposit
SYN-028802,2,10-04-2026,Insurance Cross-Sell
SYN-028802,3,20-04-2026,Insurance Cross-Sell
SYN-028802,4,30-04-2026,Insurance Cross-Sell
SYN-028802,5,10-05-2026,Service Resolution
SYN-028802,6,20-05-2026,Insurance Cross-Sell
SYN-028802,7,30-05-2026,Bank Term Deposit
SYN-028802,8,10-06-2026,Bank Term Deposit
SYN-028802,9,20-06-2026,Bank Term Deposit
SYN-028802,10,30-06-2026,Bank Term Deposit
SYN-028802,11,10-07-2026,Bank Term Deposit
SYN-028802,12,20-07-2026,Bank Term Deposit
SYN-028802,13,30-07-2026,Bank Term Deposit
SYN-028802,14,10-08-2026,Bank Term Deposit
SYN-028802,15,20-08-2026,Insurance Cross-Sell
SYN-028802,16,30-08-2026,Insurance Cross-Sell
SYN-028802,17,10-09-2026,Insurance Cross-Sell
SYN-028802,18,20-09-2026,Insurance Cross-Sell
SYN-017179,1,30-03-2026,Service Intervention (Low NPS)
SYN-017179,2,10-04-2026,Bank Term Deposit
SYN-017179,3,20-04-2026,Bank Term Deposit
SYN-017179,4,30-04-2026,Bank Term Deposit
SYN-017179,5,10-05-2026,Bank Term Deposit
SYN-017179,6,20-05-2026,Insurance Cross-Sell
SYN-017179,7,30-05-2026,Insurance Cross-Sell
SYN-017179,8,10-06-2026,Bank Term Deposit
SYN-017179,9,20-06-2026,Bank Term Deposit
SYN-017179,10,30-06-2026,Bank Term Deposit
SYN-017179,11,10-07-2026,Bank Term Deposit
SYN-017179,12,20-07-2026,Insurance Cross-Sell
SYN-017179,13,30-07-2026,Insurance Cross-Sell
SYN-017179,14,10-08-2026,Insurance Cross-Sell
SYN-017179,15,20-08-2026,Insurance Cross-Sell
SYN-017179,16,30-08-2026,Insurance Cross-Sell
SYN-017179,17,10-09-2026,Insurance Cross-Sell
SYN-017179,18,20-09-2026,Insurance Cross-Sell
SYN-020273,1,30-03-2026,Bank Term Deposit
SYN-020273,2,10-04-2026,Insurance Cross-Sell
SYN-020273,3,20-04-2026,Payment Reminder / Collections Resolution
SYN-020273,4,30-04-2026,Payment Reminder / Collections Resolution
SYN-020273,5,10-05-2026,Payment Reminder / Collections Resolution
SYN-020273,6,20-05-2026,Insurance Cross-Sell
SYN-020273,7,30-05-2026,Retention Action
SYN-020273,8,10-06-2026,Retention Action
SYN-020273,9,20-06-2026,Insurance Cross-Sell
SYN-020273,10,30-06-2026,Insurance Cross-Sell
SYN-020273,11,10-07-2026,Insurance Cross-Sell
SYN-020273,12,20-07-2026,Service Intervention (Low NPS)
SYN-020273,13,30-07-2026,Insurance Cross-Sell
SYN-020273,14,10-08-2026,Insurance Cross-Sell
SYN-020273,15,20-08-2026,Insurance Cross-Sell
SYN-020273,16,30-08-2026,Complete KYC
SYN-020273,17,10-09-2026,Complete KYC
SYN-020273,18,20-09-2026,Complete KYC
SYN-035281,1,30-03-2026,Insurance Cross-Sell
SYN-035281,2,10-04-2026,Insurance Cross-Sell
SYN-035281,3,20-04-2026,Insurance Cross-Sell
SYN-035281,4,30-04-2026,Insurance Cross-Sell
SYN-035281,5,10-05-2026,Bank Term Deposit
SYN-035281,6,20-05-2026,Bank Term Deposit
SYN-035281,7,30-05-2026,Service Intervention (Low NPS)
SYN-035281,8,10-06-2026,Service Intervention (Low NPS)
SYN-035281,9,20-06-2026,Bank Term Deposit
SYN-035281,10,30-06-2026,Bank Term Deposit
SYN-035281,11,10-07-2026,Insurance Cross-Sell
SYN-035281,12,20-07-2026,Insurance Cross-Sell
SYN-035281,13,30-07-2026,Insurance Cross-Sell
SYN-035281,14,10-08-2026,Insurance Cross-Sell
SYN-035281,15,20-08-2026,Insurance Cross-Sell
SYN-035281,16,30-08-2026,Insurance Cross-Sell
SYN-035281,17,10-09-2026,Insurance Cross-Sell
SYN-035281,18,20-09-2026,Insurance Cross-Sell
SYN-042760,1,30-03-2026,Insurance Cross-Sell
SYN-042760,2,10-04-2026,Insurance Cross-Sell
SYN-042760,3,20-04-2026,Insurance Cross-Sell
SYN-042760,4,30-04-2026,Insurance Cross-Sell
SYN-042760,5,10-05-2026,Insurance Cross-Sell
SYN-042760,6,20-05-2026,Insurance Cross-Sell
SYN-042760,7,30-05-2026,Insurance Cross-Sell
SYN-042760,8,10-06-2026,Service Intervention (Low NPS)
SYN-042760,9,20-06-2026,Insurance Cross-Sell
SYN-042760,10,30-06-2026,Insurance Cross-Sell
SYN-042760,11,10-07-2026,Insurance Cross-Sell
SYN-042760,12,20-07-2026,Insurance Cross-Sell
SYN-042760,13,30-07-2026,Insurance Cross-Sell
SYN-042760,14,10-08-2026,Insurance Cross-Sell
SYN-042760,15,20-08-2026,Insurance Cross-Sell
SYN-042760,16,30-08-2026,Insurance Cross-Sell
SYN-042760,17,10-09-2026,Retention Action
SYN-042760,18,20-09-2026,Retention Action
SYN-001887,1,30-03-2026,Bank Term Deposit
SYN-001887,2,10-04-2026,Bank Term Deposit
SYN-001887,3,20-04-2026,Retention Action
SYN-001887,4,30-04-2026,Bank Term Deposit
SYN-001887,5,10-05-2026,Bank Term Deposit
SYN-001887,6,20-05-2026,Bank Term Deposit
SYN-001887,7,30-05-2026,Bank Term Deposit
SYN-001887,8,10-06-2026,Bank Term Deposit
SYN-001887,9,20-06-2026,Bank Term Deposit
SYN-001887,10,30-06-2026,Bank Term Deposit
SYN-001887,11,10-07-2026,Bank Term Deposit
SYN-001887,12,20-07-2026,Bank Term Deposit
SYN-001887,13,30-07-2026,Bank Term Deposit
SYN-001887,14,10-08-2026,Bank Term Deposit
SYN-001887,15,20-08-2026,Bank Term Deposit
SYN-001887,16,30-08-2026,Bank Term Deposit
SYN-001887,17,10-09-2026,Bank Term Deposit
SYN-001887,18,20-09-2026,Bank Term Deposit
SYN-000797,1,30-03-2026,Bank Term Deposit
SYN-000797,2,10-04-2026,Bank Term Deposit
SYN-000797,3,20-04-2026,Bank Term Deposit
SYN-000797,4,30-04-2026,Bank Term Deposit
SYN-000797,5,10-05-2026,Bank Term Deposit
SYN-000797,6,20-05-2026,Insurance Cross-Sell
SYN-000797,7,30-05-2026,Insurance Cross-Sell
SYN-000797,8,10-06-2026,Insurance Cross-Sell
SYN-000797,9,20-06-2026,Insurance Cross-Sell
SYN-000797,10,30-06-2026,Service Resolution
SYN-000797,11,10-07-2026,Bank Term Deposit
SYN-000797,12,20-07-2026,Bank Term Deposit
SYN-000797,13,30-07-2026,Bank Term Deposit
SYN-000797,14,10-08-2026,Complete KYC
SYN-000797,15,20-08-2026,Complete KYC
SYN-000797,16,30-08-2026,Complete KYC
SYN-000797,17,10-09-2026,Complete KYC
SYN-000797,18,20-09-2026,Complete KYC
SYN-009395,1,30-03-2026,Payment Reminder / Collections Resolution
SYN-009395,2,10-04-2026,Payment Reminder / Collections Resolution
SYN-009395,3,20-04-2026,Insurance Cross-Sell
SYN-009395,4,30-04-2026,Bank Term Deposit
SYN-009395,5,10-05-2026,Bank Term Deposit
SYN-009395,6,20-05-2026,Bank Term Deposit
SYN-009395,7,30-05-2026,Bank Term Deposit
SYN-009395,8,10-06-2026,Bank Term Deposit
SYN-009395,9,20-06-2026,Bank Term Deposit
SYN-009395,10,30-06-2026,Bank Term Deposit
SYN-009395,11,10-07-2026,Bank Term Deposit
SYN-009395,12,20-07-2026,Service Resolution
SYN-009395,13,30-07-2026,Bank Term Deposit
SYN-009395,14,10-08-2026,Insurance Cross-Sell
SYN-009395,15,20-08-2026,Bank Term Deposit
SYN-009395,16,30-08-2026,Insurance Cross-Sell
SYN-009395,17,10-09-2026,Insurance Cross-Sell
SYN-009395,18,20-09-2026,Insurance Cross-Sell
SYN-020980,1,30-03-2026,Insurance Cross-Sell
SYN-020980,2,10-04-2026,Insurance Cross-Sell
SYN-020980,3,20-04-2026,Insurance Cross-Sell
SYN-020980,4,30-04-2026,Insurance Cross-Sell
SYN-020980,5,10-05-2026,Insurance Cross-Sell
SYN-020980,6,20-05-2026,Insurance Cross-Sell
SYN-020980,7,30-05-2026,Insurance Cross-Sell
SYN-020980,8,10-06-2026,Insurance Cross-Sell
SYN-020980,9,20-06-2026,Insurance Cross-Sell
SYN-020980,10,30-06-2026,Insurance Cross-Sell
SYN-020980,11,10-07-2026,Insurance Cross-Sell
SYN-020980,12,20-07-2026,Insurance Cross-Sell
SYN-020980,13,30-07-2026,Insurance Cross-Sell
SYN-020980,14,10-08-2026,Insurance Cross-Sell
SYN-020980,15,20-08-2026,Service Intervention (Low NPS)
SYN-020980,16,30-08-2026,Insurance Cross-Sell
SYN-020980,17,10-09-2026,Insurance Cross-Sell
SYN-020980,18,20-09-2026,Insurance Cross-Sell
SYN-033326,1,30-03-2026,Bank Term Deposit
SYN-033326,2,10-04-2026,Service Intervention (Low NPS)
SYN-033326,3,20-04-2026,Service Intervention (Low NPS)
SYN-033326,4,30-04-2026,Bank Term Deposit
SYN-033326,5,10-05-2026,Bank Term Deposit
SYN-033326,6,20-05-2026,Bank Term Deposit
SYN-033326,7,30-05-2026,Bank Term Deposit
SYN-033326,8,10-06-2026,Bank Term Deposit
SYN-033326,9,20-06-2026,Bank Term Deposit
SYN-033326,10,30-06-2026,Bank Term Deposit
SYN-033326,11,10-07-2026,Insurance Cross-Sell
SYN-033326,12,20-07-2026,Insurance Cross-Sell
SYN-033326,13,30-07-2026,Insurance Cross-Sell
SYN-033326,14,10-08-2026,Insurance Cross-Sell
SYN-033326,15,20-08-2026,Insurance Cross-Sell
SYN-033326,16,30-08-2026,Insurance Cross-Sell
SYN-033326,17,10-09-2026,Payment Reminder / Collections Resolution
SYN-033326,18,20-09-2026,Payment Reminder / Collections Resolution
SYN-020661,1,30-03-2026,Insurance Cross-Sell
SYN-020661,2,10-04-2026,Insurance Cross-Sell
SYN-020661,3,20-04-2026,Insurance Cross-Sell
SYN-020661,4,30-04-2026,Insurance Cross-Sell
SYN-020661,5,10-05-2026,Bank Term Deposit
SYN-020661,6,20-05-2026,Bank Term Deposit
SYN-020661,7,30-05-2026,Bank Term Deposit
SYN-020661,8,10-06-2026,Insurance Cross-Sell
SYN-020661,9,20-06-2026,Insurance Cross-Sell
SYN-020661,10,30-06-2026,Bank Term Deposit
SYN-020661,11,10-07-2026,Bank Term Deposit
SYN-020661,12,20-07-2026,Bank Term Deposit
SYN-020661,13,30-07-2026,Bank Term Deposit
SYN-020661,14,10-08-2026,Insurance Cross-Sell
SYN-020661,15,20-08-2026,Insurance Cross-Sell
SYN-020661,16,30-08-2026,Bank Term Deposit
SYN-020661,17,10-09-2026,Bank Term Deposit
SYN-020661,18,20-09-2026,Bank Term Deposit
SYN-044007,1,30-03-2026,Bank Term Deposit
SYN-044007,2,10-04-2026,Bank Term Deposit
SYN-044007,3,20-04-2026,Bank Term Deposit
SYN-044007,4,30-04-2026,Bank Term Deposit
SYN-044007,5,10-05-2026,Bank Term Deposit
SYN-044007,6,20-05-2026,Bank Term Deposit
SYN-044007,7,30-05-2026,Payment Reminder / Collections Resolution
SYN-044007,8,10-06-2026,Payment Reminder / Collections Resolution
SYN-044007,9,20-06-2026,Bank Term Deposit
SYN-044007,10,30-06-2026,Bank Term Deposit
SYN-044007,11,10-07-2026,Insurance Cross-Sell
SYN-044007,12,20-07-2026,Insurance Cross-Sell
SYN-044007,13,30-07-2026,Insurance Cross-Sell
SYN-044007,14,10-08-2026,Insurance Cross-Sell
SYN-044007,15,20-08-2026,Insurance Cross-Sell
SYN-044007,16,30-08-2026,Insurance Cross-Sell
SYN-044007,17,10-09-2026,No Marketing Action (Consent Withheld)
SYN-044007,18,20-09-2026,No Marketing Action (Consent Withheld)
SYN-021590,1,30-03-2026,Bank Term Deposit
SYN-021590,2,10-04-2026,Bank Term Deposit
SYN-021590,3,20-04-2026,Bank Term Deposit
SYN-021590,4,30-04-2026,Payment Reminder / Collections Resolution
SYN-021590,5,10-05-2026,Bank Term Deposit
SYN-021590,6,20-05-2026,Bank Term Deposit
SYN-021590,7,30-05-2026,Retention Action
SYN-021590,8,10-06-2026,Insurance Cross-Sell
SYN-021590,9,20-06-2026,Insurance Cross-Sell
SYN-021590,10,30-06-2026,Insurance Cross-Sell
SYN-021590,11,10-07-2026,Insurance Cross-Sell
SYN-021590,12,20-07-2026,Insurance Cross-Sell
SYN-021590,13,30-07-2026,Retention Action
SYN-021590,14,10-08-2026,Insurance Cross-Sell
SYN-021590,15,20-08-2026,Insurance Cross-Sell
SYN-021590,16,30-08-2026,Insurance Cross-Sell
SYN-021590,17,10-09-2026,Payment Reminder / Collections Resolution
SYN-021590,18,20-09-2026,Payment Reminder / Collections Resolution
SYN-017789,1,30-03-2026,Bank Term Deposit
SYN-017789,2,10-04-2026,Bank Term Deposit
SYN-017789,3,20-04-2026,Bank Term Deposit
SYN-017789,4,30-04-2026,Bank Term Deposit
SYN-017789,5,10-05-2026,Payment Reminder / Collections Resolution
SYN-017789,6,20-05-2026,Insurance Cross-Sell
SYN-017789,7,30-05-2026,Retention Action
SYN-017789,8,10-06-2026,Retention Action
SYN-017789,9,20-06-2026,Insurance Cross-Sell
SYN-017789,10,30-06-2026,Insurance Cross-Sell
SYN-017789,11,10-07-2026,Service Intervention (Low NPS)
SYN-017789,12,20-07-2026,Insurance Cross-Sell
SYN-017789,13,30-07-2026,Insurance Cross-Sell
SYN-017789,14,10-08-2026,Insurance Cross-Sell
SYN-017789,15,20-08-2026,Insurance Cross-Sell
SYN-017789,16,30-08-2026,Insurance Cross-Sell
SYN-017789,17,10-09-2026,Insurance Cross-Sell
SYN-017789,18,20-09-2026,Insurance Cross-Sell
SYN-006808,1,30-03-2026,Insurance Cross-Sell
SYN-006808,2,10-04-2026,Insurance Cross-Sell
SYN-006808,3,20-04-2026,Insurance Cross-Sell
SYN-006808,4,30-04-2026,Insurance Cross-Sell
SYN-006808,5,10-05-2026,Bank Term Deposit
SYN-006808,6,20-05-2026,Bank Term Deposit
SYN-006808,7,30-05-2026,Bank Term Deposit
SYN-006808,8,10-06-2026,Insurance Cross-Sell
SYN-006808,9,20-06-2026,Insurance Cross-Sell
SYN-006808,10,30-06-2026,Insurance Cross-Sell
SYN-006808,11,10-07-2026,Bank Term Deposit
SYN-006808,12,20-07-2026,Bank Term Deposit
SYN-006808,13,30-07-2026,Bank Term Deposit
SYN-006808,14,10-08-2026,Bank Term Deposit
SYN-006808,15,20-08-2026,Bank Term Deposit
SYN-006808,16,30-08-2026,Bank Term Deposit
SYN-006808,17,10-09-2026,Bank Term Deposit
SYN-006808,18,20-09-2026,Bank Term Deposit
SYN-014178,1,30-03-2026,Insurance Cross-Sell
SYN-014178,2,10-04-2026,Insurance Cross-Sell
SYN-014178,3,20-04-2026,Insurance Cross-Sell
SYN-014178,4,30-04-2026,Insurance Cross-Sell
SYN-014178,5,10-05-2026,Insurance Cross-Sell
SYN-014178,6,20-05-2026,Bank Term Deposit
SYN-014178,7,30-05-2026,Bank Term Deposit
SYN-014178,8,10-06-2026,Bank Term Deposit
SYN-014178,9,20-06-2026,Payment Reminder / Collections Resolution
SYN-014178,10,30-06-2026,Bank Term Deposit
SYN-014178,11,10-07-2026,Insurance Cross-Sell
SYN-014178,12,20-07-2026,Insurance Cross-Sell
SYN-014178,13,30-07-2026,Insurance Cross-Sell
SYN-014178,14,10-08-2026,Insurance Cross-Sell
SYN-014178,15,20-08-2026,Insurance Cross-Sell
SYN-014178,16,30-08-2026,Insurance Cross-Sell
SYN-014178,17,10-09-2026,Insurance Cross-Sell
SYN-014178,18,20-09-2026,Insurance Cross-Sell
SYN-023140,1,30-03-2026,Bank Term Deposit
SYN-023140,2,10-04-2026,Bank Term Deposit
SYN-023140,3,20-04-2026,Bank Term Deposit
SYN-023140,4,30-04-2026,Insurance Cross-Sell
SYN-023140,5,10-05-2026,Insurance Cross-Sell
SYN-023140,6,20-05-2026,Insurance Cross-Sell
SYN-023140,7,30-05-2026,Insurance Cross-Sell
SYN-023140,8,10-06-2026,Insurance Cross-Sell
SYN-023140,9,20-06-2026,Bank Term Deposit
SYN-023140,10,30-06-2026,Bank Term Deposit
SYN-023140,11,10-07-2026,Insurance Cross-Sell
SYN-023140,12,20-07-2026,Insurance Cross-Sell
SYN-023140,13,30-07-2026,Insurance Cross-Sell
SYN-023140,14,10-08-2026,Insurance Cross-Sell
SYN-023140,15,20-08-2026,Insurance Cross-Sell
SYN-023140,16,30-08-2026,Insurance Cross-Sell
SYN-023140,17,10-09-2026,Bank Term Deposit
SYN-023140,18,20-09-2026,Bank Term Deposit
SYN-033250,1,30-03-2026,Payment Reminder / Collections Resolution
SYN-033250,2,10-04-2026,Bank Term Deposit
SYN-033250,3,20-04-2026,Bank Term Deposit
SYN-033250,4,30-04-2026,Payment Reminder / Collections Resolution
SYN-033250,5,10-05-2026,Payment Reminder / Collections Resolution
SYN-033250,6,20-05-2026,Payment Reminder / Collections Resolution
SYN-033250,7,30-05-2026,Payment Reminder / Collections Resolution
SYN-033250,8,10-06-2026,Bank Term Deposit
SYN-033250,9,20-06-2026,Bank Term Deposit
SYN-033250,10,30-06-2026,Bank Term Deposit
SYN-033250,11,10-07-2026,Bank Term Deposit
SYN-033250,12,20-07-2026,Bank Term Deposit
SYN-033250,13,30-07-2026,Bank Term Deposit
SYN-033250,14,10-08-2026,Bank Term Deposit
SYN-033250,15,20-08-2026,Bank Term Deposit
SYN-033250,16,30-08-2026,Bank Term Deposit
SYN-033250,17,10-09-2026,Bank Term Deposit
SYN-033250,18,20-09-2026,Bank Term Deposit
SYN-040611,1,30-03-2026,Retention Action
SYN-040611,2,10-04-2026,Insurance Cross-Sell
SYN-040611,3,20-04-2026,Insurance Cross-Sell
SYN-040611,4,30-04-2026,Insurance Cross-Sell
SYN-040611,5,10-05-2026,Insurance Cross-Sell
SYN-040611,6,20-05-2026,Insurance Cross-Sell
SYN-040611,7,30-05-2026,Insurance Cross-Sell
SYN-040611,8,10-06-2026,Insurance Cross-Sell
SYN-040611,9,20-06-2026,Insurance Cross-Sell
SYN-040611,10,30-06-2026,Bank Term Deposit
SYN-040611,11,10-07-2026,Bank Term Deposit
SYN-040611,12,20-07-2026,Service Resolution
SYN-040611,13,30-07-2026,Service Resolution
SYN-040611,14,10-08-2026,Bank Term Deposit
SYN-040611,15,20-08-2026,Bank Term Deposit
SYN-040611,16,30-08-2026,Insurance Cross-Sell
SYN-040611,17,10-09-2026,No Marketing Action (Consent Withheld)
SYN-040611,18,20-09-2026,No Marketing Action (Consent Withheld)
SYN-016182,1,30-03-2026,Bank Term Deposit
SYN-016182,2,10-04-2026,Bank Term Deposit
SYN-016182,3,20-04-2026,Bank Term Deposit
SYN-016182,4,30-04-2026,Bank Term Deposit
SYN-016182,5,10-05-2026,Insurance Cross-Sell
SYN-016182,6,20-05-2026,Insurance Cross-Sell
SYN-016182,7,30-05-2026,Insurance Cross-Sell
SYN-016182,8,10-06-2026,Insurance Cross-Sell
SYN-016182,9,20-06-2026,Insurance Cross-Sell
SYN-016182,10,30-06-2026,Insurance Cross-Sell
SYN-016182,11,10-07-2026,Retention Action
SYN-016182,12,20-07-2026,Insurance Cross-Sell
SYN-016182,13,30-07-2026,Insurance Cross-Sell
SYN-016182,14,10-08-2026,Insurance Cross-Sell
SYN-016182,15,20-08-2026,Bank Term Deposit
SYN-016182,16,30-08-2026,Bank Term Deposit
SYN-016182,17,10-09-2026,Service Resolution
SYN-016182,18,20-09-2026,Service Resolution
SYN-028663,1,30-03-2026,Bank Term Deposit
SYN-028663,2,10-04-2026,Bank Term Deposit
SYN-028663,3,20-04-2026,Bank Term Deposit
SYN-028663,4,30-04-2026,Bank Term Deposit
SYN-028663,5,10-05-2026,Bank Term Deposit
SYN-028663,6,20-05-2026,Insurance Cross-Sell
SYN-028663,7,30-05-2026,Insurance Cross-Sell
SYN-028663,8,10-06-2026,Insurance Cross-Sell
SYN-028663,9,20-06-2026,Insurance Cross-Sell
SYN-028663,10,30-06-2026,Bank Term Deposit
SYN-028663,11,10-07-2026,Bank Term Deposit
SYN-028663,12,20-07-2026,Retention Action
SYN-028663,13,30-07-2026,Bank Term Deposit
SYN-028663,14,10-08-2026,Insurance Cross-Sell
SYN-028663,15,20-08-2026,Bank Term Deposit
SYN-028663,16,30-08-2026,Bank Term Deposit
SYN-028663,17,10-09-2026,Bank Term Deposit
SYN-028663,18,20-09-2026,Bank Term Deposit
SYN-043094,1,30-03-2026,Insurance Cross-Sell
SYN-043094,2,10-04-2026,Service Intervention (Low NPS)
SYN-043094,3,20-04-2026,Insurance Cross-Sell
SYN-043094,4,30-04-2026,Insurance Cross-Sell
SYN-043094,5,10-05-2026,Service Intervention (Low NPS)
SYN-043094,6,20-05-2026,Insurance Cross-Sell
SYN-043094,7,30-05-2026,Insurance Cross-Sell
SYN-043094,8,10-06-2026,Insurance Cross-Sell
SYN-043094,9,20-06-2026,Insurance Cross-Sell
SYN-043094,10,30-06-2026,Insurance Cross-Sell
SYN-043094,11,10-07-2026,Bank Term Deposit
SYN-043094,12,20-07-2026,Service Resolution
SYN-043094,13,30-07-2026,Bank Term Deposit
SYN-043094,14,10-08-2026,Bank Term Deposit
SYN-043094,15,20-08-2026,Bank Term Deposit
SYN-043094,16,30-08-2026,Insurance Cross-Sell
SYN-043094,17,10-09-2026,Insurance Cross-Sell
SYN-043094,18,20-09-2026,Insurance Cross-Sell
SYN-031229,1,30-03-2026,Insurance Cross-Sell
SYN-031229,2,10-04-2026,Insurance Cross-Sell
SYN-031229,3,20-04-2026,Insurance Cross-Sell
SYN-031229,4,30-04-2026,Insurance Cross-Sell
SYN-031229,5,10-05-2026,Insurance Cross-Sell
SYN-031229,6,20-05-2026,Insurance Cross-Sell
SYN-031229,7,30-05-2026,Bank Term Deposit
SYN-031229,8,10-06-2026,Bank Term Deposit
SYN-031229,9,20-06-2026,Bank Term Deposit
SYN-031229,10,30-06-2026,Insurance Cross-Sell
SYN-031229,11,10-07-2026,Insurance Cross-Sell
SYN-031229,12,20-07-2026,Insurance Cross-Sell
SYN-031229,13,30-07-2026,Insurance Cross-Sell
SYN-031229,14,10-08-2026,Insurance Cross-Sell
SYN-031229,15,20-08-2026,Insurance Cross-Sell
SYN-031229,16,30-08-2026,Insurance Cross-Sell
SYN-031229,17,10-09-2026,Retention Action
SYN-031229,18,20-09-2026,Retention Action
SYN-021194,1,30-03-2026,Insurance Cross-Sell
SYN-021194,2,10-04-2026,Insurance Cross-Sell
SYN-021194,3,20-04-2026,Insurance Cross-Sell
SYN-021194,4,30-04-2026,Insurance Cross-Sell
SYN-021194,5,10-05-2026,Insurance Cross-Sell
SYN-021194,6,20-05-2026,Insurance Cross-Sell
SYN-021194,7,30-05-2026,Bank Term Deposit
SYN-021194,8,10-06-2026,Bank Term Deposit
SYN-021194,9,20-06-2026,Bank Term Deposit
SYN-021194,10,30-06-2026,Bank Term Deposit
SYN-021194,11,10-07-2026,Bank Term Deposit
SYN-021194,12,20-07-2026,Bank Term Deposit
SYN-021194,13,30-07-2026,Bank Term Deposit
SYN-021194,14,10-08-2026,Bank Term Deposit
SYN-021194,15,20-08-2026,Bank Term Deposit
SYN-021194,16,30-08-2026,Bank Term Deposit
SYN-021194,17,10-09-2026,Bank Term Deposit
SYN-021194,18,20-09-2026,Bank Term Deposit
SYN-030579,1,30-03-2026,Retention Action
SYN-030579,2,10-04-2026,Retention Action
SYN-030579,3,20-04-2026,Retention Action
SYN-030579,4,30-04-2026,Retention Action
SYN-030579,5,10-05-2026,Insurance Cross-Sell
SYN-030579,6,20-05-2026,Insurance Cross-Sell
SYN-030579,7,30-05-2026,Insurance Cross-Sell
SYN-030579,8,10-06-2026,Insurance Cross-Sell
SYN-030579,9,20-06-2026,Bank Term Deposit
SYN-030579,10,30-06-2026,Bank Term Deposit
SYN-030579,11,10-07-2026,Bank Term Deposit
SYN-030579,12,20-07-2026,Retention Action
SYN-030579,13,30-07-2026,Insurance Cross-Sell
SYN-030579,14,10-08-2026,Insurance Cross-Sell
SYN-030579,15,20-08-2026,Insurance Cross-Sell
SYN-030579,16,30-08-2026,No Marketing Action (Consent Withheld)
SYN-030579,17,10-09-2026,No Marketing Action (Consent Withheld)
SYN-030579,18,20-09-2026,No Marketing Action (Consent Withheld)
SYN-039770,1,30-03-2026,Insurance Cross-Sell
SYN-039770,2,10-04-2026,Insurance Cross-Sell
SYN-039770,3,20-04-2026,Insurance Cross-Sell
SYN-039770,4,30-04-2026,Insurance Cross-Sell
SYN-039770,5,10-05-2026,Retention Action
SYN-039770,6,20-05-2026,Insurance Cross-Sell
SYN-039770,7,30-05-2026,Insurance Cross-Sell
SYN-039770,8,10-06-2026,Insurance Cross-Sell
SYN-039770,9,20-06-2026,Insurance Cross-Sell
SYN-039770,10,30-06-2026,Insurance Cross-Sell
SYN-039770,11,10-07-2026,Insurance Cross-Sell
SYN-039770,12,20-07-2026,Bank Term Deposit
SYN-039770,13,30-07-2026,Bank Term Deposit
SYN-039770,14,10-08-2026,Bank Term Deposit
SYN-039770,15,20-08-2026,Bank Term Deposit
SYN-039770,16,30-08-2026,Bank Term Deposit
SYN-039770,17,10-09-2026,Bank Term Deposit
SYN-039770,18,20-09-2026,Bank Term Deposit
SYN-013350,1,30-03-2026,Insurance Cross-Sell
SYN-013350,2,10-04-2026,Retention Action
SYN-013350,3,20-04-2026,Retention Action
SYN-013350,4,30-04-2026,Insurance Cross-Sell
SYN-013350,5,10-05-2026,Insurance Cross-Sell
SYN-013350,6,20-05-2026,Insurance Cross-Sell
SYN-013350,7,30-05-2026,Insurance Cross-Sell
SYN-013350,8,10-06-2026,Insurance Cross-Sell
SYN-013350,9,20-06-2026,Insurance Cross-Sell
SYN-013350,10,30-06-2026,Bank Term Deposit
SYN-013350,11,10-07-2026,Bank Term Deposit
SYN-013350,12,20-07-2026,Retention Action
SYN-013350,13,30-07-2026,Retention Action
SYN-013350,14,10-08-2026,Retention Action
SYN-013350,15,20-08-2026,Bank Term Deposit
SYN-013350,16,30-08-2026,Bank Term Deposit
SYN-013350,17,10-09-2026,Service Intervention (Low NPS)
SYN-013350,18,20-09-2026,Service Intervention (Low NPS)
SYN-022968,1,30-03-2026,Insurance Cross-Sell
SYN-022968,2,10-04-2026,Insurance Cross-Sell
SYN-022968,3,20-04-2026,Insurance Cross-Sell
SYN-022968,4,30-04-2026,Insurance Cross-Sell
SYN-022968,5,10-05-2026,Insurance Cross-Sell
SYN-022968,6,20-05-2026,Insurance Cross-Sell
SYN-022968,7,30-05-2026,Insurance Cross-Sell
SYN-022968,8,10-06-2026,Insurance Cross-Sell
SYN-022968,9,20-06-2026,Bank Term Deposit
SYN-022968,10,30-06-2026,Insurance Cross-Sell
SYN-022968,11,10-07-2026,Insurance Cross-Sell
SYN-022968,12,20-07-2026,Retention Action
SYN-022968,13,30-07-2026,Insurance Cross-Sell
SYN-022968,14,10-08-2026,Insurance Cross-Sell
SYN-022968,15,20-08-2026,Insurance Cross-Sell
SYN-022968,16,30-08-2026,Insurance Cross-Sell
SYN-022968,17,10-09-2026,Insurance Cross-Sell
SYN-022968,18,20-09-2026,Insurance Cross-Sell
SYN-032622,1,30-03-2026,Insurance Cross-Sell
SYN-032622,2,10-04-2026,Insurance Cross-Sell
SYN-032622,3,20-04-2026,Insurance Cross-Sell
SYN-032622,4,30-04-2026,Insurance Cross-Sell
SYN-032622,5,10-05-2026,Insurance Cross-Sell
SYN-032622,6,20-05-2026,Insurance Cross-Sell
SYN-032622,7,30-05-2026,Insurance Cross-Sell
SYN-032622,8,10-06-2026,Insurance Cross-Sell
SYN-032622,9,20-06-2026,Bank Term Deposit
SYN-032622,10,30-06-2026,Bank Term Deposit
SYN-032622,11,10-07-2026,Bank Term Deposit
SYN-032622,12,20-07-2026,Bank Term Deposit
SYN-032622,13,30-07-2026,Bank Term Deposit
SYN-032622,14,10-08-2026,Bank Term Deposit
SYN-032622,15,20-08-2026,Insurance Cross-Sell
SYN-032622,16,30-08-2026,Insurance Cross-Sell
SYN-032622,17,10-09-2026,Bank Term Deposit
SYN-032622,18,20-09-2026,Bank Term Deposit
SYN-023519,1,30-03-2026,Bank Term Deposit
SYN-023519,2,10-04-2026,Service Intervention (Low NPS)
SYN-023519,3,20-04-2026,Service Intervention (Low NPS)
SYN-023519,4,30-04-2026,Service Intervention (Low NPS)
SYN-023519,5,10-05-2026,Bank Term Deposit
SYN-023519,6,20-05-2026,Bank Term Deposit
SYN-023519,7,30-05-2026,Bank Term Deposit
SYN-023519,8,10-06-2026,Bank Term Deposit
SYN-023519,9,20-06-2026,Bank Term Deposit
SYN-023519,10,30-06-2026,Bank Term Deposit
SYN-023519,11,10-07-2026,Insurance Cross-Sell
SYN-023519,12,20-07-2026,Insurance Cross-Sell
SYN-023519,13,30-07-2026,Insurance Cross-Sell
SYN-023519,14,10-08-2026,Insurance Cross-Sell
SYN-023519,15,20-08-2026,Bank Term Deposit
SYN-023519,16,30-08-2026,Bank Term Deposit
SYN-023519,17,10-09-2026,Payment Reminder / Collections Resolution
SYN-023519,18,20-09-2026,Payment Reminder / Collections Resolution
SYN-042934,1,30-03-2026,Insurance Cross-Sell
SYN-042934,2,10-04-2026,Insurance Cross-Sell
SYN-042934,3,20-04-2026,Bank Term Deposit
SYN-042934,4,30-04-2026,Bank Term Deposit
SYN-042934,5,10-05-2026,Bank Term Deposit
SYN-042934,6,20-05-2026,Bank Term Deposit
SYN-042934,7,30-05-2026,Bank Term Deposit
SYN-042934,8,10-06-2026,Bank Term Deposit
SYN-042934,9,20-06-2026,Bank Term Deposit
SYN-042934,10,30-06-2026,Bank Term Deposit
SYN-042934,11,10-07-2026,Bank Term Deposit
SYN-042934,12,20-07-2026,Insurance Cross-Sell
SYN-042934,13,30-07-2026,Insurance Cross-Sell
SYN-042934,14,10-08-2026,Insurance Cross-Sell
SYN-042934,15,20-08-2026,Insurance Cross-Sell
SYN-042934,16,30-08-2026,Insurance Cross-Sell
SYN-042934,17,10-09-2026,Service Intervention (Low NPS)
SYN-042934,18,20-09-2026,Service Intervention (Low NPS)
SYN-043777,1,30-03-2026,Insurance Cross-Sell
SYN-043777,2,10-04-2026,Insurance Cross-Sell
SYN-043777,3,20-04-2026,Payment Reminder / Collections Resolution
SYN-043777,4,30-04-2026,Payment Reminder / Collections Resolution
SYN-043777,5,10-05-2026,Payment Reminder / Collections Resolution
SYN-043777,6,20-05-2026,Payment Reminder / Collections Resolution
SYN-043777,7,30-05-2026,Payment Reminder / Collections Resolution
SYN-043777,8,10-06-2026,Bank Term Deposit
SYN-043777,9,20-06-2026,Payment Reminder / Collections Resolution
SYN-043777,10,30-06-2026,Payment Reminder / Collections Resolution
SYN-043777,11,10-07-2026,Payment Reminder / Collections Resolution
SYN-043777,12,20-07-2026,Insurance Cross-Sell
SYN-043777,13,30-07-2026,Insurance Cross-Sell
SYN-043777,14,10-08-2026,Insurance Cross-Sell
SYN-043777,15,20-08-2026,Insurance Cross-Sell
SYN-043777,16,30-08-2026,Insurance Cross-Sell
SYN-043777,17,10-09-2026,Insurance Cross-Sell
SYN-043777,18,20-09-2026,Insurance Cross-Sell
SYN-003741,1,30-03-2026,Insurance Cross-Sell
SYN-003741,2,10-04-2026,Insurance Cross-Sell
SYN-003741,3,20-04-2026,Bank Term Deposit
SYN-003741,4,30-04-2026,Bank Term Deposit
SYN-003741,5,10-05-2026,Insurance Cross-Sell
SYN-003741,6,20-05-2026,Insurance Cross-Sell
SYN-003741,7,30-05-2026,Insurance Cross-Sell
SYN-003741,8,10-06-2026,Insurance Cross-Sell
SYN-003741,9,20-06-2026,Insurance Cross-Sell
SYN-003741,10,30-06-2026,Insurance Cross-Sell
SYN-003741,11,10-07-2026,Insurance Cross-Sell
SYN-003741,12,20-07-2026,Insurance Cross-Sell
SYN-003741,13,30-07-2026,Service Resolution
SYN-003741,14,10-08-2026,Insurance Cross-Sell
SYN-003741,15,20-08-2026,Insurance Cross-Sell
SYN-003741,16,30-08-2026,Insurance Cross-Sell
SYN-003741,17,10-09-2026,Bank Term Deposit
SYN-003741,18,20-09-2026,Bank Term Deposit
SYN-010371,1,30-03-2026,Bank Term Deposit
SYN-010371,2,10-04-2026,Insurance Cross-Sell
SYN-010371,3,20-04-2026,Insurance Cross-Sell
SYN-010371,4,30-04-2026,Insurance Cross-Sell
SYN-010371,5,10-05-2026,Insurance Cross-Sell
SYN-010371,6,20-05-2026,Insurance Cross-Sell
SYN-010371,7,30-05-2026,Insurance Cross-Sell
SYN-010371,8,10-06-2026,Retention Action
SYN-010371,9,20-06-2026,Retention Action
SYN-010371,10,30-06-2026,Retention Action
SYN-010371,11,10-07-2026,Insurance Cross-Sell
SYN-010371,12,20-07-2026,Insurance Cross-Sell
SYN-010371,13,30-07-2026,Compliance Hold - No Sales Offer
SYN-010371,14,10-08-2026,Compliance Hold - No Sales Offer
SYN-010371,15,20-08-2026,Compliance Hold - No Sales Offer
SYN-010371,16,30-08-2026,Compliance Hold - No Sales Offer
SYN-010371,17,10-09-2026,Compliance Hold - No Sales Offer
SYN-010371,18,20-09-2026,Compliance Hold - No Sales Offer
SYN-036757,1,30-03-2026,Insurance Cross-Sell
SYN-036757,2,10-04-2026,Insurance Cross-Sell
SYN-036757,3,20-04-2026,Insurance Cross-Sell
SYN-036757,4,30-04-2026,Insurance Cross-Sell
SYN-036757,5,10-05-2026,Insurance Cross-Sell
SYN-036757,6,20-05-2026,Insurance Cross-Sell
SYN-036757,7,30-05-2026,Retention Action
SYN-036757,8,10-06-2026,Bank Term Deposit
SYN-036757,9,20-06-2026,Bank Term Deposit
SYN-036757,10,30-06-2026,Bank Term Deposit
SYN-036757,11,10-07-2026,Bank Term Deposit
SYN-036757,12,20-07-2026,Insurance Cross-Sell
SYN-036757,13,30-07-2026,Insurance Cross-Sell
SYN-036757,14,10-08-2026,Insurance Cross-Sell
SYN-036757,15,20-08-2026,Insurance Cross-Sell
SYN-036757,16,30-08-2026,Insurance Cross-Sell
SYN-036757,17,10-09-2026,Complete KYC
SYN-036757,18,20-09-2026,Complete KYC
SYN-045208,1,30-03-2026,Insurance Cross-Sell
SYN-045208,2,10-04-2026,Service Intervention (Low NPS)
SYN-045208,3,20-04-2026,Insurance Cross-Sell
SYN-045208,4,30-04-2026,Insurance Cross-Sell
SYN-045208,5,10-05-2026,Insurance Cross-Sell
SYN-045208,6,20-05-2026,Insurance Cross-Sell
SYN-045208,7,30-05-2026,Insurance Cross-Sell
SYN-045208,8,10-06-2026,Insurance Cross-Sell
SYN-045208,9,20-06-2026,Insurance Cross-Sell
SYN-045208,10,30-06-2026,Bank Term Deposit
SYN-045208,11,10-07-2026,Bank Term Deposit
SYN-045208,12,20-07-2026,Insurance Cross-Sell
SYN-045208,13,30-07-2026,Insurance Cross-Sell
SYN-045208,14,10-08-2026,Insurance Cross-Sell
SYN-045208,15,20-08-2026,Complete KYC
SYN-045208,16,30-08-2026,Complete KYC
SYN-045208,17,10-09-2026,Complete KYC
SYN-045208,18,20-09-2026,Complete KYC
SYN-016356,1,30-03-2026,Insurance Cross-Sell
SYN-016356,2,10-04-2026,Insurance Cross-Sell
SYN-016356,3,20-04-2026,Insurance Cross-Sell
SYN-016356,4,30-04-2026,Insurance Cross-Sell
SYN-016356,5,10-05-2026,Bank Term Deposit
SYN-016356,6,20-05-2026,Bank Term Deposit
SYN-016356,7,30-05-2026,Bank Term Deposit
SYN-016356,8,10-06-2026,Bank Term Deposit
SYN-016356,9,20-06-2026,Bank Term Deposit
SYN-016356,10,30-06-2026,Bank Term Deposit
SYN-016356,11,10-07-2026,Bank Term Deposit
SYN-016356,12,20-07-2026,Bank Term Deposit
SYN-016356,13,30-07-2026,Bank Term Deposit
SYN-016356,14,10-08-2026,Bank Term Deposit
SYN-016356,15,20-08-2026,Bank Term Deposit
SYN-016356,16,30-08-2026,Bank Term Deposit
SYN-016356,17,10-09-2026,Payment Reminder / Collections Resolution
SYN-016356,18,20-09-2026,Payment Reminder / Collections Resolution
SYN-034235,1,30-03-2026,Bank Term Deposit
SYN-034235,2,10-04-2026,Insurance Cross-Sell
SYN-034235,3,20-04-2026,Insurance Cross-Sell
SYN-034235,4,30-04-2026,Service Intervention (Low NPS)
SYN-034235,5,10-05-2026,Service Intervention (Low NPS)
SYN-034235,6,20-05-2026,Insurance Cross-Sell
SYN-034235,7,30-05-2026,Insurance Cross-Sell
SYN-034235,8,10-06-2026,Insurance Cross-Sell
SYN-034235,9,20-06-2026,Insurance Cross-Sell
SYN-034235,10,30-06-2026,Bank Term Deposit
SYN-034235,11,10-07-2026,Insurance Cross-Sell
SYN-034235,12,20-07-2026,Insurance Cross-Sell
SYN-034235,13,30-07-2026,Insurance Cross-Sell
SYN-034235,14,10-08-2026,Bank Term Deposit
SYN-034235,15,20-08-2026,Bank Term Deposit
SYN-034235,16,30-08-2026,Bank Term Deposit
SYN-034235,17,10-09-2026,Payment Reminder / Collections Resolution
SYN-034235,18,20-09-2026,Payment Reminder / Collections Resolution
SYN-037061,1,30-03-2026,Bank Term Deposit
SYN-037061,2,10-04-2026,Bank Term Deposit
SYN-037061,3,20-04-2026,Bank Term Deposit
SYN-037061,4,30-04-2026,Bank Term Deposit
SYN-037061,5,10-05-2026,Bank Term Deposit
SYN-037061,6,20-05-2026,Bank Term Deposit
SYN-037061,7,30-05-2026,Retention Action
SYN-037061,8,10-06-2026,Retention Action
SYN-037061,9,20-06-2026,Retention Action
SYN-037061,10,30-06-2026,Retention Action
SYN-037061,11,10-07-2026,Bank Term Deposit
SYN-037061,12,20-07-2026,Insurance Cross-Sell
SYN-037061,13,30-07-2026,Insurance Cross-Sell
SYN-037061,14,10-08-2026,Bank Term Deposit
SYN-037061,15,20-08-2026,Bank Term Deposit
SYN-037061,16,30-08-2026,Bank Term Deposit
SYN-037061,17,10-09-2026,Insurance Cross-Sell
SYN-037061,18,20-09-2026,Insurance Cross-Sell
SYN-002541,1,30-03-2026,Insurance Cross-Sell
SYN-002541,2,10-04-2026,Insurance Cross-Sell
SYN-002541,3,20-04-2026,Bank Term Deposit
SYN-002541,4,30-04-2026,Bank Term Deposit
SYN-002541,5,10-05-2026,Bank Term Deposit
SYN-002541,6,20-05-2026,Bank Term Deposit
SYN-002541,7,30-05-2026,Bank Term Deposit
SYN-002541,8,10-06-2026,Bank Term Deposit
SYN-002541,9,20-06-2026,Bank Term Deposit
SYN-002541,10,30-06-2026,Bank Term Deposit
SYN-002541,11,10-07-2026,Bank Term Deposit
SYN-002541,12,20-07-2026,Bank Term Deposit
SYN-002541,13,30-07-2026,Bank Term Deposit
SYN-002541,14,10-08-2026,Bank Term Deposit
SYN-002541,15,20-08-2026,Bank Term Deposit
SYN-002541,16,30-08-2026,Payment Reminder / Collections Resolution
SYN-002541,17,10-09-2026,Payment Reminder / Collections Resolution
SYN-002541,18,20-09-2026,Payment Reminder / Collections Resolution
SYN-009020,1,30-03-2026,Insurance Cross-Sell
SYN-009020,2,10-04-2026,Insurance Cross-Sell
SYN-009020,3,20-04-2026,Insurance Cross-Sell
SYN-009020,4,30-04-2026,Insurance Cross-Sell
SYN-009020,5,10-05-2026,Insurance Cross-Sell
SYN-009020,6,20-05-2026,Insurance Cross-Sell
SYN-009020,7,30-05-2026,Insurance Cross-Sell
SYN-009020,8,10-06-2026,Insurance Cross-Sell
SYN-009020,9,20-06-2026,Insurance Cross-Sell
SYN-009020,10,30-06-2026,Insurance Cross-Sell
SYN-009020,11,10-07-2026,Insurance Cross-Sell
SYN-009020,12,20-07-2026,Insurance Cross-Sell
SYN-009020,13,30-07-2026,Insurance Cross-Sell
SYN-009020,14,10-08-2026,Insurance Cross-Sell
SYN-009020,15,20-08-2026,Insurance Cross-Sell
SYN-009020,16,30-08-2026,Insurance Cross-Sell
SYN-009020,17,10-09-2026,Payment Reminder / Collections Resolution
SYN-009020,18,20-09-2026,Payment Reminder / Collections Resolution
SYN-040052,1,30-03-2026,Insurance Cross-Sell
SYN-040052,2,10-04-2026,Insurance Cross-Sell
SYN-040052,3,20-04-2026,Insurance Cross-Sell
SYN-040052,4,30-04-2026,Insurance Cross-Sell
SYN-040052,5,10-05-2026,Retention Action
SYN-040052,6,20-05-2026,Bank Term Deposit
SYN-040052,7,30-05-2026,Service Intervention (Low NPS)
SYN-040052,8,10-06-2026,Service Intervention (Low NPS)
SYN-040052,9,20-06-2026,Bank Term Deposit
SYN-040052,10,30-06-2026,Bank Term Deposit
SYN-040052,11,10-07-2026,Bank Term Deposit
SYN-040052,12,20-07-2026,Bank Term Deposit
SYN-040052,13,30-07-2026,Bank Term Deposit
SYN-040052,14,10-08-2026,Bank Term Deposit
SYN-040052,15,20-08-2026,Bank Term Deposit
SYN-040052,16,30-08-2026,Bank Term Deposit
SYN-040052,17,10-09-2026,Bank Term Deposit
SYN-040052,18,20-09-2026,Bank Term Deposit
SYN-014768,1,30-03-2026,Bank Term Deposit
SYN-014768,2,10-04-2026,Bank Term Deposit
SYN-014768,3,20-04-2026,Insurance Cross-Sell
SYN-014768,4,30-04-2026,Insurance Cross-Sell
SYN-014768,5,10-05-2026,Insurance Cross-Sell
SYN-014768,6,20-05-2026,Insurance Cross-Sell
SYN-014768,7,30-05-2026,Insurance Cross-Sell
SYN-014768,8,10-06-2026,Insurance Cross-Sell
SYN-014768,9,20-06-2026,Insurance Cross-Sell
SYN-014768,10,30-06-2026,Insurance Cross-Sell
SYN-014768,11,10-07-2026,Insurance Cross-Sell
SYN-014768,12,20-07-2026,Bank Term Deposit
SYN-014768,13,30-07-2026,Bank Term Deposit
SYN-014768,14,10-08-2026,Bank Term Deposit
SYN-014768,15,20-08-2026,Bank Term Deposit
SYN-014768,16,30-08-2026,Bank Term Deposit
SYN-014768,17,10-09-2026,Service Intervention (Low NPS)
SYN-014768,18,20-09-2026,Service Intervention (Low NPS)
SYN-042370,1,30-03-2026,Insurance Cross-Sell
SYN-042370,2,10-04-2026,Insurance Cross-Sell
SYN-042370,3,20-04-2026,Bank Term Deposit
SYN-042370,4,30-04-2026,Bank Term Deposit
SYN-042370,5,10-05-2026,Retention Action
SYN-042370,6,20-05-2026,Bank Term Deposit
SYN-042370,7,30-05-2026,Bank Term Deposit
SYN-042370,8,10-06-2026,Bank Term Deposit
SYN-042370,9,20-06-2026,Bank Term Deposit
SYN-042370,10,30-06-2026,Bank Term Deposit
SYN-042370,11,10-07-2026,Bank Term Deposit
SYN-042370,12,20-07-2026,Bank Term Deposit
SYN-042370,13,30-07-2026,Bank Term Deposit
SYN-042370,14,10-08-2026,Bank Term Deposit
SYN-042370,15,20-08-2026,Bank Term Deposit
SYN-042370,16,30-08-2026,Bank Term Deposit
SYN-042370,17,10-09-2026,Service Intervention (Low NPS)
SYN-042370,18,20-09-2026,Service Intervention (Low NPS)
SYN-018108,1,30-03-2026,Insurance Cross-Sell
SYN-018108,2,10-04-2026,Service Intervention (Low NPS)
SYN-018108,3,20-04-2026,Insurance Cross-Sell
SYN-018108,4,30-04-2026,Insurance Cross-Sell
SYN-018108,5,10-05-2026,Insurance Cross-Sell
SYN-018108,6,20-05-2026,Insurance Cross-Sell
SYN-018108,7,30-05-2026,Insurance Cross-Sell
SYN-018108,8,10-06-2026,Insurance Cross-Sell
SYN-018108,9,20-06-2026,Retention Action
SYN-018108,10,30-06-2026,Retention Action
SYN-018108,11,10-07-2026,Retention Action
SYN-018108,12,20-07-2026,Insurance Cross-Sell
SYN-018108,13,30-07-2026,Service Intervention (Low NPS)
SYN-018108,14,10-08-2026,Insurance Cross-Sell
SYN-018108,15,20-08-2026,Bank Term Deposit
SYN-018108,16,30-08-2026,Bank Term Deposit
SYN-018108,17,10-09-2026,Retention Action
SYN-018108,18,20-09-2026,Retention Action
SYN-044082,1,30-03-2026,Insurance Cross-Sell
SYN-044082,2,10-04-2026,Insurance Cross-Sell
SYN-044082,3,20-04-2026,Insurance Cross-Sell
SYN-044082,4,30-04-2026,Complete KYC
SYN-044082,5,10-05-2026,Complete KYC
SYN-044082,6,20-05-2026,Complete KYC
SYN-044082,7,30-05-2026,Complete KYC
SYN-044082,8,10-06-2026,Complete KYC
SYN-044082,9,20-06-2026,Complete KYC
SYN-044082,10,30-06-2026,Complete KYC
SYN-044082,11,10-07-2026,Complete KYC
SYN-044082,12,20-07-2026,Complete KYC
SYN-044082,13,30-07-2026,Complete KYC
SYN-044082,14,10-08-2026,Complete KYC
SYN-044082,15,20-08-2026,Complete KYC
SYN-044082,16,30-08-2026,Complete KYC
SYN-044082,17,10-09-2026,Complete KYC
SYN-044082,18,20-09-2026,Complete KYC
SYN-014395,1,30-03-2026,Insurance Cross-Sell
SYN-014395,2,10-04-2026,Insurance Cross-Sell
SYN-014395,3,20-04-2026,Insurance Cross-Sell
SYN-014395,4,30-04-2026,Insurance Cross-Sell
SYN-014395,5,10-05-2026,Insurance Cross-Sell
SYN-014395,6,20-05-2026,Insurance Cross-Sell
SYN-014395,7,30-05-2026,Insurance Cross-Sell
SYN-014395,8,10-06-2026,Insurance Cross-Sell
SYN-014395,9,20-06-2026,Insurance Cross-Sell
SYN-014395,10,30-06-2026,Insurance Cross-Sell
SYN-014395,11,10-07-2026,Bank Term Deposit
SYN-014395,12,20-07-2026,Bank Term Deposit
SYN-014395,13,30-07-2026,Bank Term Deposit
SYN-014395,14,10-08-2026,Bank Term Deposit
SYN-014395,15,20-08-2026,Bank Term Deposit
SYN-014395,16,30-08-2026,Bank Term Deposit
SYN-014395,17,10-09-2026,Bank Term Deposit
SYN-014395,18,20-09-2026,Bank Term Deposit
SYN-030668,1,30-03-2026,Bank Term Deposit
SYN-030668,2,10-04-2026,Bank Term Deposit
SYN-030668,3,20-04-2026,Bank Term Deposit
SYN-030668,4,30-04-2026,Insurance Cross-Sell
SYN-030668,5,10-05-2026,Insurance Cross-Sell
SYN-030668,6,20-05-2026,Insurance Cross-Sell
SYN-030668,7,30-05-2026,Service Intervention (Low NPS)
SYN-030668,8,10-06-2026,Insurance Cross-Sell
SYN-030668,9,20-06-2026,Insurance Cross-Sell
SYN-030668,10,30-06-2026,Service Resolution
SYN-030668,11,10-07-2026,Service Resolution
SYN-030668,12,20-07-2026,Service Resolution
SYN-030668,13,30-07-2026,Insurance Cross-Sell
SYN-030668,14,10-08-2026,Bank Term Deposit
SYN-030668,15,20-08-2026,Insurance Cross-Sell
SYN-030668,16,30-08-2026,Insurance Cross-Sell
SYN-030668,17,10-09-2026,Complete KYC
SYN-030668,18,20-09-2026,Complete KYC
SYN-000623,1,30-03-2026,Insurance Cross-Sell
SYN-000623,2,10-04-2026,Insurance Cross-Sell
SYN-000623,3,20-04-2026,Insurance Cross-Sell
SYN-000623,4,30-04-2026,Insurance Cross-Sell
SYN-000623,5,10-05-2026,Insurance Cross-Sell
SYN-000623,6,20-05-2026,Insurance Cross-Sell
SYN-000623,7,30-05-2026,Insurance Cross-Sell
SYN-000623,8,10-06-2026,Insurance Cross-Sell
SYN-000623,9,20-06-2026,Insurance Cross-Sell
SYN-000623,10,30-06-2026,Insurance Cross-Sell
SYN-000623,11,10-07-2026,Insurance Cross-Sell
SYN-000623,12,20-07-2026,Insurance Cross-Sell
SYN-000623,13,30-07-2026,Insurance Cross-Sell
SYN-000623,14,10-08-2026,Retention Action
SYN-000623,15,20-08-2026,Insurance Cross-Sell
SYN-000623,16,30-08-2026,Insurance Cross-Sell
SYN-000623,17,10-09-2026,Insurance Cross-Sell
SYN-000623,18,20-09-2026,Insurance Cross-Sell
SYN-011981,1,30-03-2026,Insurance Cross-Sell
SYN-011981,2,10-04-2026,Insurance Cross-Sell
SYN-011981,3,20-04-2026,Insurance Cross-Sell
SYN-011981,4,30-04-2026,Insurance Cross-Sell
SYN-011981,5,10-05-2026,Insurance Cross-Sell
SYN-011981,6,20-05-2026,Insurance Cross-Sell
SYN-011981,7,30-05-2026,Insurance Cross-Sell
SYN-011981,8,10-06-2026,Insurance Cross-Sell
SYN-011981,9,20-06-2026,Insurance Cross-Sell
SYN-011981,10,30-06-2026,Payment Reminder / Collections Resolution
SYN-011981,11,10-07-2026,Payment Reminder / Collections Resolution
SYN-011981,12,20-07-2026,Insurance Cross-Sell
SYN-011981,13,30-07-2026,Insurance Cross-Sell
SYN-011981,14,10-08-2026,Insurance Cross-Sell
SYN-011981,15,20-08-2026,Insurance Cross-Sell
SYN-011981,16,30-08-2026,Insurance Cross-Sell
SYN-011981,17,10-09-2026,Payment Reminder / Collections Resolution
SYN-011981,18,20-09-2026,Payment Reminder / Collections Resolution
SYN-044981,1,30-03-2026,Insurance Cross-Sell
SYN-044981,2,10-04-2026,Insurance Cross-Sell
SYN-044981,3,20-04-2026,Insurance Cross-Sell
SYN-044981,4,30-04-2026,Insurance Cross-Sell
SYN-044981,5,10-05-2026,Insurance Cross-Sell
SYN-044981,6,20-05-2026,Insurance Cross-Sell
SYN-044981,7,30-05-2026,Insurance Cross-Sell
SYN-044981,8,10-06-2026,Bank Term Deposit
SYN-044981,9,20-06-2026,Retention Action
SYN-044981,10,30-06-2026,Bank Term Deposit
SYN-044981,11,10-07-2026,Bank Term Deposit
SYN-044981,12,20-07-2026,Bank Term Deposit
SYN-044981,13,30-07-2026,Bank Term Deposit
SYN-044981,14,10-08-2026,Bank Term Deposit
SYN-044981,15,20-08-2026,Bank Term Deposit
SYN-044981,16,30-08-2026,Bank Term Deposit
SYN-044981,17,10-09-2026,Bank Term Deposit
SYN-044981,18,20-09-2026,Bank Term Deposit
SYN-009144,1,30-03-2026,Insurance Cross-Sell
SYN-009144,2,10-04-2026,Insurance Cross-Sell
SYN-009144,3,20-04-2026,Insurance Cross-Sell
SYN-009144,4,30-04-2026,Service Intervention (Low NPS)
SYN-009144,5,10-05-2026,Insurance Cross-Sell
SYN-009144,6,20-05-2026,Insurance Cross-Sell
SYN-009144,7,30-05-2026,Insurance Cross-Sell
SYN-009144,8,10-06-2026,Bank Term Deposit
SYN-009144,9,20-06-2026,Insurance Cross-Sell
SYN-009144,10,30-06-2026,Insurance Cross-Sell
SYN-009144,11,10-07-2026,Insurance Cross-Sell
SYN-009144,12,20-07-2026,Insurance Cross-Sell
SYN-009144,13,30-07-2026,Insurance Cross-Sell
SYN-009144,14,10-08-2026,Insurance Cross-Sell
SYN-009144,15,20-08-2026,Insurance Cross-Sell
SYN-009144,16,30-08-2026,Payment Reminder / Collections Resolution
SYN-009144,17,10-09-2026,Payment Reminder / Collections Resolution
SYN-009144,18,20-09-2026,Payment Reminder / Collections Resolution
SYN-031413,1,30-03-2026,Insurance Cross-Sell
SYN-031413,2,10-04-2026,Insurance Cross-Sell
SYN-031413,3,20-04-2026,Insurance Cross-Sell
SYN-031413,4,30-04-2026,Insurance Cross-Sell
SYN-031413,5,10-05-2026,Insurance Cross-Sell
SYN-031413,6,20-05-2026,Payment Reminder / Collections Resolution
SYN-031413,7,30-05-2026,Insurance Cross-Sell
SYN-031413,8,10-06-2026,Insurance Cross-Sell
SYN-031413,9,20-06-2026,Insurance Cross-Sell
SYN-031413,10,30-06-2026,Insurance Cross-Sell
SYN-031413,11,10-07-2026,Insurance Cross-Sell
SYN-031413,12,20-07-2026,Insurance Cross-Sell
SYN-031413,13,30-07-2026,Insurance Cross-Sell
SYN-031413,14,10-08-2026,Retention Action
SYN-031413,15,20-08-2026,Retention Action
SYN-031413,16,30-08-2026,Retention Action
SYN-031413,17,10-09-2026,Insurance Cross-Sell
SYN-031413,18,20-09-2026,Insurance Cross-Sell
SYN-037553,1,30-03-2026,Bank Term Deposit
SYN-037553,2,10-04-2026,Bank Term Deposit
SYN-037553,3,20-04-2026,Bank Term Deposit
SYN-037553,4,30-04-2026,Bank Term Deposit
SYN-037553,5,10-05-2026,Bank Term Deposit
SYN-037553,6,20-05-2026,Bank Term Deposit
SYN-037553,7,30-05-2026,Bank Term Deposit
SYN-037553,8,10-06-2026,Insurance Cross-Sell
SYN-037553,9,20-06-2026,Bank Term Deposit
SYN-037553,10,30-06-2026,Bank Term Deposit
SYN-037553,11,10-07-2026,Bank Term Deposit
SYN-037553,12,20-07-2026,Bank Term Deposit
SYN-037553,13,30-07-2026,Service Intervention (Low NPS)
SYN-037553,14,10-08-2026,Bank Term Deposit
SYN-037553,15,20-08-2026,Bank Term Deposit
SYN-037553,16,30-08-2026,Bank Term Deposit
SYN-037553,17,10-09-2026,Bank Term Deposit
SYN-037553,18,20-09-2026,Bank Term Deposit
SYN-024887,1,30-03-2026,Service Intervention (Low NPS)
SYN-024887,2,10-04-2026,Bank Term Deposit
SYN-024887,3,20-04-2026,Insurance Cross-Sell
SYN-024887,4,30-04-2026,Bank Term Deposit
SYN-024887,5,10-05-2026,Bank Term Deposit
SYN-024887,6,20-05-2026,Bank Term Deposit
SYN-024887,7,30-05-2026,Bank Term Deposit
SYN-024887,8,10-06-2026,Bank Term Deposit
SYN-024887,9,20-06-2026,Insurance Cross-Sell
SYN-024887,10,30-06-2026,Insurance Cross-Sell
SYN-024887,11,10-07-2026,Insurance Cross-Sell
SYN-024887,12,20-07-2026,Bank Term Deposit
SYN-024887,13,30-07-2026,Bank Term Deposit
SYN-024887,14,10-08-2026,Insurance Cross-Sell
SYN-024887,15,20-08-2026,Bank Term Deposit
SYN-024887,16,30-08-2026,Bank Term Deposit
SYN-024887,17,10-09-2026,Bank Term Deposit
SYN-024887,18,20-09-2026,Bank Term Deposit
SYN-039963,1,30-03-2026,Insurance Cross-Sell
SYN-039963,2,10-04-2026,Insurance Cross-Sell
SYN-039963,3,20-04-2026,Insurance Cross-Sell
SYN-039963,4,30-04-2026,Insurance Cross-Sell
SYN-039963,5,10-05-2026,Insurance Cross-Sell
SYN-039963,6,20-05-2026,Insurance Cross-Sell
SYN-039963,7,30-05-2026,Insurance Cross-Sell
SYN-039963,8,10-06-2026,Insurance Cross-Sell
SYN-039963,9,20-06-2026,Payment Reminder / Collections Resolution
SYN-039963,10,30-06-2026,Insurance Cross-Sell
SYN-039963,11,10-07-2026,Insurance Cross-Sell
SYN-039963,12,20-07-2026,Bank Term Deposit
SYN-039963,13,30-07-2026,Bank Term Deposit
SYN-039963,14,10-08-2026,Bank Term Deposit
SYN-039963,15,20-08-2026,Bank Term Deposit
SYN-039963,16,30-08-2026,Insurance Cross-Sell
SYN-039963,17,10-09-2026,Service Intervention (Low NPS)
SYN-039963,18,20-09-2026,Service Intervention (Low NPS)
SYN-035288,1,30-03-2026,Insurance Cross-Sell
SYN-035288,2,10-04-2026,Retention Action
SYN-035288,3,20-04-2026,Retention Action
SYN-035288,4,30-04-2026,Insurance Cross-Sell
SYN-035288,5,10-05-2026,Insurance Cross-Sell
SYN-035288,6,20-05-2026,Insurance Cross-Sell
SYN-035288,7,30-05-2026,Insurance Cross-Sell
SYN-035288,8,10-06-2026,Insurance Cross-Sell
SYN-035288,9,20-06-2026,Insurance Cross-Sell
SYN-035288,10,30-06-2026,Insurance Cross-Sell
SYN-035288,11,10-07-2026,Retention Action
SYN-035288,12,20-07-2026,Retention Action
SYN-035288,13,30-07-2026,Insurance Cross-Sell
SYN-035288,14,10-08-2026,Bank Term Deposit
SYN-035288,15,20-08-2026,Bank Term Deposit
SYN-035288,16,30-08-2026,Bank Term Deposit
SYN-035288,17,10-09-2026,Insurance Cross-Sell
SYN-035288,18,20-09-2026,Insurance Cross-Sell
SYN-019930,1,30-03-2026,Bank Term Deposit
SYN-019930,2,10-04-2026,Bank Term Deposit
SYN-019930,3,20-04-2026,Insurance Cross-Sell
SYN-019930,4,30-04-2026,Insurance Cross-Sell
SYN-019930,5,10-05-2026,Insurance Cross-Sell
SYN-019930,6,20-05-2026,Service Resolution
SYN-019930,7,30-05-2026,Service Resolution
SYN-019930,8,10-06-2026,Insurance Cross-Sell
SYN-019930,9,20-06-2026,Insurance Cross-Sell
SYN-019930,10,30-06-2026,Insurance Cross-Sell
SYN-019930,11,10-07-2026,Insurance Cross-Sell
SYN-019930,12,20-07-2026,Insurance Cross-Sell
SYN-019930,13,30-07-2026,Insurance Cross-Sell
SYN-019930,14,10-08-2026,Insurance Cross-Sell
SYN-019930,15,20-08-2026,Insurance Cross-Sell
SYN-019930,16,30-08-2026,Insurance Cross-Sell
SYN-019930,17,10-09-2026,Insurance Cross-Sell
SYN-019930,18,20-09-2026,Insurance Cross-Sell
SYN-009786,1,30-03-2026,Insurance Cross-Sell
SYN-009786,2,10-04-2026,Retention Action
SYN-009786,3,20-04-2026,Retention Action
SYN-009786,4,30-04-2026,Insurance Cross-Sell
SYN-009786,5,10-05-2026,Retention Action
SYN-009786,6,20-05-2026,Retention Action
SYN-009786,7,30-05-2026,Retention Action
SYN-009786,8,10-06-2026,Insurance Cross-Sell
SYN-009786,9,20-06-2026,Insurance Cross-Sell
SYN-009786,10,30-06-2026,Insurance Cross-Sell
SYN-009786,11,10-07-2026,Insurance Cross-Sell
SYN-009786,12,20-07-2026,Insurance Cross-Sell
SYN-009786,13,30-07-2026,Insurance Cross-Sell
SYN-009786,14,10-08-2026,Bank Term Deposit
SYN-009786,15,20-08-2026,Bank Term Deposit
SYN-009786,16,30-08-2026,Bank Term Deposit
SYN-009786,17,10-09-2026,Bank Term Deposit
SYN-009786,18,20-09-2026,Bank Term Deposit
SYN-023400,1,30-03-2026,Insurance Cross-Sell
SYN-023400,2,10-04-2026,Insurance Cross-Sell
SYN-023400,3,20-04-2026,Insurance Cross-Sell
SYN-023400,4,30-04-2026,Insurance Cross-Sell
SYN-023400,5,10-05-2026,Insurance Cross-Sell
SYN-023400,6,20-05-2026,Insurance Cross-Sell
SYN-023400,7,30-05-2026,Retention Action
SYN-023400,8,10-06-2026,Retention Action
SYN-023400,9,20-06-2026,Retention Action
SYN-023400,10,30-06-2026,Retention Action
SYN-023400,11,10-07-2026,Insurance Cross-Sell
SYN-023400,12,20-07-2026,Insurance Cross-Sell
SYN-023400,13,30-07-2026,Insurance Cross-Sell
SYN-023400,14,10-08-2026,Insurance Cross-Sell
SYN-023400,15,20-08-2026,Insurance Cross-Sell
SYN-023400,16,30-08-2026,Insurance Cross-Sell
SYN-023400,17,10-09-2026,Insurance Cross-Sell
SYN-023400,18,20-09-2026,Insurance Cross-Sell
SYN-031557,1,30-03-2026,Bank Term Deposit
SYN-031557,2,10-04-2026,Bank Term Deposit
SYN-031557,3,20-04-2026,Bank Term Deposit
SYN-031557,4,30-04-2026,Service Intervention (Low NPS)
SYN-031557,5,10-05-2026,Bank Term Deposit
SYN-031557,6,20-05-2026,Insurance Cross-Sell
SYN-031557,7,30-05-2026,Insurance Cross-Sell
SYN-031557,8,10-06-2026,Insurance Cross-Sell
SYN-031557,9,20-06-2026,Insurance Cross-Sell
SYN-031557,10,30-06-2026,Insurance Cross-Sell
SYN-031557,11,10-07-2026,Bank Term Deposit
SYN-031557,12,20-07-2026,Insurance Cross-Sell
SYN-031557,13,30-07-2026,Insurance Cross-Sell
SYN-031557,14,10-08-2026,Insurance Cross-Sell
SYN-031557,15,20-08-2026,Insurance Cross-Sell
SYN-031557,16,30-08-2026,Insurance Cross-Sell
SYN-031557,17,10-09-2026,Insurance Cross-Sell
SYN-031557,18,20-09-2026,Insurance Cross-Sell
SYN-036501,1,30-03-2026,Bank Term Deposit
SYN-036501,2,10-04-2026,Payment Reminder / Collections Resolution
SYN-036501,3,20-04-2026,Bank Term Deposit
SYN-036501,4,30-04-2026,Bank Term Deposit
SYN-036501,5,10-05-2026,Bank Term Deposit
SYN-036501,6,20-05-2026,Bank Term Deposit
SYN-036501,7,30-05-2026,Bank Term Deposit
SYN-036501,8,10-06-2026,Bank Term Deposit
SYN-036501,9,20-06-2026,Bank Term Deposit
SYN-036501,10,30-06-2026,Bank Term Deposit
SYN-036501,11,10-07-2026,Bank Term Deposit
SYN-036501,12,20-07-2026,Bank Term Deposit
SYN-036501,13,30-07-2026,Bank Term Deposit
SYN-036501,14,10-08-2026,Insurance Cross-Sell
SYN-036501,15,20-08-2026,Insurance Cross-Sell
SYN-036501,16,30-08-2026,Insurance Cross-Sell
SYN-036501,17,10-09-2026,No Marketing Action (Consent Withheld)
SYN-036501,18,20-09-2026,No Marketing Action (Consent Withheld)
SYN-005645,1,30-03-2026,Insurance Cross-Sell
SYN-005645,2,10-04-2026,Insurance Cross-Sell
SYN-005645,3,20-04-2026,Insurance Cross-Sell
SYN-005645,4,30-04-2026,Retention Action
SYN-005645,5,10-05-2026,Insurance Cross-Sell
SYN-005645,6,20-05-2026,Insurance Cross-Sell
SYN-005645,7,30-05-2026,Insurance Cross-Sell
SYN-005645,8,10-06-2026,Insurance Cross-Sell
SYN-005645,9,20-06-2026,Insurance Cross-Sell
SYN-005645,10,30-06-2026,Insurance Cross-Sell
SYN-005645,11,10-07-2026,Insurance Cross-Sell
SYN-005645,12,20-07-2026,Insurance Cross-Sell
SYN-005645,13,30-07-2026,Insurance Cross-Sell
SYN-005645,14,10-08-2026,Insurance Cross-Sell
SYN-005645,15,20-08-2026,Insurance Cross-Sell
SYN-005645,16,30-08-2026,Insurance Cross-Sell
SYN-005645,17,10-09-2026,Insurance Cross-Sell
SYN-005645,18,20-09-2026,Insurance Cross-Sell
SYN-041995,1,30-03-2026,Insurance Cross-Sell
SYN-041995,2,10-04-2026,Payment Reminder / Collections Resolution
SYN-041995,3,20-04-2026,Insurance Cross-Sell
SYN-041995,4,30-04-2026,Insurance Cross-Sell
SYN-041995,5,10-05-2026,Insurance Cross-Sell
SYN-041995,6,20-05-2026,Insurance Cross-Sell
SYN-041995,7,30-05-2026,Insurance Cross-Sell
SYN-041995,8,10-06-2026,Insurance Cross-Sell
SYN-041995,9,20-06-2026,Bank Term Deposit
SYN-041995,10,30-06-2026,Bank Term Deposit
SYN-041995,11,10-07-2026,Bank Term Deposit
SYN-041995,12,20-07-2026,Bank Term Deposit
SYN-041995,13,30-07-2026,Bank Term Deposit
SYN-041995,14,10-08-2026,Bank Term Deposit
SYN-041995,15,20-08-2026,Bank Term Deposit
SYN-041995,16,30-08-2026,Bank Term Deposit
SYN-041995,17,10-09-2026,Service Intervention (Low NPS)
SYN-041995,18,20-09-2026,Service Intervention (Low NPS)
SYN-033278,1,30-03-2026,Insurance Cross-Sell
SYN-033278,2,10-04-2026,Insurance Cross-Sell
SYN-033278,3,20-04-2026,Insurance Cross-Sell
SYN-033278,4,30-04-2026,Insurance Cross-Sell
SYN-033278,5,10-05-2026,Insurance Cross-Sell
SYN-033278,6,20-05-2026,Insurance Cross-Sell
SYN-033278,7,30-05-2026,Insurance Cross-Sell
SYN-033278,8,10-06-2026,Insurance Cross-Sell
SYN-033278,9,20-06-2026,Service Resolution
SYN-033278,10,30-06-2026,Service Resolution
SYN-033278,11,10-07-2026,Insurance Cross-Sell
SYN-033278,12,20-07-2026,Insurance Cross-Sell
SYN-033278,13,30-07-2026,Insurance Cross-Sell
SYN-033278,14,10-08-2026,Insurance Cross-Sell
SYN-033278,15,20-08-2026,Bank Term Deposit
SYN-033278,16,30-08-2026,Bank Term Deposit
SYN-033278,17,10-09-2026,Insurance Cross-Sell
SYN-033278,18,20-09-2026,Insurance Cross-Sell
SYN-000265,1,30-03-2026,Bank Term Deposit
SYN-000265,2,10-04-2026,Insurance Cross-Sell
SYN-000265,3,20-04-2026,Insurance Cross-Sell
SYN-000265,4,30-04-2026,Insurance Cross-Sell
SYN-000265,5,10-05-2026,Insurance Cross-Sell
SYN-000265,6,20-05-2026,Insurance Cross-Sell
SYN-000265,7,30-05-2026,Insurance Cross-Sell
SYN-000265,8,10-06-2026,Insurance Cross-Sell
SYN-000265,9,20-06-2026,Insurance Cross-Sell
SYN-000265,10,30-06-2026,Insurance Cross-Sell
SYN-000265,11,10-07-2026,Insurance Cross-Sell
SYN-000265,12,20-07-2026,Insurance Cross-Sell
SYN-000265,13,30-07-2026,Insurance Cross-Sell
SYN-000265,14,10-08-2026,Insurance Cross-Sell
SYN-000265,15,20-08-2026,Bank Term Deposit
SYN-000265,16,30-08-2026,Bank Term Deposit
SYN-000265,17,10-09-2026,Payment Reminder / Collections Resolution
SYN-000265,18,20-09-2026,Payment Reminder / Collections Resolution
SYN-000290,1,30-03-2026,Insurance Cross-Sell
SYN-000290,2,10-04-2026,Insurance Cross-Sell
SYN-000290,3,20-04-2026,Insurance Cross-Sell
SYN-000290,4,30-04-2026,Insurance Cross-Sell
SYN-000290,5,10-05-2026,Bank Term Deposit
SYN-000290,6,20-05-2026,Bank Term Deposit
SYN-000290,7,30-05-2026,Bank Term Deposit
SYN-000290,8,10-06-2026,Bank Term Deposit
SYN-000290,9,20-06-2026,Service Intervention (Low NPS)
SYN-000290,10,30-06-2026,Bank Term Deposit
SYN-000290,11,10-07-2026,Bank Term Deposit
SYN-000290,12,20-07-2026,Insurance Cross-Sell
SYN-000290,13,30-07-2026,Insurance Cross-Sell
SYN-000290,14,10-08-2026,Insurance Cross-Sell
SYN-000290,15,20-08-2026,Insurance Cross-Sell
SYN-000290,16,30-08-2026,Insurance Cross-Sell
SYN-000290,17,10-09-2026,Insurance Cross-Sell
SYN-000290,18,20-09-2026,Insurance Cross-Sell
SYN-044864,1,30-03-2026,Bank Term Deposit
SYN-044864,2,10-04-2026,Bank Term Deposit
SYN-044864,3,20-04-2026,Bank Term Deposit
SYN-044864,4,30-04-2026,Bank Term Deposit
SYN-044864,5,10-05-2026,Bank Term Deposit
SYN-044864,6,20-05-2026,Bank Term Deposit
SYN-044864,7,30-05-2026,Service Resolution
SYN-044864,8,10-06-2026,Bank Term Deposit
SYN-044864,9,20-06-2026,Bank Term Deposit
SYN-044864,10,30-06-2026,Payment Reminder / Collections Resolution
SYN-044864,11,10-07-2026,Bank Term Deposit
SYN-044864,12,20-07-2026,Bank Term Deposit
SYN-044864,13,30-07-2026,Bank Term Deposit
SYN-044864,14,10-08-2026,Bank Term Deposit
SYN-044864,15,20-08-2026,Bank Term Deposit
SYN-044864,16,30-08-2026,Bank Term Deposit
SYN-044864,17,10-09-2026,Service Intervention (Low NPS)
SYN-044864,18,20-09-2026,Service Intervention (Low NPS)
SYN-039677,1,30-03-2026,Retention Action
SYN-039677,2,10-04-2026,Retention Action
SYN-039677,3,20-04-2026,Retention Action
SYN-039677,4,30-04-2026,Insurance Cross-Sell
SYN-039677,5,10-05-2026,Bank Term Deposit
SYN-039677,6,20-05-2026,Bank Term Deposit
SYN-039677,7,30-05-2026,Bank Term Deposit
SYN-039677,8,10-06-2026,Insurance Cross-Sell
SYN-039677,9,20-06-2026,Bank Term Deposit
SYN-039677,10,30-06-2026,Insurance Cross-Sell
SYN-039677,11,10-07-2026,Bank Term Deposit
SYN-039677,12,20-07-2026,Bank Term Deposit
SYN-039677,13,30-07-2026,Bank Term Deposit
SYN-039677,14,10-08-2026,Bank Term Deposit
SYN-039677,15,20-08-2026,Bank Term Deposit
SYN-039677,16,30-08-2026,Bank Term Deposit
SYN-039677,17,10-09-2026,Payment Reminder / Collections Resolution
SYN-039677,18,20-09-2026,Payment Reminder / Collections Resolution
SYN-033179,1,30-03-2026,Insurance Cross-Sell
SYN-033179,2,10-04-2026,Insurance Cross-Sell
SYN-033179,3,20-04-2026,Insurance Cross-Sell
SYN-033179,4,30-04-2026,Insurance Cross-Sell
SYN-033179,5,10-05-2026,Insurance Cross-Sell
SYN-033179,6,20-05-2026,Insurance Cross-Sell
SYN-033179,7,30-05-2026,Insurance Cross-Sell
SYN-033179,8,10-06-2026,Insurance Cross-Sell
SYN-033179,9,20-06-2026,Insurance Cross-Sell
SYN-033179,10,30-06-2026,Insurance Cross-Sell
SYN-033179,11,10-07-2026,Insurance Cross-Sell
SYN-033179,12,20-07-2026,Insurance Cross-Sell
SYN-033179,13,30-07-2026,Insurance Cross-Sell
SYN-033179,14,10-08-2026,Complete KYC
SYN-033179,15,20-08-2026,Complete KYC
SYN-033179,16,30-08-2026,Complete KYC
SYN-033179,17,10-09-2026,Complete KYC
SYN-033179,18,20-09-2026,Complete KYC
SYN-039478,1,30-03-2026,Insurance Cross-Sell
SYN-039478,2,10-04-2026,Bank Term Deposit
SYN-039478,3,20-04-2026,Bank Term Deposit
SYN-039478,4,30-04-2026,Bank Term Deposit
SYN-039478,5,10-05-2026,Bank Term Deposit
SYN-039478,6,20-05-2026,Bank Term Deposit
SYN-039478,7,30-05-2026,Bank Term Deposit
SYN-039478,8,10-06-2026,Bank Term Deposit
SYN-039478,9,20-06-2026,Bank Term Deposit
SYN-039478,10,30-06-2026,Bank Term Deposit
SYN-039478,11,10-07-2026,Bank Term Deposit
SYN-039478,12,20-07-2026,Insurance Cross-Sell
SYN-039478,13,30-07-2026,Insurance Cross-Sell
SYN-039478,14,10-08-2026,Insurance Cross-Sell
SYN-039478,15,20-08-2026,Retention Action
SYN-039478,16,30-08-2026,Retention Action
SYN-039478,17,10-09-2026,Bank Term Deposit
SYN-039478,18,20-09-2026,Bank Term Deposit
SYN-012507,1,30-03-2026,Insurance Cross-Sell
SYN-012507,2,10-04-2026,Bank Term Deposit
SYN-012507,3,20-04-2026,Bank Term Deposit
SYN-012507,4,30-04-2026,Bank Term Deposit
SYN-012507,5,10-05-2026,Bank Term Deposit
SYN-012507,6,20-05-2026,Bank Term Deposit
SYN-012507,7,30-05-2026,Bank Term Deposit
SYN-012507,8,10-06-2026,Bank Term Deposit
SYN-012507,9,20-06-2026,Insurance Cross-Sell
SYN-012507,10,30-06-2026,Insurance Cross-Sell
SYN-012507,11,10-07-2026,Insurance Cross-Sell
SYN-012507,12,20-07-2026,Insurance Cross-Sell
SYN-012507,13,30-07-2026,Insurance Cross-Sell
SYN-012507,14,10-08-2026,Insurance Cross-Sell
SYN-012507,15,20-08-2026,Insurance Cross-Sell
SYN-012507,16,30-08-2026,Insurance Cross-Sell
SYN-012507,17,10-09-2026,Insurance Cross-Sell
SYN-012507,18,20-09-2026,Insurance Cross-Sell
SYN-014318,1,30-03-2026,Insurance Cross-Sell
SYN-014318,2,10-04-2026,Insurance Cross-Sell
SYN-014318,3,20-04-2026,Insurance Cross-Sell
SYN-014318,4,30-04-2026,Insurance Cross-Sell
SYN-014318,5,10-05-2026,Insurance Cross-Sell
SYN-014318,6,20-05-2026,Insurance Cross-Sell
SYN-014318,7,30-05-2026,Insurance Cross-Sell
SYN-014318,8,10-06-2026,Insurance Cross-Sell
SYN-014318,9,20-06-2026,Insurance Cross-Sell
SYN-014318,10,30-06-2026,Insurance Cross-Sell
SYN-014318,11,10-07-2026,Insurance Cross-Sell
SYN-014318,12,20-07-2026,Service Resolution
SYN-014318,13,30-07-2026,Service Resolution
SYN-014318,14,10-08-2026,Service Resolution
SYN-014318,15,20-08-2026,Insurance Cross-Sell
SYN-014318,16,30-08-2026,Insurance Cross-Sell
SYN-014318,17,10-09-2026,Payment Reminder / Collections Resolution
SYN-014318,18,20-09-2026,Payment Reminder / Collections Resolution
SYN-031714,1,30-03-2026,Bank Term Deposit
SYN-031714,2,10-04-2026,Bank Term Deposit
SYN-031714,3,20-04-2026,Bank Term Deposit
SYN-031714,4,30-04-2026,Bank Term Deposit
SYN-031714,5,10-05-2026,Bank Term Deposit
SYN-031714,6,20-05-2026,Bank Term Deposit
SYN-031714,7,30-05-2026,Bank Term Deposit
SYN-031714,8,10-06-2026,Bank Term Deposit
SYN-031714,9,20-06-2026,Bank Term Deposit
SYN-031714,10,30-06-2026,Insurance Cross-Sell
SYN-031714,11,10-07-2026,Insurance Cross-Sell
SYN-031714,12,20-07-2026,Insurance Cross-Sell
SYN-031714,13,30-07-2026,Insurance Cross-Sell
SYN-031714,14,10-08-2026,Insurance Cross-Sell
SYN-031714,15,20-08-2026,Insurance Cross-Sell
SYN-031714,16,30-08-2026,Service Intervention (Low NPS)
SYN-031714,17,10-09-2026,Service Intervention (Low NPS)
SYN-031714,18,20-09-2026,Service Intervention (Low NPS)
SYN-025893,1,30-03-2026,Service Intervention (Low NPS)
SYN-025893,2,10-04-2026,Service Intervention (Low NPS)
SYN-025893,3,20-04-2026,Service Intervention (Low NPS)
SYN-025893,4,30-04-2026,Insurance Cross-Sell
SYN-025893,5,10-05-2026,Insurance Cross-Sell
SYN-025893,6,20-05-2026,Insurance Cross-Sell
SYN-025893,7,30-05-2026,Insurance Cross-Sell
SYN-025893,8,10-06-2026,Insurance Cross-Sell
SYN-025893,9,20-06-2026,Insurance Cross-Sell
SYN-025893,10,30-06-2026,Insurance Cross-Sell
SYN-025893,11,10-07-2026,Insurance Cross-Sell
SYN-025893,12,20-07-2026,Insurance Cross-Sell
SYN-025893,13,30-07-2026,Insurance Cross-Sell
SYN-025893,14,10-08-2026,Insurance Cross-Sell
SYN-025893,15,20-08-2026,Payment Reminder / Collections Resolution
SYN-025893,16,30-08-2026,Payment Reminder / Collections Resolution
SYN-025893,17,10-09-2026,Payment Reminder / Collections Resolution
SYN-025893,18,20-09-2026,Payment Reminder / Collections Resolution
SYN-041823,1,30-03-2026,Bank Term Deposit
SYN-041823,2,10-04-2026,Bank Term Deposit
SYN-041823,3,20-04-2026,Bank Term Deposit
SYN-041823,4,30-04-2026,Bank Term Deposit
SYN-041823,5,10-05-2026,Bank Term Deposit
SYN-041823,6,20-05-2026,Bank Term Deposit
SYN-041823,7,30-05-2026,Insurance Cross-Sell
SYN-041823,8,10-06-2026,Insurance Cross-Sell
SYN-041823,9,20-06-2026,Insurance Cross-Sell
SYN-041823,10,30-06-2026,Insurance Cross-Sell
SYN-041823,11,10-07-2026,Insurance Cross-Sell
SYN-041823,12,20-07-2026,Insurance Cross-Sell
SYN-041823,13,30-07-2026,Insurance Cross-Sell
SYN-041823,14,10-08-2026,Payment Reminder / Collections Resolution
SYN-041823,15,20-08-2026,Payment Reminder / Collections Resolution
SYN-041823,16,30-08-2026,Payment Reminder / Collections Resolution
SYN-041823,17,10-09-2026,Payment Reminder / Collections Resolution
SYN-041823,18,20-09-2026,Payment Reminder / Collections Resolution
SYN-003188,1,30-03-2026,Bank Term Deposit
SYN-003188,2,10-04-2026,Bank Term Deposit
SYN-003188,3,20-04-2026,Bank Term Deposit
SYN-003188,4,30-04-2026,Bank Term Deposit
SYN-003188,5,10-05-2026,Bank Term Deposit
SYN-003188,6,20-05-2026,Bank Term Deposit
SYN-003188,7,30-05-2026,Bank Term Deposit
SYN-003188,8,10-06-2026,Service Resolution
SYN-003188,9,20-06-2026,Bank Term Deposit
SYN-003188,10,30-06-2026,Bank Term Deposit
SYN-003188,11,10-07-2026,Bank Term Deposit
SYN-003188,12,20-07-2026,Insurance Cross-Sell
SYN-003188,13,30-07-2026,Payment Reminder / Collections Resolution
SYN-003188,14,10-08-2026,Payment Reminder / Collections Resolution
SYN-003188,15,20-08-2026,Payment Reminder / Collections Resolution
SYN-003188,16,30-08-2026,Payment Reminder / Collections Resolution
SYN-003188,17,10-09-2026,Payment Reminder / Collections Resolution
SYN-003188,18,20-09-2026,Payment Reminder / Collections Resolution
SYN-038614,1,30-03-2026,Bank Term Deposit
SYN-038614,2,10-04-2026,Bank Term Deposit
SYN-038614,3,20-04-2026,Bank Term Deposit
SYN-038614,4,30-04-2026,Bank Term Deposit
SYN-038614,5,10-05-2026,Bank Term Deposit
SYN-038614,6,20-05-2026,Bank Term Deposit
SYN-038614,7,30-05-2026,Bank Term Deposit
SYN-038614,8,10-06-2026,Bank Term Deposit
SYN-038614,9,20-06-2026,Insurance Cross-Sell
SYN-038614,10,30-06-2026,Insurance Cross-Sell
SYN-038614,11,10-07-2026,Insurance Cross-Sell
SYN-038614,12,20-07-2026,Insurance Cross-Sell
SYN-038614,13,30-07-2026,Payment Reminder / Collections Resolution
SYN-038614,14,10-08-2026,Payment Reminder / Collections Resolution
SYN-038614,15,20-08-2026,Insurance Cross-Sell
SYN-038614,16,30-08-2026,Insurance Cross-Sell
SYN-038614,17,10-09-2026,Insurance Cross-Sell
SYN-038614,18,20-09-2026,Insurance Cross-Sell
SYN-038656,1,30-03-2026,Insurance Cross-Sell
SYN-038656,2,10-04-2026,Insurance Cross-Sell
SYN-038656,3,20-04-2026,Insurance Cross-Sell
SYN-038656,4,30-04-2026,Insurance Cross-Sell
SYN-038656,5,10-05-2026,Insurance Cross-Sell
SYN-038656,6,20-05-2026,Insurance Cross-Sell
SYN-038656,7,30-05-2026,Insurance Cross-Sell
SYN-038656,8,10-06-2026,Insurance Cross-Sell
SYN-038656,9,20-06-2026,Bank Term Deposit
SYN-038656,10,30-06-2026,Bank Term Deposit
SYN-038656,11,10-07-2026,Bank Term Deposit
SYN-038656,12,20-07-2026,Insurance Cross-Sell
SYN-038656,13,30-07-2026,Insurance Cross-Sell
SYN-038656,14,10-08-2026,Insurance Cross-Sell
SYN-038656,15,20-08-2026,Insurance Cross-Sell
SYN-038656,16,30-08-2026,Service Intervention (Low NPS)
SYN-038656,17,10-09-2026,Service Intervention (Low NPS)
SYN-038656,18,20-09-2026,Service Intervention (Low NPS)
SYN-032246,1,30-03-2026,Payment Reminder / Collections Resolution
SYN-032246,2,10-04-2026,Insurance Cross-Sell
SYN-032246,3,20-04-2026,Insurance Cross-Sell
SYN-032246,4,30-04-2026,Insurance Cross-Sell
SYN-032246,5,10-05-2026,Insurance Cross-Sell
SYN-032246,6,20-05-2026,Insurance Cross-Sell
SYN-032246,7,30-05-2026,Insurance Cross-Sell
SYN-032246,8,10-06-2026,Insurance Cross-Sell
SYN-032246,9,20-06-2026,Insurance Cross-Sell
SYN-032246,10,30-06-2026,Service Resolution
SYN-032246,11,10-07-2026,Insurance Cross-Sell
SYN-032246,12,20-07-2026,Insurance Cross-Sell
SYN-032246,13,30-07-2026,Insurance Cross-Sell
SYN-032246,14,10-08-2026,Insurance Cross-Sell
SYN-032246,15,20-08-2026,No Marketing Action (Consent Withheld)
SYN-032246,16,30-08-2026,No Marketing Action (Consent Withheld)
SYN-032246,17,10-09-2026,No Marketing Action (Consent Withheld)
SYN-032246,18,20-09-2026,No Marketing Action (Consent Withheld)
SYN-037805,1,30-03-2026,Insurance Cross-Sell
SYN-037805,2,10-04-2026,Insurance Cross-Sell
SYN-037805,3,20-04-2026,Insurance Cross-Sell
SYN-037805,4,30-04-2026,Insurance Cross-Sell
SYN-037805,5,10-05-2026,Insurance Cross-Sell
SYN-037805,6,20-05-2026,Insurance Cross-Sell
SYN-037805,7,30-05-2026,Insurance Cross-Sell
SYN-037805,8,10-06-2026,Insurance Cross-Sell
SYN-037805,9,20-06-2026,Insurance Cross-Sell
SYN-037805,10,30-06-2026,Insurance Cross-Sell
SYN-037805,11,10-07-2026,Insurance Cross-Sell
SYN-037805,12,20-07-2026,Insurance Cross-Sell
SYN-037805,13,30-07-2026,Insurance Cross-Sell
SYN-037805,14,10-08-2026,Insurance Cross-Sell
SYN-037805,15,20-08-2026,Insurance Cross-Sell
SYN-037805,16,30-08-2026,Insurance Cross-Sell
SYN-037805,17,10-09-2026,Insurance Cross-Sell
SYN-037805,18,20-09-2026,Insurance Cross-Sell
SYN-020524,1,30-03-2026,Bank Term Deposit
SYN-020524,2,10-04-2026,Bank Term Deposit
SYN-020524,3,20-04-2026,Bank Term Deposit
SYN-020524,4,30-04-2026,Bank Term Deposit
SYN-020524,5,10-05-2026,Insurance Cross-Sell
SYN-020524,6,20-05-2026,Insurance Cross-Sell
SYN-020524,7,30-05-2026,Insurance Cross-Sell
SYN-020524,8,10-06-2026,Insurance Cross-Sell
SYN-020524,9,20-06-2026,Insurance Cross-Sell
SYN-020524,10,30-06-2026,Insurance Cross-Sell
SYN-020524,11,10-07-2026,Insurance Cross-Sell
SYN-020524,12,20-07-2026,Insurance Cross-Sell
SYN-020524,13,30-07-2026,Insurance Cross-Sell
SYN-020524,14,10-08-2026,Insurance Cross-Sell
SYN-020524,15,20-08-2026,Insurance Cross-Sell
SYN-020524,16,30-08-2026,Service Intervention (Low NPS)
SYN-020524,17,10-09-2026,Service Intervention (Low NPS)
SYN-020524,18,20-09-2026,Service Intervention (Low NPS)
SYN-024155,1,30-03-2026,Bank Term Deposit
SYN-024155,2,10-04-2026,Bank Term Deposit
SYN-024155,3,20-04-2026,Bank Term Deposit
SYN-024155,4,30-04-2026,Bank Term Deposit
SYN-024155,5,10-05-2026,Insurance Cross-Sell
SYN-024155,6,20-05-2026,Insurance Cross-Sell
SYN-024155,7,30-05-2026,Insurance Cross-Sell
SYN-024155,8,10-06-2026,Bank Term Deposit
SYN-024155,9,20-06-2026,Bank Term Deposit
SYN-024155,10,30-06-2026,Service Resolution
SYN-024155,11,10-07-2026,Bank Term Deposit
SYN-024155,12,20-07-2026,Bank Term Deposit
SYN-024155,13,30-07-2026,Bank Term Deposit
SYN-024155,14,10-08-2026,Bank Term Deposit
SYN-024155,15,20-08-2026,Bank Term Deposit
SYN-024155,16,30-08-2026,Bank Term Deposit
SYN-024155,17,10-09-2026,Bank Term Deposit
SYN-024155,18,20-09-2026,Bank Term Deposit
SYN-028936,1,30-03-2026,Insurance Cross-Sell
SYN-028936,2,10-04-2026,Payment Reminder / Collections Resolution
SYN-028936,3,20-04-2026,Payment Reminder / Collections Resolution
SYN-028936,4,30-04-2026,Insurance Cross-Sell
SYN-028936,5,10-05-2026,Insurance Cross-Sell
SYN-028936,6,20-05-2026,Insurance Cross-Sell
SYN-028936,7,30-05-2026,Insurance Cross-Sell
SYN-028936,8,10-06-2026,Insurance Cross-Sell
SYN-028936,9,20-06-2026,Insurance Cross-Sell
SYN-028936,10,30-06-2026,Insurance Cross-Sell
SYN-028936,11,10-07-2026,Insurance Cross-Sell
SYN-028936,12,20-07-2026,Insurance Cross-Sell
SYN-028936,13,30-07-2026,Insurance Cross-Sell
SYN-028936,14,10-08-2026,Bank Term Deposit
SYN-028936,15,20-08-2026,Service Intervention (Low NPS)
SYN-028936,16,30-08-2026,Bank Term Deposit
SYN-028936,17,10-09-2026,Bank Term Deposit
SYN-028936,18,20-09-2026,Bank Term Deposit
SYN-025639,1,30-03-2026,Bank Term Deposit
SYN-025639,2,10-04-2026,Bank Term Deposit
SYN-025639,3,20-04-2026,Bank Term Deposit
SYN-025639,4,30-04-2026,Bank Term Deposit
SYN-025639,5,10-05-2026,Bank Term Deposit
SYN-025639,6,20-05-2026,Bank Term Deposit
SYN-025639,7,30-05-2026,Insurance Cross-Sell
SYN-025639,8,10-06-2026,Insurance Cross-Sell
SYN-025639,9,20-06-2026,Insurance Cross-Sell
SYN-025639,10,30-06-2026,Insurance Cross-Sell
SYN-025639,11,10-07-2026,Insurance Cross-Sell
SYN-025639,12,20-07-2026,Bank Term Deposit
SYN-025639,13,30-07-2026,Insurance Cross-Sell
SYN-025639,14,10-08-2026,Insurance Cross-Sell
SYN-025639,15,20-08-2026,Complete KYC
SYN-025639,16,30-08-2026,Complete KYC
SYN-025639,17,10-09-2026,Complete KYC
SYN-025639,18,20-09-2026,Complete KYC
SYN-008232,1,30-03-2026,Bank Term Deposit
SYN-008232,2,10-04-2026,Bank Term Deposit
SYN-008232,3,20-04-2026,Bank Term Deposit
SYN-008232,4,30-04-2026,Bank Term Deposit
SYN-008232,5,10-05-2026,Bank Term Deposit
SYN-008232,6,20-05-2026,Bank Term Deposit
SYN-008232,7,30-05-2026,Insurance Cross-Sell
SYN-008232,8,10-06-2026,Insurance Cross-Sell
SYN-008232,9,20-06-2026,Insurance Cross-Sell
SYN-008232,10,30-06-2026,Bank Term Deposit
SYN-008232,11,10-07-2026,Bank Term Deposit
SYN-008232,12,20-07-2026,Bank Term Deposit
SYN-008232,13,30-07-2026,Bank Term Deposit
SYN-008232,14,10-08-2026,Bank Term Deposit
SYN-008232,15,20-08-2026,Bank Term Deposit
SYN-008232,16,30-08-2026,Bank Term Deposit
SYN-008232,17,10-09-2026,Bank Term Deposit
SYN-008232,18,20-09-2026,Bank Term Deposit
SYN-023346,1,30-03-2026,Bank Term Deposit
SYN-023346,2,10-04-2026,Bank Term Deposit
SYN-023346,3,20-04-2026,Bank Term Deposit
SYN-023346,4,30-04-2026,Bank Term Deposit
SYN-023346,5,10-05-2026,Insurance Cross-Sell
SYN-023346,6,20-05-2026,Insurance Cross-Sell
SYN-023346,7,30-05-2026,Insurance Cross-Sell
SYN-023346,8,10-06-2026,Insurance Cross-Sell
SYN-023346,9,20-06-2026,Service Intervention (Low NPS)
SYN-023346,10,30-06-2026,Insurance Cross-Sell
SYN-023346,11,10-07-2026,Insurance Cross-Sell
SYN-023346,12,20-07-2026,Payment Reminder / Collections Resolution
SYN-023346,13,30-07-2026,Insurance Cross-Sell
SYN-023346,14,10-08-2026,Payment Reminder / Collections Resolution
SYN-023346,15,20-08-2026,Insurance Cross-Sell
SYN-023346,16,30-08-2026,Insurance Cross-Sell
SYN-023346,17,10-09-2026,Insurance Cross-Sell
SYN-023346,18,20-09-2026,Insurance Cross-Sell
SYN-043696,1,30-03-2026,Bank Term Deposit
SYN-043696,2,10-04-2026,Bank Term Deposit
SYN-043696,3,20-04-2026,Bank Term Deposit
SYN-043696,4,30-04-2026,Bank Term Deposit
SYN-043696,5,10-05-2026,Bank Term Deposit
SYN-043696,6,20-05-2026,Bank Term Deposit
SYN-043696,7,30-05-2026,Bank Term Deposit
SYN-043696,8,10-06-2026,Bank Term Deposit
SYN-043696,9,20-06-2026,Bank Term Deposit
SYN-043696,10,30-06-2026,Bank Term Deposit
SYN-043696,11,10-07-2026,Bank Term Deposit
SYN-043696,12,20-07-2026,Bank Term Deposit
SYN-043696,13,30-07-2026,Bank Term Deposit
SYN-043696,14,10-08-2026,Bank Term Deposit
SYN-043696,15,20-08-2026,Bank Term Deposit
SYN-043696,16,30-08-2026,Bank Term Deposit
SYN-043696,17,10-09-2026,Bank Term Deposit
SYN-043696,18,20-09-2026,Bank Term Deposit
SYN-012423,1,30-03-2026,Insurance Cross-Sell
SYN-012423,2,10-04-2026,Insurance Cross-Sell
SYN-012423,3,20-04-2026,Insurance Cross-Sell
SYN-012423,4,30-04-2026,Insurance Cross-Sell
SYN-012423,5,10-05-2026,Insurance Cross-Sell
SYN-012423,6,20-05-2026,Insurance Cross-Sell
SYN-012423,7,30-05-2026,Insurance Cross-Sell
SYN-012423,8,10-06-2026,Insurance Cross-Sell
SYN-012423,9,20-06-2026,Insurance Cross-Sell
SYN-012423,10,30-06-2026,Insurance Cross-Sell
SYN-012423,11,10-07-2026,Insurance Cross-Sell
SYN-012423,12,20-07-2026,Insurance Cross-Sell
SYN-012423,13,30-07-2026,Insurance Cross-Sell
SYN-012423,14,10-08-2026,Bank Term Deposit
SYN-012423,15,20-08-2026,Bank Term Deposit
SYN-012423,16,30-08-2026,Service Intervention (Low NPS)
SYN-012423,17,10-09-2026,Service Intervention (Low NPS)
SYN-012423,18,20-09-2026,Service Intervention (Low NPS)
SYN-043989,1,30-03-2026,Bank Term Deposit
SYN-043989,2,10-04-2026,Insurance Cross-Sell
SYN-043989,3,20-04-2026,Insurance Cross-Sell
SYN-043989,4,30-04-2026,Insurance Cross-Sell
SYN-043989,5,10-05-2026,Insurance Cross-Sell
SYN-043989,6,20-05-2026,Bank Term Deposit
SYN-043989,7,30-05-2026,Bank Term Deposit
SYN-043989,8,10-06-2026,Bank Term Deposit
SYN-043989,9,20-06-2026,Bank Term Deposit
SYN-043989,10,30-06-2026,Bank Term Deposit
SYN-043989,11,10-07-2026,Bank Term Deposit
SYN-043989,12,20-07-2026,Bank Term Deposit
SYN-043989,13,30-07-2026,Bank Term Deposit
SYN-043989,14,10-08-2026,Service Intervention (Low NPS)
SYN-043989,15,20-08-2026,Insurance Cross-Sell
SYN-043989,16,30-08-2026,Insurance Cross-Sell
SYN-043989,17,10-09-2026,Insurance Cross-Sell
SYN-043989,18,20-09-2026,Insurance Cross-Sell
SYN-039640,1,30-03-2026,Bank Term Deposit
SYN-039640,2,10-04-2026,Payment Reminder / Collections Resolution
SYN-039640,3,20-04-2026,Payment Reminder / Collections Resolution
SYN-039640,4,30-04-2026,Payment Reminder / Collections Resolution
SYN-039640,5,10-05-2026,Payment Reminder / Collections Resolution
SYN-039640,6,20-05-2026,Payment Reminder / Collections Resolution
SYN-039640,7,30-05-2026,Payment Reminder / Collections Resolution
SYN-039640,8,10-06-2026,Payment Reminder / Collections Resolution
SYN-039640,9,20-06-2026,Payment Reminder / Collections Resolution
SYN-039640,10,30-06-2026,Payment Reminder / Collections Resolution
SYN-039640,11,10-07-2026,Bank Term Deposit
SYN-039640,12,20-07-2026,Bank Term Deposit
SYN-039640,13,30-07-2026,Bank Term Deposit
SYN-039640,14,10-08-2026,Bank Term Deposit
SYN-039640,15,20-08-2026,Bank Term Deposit
SYN-039640,16,30-08-2026,Bank Term Deposit
SYN-039640,17,10-09-2026,Bank Term Deposit
SYN-039640,18,20-09-2026,Bank Term Deposit
SYN-035660,1,30-03-2026,Bank Term Deposit
SYN-035660,2,10-04-2026,Bank Term Deposit
SYN-035660,3,20-04-2026,Bank Term Deposit
SYN-035660,4,30-04-2026,Bank Term Deposit
SYN-035660,5,10-05-2026,Bank Term Deposit
SYN-035660,6,20-05-2026,Bank Term Deposit
SYN-035660,7,30-05-2026,Bank Term Deposit
SYN-035660,8,10-06-2026,Bank Term Deposit
SYN-035660,9,20-06-2026,Bank Term Deposit
SYN-035660,10,30-06-2026,Insurance Cross-Sell
SYN-035660,11,10-07-2026,Insurance Cross-Sell
SYN-035660,12,20-07-2026,Insurance Cross-Sell
SYN-035660,13,30-07-2026,Insurance Cross-Sell
SYN-035660,14,10-08-2026,Insurance Cross-Sell
SYN-035660,15,20-08-2026,Insurance Cross-Sell
SYN-035660,16,30-08-2026,Insurance Cross-Sell
SYN-035660,17,10-09-2026,Bank Term Deposit
SYN-035660,18,20-09-2026,Bank Term Deposit
SYN-044973,1,30-03-2026,Insurance Cross-Sell
SYN-044973,2,10-04-2026,Insurance Cross-Sell
SYN-044973,3,20-04-2026,Insurance Cross-Sell
SYN-044973,4,30-04-2026,Insurance Cross-Sell
SYN-044973,5,10-05-2026,Insurance Cross-Sell
SYN-044973,6,20-05-2026,Insurance Cross-Sell
SYN-044973,7,30-05-2026,Insurance Cross-Sell
SYN-044973,8,10-06-2026,Insurance Cross-Sell
SYN-044973,9,20-06-2026,Retention Action
SYN-044973,10,30-06-2026,Insurance Cross-Sell
SYN-044973,11,10-07-2026,Insurance Cross-Sell
SYN-044973,12,20-07-2026,Insurance Cross-Sell
SYN-044973,13,30-07-2026,Insurance Cross-Sell
SYN-044973,14,10-08-2026,Insurance Cross-Sell
SYN-044973,15,20-08-2026,Insurance Cross-Sell
SYN-044973,16,30-08-2026,Retention Action
SYN-044973,17,10-09-2026,Retention Action
SYN-044973,18,20-09-2026,Retention Action
SYN-026172,1,30-03-2026,Insurance Cross-Sell
SYN-026172,2,10-04-2026,Insurance Cross-Sell
SYN-026172,3,20-04-2026,Insurance Cross-Sell
SYN-026172,4,30-04-2026,Insurance Cross-Sell
SYN-026172,5,10-05-2026,Insurance Cross-Sell
SYN-026172,6,20-05-2026,Insurance Cross-Sell
SYN-026172,7,30-05-2026,Insurance Cross-Sell
SYN-026172,8,10-06-2026,Insurance Cross-Sell
SYN-026172,9,20-06-2026,Bank Term Deposit
SYN-026172,10,30-06-2026,Insurance Cross-Sell
SYN-026172,11,10-07-2026,Insurance Cross-Sell
SYN-026172,12,20-07-2026,Bank Term Deposit
SYN-026172,13,30-07-2026,Bank Term Deposit
SYN-026172,14,10-08-2026,Bank Term Deposit
SYN-026172,15,20-08-2026,Bank Term Deposit
SYN-026172,16,30-08-2026,Insurance Cross-Sell
SYN-026172,17,10-09-2026,Insurance Cross-Sell
SYN-026172,18,20-09-2026,Insurance Cross-Sell
SYN-026431,1,30-03-2026,Insurance Cross-Sell
SYN-026431,2,10-04-2026,Insurance Cross-Sell
SYN-026431,3,20-04-2026,Insurance Cross-Sell
SYN-026431,4,30-04-2026,Bank Term Deposit
SYN-026431,5,10-05-2026,Bank Term Deposit
SYN-026431,6,20-05-2026,Bank Term Deposit
SYN-026431,7,30-05-2026,Bank Term Deposit
SYN-026431,8,10-06-2026,Bank Term Deposit
SYN-026431,9,20-06-2026,Bank Term Deposit
SYN-026431,10,30-06-2026,Bank Term Deposit
SYN-026431,11,10-07-2026,Bank Term Deposit
SYN-026431,12,20-07-2026,Bank Term Deposit
SYN-026431,13,30-07-2026,Bank Term Deposit
SYN-026431,14,10-08-2026,Bank Term Deposit
SYN-026431,15,20-08-2026,Bank Term Deposit
SYN-026431,16,30-08-2026,Insurance Cross-Sell
SYN-026431,17,10-09-2026,Service Resolution
SYN-026431,18,20-09-2026,Service Resolution
SYN-013827,1,30-03-2026,Insurance Cross-Sell
SYN-013827,2,10-04-2026,Insurance Cross-Sell
SYN-013827,3,20-04-2026,Bank Term Deposit
SYN-013827,4,30-04-2026,Bank Term Deposit
SYN-013827,5,10-05-2026,Bank Term Deposit
SYN-013827,6,20-05-2026,Insurance Cross-Sell
SYN-013827,7,30-05-2026,Insurance Cross-Sell
SYN-013827,8,10-06-2026,Insurance Cross-Sell
SYN-013827,9,20-06-2026,Bank Term Deposit
SYN-013827,10,30-06-2026,Bank Term Deposit
SYN-013827,11,10-07-2026,Bank Term Deposit
SYN-013827,12,20-07-2026,Bank Term Deposit
SYN-013827,13,30-07-2026,Bank Term Deposit
SYN-013827,14,10-08-2026,Retention Action
SYN-013827,15,20-08-2026,Retention Action
SYN-013827,16,30-08-2026,Retention Action
SYN-013827,17,10-09-2026,Retention Action
SYN-013827,18,20-09-2026,Retention Action
SYN-037258,1,30-03-2026,Insurance Cross-Sell
SYN-037258,2,10-04-2026,Insurance Cross-Sell
SYN-037258,3,20-04-2026,Insurance Cross-Sell
SYN-037258,4,30-04-2026,Insurance Cross-Sell
SYN-037258,5,10-05-2026,Insurance Cross-Sell
SYN-037258,6,20-05-2026,Bank Term Deposit
SYN-037258,7,30-05-2026,Bank Term Deposit
SYN-037258,8,10-06-2026,Bank Term Deposit
SYN-037258,9,20-06-2026,Service Intervention (Low NPS)
SYN-037258,10,30-06-2026,Service Intervention (Low NPS)
SYN-037258,11,10-07-2026,Bank Term Deposit
SYN-037258,12,20-07-2026,Bank Term Deposit
SYN-037258,13,30-07-2026,Bank Term Deposit
SYN-037258,14,10-08-2026,Bank Term Deposit
SYN-037258,15,20-08-2026,Bank Term Deposit
SYN-037258,16,30-08-2026,Service Resolution
SYN-037258,17,10-09-2026,Bank Term Deposit
SYN-037258,18,20-09-2026,Bank Term Deposit
SYN-026429,1,30-03-2026,Retention Action
SYN-026429,2,10-04-2026,Bank Term Deposit
SYN-026429,3,20-04-2026,Insurance Cross-Sell
SYN-026429,4,30-04-2026,Insurance Cross-Sell
SYN-026429,5,10-05-2026,Service Intervention (Low NPS)
SYN-026429,6,20-05-2026,Service Intervention (Low NPS)
SYN-026429,7,30-05-2026,Service Intervention (Low NPS)
SYN-026429,8,10-06-2026,Insurance Cross-Sell
SYN-026429,9,20-06-2026,Insurance Cross-Sell
SYN-026429,10,30-06-2026,Insurance Cross-Sell
SYN-026429,11,10-07-2026,Insurance Cross-Sell
SYN-026429,12,20-07-2026,Insurance Cross-Sell
SYN-026429,13,30-07-2026,Insurance Cross-Sell
SYN-026429,14,10-08-2026,Insurance Cross-Sell
SYN-026429,15,20-08-2026,Insurance Cross-Sell
SYN-026429,16,30-08-2026,Bank Term Deposit
SYN-026429,17,10-09-2026,Bank Term Deposit
SYN-026429,18,20-09-2026,Bank Term Deposit
SYN-041748,1,30-03-2026,Insurance Cross-Sell
SYN-041748,2,10-04-2026,Insurance Cross-Sell
SYN-041748,3,20-04-2026,Insurance Cross-Sell
SYN-041748,4,30-04-2026,Insurance Cross-Sell
SYN-041748,5,10-05-2026,Insurance Cross-Sell
SYN-041748,6,20-05-2026,Insurance Cross-Sell
SYN-041748,7,30-05-2026,Insurance Cross-Sell
SYN-041748,8,10-06-2026,Insurance Cross-Sell
SYN-041748,9,20-06-2026,Insurance Cross-Sell
SYN-041748,10,30-06-2026,Insurance Cross-Sell
SYN-041748,11,10-07-2026,Insurance Cross-Sell
SYN-041748,12,20-07-2026,Insurance Cross-Sell
SYN-041748,13,30-07-2026,Insurance Cross-Sell
SYN-041748,14,10-08-2026,Insurance Cross-Sell
SYN-041748,15,20-08-2026,Bank Term Deposit
SYN-041748,16,30-08-2026,Bank Term Deposit
SYN-041748,17,10-09-2026,Bank Term Deposit
SYN-041748,18,20-09-2026,Bank Term Deposit
SYN-038472,1,30-03-2026,Bank Term Deposit
SYN-038472,2,10-04-2026,Bank Term Deposit
SYN-038472,3,20-04-2026,Bank Term Deposit
SYN-038472,4,30-04-2026,Retention Action
SYN-038472,5,10-05-2026,Bank Term Deposit
SYN-038472,6,20-05-2026,Service Intervention (Low NPS)
SYN-038472,7,30-05-2026,Bank Term Deposit
SYN-038472,8,10-06-2026,Bank Term Deposit
SYN-038472,9,20-06-2026,Bank Term Deposit
SYN-038472,10,30-06-2026,Bank Term Deposit
SYN-038472,11,10-07-2026,Bank Term Deposit
SYN-038472,12,20-07-2026,Bank Term Deposit
SYN-038472,13,30-07-2026,Bank Term Deposit
SYN-038472,14,10-08-2026,Bank Term Deposit
SYN-038472,15,20-08-2026,Bank Term Deposit
SYN-038472,16,30-08-2026,Bank Term Deposit
SYN-038472,17,10-09-2026,Bank Term Deposit
SYN-038472,18,20-09-2026,Bank Term Deposit
SYN-001633,1,30-03-2026,Insurance Cross-Sell
SYN-001633,2,10-04-2026,Bank Term Deposit
SYN-001633,3,20-04-2026,Bank Term Deposit
SYN-001633,4,30-04-2026,Bank Term Deposit
SYN-001633,5,10-05-2026,Retention Action
SYN-001633,6,20-05-2026,Bank Term Deposit
SYN-001633,7,30-05-2026,Retention Action
SYN-001633,8,10-06-2026,Bank Term Deposit
SYN-001633,9,20-06-2026,Bank Term Deposit
SYN-001633,10,30-06-2026,Payment Reminder / Collections Resolution
SYN-001633,11,10-07-2026,Payment Reminder / Collections Resolution
SYN-001633,12,20-07-2026,Bank Term Deposit
SYN-001633,13,30-07-2026,Bank Term Deposit
SYN-001633,14,10-08-2026,Insurance Cross-Sell
SYN-001633,15,20-08-2026,Insurance Cross-Sell
SYN-001633,16,30-08-2026,Bank Term Deposit
SYN-001633,17,10-09-2026,Bank Term Deposit
SYN-001633,18,20-09-2026,Bank Term Deposit
SYN-008122,1,30-03-2026,Insurance Cross-Sell
SYN-008122,2,10-04-2026,Insurance Cross-Sell
SYN-008122,3,20-04-2026,Insurance Cross-Sell
SYN-008122,4,30-04-2026,Insurance Cross-Sell
SYN-008122,5,10-05-2026,Insurance Cross-Sell
SYN-008122,6,20-05-2026,Bank Term Deposit
SYN-008122,7,30-05-2026,Bank Term Deposit
SYN-008122,8,10-06-2026,Bank Term Deposit
SYN-008122,9,20-06-2026,Bank Term Deposit
SYN-008122,10,30-06-2026,Insurance Cross-Sell
SYN-008122,11,10-07-2026,Insurance Cross-Sell
SYN-008122,12,20-07-2026,Insurance Cross-Sell
SYN-008122,13,30-07-2026,Insurance Cross-Sell
SYN-008122,14,10-08-2026,Insurance Cross-Sell
SYN-008122,15,20-08-2026,Bank Term Deposit
SYN-008122,16,30-08-2026,Payment Reminder / Collections Resolution
SYN-008122,17,10-09-2026,Payment Reminder / Collections Resolution
SYN-008122,18,20-09-2026,Payment Reminder / Collections Resolution
SYN-027998,1,30-03-2026,Insurance Cross-Sell
SYN-027998,2,10-04-2026,Insurance Cross-Sell
SYN-027998,3,20-04-2026,Insurance Cross-Sell
SYN-027998,4,30-04-2026,Insurance Cross-Sell
SYN-027998,5,10-05-2026,Insurance Cross-Sell
SYN-027998,6,20-05-2026,Insurance Cross-Sell
SYN-027998,7,30-05-2026,Insurance Cross-Sell
SYN-027998,8,10-06-2026,Insurance Cross-Sell
SYN-027998,9,20-06-2026,Insurance Cross-Sell
SYN-027998,10,30-06-2026,Insurance Cross-Sell
SYN-027998,11,10-07-2026,Insurance Cross-Sell
SYN-027998,12,20-07-2026,Insurance Cross-Sell
SYN-027998,13,30-07-2026,Insurance Cross-Sell
SYN-027998,14,10-08-2026,Insurance Cross-Sell
SYN-027998,15,20-08-2026,Insurance Cross-Sell
SYN-027998,16,30-08-2026,Insurance Cross-Sell
SYN-027998,17,10-09-2026,Payment Reminder / Collections Resolution
SYN-027998,18,20-09-2026,Payment Reminder / Collections Resolution
SYN-004139,1,30-03-2026,Payment Reminder / Collections Resolution
SYN-004139,2,10-04-2026,Insurance Cross-Sell
SYN-004139,3,20-04-2026,Insurance Cross-Sell
SYN-004139,4,30-04-2026,Insurance Cross-Sell
SYN-004139,5,10-05-2026,Bank Term Deposit
SYN-004139,6,20-05-2026,Bank Term Deposit
SYN-004139,7,30-05-2026,Bank Term Deposit
SYN-004139,8,10-06-2026,Bank Term Deposit
SYN-004139,9,20-06-2026,Bank Term Deposit
SYN-004139,10,30-06-2026,Bank Term Deposit
SYN-004139,11,10-07-2026,Payment Reminder / Collections Resolution
SYN-004139,12,20-07-2026,Payment Reminder / Collections Resolution
SYN-004139,13,30-07-2026,Bank Term Deposit
SYN-004139,14,10-08-2026,Bank Term Deposit
SYN-004139,15,20-08-2026,Bank Term Deposit
SYN-004139,16,30-08-2026,Insurance Cross-Sell
SYN-004139,17,10-09-2026,Insurance Cross-Sell
SYN-004139,18,20-09-2026,Insurance Cross-Sell
SYN-037372,1,30-03-2026,Bank Term Deposit
SYN-037372,2,10-04-2026,Bank Term Deposit
SYN-037372,3,20-04-2026,Bank Term Deposit
SYN-037372,4,30-04-2026,No Marketing Action (Consent Withheld)
SYN-037372,5,10-05-2026,No Marketing Action (Consent Withheld)
SYN-037372,6,20-05-2026,No Marketing Action (Consent Withheld)
SYN-037372,7,30-05-2026,No Marketing Action (Consent Withheld)
SYN-037372,8,10-06-2026,No Marketing Action (Consent Withheld)
SYN-037372,9,20-06-2026,No Marketing Action (Consent Withheld)
SYN-037372,10,30-06-2026,No Marketing Action (Consent Withheld)
SYN-037372,11,10-07-2026,No Marketing Action (Consent Withheld)
SYN-037372,12,20-07-2026,No Marketing Action (Consent Withheld)
SYN-037372,13,30-07-2026,No Marketing Action (Consent Withheld)
SYN-037372,14,10-08-2026,No Marketing Action (Consent Withheld)
SYN-037372,15,20-08-2026,No Marketing Action (Consent Withheld)
SYN-037372,16,30-08-2026,No Marketing Action (Consent Withheld)
SYN-037372,17,10-09-2026,No Marketing Action (Consent Withheld)
SYN-037372,18,20-09-2026,No Marketing Action (Consent Withheld)
SYN-024130,1,30-03-2026,Bank Term Deposit
SYN-024130,2,10-04-2026,Bank Term Deposit
SYN-024130,3,20-04-2026,Retention Action
SYN-024130,4,30-04-2026,Retention Action
SYN-024130,5,10-05-2026,Retention Action
SYN-024130,6,20-05-2026,Retention Action
SYN-024130,7,30-05-2026,Bank Term Deposit
SYN-024130,8,10-06-2026,Bank Term Deposit
SYN-024130,9,20-06-2026,Bank Term Deposit
SYN-024130,10,30-06-2026,Bank Term Deposit
SYN-024130,11,10-07-2026,Insurance Cross-Sell
SYN-024130,12,20-07-2026,Bank Term Deposit
SYN-024130,13,30-07-2026,Bank Term Deposit
SYN-024130,14,10-08-2026,Bank Term Deposit
SYN-024130,15,20-08-2026,Bank Term Deposit
SYN-024130,16,30-08-2026,Bank Term Deposit
SYN-024130,17,10-09-2026,Bank Term Deposit
SYN-024130,18,20-09-2026,Bank Term Deposit
SYN-020272,1,30-03-2026,Bank Term Deposit
SYN-020272,2,10-04-2026,Bank Term Deposit
SYN-020272,3,20-04-2026,Bank Term Deposit
SYN-020272,4,30-04-2026,Bank Term Deposit
SYN-020272,5,10-05-2026,Insurance Cross-Sell
SYN-020272,6,20-05-2026,Insurance Cross-Sell
SYN-020272,7,30-05-2026,Insurance Cross-Sell
SYN-020272,8,10-06-2026,Insurance Cross-Sell
SYN-020272,9,20-06-2026,Insurance Cross-Sell
SYN-020272,10,30-06-2026,Insurance Cross-Sell
SYN-020272,11,10-07-2026,Insurance Cross-Sell
SYN-020272,12,20-07-2026,Bank Term Deposit
SYN-020272,13,30-07-2026,Bank Term Deposit
SYN-020272,14,10-08-2026,Bank Term Deposit
SYN-020272,15,20-08-2026,Bank Term Deposit
SYN-020272,16,30-08-2026,Retention Action
SYN-020272,17,10-09-2026,Retention Action
SYN-020272,18,20-09-2026,Retention Action
SYN-044241,1,30-03-2026,Insurance Cross-Sell
SYN-044241,2,10-04-2026,Insurance Cross-Sell
SYN-044241,3,20-04-2026,Insurance Cross-Sell
SYN-044241,4,30-04-2026,Insurance Cross-Sell
SYN-044241,5,10-05-2026,Insurance Cross-Sell
SYN-044241,6,20-05-2026,Insurance Cross-Sell
SYN-044241,7,30-05-2026,Insurance Cross-Sell
SYN-044241,8,10-06-2026,Insurance Cross-Sell
SYN-044241,9,20-06-2026,Insurance Cross-Sell
SYN-044241,10,30-06-2026,Insurance Cross-Sell
SYN-044241,11,10-07-2026,Insurance Cross-Sell
SYN-044241,12,20-07-2026,Insurance Cross-Sell
SYN-044241,13,30-07-2026,Insurance Cross-Sell
SYN-044241,14,10-08-2026,Insurance Cross-Sell
SYN-044241,15,20-08-2026,No Marketing Action (Consent Withheld)
SYN-044241,16,30-08-2026,No Marketing Action (Consent Withheld)
SYN-044241,17,10-09-2026,No Marketing Action (Consent Withheld)
SYN-044241,18,20-09-2026,No Marketing Action (Consent Withheld)
SYN-038205,1,30-03-2026,Insurance Cross-Sell
SYN-038205,2,10-04-2026,Insurance Cross-Sell
SYN-038205,3,20-04-2026,Service Resolution
SYN-038205,4,30-04-2026,Service Resolution
SYN-038205,5,10-05-2026,Insurance Cross-Sell
SYN-038205,6,20-05-2026,Insurance Cross-Sell
SYN-038205,7,30-05-2026,Insurance Cross-Sell
SYN-038205,8,10-06-2026,Insurance Cross-Sell
SYN-038205,9,20-06-2026,Insurance Cross-Sell
SYN-038205,10,30-06-2026,Insurance Cross-Sell
SYN-038205,11,10-07-2026,Retention Action
SYN-038205,12,20-07-2026,Insurance Cross-Sell
SYN-038205,13,30-07-2026,Insurance Cross-Sell
SYN-038205,14,10-08-2026,Insurance Cross-Sell
SYN-038205,15,20-08-2026,Retention Action
SYN-038205,16,30-08-2026,Insurance Cross-Sell
SYN-038205,17,10-09-2026,Service Resolution
SYN-038205,18,20-09-2026,Service Resolution
SYN-037013,1,30-03-2026,Bank Term Deposit
SYN-037013,2,10-04-2026,Bank Term Deposit
SYN-037013,3,20-04-2026,Bank Term Deposit
SYN-037013,4,30-04-2026,Insurance Cross-Sell
SYN-037013,5,10-05-2026,Insurance Cross-Sell
SYN-037013,6,20-05-2026,Insurance Cross-Sell
SYN-037013,7,30-05-2026,Insurance Cross-Sell
SYN-037013,8,10-06-2026,Insurance Cross-Sell
SYN-037013,9,20-06-2026,Insurance Cross-Sell
SYN-037013,10,30-06-2026,Insurance Cross-Sell
SYN-037013,11,10-07-2026,Insurance Cross-Sell
SYN-037013,12,20-07-2026,Bank Term Deposit
SYN-037013,13,30-07-2026,Insurance Cross-Sell
SYN-037013,14,10-08-2026,Insurance Cross-Sell
SYN-037013,15,20-08-2026,Insurance Cross-Sell
SYN-037013,16,30-08-2026,Insurance Cross-Sell
SYN-037013,17,10-09-2026,Insurance Cross-Sell
SYN-037013,18,20-09-2026,Insurance Cross-Sell
SYN-039435,1,30-03-2026,Bank Term Deposit
SYN-039435,2,10-04-2026,Bank Term Deposit
SYN-039435,3,20-04-2026,Insurance Cross-Sell
SYN-039435,4,30-04-2026,Retention Action
SYN-039435,5,10-05-2026,Insurance Cross-Sell
SYN-039435,6,20-05-2026,Retention Action
SYN-039435,7,30-05-2026,Insurance Cross-Sell
SYN-039435,8,10-06-2026,Insurance Cross-Sell
SYN-039435,9,20-06-2026,Insurance Cross-Sell
SYN-039435,10,30-06-2026,Insurance Cross-Sell
SYN-039435,11,10-07-2026,Bank Term Deposit
SYN-039435,12,20-07-2026,Bank Term Deposit
SYN-039435,13,30-07-2026,Bank Term Deposit
SYN-039435,14,10-08-2026,Bank Term Deposit
SYN-039435,15,20-08-2026,Bank Term Deposit
SYN-039435,16,30-08-2026,Bank Term Deposit
SYN-039435,17,10-09-2026,Bank Term Deposit
SYN-039435,18,20-09-2026,Bank Term Deposit
SYN-036908,1,30-03-2026,Bank Term Deposit
SYN-036908,2,10-04-2026,Bank Term Deposit
SYN-036908,3,20-04-2026,Payment Reminder / Collections Resolution
SYN-036908,4,30-04-2026,Bank Term Deposit
SYN-036908,5,10-05-2026,Payment Reminder / Collections Resolution
SYN-036908,6,20-05-2026,Bank Term Deposit
SYN-036908,7,30-05-2026,Insurance Cross-Sell
SYN-036908,8,10-06-2026,Insurance Cross-Sell
SYN-036908,9,20-06-2026,Insurance Cross-Sell
SYN-036908,10,30-06-2026,Insurance Cross-Sell
SYN-036908,11,10-07-2026,Insurance Cross-Sell
SYN-036908,12,20-07-2026,Insurance Cross-Sell
SYN-036908,13,30-07-2026,Insurance Cross-Sell
SYN-036908,14,10-08-2026,Insurance Cross-Sell
SYN-036908,15,20-08-2026,Bank Term Deposit
SYN-036908,16,30-08-2026,Bank Term Deposit
SYN-036908,17,10-09-2026,Bank Term Deposit
SYN-036908,18,20-09-2026,Bank Term Deposit
SYN-026565,1,30-03-2026,Bank Term Deposit
SYN-026565,2,10-04-2026,Service Intervention (Low NPS)
SYN-026565,3,20-04-2026,Bank Term Deposit
SYN-026565,4,30-04-2026,Bank Term Deposit
SYN-026565,5,10-05-2026,Bank Term Deposit
SYN-026565,6,20-05-2026,Bank Term Deposit
SYN-026565,7,30-05-2026,Bank Term Deposit
SYN-026565,8,10-06-2026,Insurance Cross-Sell
SYN-026565,9,20-06-2026,Insurance Cross-Sell
SYN-026565,10,30-06-2026,Insurance Cross-Sell
SYN-026565,11,10-07-2026,Insurance Cross-Sell
SYN-026565,12,20-07-2026,Insurance Cross-Sell
SYN-026565,13,30-07-2026,Insurance Cross-Sell
SYN-026565,14,10-08-2026,Insurance Cross-Sell
SYN-026565,15,20-08-2026,Insurance Cross-Sell
SYN-026565,16,30-08-2026,Insurance Cross-Sell
SYN-026565,17,10-09-2026,Bank Term Deposit
SYN-026565,18,20-09-2026,Bank Term Deposit
SYN-019793,1,30-03-2026,Insurance Cross-Sell
SYN-019793,2,10-04-2026,Insurance Cross-Sell
SYN-019793,3,20-04-2026,Insurance Cross-Sell
SYN-019793,4,30-04-2026,Insurance Cross-Sell
SYN-019793,5,10-05-2026,Insurance Cross-Sell
SYN-019793,6,20-05-2026,Insurance Cross-Sell
SYN-019793,7,30-05-2026,Insurance Cross-Sell
SYN-019793,8,10-06-2026,Insurance Cross-Sell
SYN-019793,9,20-06-2026,Insurance Cross-Sell
SYN-019793,10,30-06-2026,Insurance Cross-Sell
SYN-019793,11,10-07-2026,Insurance Cross-Sell
SYN-019793,12,20-07-2026,Insurance Cross-Sell
SYN-019793,13,30-07-2026,Insurance Cross-Sell
SYN-019793,14,10-08-2026,Insurance Cross-Sell
SYN-019793,15,20-08-2026,Insurance Cross-Sell
SYN-019793,16,30-08-2026,Service Resolution
SYN-019793,17,10-09-2026,Service Resolution
SYN-019793,18,20-09-2026,Service Resolution
SYN-004013,1,30-03-2026,No Marketing Action (Consent Withheld)
SYN-004013,2,10-04-2026,No Marketing Action (Consent Withheld)
SYN-004013,3,20-04-2026,No Marketing Action (Consent Withheld)
SYN-004013,4,30-04-2026,No Marketing Action (Consent Withheld)
SYN-004013,5,10-05-2026,No Marketing Action (Consent Withheld)
SYN-004013,6,20-05-2026,No Marketing Action (Consent Withheld)
SYN-004013,7,30-05-2026,No Marketing Action (Consent Withheld)
SYN-004013,8,10-06-2026,No Marketing Action (Consent Withheld)
SYN-004013,9,20-06-2026,No Marketing Action (Consent Withheld)
SYN-004013,10,30-06-2026,No Marketing Action (Consent Withheld)
SYN-004013,11,10-07-2026,No Marketing Action (Consent Withheld)
SYN-004013,12,20-07-2026,No Marketing Action (Consent Withheld)
SYN-004013,13,30-07-2026,No Marketing Action (Consent Withheld)
SYN-004013,14,10-08-2026,No Marketing Action (Consent Withheld)
SYN-004013,15,20-08-2026,No Marketing Action (Consent Withheld)
SYN-004013,16,30-08-2026,No Marketing Action (Consent Withheld)
SYN-004013,17,10-09-2026,No Marketing Action (Consent Withheld)
SYN-004013,18,20-09-2026,No Marketing Action (Consent Withheld)
SYN-012900,1,30-03-2026,Bank Term Deposit
SYN-012900,2,10-04-2026,Insurance Cross-Sell
SYN-012900,3,20-04-2026,Insurance Cross-Sell
SYN-012900,4,30-04-2026,Bank Term Deposit
SYN-012900,5,10-05-2026,Insurance Cross-Sell
SYN-012900,6,20-05-2026,Insurance Cross-Sell
SYN-012900,7,30-05-2026,Bank Term Deposit
SYN-012900,8,10-06-2026,Bank Term Deposit
SYN-012900,9,20-06-2026,Bank Term Deposit
SYN-012900,10,30-06-2026,Bank Term Deposit
SYN-012900,11,10-07-2026,Insurance Cross-Sell
SYN-012900,12,20-07-2026,Insurance Cross-Sell
SYN-012900,13,30-07-2026,Insurance Cross-Sell
SYN-012900,14,10-08-2026,Insurance Cross-Sell
SYN-012900,15,20-08-2026,Bank Term Deposit
SYN-012900,16,30-08-2026,Bank Term Deposit
SYN-012900,17,10-09-2026,Payment Reminder / Collections Resolution
SYN-012900,18,20-09-2026,Payment Reminder / Collections Resolution
SYN-012668,1,30-03-2026,Bank Term Deposit
SYN-012668,2,10-04-2026,Bank Term Deposit
SYN-012668,3,20-04-2026,Bank Term Deposit
SYN-012668,4,30-04-2026,Bank Term Deposit
SYN-012668,5,10-05-2026,Bank Term Deposit
SYN-012668,6,20-05-2026,Insurance Cross-Sell
SYN-012668,7,30-05-2026,Insurance Cross-Sell
SYN-012668,8,10-06-2026,Insurance Cross-Sell
SYN-012668,9,20-06-2026,Insurance Cross-Sell
SYN-012668,10,30-06-2026,Insurance Cross-Sell
SYN-012668,11,10-07-2026,Insurance Cross-Sell
SYN-012668,12,20-07-2026,Insurance Cross-Sell
SYN-012668,13,30-07-2026,Insurance Cross-Sell
SYN-012668,14,10-08-2026,Insurance Cross-Sell
SYN-012668,15,20-08-2026,Insurance Cross-Sell
SYN-012668,16,30-08-2026,Service Resolution
SYN-012668,17,10-09-2026,Insurance Cross-Sell
SYN-012668,18,20-09-2026,Insurance Cross-Sell
SYN-011875,1,30-03-2026,Bank Term Deposit
SYN-011875,2,10-04-2026,Bank Term Deposit
SYN-011875,3,20-04-2026,Bank Term Deposit
SYN-011875,4,30-04-2026,Bank Term Deposit
SYN-011875,5,10-05-2026,Bank Term Deposit
SYN-011875,6,20-05-2026,Bank Term Deposit
SYN-011875,7,30-05-2026,Insurance Cross-Sell
SYN-011875,8,10-06-2026,Insurance Cross-Sell
SYN-011875,9,20-06-2026,Insurance Cross-Sell
SYN-011875,10,30-06-2026,Insurance Cross-Sell
SYN-011875,11,10-07-2026,Insurance Cross-Sell
SYN-011875,12,20-07-2026,Insurance Cross-Sell
SYN-011875,13,30-07-2026,Insurance Cross-Sell
SYN-011875,14,10-08-2026,Bank Term Deposit
SYN-011875,15,20-08-2026,Bank Term Deposit
SYN-011875,16,30-08-2026,Service Resolution
SYN-011875,17,10-09-2026,Service Resolution
SYN-011875,18,20-09-2026,Service Resolution
SYN-018608,1,30-03-2026,Insurance Cross-Sell
SYN-018608,2,10-04-2026,Insurance Cross-Sell
SYN-018608,3,20-04-2026,Insurance Cross-Sell
SYN-018608,4,30-04-2026,Payment Reminder / Collections Resolution
SYN-018608,5,10-05-2026,Insurance Cross-Sell
SYN-018608,6,20-05-2026,Insurance Cross-Sell
SYN-018608,7,30-05-2026,Payment Reminder / Collections Resolution
SYN-018608,8,10-06-2026,Payment Reminder / Collections Resolution
SYN-018608,9,20-06-2026,Payment Reminder / Collections Resolution
SYN-018608,10,30-06-2026,Payment Reminder / Collections Resolution
SYN-018608,11,10-07-2026,Insurance Cross-Sell
SYN-018608,12,20-07-2026,Insurance Cross-Sell
SYN-018608,13,30-07-2026,Insurance Cross-Sell
SYN-018608,14,10-08-2026,Insurance Cross-Sell
SYN-018608,15,20-08-2026,Insurance Cross-Sell
SYN-018608,16,30-08-2026,Payment Reminder / Collections Resolution
SYN-018608,17,10-09-2026,Payment Reminder / Collections Resolution
SYN-018608,18,20-09-2026,Payment Reminder / Collections Resolution
SYN-043745,1,30-03-2026,Insurance Cross-Sell
SYN-043745,2,10-04-2026,Insurance Cross-Sell
SYN-043745,3,20-04-2026,Insurance Cross-Sell
SYN-043745,4,30-04-2026,Insurance Cross-Sell
SYN-043745,5,10-05-2026,Insurance Cross-Sell
SYN-043745,6,20-05-2026,Insurance Cross-Sell
SYN-043745,7,30-05-2026,Payment Reminder / Collections Resolution
SYN-043745,8,10-06-2026,Insurance Cross-Sell
SYN-043745,9,20-06-2026,Bank Term Deposit
SYN-043745,10,30-06-2026,Bank Term Deposit
SYN-043745,11,10-07-2026,Bank Term Deposit
SYN-043745,12,20-07-2026,Bank Term Deposit
SYN-043745,13,30-07-2026,Bank Term Deposit
SYN-043745,14,10-08-2026,Bank Term Deposit
SYN-043745,15,20-08-2026,Bank Term Deposit
SYN-043745,16,30-08-2026,Bank Term Deposit
SYN-043745,17,10-09-2026,Complete KYC
SYN-043745,18,20-09-2026,Complete KYC
SYN-015861,1,30-03-2026,Bank Term Deposit
SYN-015861,2,10-04-2026,Bank Term Deposit
SYN-015861,3,20-04-2026,Bank Term Deposit
SYN-015861,4,30-04-2026,Bank Term Deposit
SYN-015861,5,10-05-2026,Retention Action
SYN-015861,6,20-05-2026,Retention Action
SYN-015861,7,30-05-2026,Retention Action
SYN-015861,8,10-06-2026,Retention Action
SYN-015861,9,20-06-2026,Bank Term Deposit
SYN-015861,10,30-06-2026,Bank Term Deposit
SYN-015861,11,10-07-2026,Bank Term Deposit
SYN-015861,12,20-07-2026,Bank Term Deposit
SYN-015861,13,30-07-2026,Bank Term Deposit
SYN-015861,14,10-08-2026,Insurance Cross-Sell
SYN-015861,15,20-08-2026,Insurance Cross-Sell
SYN-015861,16,30-08-2026,Insurance Cross-Sell
SYN-015861,17,10-09-2026,Insurance Cross-Sell
SYN-015861,18,20-09-2026,Insurance Cross-Sell
SYN-014667,1,30-03-2026,Bank Term Deposit
SYN-014667,2,10-04-2026,Bank Term Deposit
SYN-014667,3,20-04-2026,Bank Term Deposit
SYN-014667,4,30-04-2026,Bank Term Deposit
SYN-014667,5,10-05-2026,Bank Term Deposit
SYN-014667,6,20-05-2026,Bank Term Deposit
SYN-014667,7,30-05-2026,Bank Term Deposit
SYN-014667,8,10-06-2026,Bank Term Deposit
SYN-014667,9,20-06-2026,Insurance Cross-Sell
SYN-014667,10,30-06-2026,Insurance Cross-Sell
SYN-014667,11,10-07-2026,Insurance Cross-Sell
SYN-014667,12,20-07-2026,Bank Term Deposit
SYN-014667,13,30-07-2026,Bank Term Deposit
SYN-014667,14,10-08-2026,Bank Term Deposit
SYN-014667,15,20-08-2026,Bank Term Deposit
SYN-014667,16,30-08-2026,Complete KYC
SYN-014667,17,10-09-2026,Complete KYC
SYN-014667,18,20-09-2026,Complete KYC
SYN-021330,1,30-03-2026,Bank Term Deposit
SYN-021330,2,10-04-2026,Insurance Cross-Sell
SYN-021330,3,20-04-2026,Insurance Cross-Sell
SYN-021330,4,30-04-2026,Insurance Cross-Sell
SYN-021330,5,10-05-2026,Insurance Cross-Sell
SYN-021330,6,20-05-2026,Payment Reminder / Collections Resolution
SYN-021330,7,30-05-2026,Insurance Cross-Sell
SYN-021330,8,10-06-2026,Insurance Cross-Sell
SYN-021330,9,20-06-2026,Insurance Cross-Sell
SYN-021330,10,30-06-2026,Insurance Cross-Sell
SYN-021330,11,10-07-2026,Insurance Cross-Sell
SYN-021330,12,20-07-2026,Insurance Cross-Sell
SYN-021330,13,30-07-2026,Bank Term Deposit
SYN-021330,14,10-08-2026,Bank Term Deposit
SYN-021330,15,20-08-2026,Service Resolution
SYN-021330,16,30-08-2026,Bank Term Deposit
SYN-021330,17,10-09-2026,Service Resolution
SYN-021330,18,20-09-2026,Service Resolution
SYN-000262,1,30-03-2026,Insurance Cross-Sell
SYN-000262,2,10-04-2026,Insurance Cross-Sell
SYN-000262,3,20-04-2026,Service Resolution
SYN-000262,4,30-04-2026,Insurance Cross-Sell
SYN-000262,5,10-05-2026,Insurance Cross-Sell
SYN-000262,6,20-05-2026,Insurance Cross-Sell
SYN-000262,7,30-05-2026,Insurance Cross-Sell
SYN-000262,8,10-06-2026,Insurance Cross-Sell
SYN-000262,9,20-06-2026,Insurance Cross-Sell
SYN-000262,10,30-06-2026,Service Intervention (Low NPS)
SYN-000262,11,10-07-2026,Insurance Cross-Sell
SYN-000262,12,20-07-2026,No Marketing Action (Consent Withheld)
SYN-000262,13,30-07-2026,No Marketing Action (Consent Withheld)
SYN-000262,14,10-08-2026,No Marketing Action (Consent Withheld)
SYN-000262,15,20-08-2026,No Marketing Action (Consent Withheld)
SYN-000262,16,30-08-2026,No Marketing Action (Consent Withheld)
SYN-000262,17,10-09-2026,No Marketing Action (Consent Withheld)
SYN-000262,18,20-09-2026,No Marketing Action (Consent Withheld)
SYN-011454,1,30-03-2026,Retention Action
SYN-011454,2,10-04-2026,Insurance Cross-Sell
SYN-011454,3,20-04-2026,Insurance Cross-Sell
SYN-011454,4,30-04-2026,Insurance Cross-Sell
SYN-011454,5,10-05-2026,Insurance Cross-Sell
SYN-011454,6,20-05-2026,Retention Action
SYN-011454,7,30-05-2026,Retention Action
SYN-011454,8,10-06-2026,Retention Action
SYN-011454,9,20-06-2026,Retention Action
SYN-011454,10,30-06-2026,Retention Action
SYN-011454,11,10-07-2026,Bank Term Deposit
SYN-011454,12,20-07-2026,Insurance Cross-Sell
SYN-011454,13,30-07-2026,Complete KYC
SYN-011454,14,10-08-2026,Complete KYC
SYN-011454,15,20-08-2026,Complete KYC
SYN-011454,16,30-08-2026,Complete KYC
SYN-011454,17,10-09-2026,Complete KYC
SYN-011454,18,20-09-2026,Complete KYC
SYN-025125,1,30-03-2026,Insurance Cross-Sell
SYN-025125,2,10-04-2026,Insurance Cross-Sell
SYN-025125,3,20-04-2026,Insurance Cross-Sell
SYN-025125,4,30-04-2026,Insurance Cross-Sell
SYN-025125,5,10-05-2026,Bank Term Deposit
SYN-025125,6,20-05-2026,Bank Term Deposit
SYN-025125,7,30-05-2026,Payment Reminder / Collections Resolution
SYN-025125,8,10-06-2026,Payment Reminder / Collections Resolution
SYN-025125,9,20-06-2026,Bank Term Deposit
SYN-025125,10,30-06-2026,Bank Term Deposit
SYN-025125,11,10-07-2026,Bank Term Deposit
SYN-025125,12,20-07-2026,Bank Term Deposit
SYN-025125,13,30-07-2026,No Marketing Action (Consent Withheld)
SYN-025125,14,10-08-2026,No Marketing Action (Consent Withheld)
SYN-025125,15,20-08-2026,No Marketing Action (Consent Withheld)
SYN-025125,16,30-08-2026,No Marketing Action (Consent Withheld)
SYN-025125,17,10-09-2026,No Marketing Action (Consent Withheld)
SYN-025125,18,20-09-2026,No Marketing Action (Consent Withheld)
SYN-026582,1,30-03-2026,Insurance Cross-Sell
SYN-026582,2,10-04-2026,Service Intervention (Low NPS)
SYN-026582,3,20-04-2026,Insurance Cross-Sell
SYN-026582,4,30-04-2026,Insurance Cross-Sell
SYN-026582,5,10-05-2026,Insurance Cross-Sell
SYN-026582,6,20-05-2026,Insurance Cross-Sell
SYN-026582,7,30-05-2026,Insurance Cross-Sell
SYN-026582,8,10-06-2026,Insurance Cross-Sell
SYN-026582,9,20-06-2026,Insurance Cross-Sell
SYN-026582,10,30-06-2026,Bank Term Deposit
SYN-026582,11,10-07-2026,Bank Term Deposit
SYN-026582,12,20-07-2026,Bank Term Deposit
SYN-026582,13,30-07-2026,Bank Term Deposit
SYN-026582,14,10-08-2026,No Marketing Action (Consent Withheld)
SYN-026582,15,20-08-2026,No Marketing Action (Consent Withheld)
SYN-026582,16,30-08-2026,No Marketing Action (Consent Withheld)
SYN-026582,17,10-09-2026,No Marketing Action (Consent Withheld)
SYN-026582,18,20-09-2026,No Marketing Action (Consent Withheld)
SYN-043970,1,30-03-2026,Insurance Cross-Sell
SYN-043970,2,10-04-2026,Insurance Cross-Sell
SYN-043970,3,20-04-2026,Insurance Cross-Sell
SYN-043970,4,30-04-2026,Insurance Cross-Sell
SYN-043970,5,10-05-2026,Insurance Cross-Sell
SYN-043970,6,20-05-2026,Insurance Cross-Sell
SYN-043970,7,30-05-2026,Insurance Cross-Sell
SYN-043970,8,10-06-2026,Insurance Cross-Sell
SYN-043970,9,20-06-2026,Insurance Cross-Sell
SYN-043970,10,30-06-2026,Insurance Cross-Sell
SYN-043970,11,10-07-2026,Insurance Cross-Sell
SYN-043970,12,20-07-2026,Insurance Cross-Sell
SYN-043970,13,30-07-2026,Insurance Cross-Sell
SYN-043970,14,10-08-2026,Insurance Cross-Sell
SYN-043970,15,20-08-2026,Insurance Cross-Sell
SYN-043970,16,30-08-2026,Insurance Cross-Sell
SYN-043970,17,10-09-2026,Insurance Cross-Sell
SYN-043970,18,20-09-2026,Insurance Cross-Sell
SYN-024573,1,30-03-2026,Retention Action
SYN-024573,2,10-04-2026,Retention Action
SYN-024573,3,20-04-2026,Retention Action
SYN-024573,4,30-04-2026,Retention Action
SYN-024573,5,10-05-2026,Bank Term Deposit
SYN-024573,6,20-05-2026,Bank Term Deposit
SYN-024573,7,30-05-2026,Bank Term Deposit
SYN-024573,8,10-06-2026,Bank Term Deposit
SYN-024573,9,20-06-2026,Bank Term Deposit
SYN-024573,10,30-06-2026,Bank Term Deposit
SYN-024573,11,10-07-2026,Bank Term Deposit
SYN-024573,12,20-07-2026,Retention Action
SYN-024573,13,30-07-2026,Retention Action
SYN-024573,14,10-08-2026,Bank Term Deposit
SYN-024573,15,20-08-2026,Bank Term Deposit
SYN-024573,16,30-08-2026,Bank Term Deposit
SYN-024573,17,10-09-2026,Bank Term Deposit
SYN-024573,18,20-09-2026,Bank Term Deposit
SYN-025484,1,30-03-2026,Insurance Cross-Sell
SYN-025484,2,10-04-2026,Insurance Cross-Sell
SYN-025484,3,20-04-2026,Insurance Cross-Sell
SYN-025484,4,30-04-2026,Payment Reminder / Collections Resolution
SYN-025484,5,10-05-2026,Bank Term Deposit
SYN-025484,6,20-05-2026,Bank Term Deposit
SYN-025484,7,30-05-2026,Bank Term Deposit
SYN-025484,8,10-06-2026,Complete KYC
SYN-025484,9,20-06-2026,Complete KYC
SYN-025484,10,30-06-2026,Complete KYC
SYN-025484,11,10-07-2026,Complete KYC
SYN-025484,12,20-07-2026,Complete KYC
SYN-025484,13,30-07-2026,Complete KYC
SYN-025484,14,10-08-2026,Complete KYC
SYN-025484,15,20-08-2026,Complete KYC
SYN-025484,16,30-08-2026,Complete KYC
SYN-025484,17,10-09-2026,Complete KYC
SYN-025484,18,20-09-2026,Complete KYC
SYN-037834,1,30-03-2026,Bank Term Deposit
SYN-037834,2,10-04-2026,Bank Term Deposit
SYN-037834,3,20-04-2026,Bank Term Deposit
SYN-037834,4,30-04-2026,Bank Term Deposit
SYN-037834,5,10-05-2026,Bank Term Deposit
SYN-037834,6,20-05-2026,Bank Term Deposit
SYN-037834,7,30-05-2026,Service Intervention (Low NPS)
SYN-037834,8,10-06-2026,Service Intervention (Low NPS)
SYN-037834,9,20-06-2026,Bank Term Deposit
SYN-037834,10,30-06-2026,Service Intervention (Low NPS)
SYN-037834,11,10-07-2026,Bank Term Deposit
SYN-037834,12,20-07-2026,Bank Term Deposit
SYN-037834,13,30-07-2026,Insurance Cross-Sell
SYN-037834,14,10-08-2026,Insurance Cross-Sell
SYN-037834,15,20-08-2026,Complete KYC
SYN-037834,16,30-08-2026,Complete KYC
SYN-037834,17,10-09-2026,Complete KYC
SYN-037834,18,20-09-2026,Complete KYC
SYN-012853,1,30-03-2026,Bank Term Deposit
SYN-012853,2,10-04-2026,Bank Term Deposit
SYN-012853,3,20-04-2026,Bank Term Deposit
SYN-012853,4,30-04-2026,Bank Term Deposit
SYN-012853,5,10-05-2026,Bank Term Deposit
SYN-012853,6,20-05-2026,Insurance Cross-Sell
SYN-012853,7,30-05-2026,Insurance Cross-Sell
SYN-012853,8,10-06-2026,Bank Term Deposit
SYN-012853,9,20-06-2026,Bank Term Deposit
SYN-012853,10,30-06-2026,Insurance Cross-Sell
SYN-012853,11,10-07-2026,Insurance Cross-Sell
SYN-012853,12,20-07-2026,Insurance Cross-Sell
SYN-012853,13,30-07-2026,Retention Action
SYN-012853,14,10-08-2026,Retention Action
SYN-012853,15,20-08-2026,Retention Action
SYN-012853,16,30-08-2026,Retention Action
SYN-012853,17,10-09-2026,Retention Action
SYN-012853,18,20-09-2026,Retention Action
SYN-014881,1,30-03-2026,Insurance Cross-Sell
SYN-014881,2,10-04-2026,Insurance Cross-Sell
SYN-014881,3,20-04-2026,Insurance Cross-Sell
SYN-014881,4,30-04-2026,Insurance Cross-Sell
SYN-014881,5,10-05-2026,Insurance Cross-Sell
SYN-014881,6,20-05-2026,Service Intervention (Low NPS)
SYN-014881,7,30-05-2026,Insurance Cross-Sell
SYN-014881,8,10-06-2026,Bank Term Deposit
SYN-014881,9,20-06-2026,Bank Term Deposit
SYN-014881,10,30-06-2026,Bank Term Deposit
SYN-014881,11,10-07-2026,Insurance Cross-Sell
SYN-014881,12,20-07-2026,Complete KYC
SYN-014881,13,30-07-2026,Complete KYC
SYN-014881,14,10-08-2026,Complete KYC
SYN-014881,15,20-08-2026,Complete KYC
SYN-014881,16,30-08-2026,Complete KYC
SYN-014881,17,10-09-2026,Complete KYC
SYN-014881,18,20-09-2026,Complete KYC
SYN-015869,1,30-03-2026,No Marketing Action (Consent Withheld)
SYN-015869,2,10-04-2026,No Marketing Action (Consent Withheld)
SYN-015869,3,20-04-2026,No Marketing Action (Consent Withheld)
SYN-015869,4,30-04-2026,No Marketing Action (Consent Withheld)
SYN-015869,5,10-05-2026,No Marketing Action (Consent Withheld)
SYN-015869,6,20-05-2026,No Marketing Action (Consent Withheld)
SYN-015869,7,30-05-2026,No Marketing Action (Consent Withheld)
SYN-015869,8,10-06-2026,No Marketing Action (Consent Withheld)
SYN-015869,9,20-06-2026,No Marketing Action (Consent Withheld)
SYN-015869,10,30-06-2026,No Marketing Action (Consent Withheld)
SYN-015869,11,10-07-2026,No Marketing Action (Consent Withheld)
SYN-015869,12,20-07-2026,No Marketing Action (Consent Withheld)
SYN-015869,13,30-07-2026,No Marketing Action (Consent Withheld)
SYN-015869,14,10-08-2026,No Marketing Action (Consent Withheld)
SYN-015869,15,20-08-2026,No Marketing Action (Consent Withheld)
SYN-015869,16,30-08-2026,No Marketing Action (Consent Withheld)
SYN-015869,17,10-09-2026,No Marketing Action (Consent Withheld)
SYN-015869,18,20-09-2026,No Marketing Action (Consent Withheld)
SYN-029332,1,30-03-2026,Bank Term Deposit
SYN-029332,2,10-04-2026,Bank Term Deposit
SYN-029332,3,20-04-2026,Bank Term Deposit
SYN-029332,4,30-04-2026,Bank Term Deposit
SYN-029332,5,10-05-2026,Bank Term Deposit
SYN-029332,6,20-05-2026,Insurance Cross-Sell
SYN-029332,7,30-05-2026,Bank Term Deposit
SYN-029332,8,10-06-2026,Insurance Cross-Sell
SYN-029332,9,20-06-2026,Insurance Cross-Sell
SYN-029332,10,30-06-2026,Insurance Cross-Sell
SYN-029332,11,10-07-2026,Insurance Cross-Sell
SYN-029332,12,20-07-2026,Insurance Cross-Sell
SYN-029332,13,30-07-2026,Insurance Cross-Sell
SYN-029332,14,10-08-2026,Insurance Cross-Sell
SYN-029332,15,20-08-2026,Insurance Cross-Sell
SYN-029332,16,30-08-2026,Insurance Cross-Sell
SYN-029332,17,10-09-2026,Insurance Cross-Sell
SYN-029332,18,20-09-2026,Insurance Cross-Sell
SYN-041881,1,30-03-2026,Bank Term Deposit
SYN-041881,2,10-04-2026,Bank Term Deposit
SYN-041881,3,20-04-2026,Bank Term Deposit
SYN-041881,4,30-04-2026,Bank Term Deposit
SYN-041881,5,10-05-2026,Bank Term Deposit
SYN-041881,6,20-05-2026,Insurance Cross-Sell
SYN-041881,7,30-05-2026,Payment Reminder / Collections Resolution
SYN-041881,8,10-06-2026,Insurance Cross-Sell
SYN-041881,9,20-06-2026,Bank Term Deposit
SYN-041881,10,30-06-2026,Insurance Cross-Sell
SYN-041881,11,10-07-2026,Insurance Cross-Sell
SYN-041881,12,20-07-2026,Insurance Cross-Sell
SYN-041881,13,30-07-2026,Insurance Cross-Sell
SYN-041881,14,10-08-2026,Insurance Cross-Sell
SYN-041881,15,20-08-2026,Insurance Cross-Sell
SYN-041881,16,30-08-2026,Payment Reminder / Collections Resolution
SYN-041881,17,10-09-2026,Payment Reminder / Collections Resolution
SYN-041881,18,20-09-2026,Payment Reminder / Collections Resolution
SYN-003175,1,30-03-2026,Insurance Cross-Sell
SYN-003175,2,10-04-2026,Insurance Cross-Sell
SYN-003175,3,20-04-2026,Insurance Cross-Sell
SYN-003175,4,30-04-2026,Insurance Cross-Sell
SYN-003175,5,10-05-2026,Bank Term Deposit
SYN-003175,6,20-05-2026,No Marketing Action (Consent Withheld)
SYN-003175,7,30-05-2026,No Marketing Action (Consent Withheld)
SYN-003175,8,10-06-2026,No Marketing Action (Consent Withheld)
SYN-003175,9,20-06-2026,No Marketing Action (Consent Withheld)
SYN-003175,10,30-06-2026,No Marketing Action (Consent Withheld)
SYN-003175,11,10-07-2026,No Marketing Action (Consent Withheld)
SYN-003175,12,20-07-2026,No Marketing Action (Consent Withheld)
SYN-003175,13,30-07-2026,No Marketing Action (Consent Withheld)
SYN-003175,14,10-08-2026,No Marketing Action (Consent Withheld)
SYN-003175,15,20-08-2026,No Marketing Action (Consent Withheld)
SYN-003175,16,30-08-2026,No Marketing Action (Consent Withheld)
SYN-003175,17,10-09-2026,No Marketing Action (Consent Withheld)
SYN-003175,18,20-09-2026,No Marketing Action (Consent Withheld)
SYN-031796,1,30-03-2026,Bank Term Deposit
SYN-031796,2,10-04-2026,Bank Term Deposit
SYN-031796,3,20-04-2026,Bank Term Deposit
SYN-031796,4,30-04-2026,Bank Term Deposit
SYN-031796,5,10-05-2026,Bank Term Deposit
SYN-031796,6,20-05-2026,Insurance Cross-Sell
SYN-031796,7,30-05-2026,Insurance Cross-Sell
SYN-031796,8,10-06-2026,Insurance Cross-Sell
SYN-031796,9,20-06-2026,Insurance Cross-Sell
SYN-031796,10,30-06-2026,Insurance Cross-Sell
SYN-031796,11,10-07-2026,Insurance Cross-Sell
SYN-031796,12,20-07-2026,Insurance Cross-Sell
SYN-031796,13,30-07-2026,Service Resolution
SYN-031796,14,10-08-2026,Bank Term Deposit
SYN-031796,15,20-08-2026,Bank Term Deposit
SYN-031796,16,30-08-2026,Bank Term Deposit
SYN-031796,17,10-09-2026,Bank Term Deposit
SYN-031796,18,20-09-2026,Bank Term Deposit
SYN-028715,1,30-03-2026,Insurance Cross-Sell
SYN-028715,2,10-04-2026,Insurance Cross-Sell
SYN-028715,3,20-04-2026,Insurance Cross-Sell
SYN-028715,4,30-04-2026,Insurance Cross-Sell
SYN-028715,5,10-05-2026,Insurance Cross-Sell
SYN-028715,6,20-05-2026,Insurance Cross-Sell
SYN-028715,7,30-05-2026,Service Resolution
SYN-028715,8,10-06-2026,Insurance Cross-Sell
SYN-028715,9,20-06-2026,Insurance Cross-Sell
SYN-028715,10,30-06-2026,Insurance Cross-Sell
SYN-028715,11,10-07-2026,Insurance Cross-Sell
SYN-028715,12,20-07-2026,Insurance Cross-Sell
SYN-028715,13,30-07-2026,Insurance Cross-Sell
SYN-028715,14,10-08-2026,Insurance Cross-Sell
SYN-028715,15,20-08-2026,Insurance Cross-Sell
SYN-028715,16,30-08-2026,Insurance Cross-Sell
SYN-028715,17,10-09-2026,Insurance Cross-Sell
SYN-028715,18,20-09-2026,Insurance Cross-Sell
SYN-036135,1,30-03-2026,Bank Term Deposit
SYN-036135,2,10-04-2026,Payment Reminder / Collections Resolution
SYN-036135,3,20-04-2026,Bank Term Deposit
SYN-036135,4,30-04-2026,Bank Term Deposit
SYN-036135,5,10-05-2026,Bank Term Deposit
SYN-036135,6,20-05-2026,Bank Term Deposit
SYN-036135,7,30-05-2026,Bank Term Deposit
SYN-036135,8,10-06-2026,Insurance Cross-Sell
SYN-036135,9,20-06-2026,Bank Term Deposit
SYN-036135,10,30-06-2026,Bank Term Deposit
SYN-036135,11,10-07-2026,Bank Term Deposit
SYN-036135,12,20-07-2026,Bank Term Deposit
SYN-036135,13,30-07-2026,Bank Term Deposit
SYN-036135,14,10-08-2026,Bank Term Deposit
SYN-036135,15,20-08-2026,Bank Term Deposit
SYN-036135,16,30-08-2026,Retention Action
SYN-036135,17,10-09-2026,Bank Term Deposit
SYN-036135,18,20-09-2026,Bank Term Deposit
SYN-012100,1,30-03-2026,Bank Term Deposit
SYN-012100,2,10-04-2026,Bank Term Deposit
SYN-012100,3,20-04-2026,Bank Term Deposit
SYN-012100,4,30-04-2026,Bank Term Deposit
SYN-012100,5,10-05-2026,Bank Term Deposit
SYN-012100,6,20-05-2026,Bank Term Deposit
SYN-012100,7,30-05-2026,Bank Term Deposit
SYN-012100,8,10-06-2026,Bank Term Deposit
SYN-012100,9,20-06-2026,Bank Term Deposit
SYN-012100,10,30-06-2026,Bank Term Deposit
SYN-012100,11,10-07-2026,Bank Term Deposit
SYN-012100,12,20-07-2026,Retention Action
SYN-012100,13,30-07-2026,Bank Term Deposit
SYN-012100,14,10-08-2026,Bank Term Deposit
SYN-012100,15,20-08-2026,Bank Term Deposit
SYN-012100,16,30-08-2026,Bank Term Deposit
SYN-012100,17,10-09-2026,Bank Term Deposit
SYN-012100,18,20-09-2026,Bank Term Deposit
SYN-030298,1,30-03-2026,Bank Term Deposit
SYN-030298,2,10-04-2026,Payment Reminder / Collections Resolution
SYN-030298,3,20-04-2026,Bank Term Deposit
SYN-030298,4,30-04-2026,Bank Term Deposit
SYN-030298,5,10-05-2026,Bank Term Deposit
SYN-030298,6,20-05-2026,Service Intervention (Low NPS)
SYN-030298,7,30-05-2026,Insurance Cross-Sell
SYN-030298,8,10-06-2026,Service Intervention (Low NPS)
SYN-030298,9,20-06-2026,Insurance Cross-Sell
SYN-030298,10,30-06-2026,Insurance Cross-Sell
SYN-030298,11,10-07-2026,Bank Term Deposit
SYN-030298,12,20-07-2026,Bank Term Deposit
SYN-030298,13,30-07-2026,Bank Term Deposit
SYN-030298,14,10-08-2026,Bank Term Deposit
SYN-030298,15,20-08-2026,Bank Term Deposit
SYN-030298,16,30-08-2026,Bank Term Deposit
SYN-030298,17,10-09-2026,No Marketing Action (Consent Withheld)
SYN-030298,18,20-09-2026,No Marketing Action (Consent Withheld)
SYN-031555,1,30-03-2026,Bank Term Deposit
SYN-031555,2,10-04-2026,Bank Term Deposit
SYN-031555,3,20-04-2026,Service Resolution
SYN-031555,4,30-04-2026,Bank Term Deposit
SYN-031555,5,10-05-2026,Bank Term Deposit
SYN-031555,6,20-05-2026,Bank Term Deposit
SYN-031555,7,30-05-2026,Insurance Cross-Sell
SYN-031555,8,10-06-2026,Insurance Cross-Sell
SYN-031555,9,20-06-2026,Insurance Cross-Sell
SYN-031555,10,30-06-2026,Insurance Cross-Sell
SYN-031555,11,10-07-2026,Insurance Cross-Sell
SYN-031555,12,20-07-2026,Bank Term Deposit
SYN-031555,13,30-07-2026,Bank Term Deposit
SYN-031555,14,10-08-2026,Bank Term Deposit
SYN-031555,15,20-08-2026,Payment Reminder / Collections Resolution
SYN-031555,16,30-08-2026,Payment Reminder / Collections Resolution
SYN-031555,17,10-09-2026,Payment Reminder / Collections Resolution
SYN-031555,18,20-09-2026,Payment Reminder / Collections Resolution
SYN-022364,1,30-03-2026,Bank Term Deposit
SYN-022364,2,10-04-2026,Bank Term Deposit
SYN-022364,3,20-04-2026,Insurance Cross-Sell
SYN-022364,4,30-04-2026,Insurance Cross-Sell
SYN-022364,5,10-05-2026,Insurance Cross-Sell
SYN-022364,6,20-05-2026,Insurance Cross-Sell
SYN-022364,7,30-05-2026,Service Intervention (Low NPS)
SYN-022364,8,10-06-2026,Service Intervention (Low NPS)
SYN-022364,9,20-06-2026,Insurance Cross-Sell
SYN-022364,10,30-06-2026,Insurance Cross-Sell
SYN-022364,11,10-07-2026,Payment Reminder / Collections Resolution
SYN-022364,12,20-07-2026,Payment Reminder / Collections Resolution
SYN-022364,13,30-07-2026,Insurance Cross-Sell
SYN-022364,14,10-08-2026,Insurance Cross-Sell
SYN-022364,15,20-08-2026,Insurance Cross-Sell
SYN-022364,16,30-08-2026,Service Resolution
SYN-022364,17,10-09-2026,Service Resolution
SYN-022364,18,20-09-2026,Service Resolution
SYN-014576,1,30-03-2026,Bank Term Deposit
SYN-014576,2,10-04-2026,Payment Reminder / Collections Resolution
SYN-014576,3,20-04-2026,Payment Reminder / Collections Resolution
SYN-014576,4,30-04-2026,Bank Term Deposit
SYN-014576,5,10-05-2026,Bank Term Deposit
SYN-014576,6,20-05-2026,Bank Term Deposit
SYN-014576,7,30-05-2026,Bank Term Deposit
SYN-014576,8,10-06-2026,No Marketing Action (Consent Withheld)
SYN-014576,9,20-06-2026,No Marketing Action (Consent Withheld)
SYN-014576,10,30-06-2026,No Marketing Action (Consent Withheld)
SYN-014576,11,10-07-2026,No Marketing Action (Consent Withheld)
SYN-014576,12,20-07-2026,No Marketing Action (Consent Withheld)
SYN-014576,13,30-07-2026,No Marketing Action (Consent Withheld)
SYN-014576,14,10-08-2026,No Marketing Action (Consent Withheld)
SYN-014576,15,20-08-2026,No Marketing Action (Consent Withheld)
SYN-014576,16,30-08-2026,No Marketing Action (Consent Withheld)
SYN-014576,17,10-09-2026,No Marketing Action (Consent Withheld)
SYN-014576,18,20-09-2026,No Marketing Action (Consent Withheld)
SYN-001457,1,30-03-2026,Payment Reminder / Collections Resolution
SYN-001457,2,10-04-2026,Bank Term Deposit
SYN-001457,3,20-04-2026,Bank Term Deposit
SYN-001457,4,30-04-2026,Bank Term Deposit
SYN-001457,5,10-05-2026,Bank Term Deposit
SYN-001457,6,20-05-2026,Service Intervention (Low NPS)
SYN-001457,7,30-05-2026,Bank Term Deposit
SYN-001457,8,10-06-2026,Bank Term Deposit
SYN-001457,9,20-06-2026,Bank Term Deposit
SYN-001457,10,30-06-2026,Bank Term Deposit
SYN-001457,11,10-07-2026,Bank Term Deposit
SYN-001457,12,20-07-2026,Bank Term Deposit
SYN-001457,13,30-07-2026,Bank Term Deposit
SYN-001457,14,10-08-2026,Bank Term Deposit
SYN-001457,15,20-08-2026,Bank Term Deposit
SYN-001457,16,30-08-2026,Insurance Cross-Sell
SYN-001457,17,10-09-2026,Insurance Cross-Sell
SYN-001457,18,20-09-2026,Insurance Cross-Sell
SYN-009228,1,30-03-2026,Insurance Cross-Sell
SYN-009228,2,10-04-2026,Insurance Cross-Sell
SYN-009228,3,20-04-2026,Insurance Cross-Sell
SYN-009228,4,30-04-2026,Insurance Cross-Sell
SYN-009228,5,10-05-2026,Insurance Cross-Sell
SYN-009228,6,20-05-2026,Insurance Cross-Sell
SYN-009228,7,30-05-2026,Insurance Cross-Sell
SYN-009228,8,10-06-2026,Insurance Cross-Sell
SYN-009228,9,20-06-2026,Insurance Cross-Sell
SYN-009228,10,30-06-2026,Insurance Cross-Sell
SYN-009228,11,10-07-2026,Insurance Cross-Sell
SYN-009228,12,20-07-2026,Insurance Cross-Sell
SYN-009228,13,30-07-2026,Insurance Cross-Sell
SYN-009228,14,10-08-2026,Insurance Cross-Sell
SYN-009228,15,20-08-2026,Insurance Cross-Sell
SYN-009228,16,30-08-2026,Insurance Cross-Sell
SYN-009228,17,10-09-2026,Payment Reminder / Collections Resolution
SYN-009228,18,20-09-2026,Payment Reminder / Collections Resolution
SYN-012614,1,30-03-2026,Retention Action
SYN-012614,2,10-04-2026,Retention Action
SYN-012614,3,20-04-2026,Bank Term Deposit
SYN-012614,4,30-04-2026,Insurance Cross-Sell
SYN-012614,5,10-05-2026,Insurance Cross-Sell
SYN-012614,6,20-05-2026,Insurance Cross-Sell
SYN-012614,7,30-05-2026,Insurance Cross-Sell
SYN-012614,8,10-06-2026,Insurance Cross-Sell
SYN-012614,9,20-06-2026,Retention Action
SYN-012614,10,30-06-2026,Insurance Cross-Sell
SYN-012614,11,10-07-2026,Bank Term Deposit
SYN-012614,12,20-07-2026,Bank Term Deposit
SYN-012614,13,30-07-2026,Bank Term Deposit
SYN-012614,14,10-08-2026,Bank Term Deposit
SYN-012614,15,20-08-2026,Bank Term Deposit
SYN-012614,16,30-08-2026,Bank Term Deposit
SYN-012614,17,10-09-2026,Bank Term Deposit
SYN-012614,18,20-09-2026,Bank Term Deposit
SYN-033929,1,30-03-2026,Insurance Cross-Sell
SYN-033929,2,10-04-2026,Insurance Cross-Sell
SYN-033929,3,20-04-2026,Insurance Cross-Sell
SYN-033929,4,30-04-2026,Insurance Cross-Sell
SYN-033929,5,10-05-2026,Service Intervention (Low NPS)
SYN-033929,6,20-05-2026,Insurance Cross-Sell
SYN-033929,7,30-05-2026,Bank Term Deposit
SYN-033929,8,10-06-2026,Bank Term Deposit
SYN-033929,9,20-06-2026,Bank Term Deposit
SYN-033929,10,30-06-2026,Bank Term Deposit
SYN-033929,11,10-07-2026,Bank Term Deposit
SYN-033929,12,20-07-2026,Bank Term Deposit
SYN-033929,13,30-07-2026,Bank Term Deposit
SYN-033929,14,10-08-2026,Bank Term Deposit
SYN-033929,15,20-08-2026,Bank Term Deposit
SYN-033929,16,30-08-2026,Bank Term Deposit
SYN-033929,17,10-09-2026,Bank Term Deposit
SYN-033929,18,20-09-2026,Bank Term Deposit
SYN-023430,1,30-03-2026,Bank Term Deposit
SYN-023430,2,10-04-2026,Bank Term Deposit
SYN-023430,3,20-04-2026,Bank Term Deposit
SYN-023430,4,30-04-2026,Bank Term Deposit
SYN-023430,5,10-05-2026,Bank Term Deposit
SYN-023430,6,20-05-2026,Bank Term Deposit
SYN-023430,7,30-05-2026,Bank Term Deposit
SYN-023430,8,10-06-2026,Insurance Cross-Sell
SYN-023430,9,20-06-2026,Insurance Cross-Sell
SYN-023430,10,30-06-2026,Insurance Cross-Sell
SYN-023430,11,10-07-2026,Payment Reminder / Collections Resolution
SYN-023430,12,20-07-2026,Insurance Cross-Sell
SYN-023430,13,30-07-2026,Payment Reminder / Collections Resolution
SYN-023430,14,10-08-2026,Payment Reminder / Collections Resolution
SYN-023430,15,20-08-2026,Payment Reminder / Collections Resolution
SYN-023430,16,30-08-2026,Payment Reminder / Collections Resolution
SYN-023430,17,10-09-2026,Payment Reminder / Collections Resolution
SYN-023430,18,20-09-2026,Payment Reminder / Collections Resolution
SYN-038599,1,30-03-2026,Bank Term Deposit
SYN-038599,2,10-04-2026,Bank Term Deposit
SYN-038599,3,20-04-2026,Bank Term Deposit
SYN-038599,4,30-04-2026,Service Intervention (Low NPS)
SYN-038599,5,10-05-2026,Service Intervention (Low NPS)
SYN-038599,6,20-05-2026,Service Intervention (Low NPS)
SYN-038599,7,30-05-2026,Service Intervention (Low NPS)
SYN-038599,8,10-06-2026,Bank Term Deposit
SYN-038599,9,20-06-2026,Bank Term Deposit
SYN-038599,10,30-06-2026,Bank Term Deposit
SYN-038599,11,10-07-2026,Bank Term Deposit
SYN-038599,12,20-07-2026,Retention Action
SYN-038599,13,30-07-2026,Retention Action
SYN-038599,14,10-08-2026,Retention Action
SYN-038599,15,20-08-2026,Bank Term Deposit
SYN-038599,16,30-08-2026,Bank Term Deposit
SYN-038599,17,10-09-2026,Service Resolution
SYN-038599,18,20-09-2026,Service Resolution
SYN-029221,1,30-03-2026,Insurance Cross-Sell
SYN-029221,2,10-04-2026,Insurance Cross-Sell
SYN-029221,3,20-04-2026,Insurance Cross-Sell
SYN-029221,4,30-04-2026,Insurance Cross-Sell
SYN-029221,5,10-05-2026,Insurance Cross-Sell
SYN-029221,6,20-05-2026,Service Intervention (Low NPS)
SYN-029221,7,30-05-2026,Insurance Cross-Sell
SYN-029221,8,10-06-2026,Insurance Cross-Sell
SYN-029221,9,20-06-2026,Insurance Cross-Sell
SYN-029221,10,30-06-2026,Complete KYC
SYN-029221,11,10-07-2026,Complete KYC
SYN-029221,12,20-07-2026,Complete KYC
SYN-029221,13,30-07-2026,Complete KYC
SYN-029221,14,10-08-2026,Complete KYC
SYN-029221,15,20-08-2026,Complete KYC
SYN-029221,16,30-08-2026,Complete KYC
SYN-029221,17,10-09-2026,Complete KYC
SYN-029221,18,20-09-2026,Complete KYC
SYN-028778,1,30-03-2026,Bank Term Deposit
SYN-028778,2,10-04-2026,Bank Term Deposit
SYN-028778,3,20-04-2026,Bank Term Deposit
SYN-028778,4,30-04-2026,Retention Action
SYN-028778,5,10-05-2026,Retention Action
SYN-028778,6,20-05-2026,Bank Term Deposit
SYN-028778,7,30-05-2026,Bank Term Deposit
SYN-028778,8,10-06-2026,Bank Term Deposit
SYN-028778,9,20-06-2026,Insurance Cross-Sell
SYN-028778,10,30-06-2026,Insurance Cross-Sell
SYN-028778,11,10-07-2026,Bank Term Deposit
SYN-028778,12,20-07-2026,Bank Term Deposit
SYN-028778,13,30-07-2026,Bank Term Deposit
SYN-028778,14,10-08-2026,Bank Term Deposit
SYN-028778,15,20-08-2026,Bank Term Deposit
SYN-028778,16,30-08-2026,Bank Term Deposit
SYN-028778,17,10-09-2026,Bank Term Deposit
SYN-028778,18,20-09-2026,Bank Term Deposit
SYN-022298,1,30-03-2026,Insurance Cross-Sell
SYN-022298,2,10-04-2026,Insurance Cross-Sell
SYN-022298,3,20-04-2026,Retention Action
SYN-022298,4,30-04-2026,Retention Action
SYN-022298,5,10-05-2026,Retention Action
SYN-022298,6,20-05-2026,Insurance Cross-Sell
SYN-022298,7,30-05-2026,Insurance Cross-Sell
SYN-022298,8,10-06-2026,Insurance Cross-Sell
SYN-022298,9,20-06-2026,Insurance Cross-Sell
SYN-022298,10,30-06-2026,Service Intervention (Low NPS)
SYN-022298,11,10-07-2026,Insurance Cross-Sell
SYN-022298,12,20-07-2026,Insurance Cross-Sell
SYN-022298,13,30-07-2026,Insurance Cross-Sell
SYN-022298,14,10-08-2026,Insurance Cross-Sell
SYN-022298,15,20-08-2026,Insurance Cross-Sell
SYN-022298,16,30-08-2026,Insurance Cross-Sell
SYN-022298,17,10-09-2026,Insurance Cross-Sell
SYN-022298,18,20-09-2026,Insurance Cross-Sell
SYN-037307,1,30-03-2026,Insurance Cross-Sell
SYN-037307,2,10-04-2026,Insurance Cross-Sell
SYN-037307,3,20-04-2026,Insurance Cross-Sell
SYN-037307,4,30-04-2026,Bank Term Deposit
SYN-037307,5,10-05-2026,Service Resolution
SYN-037307,6,20-05-2026,Insurance Cross-Sell
SYN-037307,7,30-05-2026,Insurance Cross-Sell
SYN-037307,8,10-06-2026,Insurance Cross-Sell
SYN-037307,9,20-06-2026,Retention Action
SYN-037307,10,30-06-2026,Insurance Cross-Sell
SYN-037307,11,10-07-2026,Insurance Cross-Sell
SYN-037307,12,20-07-2026,Insurance Cross-Sell
SYN-037307,13,30-07-2026,Insurance Cross-Sell
SYN-037307,14,10-08-2026,Insurance Cross-Sell
SYN-037307,15,20-08-2026,Insurance Cross-Sell
SYN-037307,16,30-08-2026,Insurance Cross-Sell
SYN-037307,17,10-09-2026,Insurance Cross-Sell
SYN-037307,18,20-09-2026,Insurance Cross-Sell
SYN-015168,1,30-03-2026,Bank Term Deposit
SYN-015168,2,10-04-2026,Bank Term Deposit
SYN-015168,3,20-04-2026,Insurance Cross-Sell
SYN-015168,4,30-04-2026,Insurance Cross-Sell
SYN-015168,5,10-05-2026,Insurance Cross-Sell
SYN-015168,6,20-05-2026,Insurance Cross-Sell
SYN-015168,7,30-05-2026,Insurance Cross-Sell
SYN-015168,8,10-06-2026,Insurance Cross-Sell
SYN-015168,9,20-06-2026,Bank Term Deposit
SYN-015168,10,30-06-2026,Bank Term Deposit
SYN-015168,11,10-07-2026,Bank Term Deposit
SYN-015168,12,20-07-2026,Bank Term Deposit
SYN-015168,13,30-07-2026,Bank Term Deposit
SYN-015168,14,10-08-2026,Bank Term Deposit
SYN-015168,15,20-08-2026,Bank Term Deposit
SYN-015168,16,30-08-2026,Bank Term Deposit
SYN-015168,17,10-09-2026,Bank Term Deposit
SYN-015168,18,20-09-2026,Bank Term Deposit
SYN-040137,1,30-03-2026,Insurance Cross-Sell
SYN-040137,2,10-04-2026,Insurance Cross-Sell
SYN-040137,3,20-04-2026,Insurance Cross-Sell
SYN-040137,4,30-04-2026,Insurance Cross-Sell
SYN-040137,5,10-05-2026,Insurance Cross-Sell
SYN-040137,6,20-05-2026,Insurance Cross-Sell
SYN-040137,7,30-05-2026,Bank Term Deposit
SYN-040137,8,10-06-2026,Bank Term Deposit
SYN-040137,9,20-06-2026,Retention Action
SYN-040137,10,30-06-2026,Retention Action
SYN-040137,11,10-07-2026,Retention Action
SYN-040137,12,20-07-2026,Retention Action
SYN-040137,13,30-07-2026,Bank Term Deposit
SYN-040137,14,10-08-2026,Insurance Cross-Sell
SYN-040137,15,20-08-2026,Insurance Cross-Sell
SYN-040137,16,30-08-2026,Insurance Cross-Sell
SYN-040137,17,10-09-2026,Insurance Cross-Sell
SYN-040137,18,20-09-2026,Insurance Cross-Sell
SYN-037517,1,30-03-2026,Bank Term Deposit
SYN-037517,2,10-04-2026,Bank Term Deposit
SYN-037517,3,20-04-2026,Bank Term Deposit
SYN-037517,4,30-04-2026,Insurance Cross-Sell
SYN-037517,5,10-05-2026,Insurance Cross-Sell
SYN-037517,6,20-05-2026,Insurance Cross-Sell
SYN-037517,7,30-05-2026,Insurance Cross-Sell
SYN-037517,8,10-06-2026,Insurance Cross-Sell
SYN-037517,9,20-06-2026,Insurance Cross-Sell
SYN-037517,10,30-06-2026,Insurance Cross-Sell
SYN-037517,11,10-07-2026,Insurance Cross-Sell
SYN-037517,12,20-07-2026,Payment Reminder / Collections Resolution
SYN-037517,13,30-07-2026,Insurance Cross-Sell
SYN-037517,14,10-08-2026,Insurance Cross-Sell
SYN-037517,15,20-08-2026,Bank Term Deposit
SYN-037517,16,30-08-2026,Bank Term Deposit
SYN-037517,17,10-09-2026,Bank Term Deposit
SYN-037517,18,20-09-2026,Bank Term Deposit
SYN-004361,1,30-03-2026,Bank Term Deposit
SYN-004361,2,10-04-2026,Bank Term Deposit
SYN-004361,3,20-04-2026,Bank Term Deposit
SYN-004361,4,30-04-2026,Service Resolution
SYN-004361,5,10-05-2026,Bank Term Deposit
SYN-004361,6,20-05-2026,Bank Term Deposit
SYN-004361,7,30-05-2026,Insurance Cross-Sell
SYN-004361,8,10-06-2026,Insurance Cross-Sell
SYN-004361,9,20-06-2026,Insurance Cross-Sell
SYN-004361,10,30-06-2026,Insurance Cross-Sell
SYN-004361,11,10-07-2026,Insurance Cross-Sell
SYN-004361,12,20-07-2026,Insurance Cross-Sell
SYN-004361,13,30-07-2026,Insurance Cross-Sell
SYN-004361,14,10-08-2026,Insurance Cross-Sell
SYN-004361,15,20-08-2026,Insurance Cross-Sell
SYN-004361,16,30-08-2026,Insurance Cross-Sell
SYN-004361,17,10-09-2026,Payment Reminder / Collections Resolution
SYN-004361,18,20-09-2026,Payment Reminder / Collections Resolution
SYN-034214,1,30-03-2026,Bank Term Deposit
SYN-034214,2,10-04-2026,Bank Term Deposit
SYN-034214,3,20-04-2026,Bank Term Deposit
SYN-034214,4,30-04-2026,Insurance Cross-Sell
SYN-034214,5,10-05-2026,Insurance Cross-Sell
SYN-034214,6,20-05-2026,Insurance Cross-Sell
SYN-034214,7,30-05-2026,Insurance Cross-Sell
SYN-034214,8,10-06-2026,Insurance Cross-Sell
SYN-034214,9,20-06-2026,Insurance Cross-Sell
SYN-034214,10,30-06-2026,Insurance Cross-Sell
SYN-034214,11,10-07-2026,Insurance Cross-Sell
SYN-034214,12,20-07-2026,Insurance Cross-Sell
SYN-034214,13,30-07-2026,Bank Term Deposit
SYN-034214,14,10-08-2026,Bank Term Deposit
SYN-034214,15,20-08-2026,Bank Term Deposit
SYN-034214,16,30-08-2026,Bank Term Deposit
SYN-034214,17,10-09-2026,Payment Reminder / Collections Resolution
SYN-034214,18,20-09-2026,Payment Reminder / Collections Resolution
SYN-022989,1,30-03-2026,Insurance Cross-Sell
SYN-022989,2,10-04-2026,Insurance Cross-Sell
SYN-022989,3,20-04-2026,Retention Action
SYN-022989,4,30-04-2026,Insurance Cross-Sell
SYN-022989,5,10-05-2026,Insurance Cross-Sell
SYN-022989,6,20-05-2026,Insurance Cross-Sell
SYN-022989,7,30-05-2026,Insurance Cross-Sell
SYN-022989,8,10-06-2026,Insurance Cross-Sell
SYN-022989,9,20-06-2026,Insurance Cross-Sell
SYN-022989,10,30-06-2026,Insurance Cross-Sell
SYN-022989,11,10-07-2026,Bank Term Deposit
SYN-022989,12,20-07-2026,Bank Term Deposit
SYN-022989,13,30-07-2026,Bank Term Deposit
SYN-022989,14,10-08-2026,Bank Term Deposit
SYN-022989,15,20-08-2026,Bank Term Deposit
SYN-022989,16,30-08-2026,Bank Term Deposit
SYN-022989,17,10-09-2026,Insurance Cross-Sell
SYN-022989,18,20-09-2026,Insurance Cross-Sell
SYN-020447,1,30-03-2026,Insurance Cross-Sell
SYN-020447,2,10-04-2026,Insurance Cross-Sell
SYN-020447,3,20-04-2026,Bank Term Deposit
SYN-020447,4,30-04-2026,Bank Term Deposit
SYN-020447,5,10-05-2026,Bank Term Deposit
SYN-020447,6,20-05-2026,Bank Term Deposit
SYN-020447,7,30-05-2026,Bank Term Deposit
SYN-020447,8,10-06-2026,Bank Term Deposit
SYN-020447,9,20-06-2026,Bank Term Deposit
SYN-020447,10,30-06-2026,Bank Term Deposit
SYN-020447,11,10-07-2026,Bank Term Deposit
SYN-020447,12,20-07-2026,Bank Term Deposit
SYN-020447,13,30-07-2026,Bank Term Deposit
SYN-020447,14,10-08-2026,Bank Term Deposit
SYN-020447,15,20-08-2026,Bank Term Deposit
SYN-020447,16,30-08-2026,Bank Term Deposit
SYN-020447,17,10-09-2026,Bank Term Deposit
SYN-020447,18,20-09-2026,Bank Term Deposit
SYN-021416,1,30-03-2026,Insurance Cross-Sell
SYN-021416,2,10-04-2026,Insurance Cross-Sell
SYN-021416,3,20-04-2026,Bank Term Deposit
SYN-021416,4,30-04-2026,Bank Term Deposit
SYN-021416,5,10-05-2026,Bank Term Deposit
SYN-021416,6,20-05-2026,Bank Term Deposit
SYN-021416,7,30-05-2026,Bank Term Deposit
SYN-021416,8,10-06-2026,Bank Term Deposit
SYN-021416,9,20-06-2026,Bank Term Deposit
SYN-021416,10,30-06-2026,Bank Term Deposit
SYN-021416,11,10-07-2026,Bank Term Deposit
SYN-021416,12,20-07-2026,Bank Term Deposit
SYN-021416,13,30-07-2026,Bank Term Deposit
SYN-021416,14,10-08-2026,Bank Term Deposit
SYN-021416,15,20-08-2026,Bank Term Deposit
SYN-021416,16,30-08-2026,Bank Term Deposit
SYN-021416,17,10-09-2026,Service Resolution
SYN-021416,18,20-09-2026,Service Resolution
SYN-015232,1,30-03-2026,Bank Term Deposit
SYN-015232,2,10-04-2026,Bank Term Deposit
SYN-015232,3,20-04-2026,Bank Term Deposit
SYN-015232,4,30-04-2026,Bank Term Deposit
SYN-015232,5,10-05-2026,Bank Term Deposit
SYN-015232,6,20-05-2026,Insurance Cross-Sell
SYN-015232,7,30-05-2026,Insurance Cross-Sell
SYN-015232,8,10-06-2026,Payment Reminder / Collections Resolution
SYN-015232,9,20-06-2026,Insurance Cross-Sell
SYN-015232,10,30-06-2026,Insurance Cross-Sell
SYN-015232,11,10-07-2026,Insurance Cross-Sell
SYN-015232,12,20-07-2026,Insurance Cross-Sell
SYN-015232,13,30-07-2026,Insurance Cross-Sell
SYN-015232,14,10-08-2026,Insurance Cross-Sell
SYN-015232,15,20-08-2026,Retention Action
SYN-015232,16,30-08-2026,Retention Action
SYN-015232,17,10-09-2026,Retention Action
SYN-015232,18,20-09-2026,Retention Action
SYN-037694,1,30-03-2026,Insurance Cross-Sell
SYN-037694,2,10-04-2026,Insurance Cross-Sell
SYN-037694,3,20-04-2026,Insurance Cross-Sell
SYN-037694,4,30-04-2026,Insurance Cross-Sell
SYN-037694,5,10-05-2026,Service Intervention (Low NPS)
SYN-037694,6,20-05-2026,Bank Term Deposit
SYN-037694,7,30-05-2026,Service Intervention (Low NPS)
SYN-037694,8,10-06-2026,Bank Term Deposit
SYN-037694,9,20-06-2026,Bank Term Deposit
SYN-037694,10,30-06-2026,Insurance Cross-Sell
SYN-037694,11,10-07-2026,Insurance Cross-Sell
SYN-037694,12,20-07-2026,Insurance Cross-Sell
SYN-037694,13,30-07-2026,Insurance Cross-Sell
SYN-037694,14,10-08-2026,Insurance Cross-Sell
SYN-037694,15,20-08-2026,Insurance Cross-Sell
SYN-037694,16,30-08-2026,Insurance Cross-Sell
SYN-037694,17,10-09-2026,Insurance Cross-Sell
SYN-037694,18,20-09-2026,Insurance Cross-Sell
SYN-027182,1,30-03-2026,Insurance Cross-Sell
SYN-027182,2,10-04-2026,Insurance Cross-Sell
SYN-027182,3,20-04-2026,Payment Reminder / Collections Resolution
SYN-027182,4,30-04-2026,Payment Reminder / Collections Resolution
SYN-027182,5,10-05-2026,Insurance Cross-Sell
SYN-027182,6,20-05-2026,Insurance Cross-Sell
SYN-027182,7,30-05-2026,Insurance Cross-Sell
SYN-027182,8,10-06-2026,Payment Reminder / Collections Resolution
SYN-027182,9,20-06-2026,Insurance Cross-Sell
SYN-027182,10,30-06-2026,Service Intervention (Low NPS)
SYN-027182,11,10-07-2026,Service Intervention (Low NPS)
SYN-027182,12,20-07-2026,Service Intervention (Low NPS)
SYN-027182,13,30-07-2026,Service Intervention (Low NPS)
SYN-027182,14,10-08-2026,Bank Term Deposit
SYN-027182,15,20-08-2026,Insurance Cross-Sell
SYN-027182,16,30-08-2026,Payment Reminder / Collections Resolution
SYN-027182,17,10-09-2026,Payment Reminder / Collections Resolution
SYN-027182,18,20-09-2026,Payment Reminder / Collections Resolution
SYN-030070,1,30-03-2026,Bank Term Deposit
SYN-030070,2,10-04-2026,Bank Term Deposit
SYN-030070,3,20-04-2026,Bank Term Deposit
SYN-030070,4,30-04-2026,Bank Term Deposit
SYN-030070,5,10-05-2026,Bank Term Deposit
SYN-030070,6,20-05-2026,Bank Term Deposit
SYN-030070,7,30-05-2026,Insurance Cross-Sell
SYN-030070,8,10-06-2026,Insurance Cross-Sell
SYN-030070,9,20-06-2026,Insurance Cross-Sell
SYN-030070,10,30-06-2026,Insurance Cross-Sell
SYN-030070,11,10-07-2026,Retention Action
SYN-030070,12,20-07-2026,Insurance Cross-Sell
SYN-030070,13,30-07-2026,Insurance Cross-Sell
SYN-030070,14,10-08-2026,Insurance Cross-Sell
SYN-030070,15,20-08-2026,Insurance Cross-Sell
SYN-030070,16,30-08-2026,Bank Term Deposit
SYN-030070,17,10-09-2026,Bank Term Deposit
SYN-030070,18,20-09-2026,Bank Term Deposit
SYN-016810,1,30-03-2026,Bank Term Deposit
SYN-016810,2,10-04-2026,Bank Term Deposit
SYN-016810,3,20-04-2026,Bank Term Deposit
SYN-016810,4,30-04-2026,Insurance Cross-Sell
SYN-016810,5,10-05-2026,Insurance Cross-Sell
SYN-016810,6,20-05-2026,Insurance Cross-Sell
SYN-016810,7,30-05-2026,Insurance Cross-Sell
SYN-016810,8,10-06-2026,Insurance Cross-Sell
SYN-016810,9,20-06-2026,Insurance Cross-Sell
SYN-016810,10,30-06-2026,Insurance Cross-Sell
SYN-016810,11,10-07-2026,Insurance Cross-Sell
SYN-016810,12,20-07-2026,Insurance Cross-Sell
SYN-016810,13,30-07-2026,Insurance Cross-Sell
SYN-016810,14,10-08-2026,Retention Action
SYN-016810,15,20-08-2026,Insurance Cross-Sell
SYN-016810,16,30-08-2026,Insurance Cross-Sell
SYN-016810,17,10-09-2026,Insurance Cross-Sell
SYN-016810,18,20-09-2026,Insurance Cross-Sell
SYN-039608,1,30-03-2026,Insurance Cross-Sell
SYN-039608,2,10-04-2026,Insurance Cross-Sell
SYN-039608,3,20-04-2026,Insurance Cross-Sell
SYN-039608,4,30-04-2026,Insurance Cross-Sell
SYN-039608,5,10-05-2026,Insurance Cross-Sell
SYN-039608,6,20-05-2026,Insurance Cross-Sell
SYN-039608,7,30-05-2026,Insurance Cross-Sell
SYN-039608,8,10-06-2026,Insurance Cross-Sell
SYN-039608,9,20-06-2026,Insurance Cross-Sell
SYN-039608,10,30-06-2026,Insurance Cross-Sell
SYN-039608,11,10-07-2026,Service Intervention (Low NPS)
SYN-039608,12,20-07-2026,Service Intervention (Low NPS)
SYN-039608,13,30-07-2026,Insurance Cross-Sell
SYN-039608,14,10-08-2026,Insurance Cross-Sell
SYN-039608,15,20-08-2026,Insurance Cross-Sell
SYN-039608,16,30-08-2026,Insurance Cross-Sell
SYN-039608,17,10-09-2026,Insurance Cross-Sell
SYN-039608,18,20-09-2026,Insurance Cross-Sell
SYN-014639,1,30-03-2026,Bank Term Deposit
SYN-014639,2,10-04-2026,Bank Term Deposit
SYN-014639,3,20-04-2026,Bank Term Deposit
SYN-014639,4,30-04-2026,Bank Term Deposit
SYN-014639,5,10-05-2026,Insurance Cross-Sell
SYN-014639,6,20-05-2026,Insurance Cross-Sell
SYN-014639,7,30-05-2026,Insurance Cross-Sell
SYN-014639,8,10-06-2026,Bank Term Deposit
SYN-014639,9,20-06-2026,Bank Term Deposit
SYN-014639,10,30-06-2026,Payment Reminder / Collections Resolution
SYN-014639,11,10-07-2026,Bank Term Deposit
SYN-014639,12,20-07-2026,Bank Term Deposit
SYN-014639,13,30-07-2026,Insurance Cross-Sell
SYN-014639,14,10-08-2026,Insurance Cross-Sell
SYN-014639,15,20-08-2026,Payment Reminder / Collections Resolution
SYN-014639,16,30-08-2026,Payment Reminder / Collections Resolution
SYN-014639,17,10-09-2026,Payment Reminder / Collections Resolution
SYN-014639,18,20-09-2026,Payment Reminder / Collections Resolution
SYN-009772,1,30-03-2026,Insurance Cross-Sell
SYN-009772,2,10-04-2026,Insurance Cross-Sell
SYN-009772,3,20-04-2026,Insurance Cross-Sell
SYN-009772,4,30-04-2026,Bank Term Deposit
SYN-009772,5,10-05-2026,Bank Term Deposit
SYN-009772,6,20-05-2026,Bank Term Deposit
SYN-009772,7,30-05-2026,Bank Term Deposit
SYN-009772,8,10-06-2026,Bank Term Deposit
SYN-009772,9,20-06-2026,Insurance Cross-Sell
SYN-009772,10,30-06-2026,Insurance Cross-Sell
SYN-009772,11,10-07-2026,Bank Term Deposit
SYN-009772,12,20-07-2026,Bank Term Deposit
SYN-009772,13,30-07-2026,Bank Term Deposit
SYN-009772,14,10-08-2026,Bank Term Deposit
SYN-009772,15,20-08-2026,Bank Term Deposit
SYN-009772,16,30-08-2026,Bank Term Deposit
SYN-009772,17,10-09-2026,Bank Term Deposit
SYN-009772,18,20-09-2026,Bank Term Deposit
SYN-024482,1,30-03-2026,Bank Term Deposit
SYN-024482,2,10-04-2026,Bank Term Deposit
SYN-024482,3,20-04-2026,Bank Term Deposit
SYN-024482,4,30-04-2026,Bank Term Deposit
SYN-024482,5,10-05-2026,Bank Term Deposit
SYN-024482,6,20-05-2026,Bank Term Deposit
SYN-024482,7,30-05-2026,Bank Term Deposit
SYN-024482,8,10-06-2026,Bank Term Deposit
SYN-024482,9,20-06-2026,Bank Term Deposit
SYN-024482,10,30-06-2026,Bank Term Deposit
SYN-024482,11,10-07-2026,Insurance Cross-Sell
SYN-024482,12,20-07-2026,Insurance Cross-Sell
SYN-024482,13,30-07-2026,Insurance Cross-Sell
SYN-024482,14,10-08-2026,Insurance Cross-Sell
SYN-024482,15,20-08-2026,Insurance Cross-Sell
SYN-024482,16,30-08-2026,Insurance Cross-Sell
SYN-024482,17,10-09-2026,Insurance Cross-Sell
SYN-024482,18,20-09-2026,Insurance Cross-Sell
SYN-028681,1,30-03-2026,Insurance Cross-Sell
SYN-028681,2,10-04-2026,Insurance Cross-Sell
SYN-028681,3,20-04-2026,Insurance Cross-Sell
SYN-028681,4,30-04-2026,Insurance Cross-Sell
SYN-028681,5,10-05-2026,Payment Reminder / Collections Resolution
SYN-028681,6,20-05-2026,Payment Reminder / Collections Resolution
SYN-028681,7,30-05-2026,Insurance Cross-Sell
SYN-028681,8,10-06-2026,Insurance Cross-Sell
SYN-028681,9,20-06-2026,Insurance Cross-Sell
SYN-028681,10,30-06-2026,Insurance Cross-Sell
SYN-028681,11,10-07-2026,Insurance Cross-Sell
SYN-028681,12,20-07-2026,Insurance Cross-Sell
SYN-028681,13,30-07-2026,Insurance Cross-Sell
SYN-028681,14,10-08-2026,Insurance Cross-Sell
SYN-028681,15,20-08-2026,Insurance Cross-Sell
SYN-028681,16,30-08-2026,Insurance Cross-Sell
SYN-028681,17,10-09-2026,Payment Reminder / Collections Resolution
SYN-028681,18,20-09-2026,Payment Reminder / Collections Resolution
SYN-044717,1,30-03-2026,Insurance Cross-Sell
SYN-044717,2,10-04-2026,Insurance Cross-Sell
SYN-044717,3,20-04-2026,Bank Term Deposit
SYN-044717,4,30-04-2026,Bank Term Deposit
SYN-044717,5,10-05-2026,Bank Term Deposit
SYN-044717,6,20-05-2026,Bank Term Deposit
SYN-044717,7,30-05-2026,Bank Term Deposit
SYN-044717,8,10-06-2026,Bank Term Deposit
SYN-044717,9,20-06-2026,Bank Term Deposit
SYN-044717,10,30-06-2026,Bank Term Deposit
SYN-044717,11,10-07-2026,Bank Term Deposit
SYN-044717,12,20-07-2026,Bank Term Deposit
SYN-044717,13,30-07-2026,Bank Term Deposit
SYN-044717,14,10-08-2026,Bank Term Deposit
SYN-044717,15,20-08-2026,Bank Term Deposit
SYN-044717,16,30-08-2026,Bank Term Deposit
SYN-044717,17,10-09-2026,Bank Term Deposit
SYN-044717,18,20-09-2026,Bank Term Deposit
SYN-026072,1,30-03-2026,Insurance Cross-Sell
SYN-026072,2,10-04-2026,Insurance Cross-Sell
SYN-026072,3,20-04-2026,Insurance Cross-Sell
SYN-026072,4,30-04-2026,Insurance Cross-Sell
SYN-026072,5,10-05-2026,Insurance Cross-Sell
SYN-026072,6,20-05-2026,Insurance Cross-Sell
SYN-026072,7,30-05-2026,Insurance Cross-Sell
SYN-026072,8,10-06-2026,Insurance Cross-Sell
SYN-026072,9,20-06-2026,Insurance Cross-Sell
SYN-026072,10,30-06-2026,Insurance Cross-Sell
SYN-026072,11,10-07-2026,Insurance Cross-Sell
SYN-026072,12,20-07-2026,Insurance Cross-Sell
SYN-026072,13,30-07-2026,Insurance Cross-Sell
SYN-026072,14,10-08-2026,Insurance Cross-Sell
SYN-026072,15,20-08-2026,Insurance Cross-Sell
SYN-026072,16,30-08-2026,Insurance Cross-Sell
SYN-026072,17,10-09-2026,Insurance Cross-Sell
SYN-026072,18,20-09-2026,Insurance Cross-Sell
SYN-032538,1,30-03-2026,Insurance Cross-Sell
SYN-032538,2,10-04-2026,Insurance Cross-Sell
SYN-032538,3,20-04-2026,Insurance Cross-Sell
SYN-032538,4,30-04-2026,Insurance Cross-Sell
SYN-032538,5,10-05-2026,Bank Term Deposit
SYN-032538,6,20-05-2026,Bank Term Deposit
SYN-032538,7,30-05-2026,Insurance Cross-Sell
SYN-032538,8,10-06-2026,Insurance Cross-Sell
SYN-032538,9,20-06-2026,Insurance Cross-Sell
SYN-032538,10,30-06-2026,Insurance Cross-Sell
SYN-032538,11,10-07-2026,Insurance Cross-Sell
SYN-032538,12,20-07-2026,Insurance Cross-Sell
SYN-032538,13,30-07-2026,No Marketing Action (Consent Withheld)
SYN-032538,14,10-08-2026,No Marketing Action (Consent Withheld)
SYN-032538,15,20-08-2026,No Marketing Action (Consent Withheld)
SYN-032538,16,30-08-2026,No Marketing Action (Consent Withheld)
SYN-032538,17,10-09-2026,No Marketing Action (Consent Withheld)
SYN-032538,18,20-09-2026,No Marketing Action (Consent Withheld)
SYN-010286,1,30-03-2026,Service Intervention (Low NPS)
SYN-010286,2,10-04-2026,Service Intervention (Low NPS)
SYN-010286,3,20-04-2026,Service Intervention (Low NPS)
SYN-010286,4,30-04-2026,Insurance Cross-Sell
SYN-010286,5,10-05-2026,Insurance Cross-Sell
SYN-010286,6,20-05-2026,Insurance Cross-Sell
SYN-010286,7,30-05-2026,Bank Term Deposit
SYN-010286,8,10-06-2026,Bank Term Deposit
SYN-010286,9,20-06-2026,Bank Term Deposit
SYN-010286,10,30-06-2026,Bank Term Deposit
SYN-010286,11,10-07-2026,Bank Term Deposit
SYN-010286,12,20-07-2026,Bank Term Deposit
SYN-010286,13,30-07-2026,Bank Term Deposit
SYN-010286,14,10-08-2026,Bank Term Deposit
SYN-010286,15,20-08-2026,Bank Term Deposit
SYN-010286,16,30-08-2026,Bank Term Deposit
SYN-010286,17,10-09-2026,Bank Term Deposit
SYN-010286,18,20-09-2026,Bank Term Deposit
SYN-036581,1,30-03-2026,Bank Term Deposit
SYN-036581,2,10-04-2026,Insurance Cross-Sell
SYN-036581,3,20-04-2026,Insurance Cross-Sell
SYN-036581,4,30-04-2026,Insurance Cross-Sell
SYN-036581,5,10-05-2026,Insurance Cross-Sell
SYN-036581,6,20-05-2026,Insurance Cross-Sell
SYN-036581,7,30-05-2026,Insurance Cross-Sell
SYN-036581,8,10-06-2026,Bank Term Deposit
SYN-036581,9,20-06-2026,Bank Term Deposit
SYN-036581,10,30-06-2026,Bank Term Deposit
SYN-036581,11,10-07-2026,Bank Term Deposit
SYN-036581,12,20-07-2026,Bank Term Deposit
SYN-036581,13,30-07-2026,No Marketing Action (Consent Withheld)
SYN-036581,14,10-08-2026,No Marketing Action (Consent Withheld)
SYN-036581,15,20-08-2026,No Marketing Action (Consent Withheld)
SYN-036581,16,30-08-2026,No Marketing Action (Consent Withheld)
SYN-036581,17,10-09-2026,No Marketing Action (Consent Withheld)
SYN-036581,18,20-09-2026,No Marketing Action (Consent Withheld)
SYN-014600,1,30-03-2026,Bank Term Deposit
SYN-014600,2,10-04-2026,Bank Term Deposit
SYN-014600,3,20-04-2026,Bank Term Deposit
SYN-014600,4,30-04-2026,Insurance Cross-Sell
SYN-014600,5,10-05-2026,No Marketing Action (Consent Withheld)
SYN-014600,6,20-05-2026,No Marketing Action (Consent Withheld)
SYN-014600,7,30-05-2026,No Marketing Action (Consent Withheld)
SYN-014600,8,10-06-2026,No Marketing Action (Consent Withheld)
SYN-014600,9,20-06-2026,No Marketing Action (Consent Withheld)
SYN-014600,10,30-06-2026,No Marketing Action (Consent Withheld)
SYN-014600,11,10-07-2026,No Marketing Action (Consent Withheld)
SYN-014600,12,20-07-2026,No Marketing Action (Consent Withheld)
SYN-014600,13,30-07-2026,No Marketing Action (Consent Withheld)
SYN-014600,14,10-08-2026,No Marketing Action (Consent Withheld)
SYN-014600,15,20-08-2026,No Marketing Action (Consent Withheld)
SYN-014600,16,30-08-2026,No Marketing Action (Consent Withheld)
SYN-014600,17,10-09-2026,No Marketing Action (Consent Withheld)
SYN-014600,18,20-09-2026,No Marketing Action (Consent Withheld)
SYN-007175,1,30-03-2026,Bank Term Deposit
SYN-007175,2,10-04-2026,Bank Term Deposit
SYN-007175,3,20-04-2026,Bank Term Deposit
SYN-007175,4,30-04-2026,Bank Term Deposit
SYN-007175,5,10-05-2026,Bank Term Deposit
SYN-007175,6,20-05-2026,Bank Term Deposit
SYN-007175,7,30-05-2026,Bank Term Deposit
SYN-007175,8,10-06-2026,Insurance Cross-Sell
SYN-007175,9,20-06-2026,Bank Term Deposit
SYN-007175,10,30-06-2026,Bank Term Deposit
SYN-007175,11,10-07-2026,Bank Term Deposit
SYN-007175,12,20-07-2026,Bank Term Deposit
SYN-007175,13,30-07-2026,Bank Term Deposit
SYN-007175,14,10-08-2026,Bank Term Deposit
SYN-007175,15,20-08-2026,Payment Reminder / Collections Resolution
SYN-007175,16,30-08-2026,Payment Reminder / Collections Resolution
SYN-007175,17,10-09-2026,Payment Reminder / Collections Resolution
SYN-007175,18,20-09-2026,Payment Reminder / Collections Resolution
SYN-007523,1,30-03-2026,Bank Term Deposit
SYN-007523,2,10-04-2026,Bank Term Deposit
SYN-007523,3,20-04-2026,Bank Term Deposit
SYN-007523,4,30-04-2026,Bank Term Deposit
SYN-007523,5,10-05-2026,Payment Reminder / Collections Resolution
SYN-007523,6,20-05-2026,Payment Reminder / Collections Resolution
SYN-007523,7,30-05-2026,Payment Reminder / Collections Resolution
SYN-007523,8,10-06-2026,Payment Reminder / Collections Resolution
SYN-007523,9,20-06-2026,Payment Reminder / Collections Resolution
SYN-007523,10,30-06-2026,Bank Term Deposit
SYN-007523,11,10-07-2026,Service Resolution
SYN-007523,12,20-07-2026,Bank Term Deposit
SYN-007523,13,30-07-2026,Bank Term Deposit
SYN-007523,14,10-08-2026,Bank Term Deposit
SYN-007523,15,20-08-2026,Bank Term Deposit
SYN-007523,16,30-08-2026,Bank Term Deposit
SYN-007523,17,10-09-2026,Bank Term Deposit
SYN-007523,18,20-09-2026,Bank Term Deposit
SYN-016550,1,30-03-2026,Bank Term Deposit
SYN-016550,2,10-04-2026,Retention Action
SYN-016550,3,20-04-2026,Bank Term Deposit
SYN-016550,4,30-04-2026,Bank Term Deposit
SYN-016550,5,10-05-2026,Bank Term Deposit
SYN-016550,6,20-05-2026,Bank Term Deposit
SYN-016550,7,30-05-2026,Bank Term Deposit
SYN-016550,8,10-06-2026,Bank Term Deposit
SYN-016550,9,20-06-2026,Bank Term Deposit
SYN-016550,10,30-06-2026,Bank Term Deposit
SYN-016550,11,10-07-2026,Bank Term Deposit
SYN-016550,12,20-07-2026,Bank Term Deposit
SYN-016550,13,30-07-2026,Bank Term Deposit
SYN-016550,14,10-08-2026,Bank Term Deposit
SYN-016550,15,20-08-2026,Bank Term Deposit
SYN-016550,16,30-08-2026,Bank Term Deposit
SYN-016550,17,10-09-2026,Service Intervention (Low NPS)
SYN-016550,18,20-09-2026,Service Intervention (Low NPS)
SYN-015954,1,30-03-2026,Insurance Cross-Sell
SYN-015954,2,10-04-2026,Insurance Cross-Sell
SYN-015954,3,20-04-2026,Insurance Cross-Sell
SYN-015954,4,30-04-2026,Bank Term Deposit
SYN-015954,5,10-05-2026,Bank Term Deposit
SYN-015954,6,20-05-2026,Insurance Cross-Sell
SYN-015954,7,30-05-2026,Insurance Cross-Sell
SYN-015954,8,10-06-2026,Bank Term Deposit
SYN-015954,9,20-06-2026,Bank Term Deposit
SYN-015954,10,30-06-2026,Bank Term Deposit
SYN-015954,11,10-07-2026,Bank Term Deposit
SYN-015954,12,20-07-2026,Insurance Cross-Sell
SYN-015954,13,30-07-2026,Insurance Cross-Sell
SYN-015954,14,10-08-2026,Insurance Cross-Sell
SYN-015954,15,20-08-2026,Payment Reminder / Collections Resolution
SYN-015954,16,30-08-2026,Payment Reminder / Collections Resolution
SYN-015954,17,10-09-2026,Payment Reminder / Collections Resolution
SYN-015954,18,20-09-2026,Payment Reminder / Collections Resolution
SYN-024093,1,30-03-2026,Insurance Cross-Sell
SYN-024093,2,10-04-2026,Insurance Cross-Sell
SYN-024093,3,20-04-2026,Insurance Cross-Sell
SYN-024093,4,30-04-2026,Insurance Cross-Sell
SYN-024093,5,10-05-2026,Insurance Cross-Sell
SYN-024093,6,20-05-2026,Insurance Cross-Sell
SYN-024093,7,30-05-2026,Insurance Cross-Sell
SYN-024093,8,10-06-2026,Insurance Cross-Sell
SYN-024093,9,20-06-2026,Insurance Cross-Sell
SYN-024093,10,30-06-2026,Insurance Cross-Sell
SYN-024093,11,10-07-2026,Retention Action
SYN-024093,12,20-07-2026,Retention Action
SYN-024093,13,30-07-2026,Bank Term Deposit
SYN-024093,14,10-08-2026,Bank Term Deposit
SYN-024093,15,20-08-2026,Insurance Cross-Sell
SYN-024093,16,30-08-2026,Insurance Cross-Sell
SYN-024093,17,10-09-2026,Insurance Cross-Sell
SYN-024093,18,20-09-2026,Insurance Cross-Sell
SYN-030061,1,30-03-2026,Bank Term Deposit
SYN-030061,2,10-04-2026,Service Resolution
SYN-030061,3,20-04-2026,Bank Term Deposit
SYN-030061,4,30-04-2026,Bank Term Deposit
SYN-030061,5,10-05-2026,Bank Term Deposit
SYN-030061,6,20-05-2026,Bank Term Deposit
SYN-030061,7,30-05-2026,Bank Term Deposit
SYN-030061,8,10-06-2026,Bank Term Deposit
SYN-030061,9,20-06-2026,Bank Term Deposit
SYN-030061,10,30-06-2026,Bank Term Deposit
SYN-030061,11,10-07-2026,Bank Term Deposit
SYN-030061,12,20-07-2026,Bank Term Deposit
SYN-030061,13,30-07-2026,Bank Term Deposit
SYN-030061,14,10-08-2026,Bank Term Deposit
SYN-030061,15,20-08-2026,Bank Term Deposit
SYN-030061,16,30-08-2026,Bank Term Deposit
SYN-030061,17,10-09-2026,Bank Term Deposit
SYN-030061,18,20-09-2026,Bank Term Deposit
SYN-000235,1,30-03-2026,Bank Term Deposit
SYN-000235,2,10-04-2026,Bank Term Deposit
SYN-000235,3,20-04-2026,Insurance Cross-Sell
SYN-000235,4,30-04-2026,Insurance Cross-Sell
SYN-000235,5,10-05-2026,Insurance Cross-Sell
SYN-000235,6,20-05-2026,Insurance Cross-Sell
SYN-000235,7,30-05-2026,Insurance Cross-Sell
SYN-000235,8,10-06-2026,Insurance Cross-Sell
SYN-000235,9,20-06-2026,Insurance Cross-Sell
SYN-000235,10,30-06-2026,Insurance Cross-Sell
SYN-000235,11,10-07-2026,Insurance Cross-Sell
SYN-000235,12,20-07-2026,Bank Term Deposit
SYN-000235,13,30-07-2026,Bank Term Deposit
SYN-000235,14,10-08-2026,Bank Term Deposit
SYN-000235,15,20-08-2026,Bank Term Deposit
SYN-000235,16,30-08-2026,Insurance Cross-Sell
SYN-000235,17,10-09-2026,Bank Term Deposit
SYN-000235,18,20-09-2026,Bank Term Deposit
SYN-021311,1,30-03-2026,Bank Term Deposit
SYN-021311,2,10-04-2026,Bank Term Deposit
SYN-021311,3,20-04-2026,Bank Term Deposit
SYN-021311,4,30-04-2026,Service Intervention (Low NPS)
SYN-021311,5,10-05-2026,Bank Term Deposit
SYN-021311,6,20-05-2026,Bank Term Deposit
SYN-021311,7,30-05-2026,Bank Term Deposit
SYN-021311,8,10-06-2026,Bank Term Deposit
SYN-021311,9,20-06-2026,Bank Term Deposit
SYN-021311,10,30-06-2026,Bank Term Deposit
SYN-021311,11,10-07-2026,Bank Term Deposit
SYN-021311,12,20-07-2026,Bank Term Deposit
SYN-021311,13,30-07-2026,Bank Term Deposit
SYN-021311,14,10-08-2026,Bank Term Deposit
SYN-021311,15,20-08-2026,Bank Term Deposit
SYN-021311,16,30-08-2026,Insurance Cross-Sell
SYN-021311,17,10-09-2026,Insurance Cross-Sell
SYN-021311,18,20-09-2026,Insurance Cross-Sell
SYN-034622,1,30-03-2026,Insurance Cross-Sell
SYN-034622,2,10-04-2026,Insurance Cross-Sell
SYN-034622,3,20-04-2026,Insurance Cross-Sell
SYN-034622,4,30-04-2026,Insurance Cross-Sell
SYN-034622,5,10-05-2026,Insurance Cross-Sell
SYN-034622,6,20-05-2026,Service Resolution
SYN-034622,7,30-05-2026,Service Resolution
SYN-034622,8,10-06-2026,Insurance Cross-Sell
SYN-034622,9,20-06-2026,Insurance Cross-Sell
SYN-034622,10,30-06-2026,Payment Reminder / Collections Resolution
SYN-034622,11,10-07-2026,Payment Reminder / Collections Resolution
SYN-034622,12,20-07-2026,Payment Reminder / Collections Resolution
SYN-034622,13,30-07-2026,Bank Term Deposit
SYN-034622,14,10-08-2026,Bank Term Deposit
SYN-034622,15,20-08-2026,Bank Term Deposit
SYN-034622,16,30-08-2026,Bank Term Deposit
SYN-034622,17,10-09-2026,Bank Term Deposit
SYN-034622,18,20-09-2026,Bank Term Deposit
SYN-044955,1,30-03-2026,Insurance Cross-Sell
SYN-044955,2,10-04-2026,Insurance Cross-Sell
SYN-044955,3,20-04-2026,Insurance Cross-Sell
SYN-044955,4,30-04-2026,Insurance Cross-Sell
SYN-044955,5,10-05-2026,Insurance Cross-Sell
SYN-044955,6,20-05-2026,Insurance Cross-Sell
SYN-044955,7,30-05-2026,Insurance Cross-Sell
SYN-044955,8,10-06-2026,Insurance Cross-Sell
SYN-044955,9,20-06-2026,Service Intervention (Low NPS)
SYN-044955,10,30-06-2026,Service Intervention (Low NPS)
SYN-044955,11,10-07-2026,Service Intervention (Low NPS)
SYN-044955,12,20-07-2026,Service Intervention (Low NPS)
SYN-044955,13,30-07-2026,Service Intervention (Low NPS)
SYN-044955,14,10-08-2026,Insurance Cross-Sell
SYN-044955,15,20-08-2026,No Marketing Action (Consent Withheld)
SYN-044955,16,30-08-2026,No Marketing Action (Consent Withheld)
SYN-044955,17,10-09-2026,No Marketing Action (Consent Withheld)
SYN-044955,18,20-09-2026,No Marketing Action (Consent Withheld)
SYN-035509,1,30-03-2026,Payment Reminder / Collections Resolution
SYN-035509,2,10-04-2026,Payment Reminder / Collections Resolution
SYN-035509,3,20-04-2026,Bank Term Deposit
SYN-035509,4,30-04-2026,Bank Term Deposit
SYN-035509,5,10-05-2026,Retention Action
SYN-035509,6,20-05-2026,Bank Term Deposit
SYN-035509,7,30-05-2026,Bank Term Deposit
SYN-035509,8,10-06-2026,Bank Term Deposit
SYN-035509,9,20-06-2026,Insurance Cross-Sell
SYN-035509,10,30-06-2026,Insurance Cross-Sell
SYN-035509,11,10-07-2026,Insurance Cross-Sell
SYN-035509,12,20-07-2026,Insurance Cross-Sell
SYN-035509,13,30-07-2026,Insurance Cross-Sell
SYN-035509,14,10-08-2026,Insurance Cross-Sell
SYN-035509,15,20-08-2026,Insurance Cross-Sell
SYN-035509,16,30-08-2026,Insurance Cross-Sell
SYN-035509,17,10-09-2026,Insurance Cross-Sell
SYN-035509,18,20-09-2026,Insurance Cross-Sell
SYN-019349,1,30-03-2026,Retention Action
SYN-019349,2,10-04-2026,Retention Action
SYN-019349,3,20-04-2026,Retention Action
SYN-019349,4,30-04-2026,Insurance Cross-Sell
SYN-019349,5,10-05-2026,Insurance Cross-Sell
SYN-019349,6,20-05-2026,Insurance Cross-Sell
SYN-019349,7,30-05-2026,Insurance Cross-Sell
SYN-019349,8,10-06-2026,Service Intervention (Low NPS)
SYN-019349,9,20-06-2026,Insurance Cross-Sell
SYN-019349,10,30-06-2026,Bank Term Deposit
SYN-019349,11,10-07-2026,Insurance Cross-Sell
SYN-019349,12,20-07-2026,Insurance Cross-Sell
SYN-019349,13,30-07-2026,Insurance Cross-Sell
SYN-019349,14,10-08-2026,Insurance Cross-Sell
SYN-019349,15,20-08-2026,Insurance Cross-Sell
SYN-019349,16,30-08-2026,Insurance Cross-Sell
SYN-019349,17,10-09-2026,Insurance Cross-Sell
SYN-019349,18,20-09-2026,Insurance Cross-Sell
SYN-025213,1,30-03-2026,Insurance Cross-Sell
SYN-025213,2,10-04-2026,Insurance Cross-Sell
SYN-025213,3,20-04-2026,Insurance Cross-Sell
SYN-025213,4,30-04-2026,Insurance Cross-Sell
SYN-025213,5,10-05-2026,Insurance Cross-Sell
SYN-025213,6,20-05-2026,Insurance Cross-Sell
SYN-025213,7,30-05-2026,Insurance Cross-Sell
SYN-025213,8,10-06-2026,Insurance Cross-Sell
SYN-025213,9,20-06-2026,Insurance Cross-Sell
SYN-025213,10,30-06-2026,Insurance Cross-Sell
SYN-025213,11,10-07-2026,Insurance Cross-Sell
SYN-025213,12,20-07-2026,Insurance Cross-Sell
SYN-025213,13,30-07-2026,Insurance Cross-Sell
SYN-025213,14,10-08-2026,Insurance Cross-Sell
SYN-025213,15,20-08-2026,Insurance Cross-Sell
SYN-025213,16,30-08-2026,Insurance Cross-Sell
SYN-025213,17,10-09-2026,Bank Term Deposit
SYN-025213,18,20-09-2026,Bank Term Deposit
SYN-023124,1,30-03-2026,Bank Term Deposit
SYN-023124,2,10-04-2026,Bank Term Deposit
SYN-023124,3,20-04-2026,Bank Term Deposit
SYN-023124,4,30-04-2026,Service Intervention (Low NPS)
SYN-023124,5,10-05-2026,Bank Term Deposit
SYN-023124,6,20-05-2026,Insurance Cross-Sell
SYN-023124,7,30-05-2026,Insurance Cross-Sell
SYN-023124,8,10-06-2026,Service Resolution
SYN-023124,9,20-06-2026,Insurance Cross-Sell
SYN-023124,10,30-06-2026,Payment Reminder / Collections Resolution
SYN-023124,11,10-07-2026,Payment Reminder / Collections Resolution
SYN-023124,12,20-07-2026,Insurance Cross-Sell
SYN-023124,13,30-07-2026,Insurance Cross-Sell
SYN-023124,14,10-08-2026,Insurance Cross-Sell
SYN-023124,15,20-08-2026,Insurance Cross-Sell
SYN-023124,16,30-08-2026,Insurance Cross-Sell
SYN-023124,17,10-09-2026,Payment Reminder / Collections Resolution
SYN-023124,18,20-09-2026,Payment Reminder / Collections Resolution
SYN-026598,1,30-03-2026,Insurance Cross-Sell
SYN-026598,2,10-04-2026,Bank Term Deposit
SYN-026598,3,20-04-2026,Bank Term Deposit
SYN-026598,4,30-04-2026,Bank Term Deposit
SYN-026598,5,10-05-2026,Bank Term Deposit
SYN-026598,6,20-05-2026,Bank Term Deposit
SYN-026598,7,30-05-2026,Bank Term Deposit
SYN-026598,8,10-06-2026,Bank Term Deposit
SYN-026598,9,20-06-2026,Bank Term Deposit
SYN-026598,10,30-06-2026,Insurance Cross-Sell
SYN-026598,11,10-07-2026,Insurance Cross-Sell
SYN-026598,12,20-07-2026,Insurance Cross-Sell
SYN-026598,13,30-07-2026,Insurance Cross-Sell
SYN-026598,14,10-08-2026,Insurance Cross-Sell
SYN-026598,15,20-08-2026,Insurance Cross-Sell
SYN-026598,16,30-08-2026,Insurance Cross-Sell
SYN-026598,17,10-09-2026,Service Resolution
SYN-026598,18,20-09-2026,Service Resolution
SYN-035970,1,30-03-2026,Bank Term Deposit
SYN-035970,2,10-04-2026,Bank Term Deposit
SYN-035970,3,20-04-2026,Bank Term Deposit
SYN-035970,4,30-04-2026,Bank Term Deposit
SYN-035970,5,10-05-2026,Bank Term Deposit
SYN-035970,6,20-05-2026,Bank Term Deposit
SYN-035970,7,30-05-2026,Bank Term Deposit
SYN-035970,8,10-06-2026,Bank Term Deposit
SYN-035970,9,20-06-2026,Bank Term Deposit
SYN-035970,10,30-06-2026,Bank Term Deposit
SYN-035970,11,10-07-2026,Insurance Cross-Sell
SYN-035970,12,20-07-2026,Bank Term Deposit
SYN-035970,13,30-07-2026,Bank Term Deposit
SYN-035970,14,10-08-2026,Insurance Cross-Sell
SYN-035970,15,20-08-2026,Insurance Cross-Sell
SYN-035970,16,30-08-2026,Insurance Cross-Sell
SYN-035970,17,10-09-2026,Service Resolution
SYN-035970,18,20-09-2026,Service Resolution
SYN-023811,1,30-03-2026,Bank Term Deposit
SYN-023811,2,10-04-2026,Bank Term Deposit
SYN-023811,3,20-04-2026,Retention Action
SYN-023811,4,30-04-2026,Bank Term Deposit
SYN-023811,5,10-05-2026,Insurance Cross-Sell
SYN-023811,6,20-05-2026,Insurance Cross-Sell
SYN-023811,7,30-05-2026,Insurance Cross-Sell
SYN-023811,8,10-06-2026,Bank Term Deposit
SYN-023811,9,20-06-2026,Bank Term Deposit
SYN-023811,10,30-06-2026,Bank Term Deposit
SYN-023811,11,10-07-2026,Bank Term Deposit
SYN-023811,12,20-07-2026,Bank Term Deposit
SYN-023811,13,30-07-2026,Bank Term Deposit
SYN-023811,14,10-08-2026,Bank Term Deposit
SYN-023811,15,20-08-2026,Bank Term Deposit
SYN-023811,16,30-08-2026,Bank Term Deposit
SYN-023811,17,10-09-2026,Bank Term Deposit
SYN-023811,18,20-09-2026,Bank Term Deposit
SYN-033111,1,30-03-2026,Insurance Cross-Sell
SYN-033111,2,10-04-2026,Insurance Cross-Sell
SYN-033111,3,20-04-2026,Retention Action
SYN-033111,4,30-04-2026,Insurance Cross-Sell
SYN-033111,5,10-05-2026,Bank Term Deposit
SYN-033111,6,20-05-2026,Bank Term Deposit
SYN-033111,7,30-05-2026,Bank Term Deposit
SYN-033111,8,10-06-2026,Bank Term Deposit
SYN-033111,9,20-06-2026,Bank Term Deposit
SYN-033111,10,30-06-2026,Bank Term Deposit
SYN-033111,11,10-07-2026,Bank Term Deposit
SYN-033111,12,20-07-2026,Insurance Cross-Sell
SYN-033111,13,30-07-2026,Insurance Cross-Sell
SYN-033111,14,10-08-2026,Insurance Cross-Sell
SYN-033111,15,20-08-2026,Bank Term Deposit
SYN-033111,16,30-08-2026,Bank Term Deposit
SYN-033111,17,10-09-2026,Bank Term Deposit
SYN-033111,18,20-09-2026,Bank Term Deposit
SYN-010382,1,30-03-2026,Insurance Cross-Sell
SYN-010382,2,10-04-2026,Insurance Cross-Sell
SYN-010382,3,20-04-2026,Insurance Cross-Sell
SYN-010382,4,30-04-2026,Insurance Cross-Sell
SYN-010382,5,10-05-2026,Insurance Cross-Sell
SYN-010382,6,20-05-2026,Insurance Cross-Sell
SYN-010382,7,30-05-2026,Insurance Cross-Sell
SYN-010382,8,10-06-2026,Insurance Cross-Sell
SYN-010382,9,20-06-2026,Insurance Cross-Sell
SYN-010382,10,30-06-2026,Insurance Cross-Sell
SYN-010382,11,10-07-2026,Insurance Cross-Sell
SYN-010382,12,20-07-2026,Insurance Cross-Sell
SYN-010382,13,30-07-2026,Insurance Cross-Sell
SYN-010382,14,10-08-2026,Insurance Cross-Sell
SYN-010382,15,20-08-2026,Insurance Cross-Sell
SYN-010382,16,30-08-2026,Insurance Cross-Sell
SYN-010382,17,10-09-2026,Insurance Cross-Sell
SYN-010382,18,20-09-2026,Insurance Cross-Sell
SYN-037791,1,30-03-2026,Bank Term Deposit
SYN-037791,2,10-04-2026,Bank Term Deposit
SYN-037791,3,20-04-2026,Bank Term Deposit
SYN-037791,4,30-04-2026,Bank Term Deposit
SYN-037791,5,10-05-2026,Insurance Cross-Sell
SYN-037791,6,20-05-2026,Insurance Cross-Sell
SYN-037791,7,30-05-2026,Insurance Cross-Sell
SYN-037791,8,10-06-2026,Bank Term Deposit
SYN-037791,9,20-06-2026,Insurance Cross-Sell
SYN-037791,10,30-06-2026,Insurance Cross-Sell
SYN-037791,11,10-07-2026,Bank Term Deposit
SYN-037791,12,20-07-2026,Bank Term Deposit
SYN-037791,13,30-07-2026,Bank Term Deposit
SYN-037791,14,10-08-2026,Bank Term Deposit
SYN-037791,15,20-08-2026,Bank Term Deposit
SYN-037791,16,30-08-2026,Payment Reminder / Collections Resolution
SYN-037791,17,10-09-2026,Payment Reminder / Collections Resolution
SYN-037791,18,20-09-2026,Payment Reminder / Collections Resolution
SYN-007023,1,30-03-2026,Insurance Cross-Sell
SYN-007023,2,10-04-2026,Insurance Cross-Sell
SYN-007023,3,20-04-2026,Insurance Cross-Sell
SYN-007023,4,30-04-2026,Insurance Cross-Sell
SYN-007023,5,10-05-2026,Insurance Cross-Sell
SYN-007023,6,20-05-2026,Service Intervention (Low NPS)
SYN-007023,7,30-05-2026,Service Intervention (Low NPS)
SYN-007023,8,10-06-2026,Insurance Cross-Sell
SYN-007023,9,20-06-2026,Insurance Cross-Sell
SYN-007023,10,30-06-2026,Payment Reminder / Collections Resolution
SYN-007023,11,10-07-2026,Payment Reminder / Collections Resolution
SYN-007023,12,20-07-2026,Bank Term Deposit
SYN-007023,13,30-07-2026,Bank Term Deposit
SYN-007023,14,10-08-2026,Bank Term Deposit
SYN-007023,15,20-08-2026,Bank Term Deposit
SYN-007023,16,30-08-2026,Bank Term Deposit
SYN-007023,17,10-09-2026,Payment Reminder / Collections Resolution
SYN-007023,18,20-09-2026,Payment Reminder / Collections Resolution
SYN-042810,1,30-03-2026,Bank Term Deposit
SYN-042810,2,10-04-2026,Retention Action
SYN-042810,3,20-04-2026,Bank Term Deposit
SYN-042810,4,30-04-2026,Bank Term Deposit
SYN-042810,5,10-05-2026,Bank Term Deposit
SYN-042810,6,20-05-2026,Bank Term Deposit
SYN-042810,7,30-05-2026,Bank Term Deposit
SYN-042810,8,10-06-2026,Bank Term Deposit
SYN-042810,9,20-06-2026,Bank Term Deposit
SYN-042810,10,30-06-2026,Bank Term Deposit
SYN-042810,11,10-07-2026,Bank Term Deposit
SYN-042810,12,20-07-2026,Bank Term Deposit
SYN-042810,13,30-07-2026,Insurance Cross-Sell
SYN-042810,14,10-08-2026,Insurance Cross-Sell
SYN-042810,15,20-08-2026,Insurance Cross-Sell
SYN-042810,16,30-08-2026,Insurance Cross-Sell
SYN-042810,17,10-09-2026,Insurance Cross-Sell
SYN-042810,18,20-09-2026,Insurance Cross-Sell
SYN-022068,1,30-03-2026,Bank Term Deposit
SYN-022068,2,10-04-2026,Bank Term Deposit
SYN-022068,3,20-04-2026,Bank Term Deposit
SYN-022068,4,30-04-2026,Insurance Cross-Sell
SYN-022068,5,10-05-2026,Insurance Cross-Sell
SYN-022068,6,20-05-2026,Insurance Cross-Sell
SYN-022068,7,30-05-2026,Insurance Cross-Sell
SYN-022068,8,10-06-2026,Insurance Cross-Sell
SYN-022068,9,20-06-2026,Insurance Cross-Sell
SYN-022068,10,30-06-2026,Insurance Cross-Sell
SYN-022068,11,10-07-2026,Insurance Cross-Sell
SYN-022068,12,20-07-2026,Insurance Cross-Sell
SYN-022068,13,30-07-2026,Insurance Cross-Sell
SYN-022068,14,10-08-2026,Insurance Cross-Sell
SYN-022068,15,20-08-2026,Insurance Cross-Sell
SYN-022068,16,30-08-2026,Insurance Cross-Sell
SYN-022068,17,10-09-2026,No Marketing Action (Consent Withheld)
SYN-022068,18,20-09-2026,No Marketing Action (Consent Withheld)
SYN-002638,1,30-03-2026,Service Resolution
SYN-002638,2,10-04-2026,Insurance Cross-Sell
SYN-002638,3,20-04-2026,Service Intervention (Low NPS)
SYN-002638,4,30-04-2026,Insurance Cross-Sell
SYN-002638,5,10-05-2026,Insurance Cross-Sell
SYN-002638,6,20-05-2026,Insurance Cross-Sell
SYN-002638,7,30-05-2026,Insurance Cross-Sell
SYN-002638,8,10-06-2026,Insurance Cross-Sell
SYN-002638,9,20-06-2026,Insurance Cross-Sell
SYN-002638,10,30-06-2026,Insurance Cross-Sell
SYN-002638,11,10-07-2026,Insurance Cross-Sell
SYN-002638,12,20-07-2026,Insurance Cross-Sell
SYN-002638,13,30-07-2026,Insurance Cross-Sell
SYN-002638,14,10-08-2026,Insurance Cross-Sell
SYN-002638,15,20-08-2026,Insurance Cross-Sell
SYN-002638,16,30-08-2026,Service Resolution
SYN-002638,17,10-09-2026,Service Resolution
SYN-002638,18,20-09-2026,Service Resolution
SYN-037714,1,30-03-2026,Insurance Cross-Sell
SYN-037714,2,10-04-2026,Bank Term Deposit
SYN-037714,3,20-04-2026,Bank Term Deposit
SYN-037714,4,30-04-2026,Bank Term Deposit
SYN-037714,5,10-05-2026,Bank Term Deposit
SYN-037714,6,20-05-2026,Bank Term Deposit
SYN-037714,7,30-05-2026,Bank Term Deposit
SYN-037714,8,10-06-2026,Service Intervention (Low NPS)
SYN-037714,9,20-06-2026,Service Intervention (Low NPS)
SYN-037714,10,30-06-2026,Bank Term Deposit
SYN-037714,11,10-07-2026,Bank Term Deposit
SYN-037714,12,20-07-2026,Bank Term Deposit
SYN-037714,13,30-07-2026,Bank Term Deposit
SYN-037714,14,10-08-2026,Bank Term Deposit
SYN-037714,15,20-08-2026,Bank Term Deposit
SYN-037714,16,30-08-2026,Bank Term Deposit
SYN-037714,17,10-09-2026,Insurance Cross-Sell
SYN-037714,18,20-09-2026,Insurance Cross-Sell
SYN-036560,1,30-03-2026,Insurance Cross-Sell
SYN-036560,2,10-04-2026,Retention Action
SYN-036560,3,20-04-2026,Insurance Cross-Sell
SYN-036560,4,30-04-2026,Insurance Cross-Sell
SYN-036560,5,10-05-2026,Insurance Cross-Sell
SYN-036560,6,20-05-2026,Retention Action
SYN-036560,7,30-05-2026,Insurance Cross-Sell
SYN-036560,8,10-06-2026,Insurance Cross-Sell
SYN-036560,9,20-06-2026,Insurance Cross-Sell
SYN-036560,10,30-06-2026,Insurance Cross-Sell
SYN-036560,11,10-07-2026,Insurance Cross-Sell
SYN-036560,12,20-07-2026,Insurance Cross-Sell
SYN-036560,13,30-07-2026,Insurance Cross-Sell
SYN-036560,14,10-08-2026,Insurance Cross-Sell
SYN-036560,15,20-08-2026,Bank Term Deposit
SYN-036560,16,30-08-2026,Bank Term Deposit
SYN-036560,17,10-09-2026,Bank Term Deposit
SYN-036560,18,20-09-2026,Bank Term Deposit
SYN-018067,1,30-03-2026,Bank Term Deposit
SYN-018067,2,10-04-2026,Bank Term Deposit
SYN-018067,3,20-04-2026,Bank Term Deposit
SYN-018067,4,30-04-2026,Service Intervention (Low NPS)
SYN-018067,5,10-05-2026,Bank Term Deposit
SYN-018067,6,20-05-2026,Bank Term Deposit
SYN-018067,7,30-05-2026,Bank Term Deposit
SYN-018067,8,10-06-2026,Bank Term Deposit
SYN-018067,9,20-06-2026,Insurance Cross-Sell
SYN-018067,10,30-06-2026,Insurance Cross-Sell
SYN-018067,11,10-07-2026,Insurance Cross-Sell
SYN-018067,12,20-07-2026,Insurance Cross-Sell
SYN-018067,13,30-07-2026,Service Resolution
SYN-018067,14,10-08-2026,Insurance Cross-Sell
SYN-018067,15,20-08-2026,Insurance Cross-Sell
SYN-018067,16,30-08-2026,Insurance Cross-Sell
SYN-018067,17,10-09-2026,Insurance Cross-Sell
SYN-018067,18,20-09-2026,Insurance Cross-Sell
SYN-012511,1,30-03-2026,Insurance Cross-Sell
SYN-012511,2,10-04-2026,Insurance Cross-Sell
SYN-012511,3,20-04-2026,Bank Term Deposit
SYN-012511,4,30-04-2026,Bank Term Deposit
SYN-012511,5,10-05-2026,Bank Term Deposit
SYN-012511,6,20-05-2026,Bank Term Deposit
SYN-012511,7,30-05-2026,Bank Term Deposit
SYN-012511,8,10-06-2026,Bank Term Deposit
SYN-012511,9,20-06-2026,Bank Term Deposit
SYN-012511,10,30-06-2026,Bank Term Deposit
SYN-012511,11,10-07-2026,Bank Term Deposit
SYN-012511,12,20-07-2026,Service Intervention (Low NPS)
SYN-012511,13,30-07-2026,Bank Term Deposit
SYN-012511,14,10-08-2026,Bank Term Deposit
SYN-012511,15,20-08-2026,Bank Term Deposit
SYN-012511,16,30-08-2026,Bank Term Deposit
SYN-012511,17,10-09-2026,Complete KYC
SYN-012511,18,20-09-2026,Complete KYC
SYN-000407,1,30-03-2026,Insurance Cross-Sell
SYN-000407,2,10-04-2026,Insurance Cross-Sell
SYN-000407,3,20-04-2026,Insurance Cross-Sell
SYN-000407,4,30-04-2026,Bank Term Deposit
SYN-000407,5,10-05-2026,Bank Term Deposit
SYN-000407,6,20-05-2026,Bank Term Deposit
SYN-000407,7,30-05-2026,Bank Term Deposit
SYN-000407,8,10-06-2026,Bank Term Deposit
SYN-000407,9,20-06-2026,Bank Term Deposit
SYN-000407,10,30-06-2026,Bank Term Deposit
SYN-000407,11,10-07-2026,Insurance Cross-Sell
SYN-000407,12,20-07-2026,Insurance Cross-Sell
SYN-000407,13,30-07-2026,Insurance Cross-Sell
SYN-000407,14,10-08-2026,Insurance Cross-Sell
SYN-000407,15,20-08-2026,Payment Reminder / Collections Resolution
SYN-000407,16,30-08-2026,Payment Reminder / Collections Resolution
SYN-000407,17,10-09-2026,Payment Reminder / Collections Resolution
SYN-000407,18,20-09-2026,Payment Reminder / Collections Resolution
SYN-031626,1,30-03-2026,Bank Term Deposit
SYN-031626,2,10-04-2026,Bank Term Deposit
SYN-031626,3,20-04-2026,Insurance Cross-Sell
SYN-031626,4,30-04-2026,Insurance Cross-Sell
SYN-031626,5,10-05-2026,Insurance Cross-Sell
SYN-031626,6,20-05-2026,Retention Action
SYN-031626,7,30-05-2026,Insurance Cross-Sell
SYN-031626,8,10-06-2026,Insurance Cross-Sell
SYN-031626,9,20-06-2026,Insurance Cross-Sell
SYN-031626,10,30-06-2026,Insurance Cross-Sell
SYN-031626,11,10-07-2026,Insurance Cross-Sell
SYN-031626,12,20-07-2026,Insurance Cross-Sell
SYN-031626,13,30-07-2026,Insurance Cross-Sell
SYN-031626,14,10-08-2026,Insurance Cross-Sell
SYN-031626,15,20-08-2026,Insurance Cross-Sell
SYN-031626,16,30-08-2026,Payment Reminder / Collections Resolution
SYN-031626,17,10-09-2026,Payment Reminder / Collections Resolution
SYN-031626,18,20-09-2026,Payment Reminder / Collections Resolution
SYN-024566,1,30-03-2026,Insurance Cross-Sell
SYN-024566,2,10-04-2026,Insurance Cross-Sell
SYN-024566,3,20-04-2026,Insurance Cross-Sell
SYN-024566,4,30-04-2026,Insurance Cross-Sell
SYN-024566,5,10-05-2026,Bank Term Deposit
SYN-024566,6,20-05-2026,Payment Reminder / Collections Resolution
SYN-024566,7,30-05-2026,Bank Term Deposit
SYN-024566,8,10-06-2026,Bank Term Deposit
SYN-024566,9,20-06-2026,Bank Term Deposit
SYN-024566,10,30-06-2026,Bank Term Deposit
SYN-024566,11,10-07-2026,Bank Term Deposit
SYN-024566,12,20-07-2026,Bank Term Deposit
SYN-024566,13,30-07-2026,Bank Term Deposit
SYN-024566,14,10-08-2026,Insurance Cross-Sell
SYN-024566,15,20-08-2026,Complete KYC
SYN-024566,16,30-08-2026,Complete KYC
SYN-024566,17,10-09-2026,Complete KYC
SYN-024566,18,20-09-2026,Complete KYC
SYN-043858,1,30-03-2026,Insurance Cross-Sell
SYN-043858,2,10-04-2026,Insurance Cross-Sell
SYN-043858,3,20-04-2026,Insurance Cross-Sell
SYN-043858,4,30-04-2026,Insurance Cross-Sell
SYN-043858,5,10-05-2026,Insurance Cross-Sell
SYN-043858,6,20-05-2026,Insurance Cross-Sell
SYN-043858,7,30-05-2026,Insurance Cross-Sell
SYN-043858,8,10-06-2026,Retention Action
SYN-043858,9,20-06-2026,Insurance Cross-Sell
SYN-043858,10,30-06-2026,Insurance Cross-Sell
SYN-043858,11,10-07-2026,Insurance Cross-Sell
SYN-043858,12,20-07-2026,Insurance Cross-Sell
SYN-043858,13,30-07-2026,Bank Term Deposit
SYN-043858,14,10-08-2026,Bank Term Deposit
SYN-043858,15,20-08-2026,Insurance Cross-Sell
SYN-043858,16,30-08-2026,Insurance Cross-Sell
SYN-043858,17,10-09-2026,Insurance Cross-Sell
SYN-043858,18,20-09-2026,Insurance Cross-Sell
SYN-036141,1,30-03-2026,Insurance Cross-Sell
SYN-036141,2,10-04-2026,Insurance Cross-Sell
SYN-036141,3,20-04-2026,Insurance Cross-Sell
SYN-036141,4,30-04-2026,Insurance Cross-Sell
SYN-036141,5,10-05-2026,Insurance Cross-Sell
SYN-036141,6,20-05-2026,Insurance Cross-Sell
SYN-036141,7,30-05-2026,Insurance Cross-Sell
SYN-036141,8,10-06-2026,Insurance Cross-Sell
SYN-036141,9,20-06-2026,Payment Reminder / Collections Resolution
SYN-036141,10,30-06-2026,Payment Reminder / Collections Resolution
SYN-036141,11,10-07-2026,Payment Reminder / Collections Resolution
SYN-036141,12,20-07-2026,Payment Reminder / Collections Resolution
SYN-036141,13,30-07-2026,Insurance Cross-Sell
SYN-036141,14,10-08-2026,Insurance Cross-Sell
SYN-036141,15,20-08-2026,Insurance Cross-Sell
SYN-036141,16,30-08-2026,Insurance Cross-Sell
SYN-036141,17,10-09-2026,Payment Reminder / Collections Resolution
SYN-036141,18,20-09-2026,Payment Reminder / Collections Resolution
SYN-000498,1,30-03-2026,Insurance Cross-Sell
SYN-000498,2,10-04-2026,Retention Action
SYN-000498,3,20-04-2026,Insurance Cross-Sell
SYN-000498,4,30-04-2026,Insurance Cross-Sell
SYN-000498,5,10-05-2026,Insurance Cross-Sell
SYN-000498,6,20-05-2026,Insurance Cross-Sell
SYN-000498,7,30-05-2026,Insurance Cross-Sell
SYN-000498,8,10-06-2026,Insurance Cross-Sell
SYN-000498,9,20-06-2026,Insurance Cross-Sell
SYN-000498,10,30-06-2026,Insurance Cross-Sell
SYN-000498,11,10-07-2026,Insurance Cross-Sell
SYN-000498,12,20-07-2026,Insurance Cross-Sell
SYN-000498,13,30-07-2026,Insurance Cross-Sell
SYN-000498,14,10-08-2026,Insurance Cross-Sell
SYN-000498,15,20-08-2026,Insurance Cross-Sell
SYN-000498,16,30-08-2026,Insurance Cross-Sell
SYN-000498,17,10-09-2026,Insurance Cross-Sell
SYN-000498,18,20-09-2026,Insurance Cross-Sell
SYN-031432,1,30-03-2026,Insurance Cross-Sell
SYN-031432,2,10-04-2026,Insurance Cross-Sell
SYN-031432,3,20-04-2026,Insurance Cross-Sell
SYN-031432,4,30-04-2026,Insurance Cross-Sell
SYN-031432,5,10-05-2026,Insurance Cross-Sell
SYN-031432,6,20-05-2026,Insurance Cross-Sell
SYN-031432,7,30-05-2026,Insurance Cross-Sell
SYN-031432,8,10-06-2026,Insurance Cross-Sell
SYN-031432,9,20-06-2026,Insurance Cross-Sell
SYN-031432,10,30-06-2026,Insurance Cross-Sell
SYN-031432,11,10-07-2026,Service Resolution
SYN-031432,12,20-07-2026,Bank Term Deposit
SYN-031432,13,30-07-2026,Bank Term Deposit
SYN-031432,14,10-08-2026,Bank Term Deposit
SYN-031432,15,20-08-2026,Bank Term Deposit
SYN-031432,16,30-08-2026,Bank Term Deposit
SYN-031432,17,10-09-2026,Bank Term Deposit
SYN-031432,18,20-09-2026,Bank Term Deposit
SYN-009344,1,30-03-2026,Insurance Cross-Sell
SYN-009344,2,10-04-2026,Bank Term Deposit
SYN-009344,3,20-04-2026,Bank Term Deposit
SYN-009344,4,30-04-2026,Bank Term Deposit
SYN-009344,5,10-05-2026,Bank Term Deposit
SYN-009344,6,20-05-2026,Bank Term Deposit
SYN-009344,7,30-05-2026,Bank Term Deposit
SYN-009344,8,10-06-2026,Bank Term Deposit
SYN-009344,9,20-06-2026,Insurance Cross-Sell
SYN-009344,10,30-06-2026,Insurance Cross-Sell
SYN-009344,11,10-07-2026,Service Intervention (Low NPS)
SYN-009344,12,20-07-2026,Service Intervention (Low NPS)
SYN-009344,13,30-07-2026,Insurance Cross-Sell
SYN-009344,14,10-08-2026,Insurance Cross-Sell
SYN-009344,15,20-08-2026,Insurance Cross-Sell
SYN-009344,16,30-08-2026,Bank Term Deposit
SYN-009344,17,10-09-2026,Bank Term Deposit
SYN-009344,18,20-09-2026,Bank Term Deposit
SYN-015199,1,30-03-2026,Bank Term Deposit
SYN-015199,2,10-04-2026,Retention Action
SYN-015199,3,20-04-2026,Retention Action
SYN-015199,4,30-04-2026,Bank Term Deposit
SYN-015199,5,10-05-2026,Bank Term Deposit
SYN-015199,6,20-05-2026,Bank Term Deposit
SYN-015199,7,30-05-2026,Bank Term Deposit
SYN-015199,8,10-06-2026,Insurance Cross-Sell
SYN-015199,9,20-06-2026,Insurance Cross-Sell
SYN-015199,10,30-06-2026,Insurance Cross-Sell
SYN-015199,11,10-07-2026,Insurance Cross-Sell
SYN-015199,12,20-07-2026,Insurance Cross-Sell
SYN-015199,13,30-07-2026,Bank Term Deposit
SYN-015199,14,10-08-2026,Bank Term Deposit
SYN-015199,15,20-08-2026,Retention Action
SYN-015199,16,30-08-2026,Bank Term Deposit
SYN-015199,17,10-09-2026,Bank Term Deposit
SYN-015199,18,20-09-2026,Bank Term Deposit
SYN-009316,1,30-03-2026,Insurance Cross-Sell
SYN-009316,2,10-04-2026,Insurance Cross-Sell
SYN-009316,3,20-04-2026,Insurance Cross-Sell
SYN-009316,4,30-04-2026,Insurance Cross-Sell
SYN-009316,5,10-05-2026,Insurance Cross-Sell
SYN-009316,6,20-05-2026,Insurance Cross-Sell
SYN-009316,7,30-05-2026,Insurance Cross-Sell
SYN-009316,8,10-06-2026,Insurance Cross-Sell
SYN-009316,9,20-06-2026,Insurance Cross-Sell
SYN-009316,10,30-06-2026,Insurance Cross-Sell
SYN-009316,11,10-07-2026,Insurance Cross-Sell
SYN-009316,12,20-07-2026,Insurance Cross-Sell
SYN-009316,13,30-07-2026,Bank Term Deposit
SYN-009316,14,10-08-2026,Service Intervention (Low NPS)
SYN-009316,15,20-08-2026,Service Intervention (Low NPS)
SYN-009316,16,30-08-2026,Insurance Cross-Sell
SYN-009316,17,10-09-2026,Insurance Cross-Sell
SYN-009316,18,20-09-2026,Insurance Cross-Sell
SYN-041271,1,30-03-2026,Bank Term Deposit
SYN-041271,2,10-04-2026,Insurance Cross-Sell
SYN-041271,3,20-04-2026,Insurance Cross-Sell
SYN-041271,4,30-04-2026,Insurance Cross-Sell
SYN-041271,5,10-05-2026,Insurance Cross-Sell
SYN-041271,6,20-05-2026,Insurance Cross-Sell
SYN-041271,7,30-05-2026,Insurance Cross-Sell
SYN-041271,8,10-06-2026,Bank Term Deposit
SYN-041271,9,20-06-2026,Bank Term Deposit
SYN-041271,10,30-06-2026,Insurance Cross-Sell
SYN-041271,11,10-07-2026,No Marketing Action (Consent Withheld)
SYN-041271,12,20-07-2026,No Marketing Action (Consent Withheld)
SYN-041271,13,30-07-2026,No Marketing Action (Consent Withheld)
SYN-041271,14,10-08-2026,No Marketing Action (Consent Withheld)
SYN-041271,15,20-08-2026,No Marketing Action (Consent Withheld)
SYN-041271,16,30-08-2026,No Marketing Action (Consent Withheld)
SYN-041271,17,10-09-2026,No Marketing Action (Consent Withheld)
SYN-041271,18,20-09-2026,No Marketing Action (Consent Withheld)
SYN-006406,1,30-03-2026,Insurance Cross-Sell
SYN-006406,2,10-04-2026,Insurance Cross-Sell
SYN-006406,3,20-04-2026,Service Resolution
SYN-006406,4,30-04-2026,Service Resolution
SYN-006406,5,10-05-2026,Insurance Cross-Sell
SYN-006406,6,20-05-2026,Insurance Cross-Sell
SYN-006406,7,30-05-2026,Insurance Cross-Sell
SYN-006406,8,10-06-2026,Insurance Cross-Sell
SYN-006406,9,20-06-2026,Insurance Cross-Sell
SYN-006406,10,30-06-2026,Insurance Cross-Sell
SYN-006406,11,10-07-2026,Insurance Cross-Sell
SYN-006406,12,20-07-2026,Insurance Cross-Sell
SYN-006406,13,30-07-2026,Insurance Cross-Sell
SYN-006406,14,10-08-2026,Insurance Cross-Sell
SYN-006406,15,20-08-2026,Insurance Cross-Sell
SYN-006406,16,30-08-2026,Insurance Cross-Sell
SYN-006406,17,10-09-2026,Insurance Cross-Sell
SYN-006406,18,20-09-2026,Insurance Cross-Sell
SYN-028982,1,30-03-2026,Insurance Cross-Sell
SYN-028982,2,10-04-2026,Insurance Cross-Sell
SYN-028982,3,20-04-2026,Insurance Cross-Sell
SYN-028982,4,30-04-2026,Insurance Cross-Sell
SYN-028982,5,10-05-2026,Insurance Cross-Sell
SYN-028982,6,20-05-2026,Insurance Cross-Sell
SYN-028982,7,30-05-2026,Payment Reminder / Collections Resolution
SYN-028982,8,10-06-2026,Bank Term Deposit
SYN-028982,9,20-06-2026,Bank Term Deposit
SYN-028982,10,30-06-2026,Insurance Cross-Sell
SYN-028982,11,10-07-2026,Retention Action
SYN-028982,12,20-07-2026,Insurance Cross-Sell
SYN-028982,13,30-07-2026,Insurance Cross-Sell
SYN-028982,14,10-08-2026,Insurance Cross-Sell
SYN-028982,15,20-08-2026,Insurance Cross-Sell
SYN-028982,16,30-08-2026,Insurance Cross-Sell
SYN-028982,17,10-09-2026,Retention Action
SYN-028982,18,20-09-2026,Retention Action
SYN-012808,1,30-03-2026,Bank Term Deposit
SYN-012808,2,10-04-2026,Insurance Cross-Sell
SYN-012808,3,20-04-2026,Bank Term Deposit
SYN-012808,4,30-04-2026,Insurance Cross-Sell
SYN-012808,5,10-05-2026,Insurance Cross-Sell
SYN-012808,6,20-05-2026,Insurance Cross-Sell
SYN-012808,7,30-05-2026,Insurance Cross-Sell
SYN-012808,8,10-06-2026,Insurance Cross-Sell
SYN-012808,9,20-06-2026,Insurance Cross-Sell
SYN-012808,10,30-06-2026,Insurance Cross-Sell
SYN-012808,11,10-07-2026,Insurance Cross-Sell
SYN-012808,12,20-07-2026,Insurance Cross-Sell
SYN-012808,13,30-07-2026,Bank Term Deposit
SYN-012808,14,10-08-2026,Bank Term Deposit
SYN-012808,15,20-08-2026,Bank Term Deposit
SYN-012808,16,30-08-2026,Bank Term Deposit
SYN-012808,17,10-09-2026,Bank Term Deposit
SYN-012808,18,20-09-2026,Bank Term Deposit
SYN-036351,1,30-03-2026,Bank Term Deposit
SYN-036351,2,10-04-2026,Bank Term Deposit
SYN-036351,3,20-04-2026,Bank Term Deposit
SYN-036351,4,30-04-2026,Bank Term Deposit
SYN-036351,5,10-05-2026,Bank Term Deposit
SYN-036351,6,20-05-2026,Bank Term Deposit
SYN-036351,7,30-05-2026,Bank Term Deposit
SYN-036351,8,10-06-2026,Bank Term Deposit
SYN-036351,9,20-06-2026,Bank Term Deposit
SYN-036351,10,30-06-2026,Bank Term Deposit
SYN-036351,11,10-07-2026,Bank Term Deposit
SYN-036351,12,20-07-2026,Bank Term Deposit
SYN-036351,13,30-07-2026,Insurance Cross-Sell
SYN-036351,14,10-08-2026,Insurance Cross-Sell
SYN-036351,15,20-08-2026,Insurance Cross-Sell
SYN-036351,16,30-08-2026,Insurance Cross-Sell
SYN-036351,17,10-09-2026,Insurance Cross-Sell
SYN-036351,18,20-09-2026,Insurance Cross-Sell
SYN-030961,1,30-03-2026,Insurance Cross-Sell
SYN-030961,2,10-04-2026,Insurance Cross-Sell
SYN-030961,3,20-04-2026,Bank Term Deposit
SYN-030961,4,30-04-2026,Payment Reminder / Collections Resolution
SYN-030961,5,10-05-2026,Payment Reminder / Collections Resolution
SYN-030961,6,20-05-2026,Payment Reminder / Collections Resolution
SYN-030961,7,30-05-2026,Bank Term Deposit
SYN-030961,8,10-06-2026,Service Intervention (Low NPS)
SYN-030961,9,20-06-2026,Service Intervention (Low NPS)
SYN-030961,10,30-06-2026,Service Intervention (Low NPS)
SYN-030961,11,10-07-2026,Bank Term Deposit
SYN-030961,12,20-07-2026,Retention Action
SYN-030961,13,30-07-2026,Insurance Cross-Sell
SYN-030961,14,10-08-2026,Insurance Cross-Sell
SYN-030961,15,20-08-2026,Bank Term Deposit
SYN-030961,16,30-08-2026,Bank Term Deposit
SYN-030961,17,10-09-2026,Retention Action
SYN-030961,18,20-09-2026,Retention Action
SYN-024442,1,30-03-2026,Bank Term Deposit
SYN-024442,2,10-04-2026,Bank Term Deposit
SYN-024442,3,20-04-2026,Bank Term Deposit
SYN-024442,4,30-04-2026,Bank Term Deposit
SYN-024442,5,10-05-2026,Bank Term Deposit
SYN-024442,6,20-05-2026,Bank Term Deposit
SYN-024442,7,30-05-2026,Bank Term Deposit
SYN-024442,8,10-06-2026,Bank Term Deposit
SYN-024442,9,20-06-2026,Insurance Cross-Sell
SYN-024442,10,30-06-2026,Insurance Cross-Sell
SYN-024442,11,10-07-2026,Insurance Cross-Sell
SYN-024442,12,20-07-2026,Insurance Cross-Sell
SYN-024442,13,30-07-2026,Insurance Cross-Sell
SYN-024442,14,10-08-2026,Insurance Cross-Sell
SYN-024442,15,20-08-2026,Insurance Cross-Sell
SYN-024442,16,30-08-2026,Bank Term Deposit
SYN-024442,17,10-09-2026,Bank Term Deposit
SYN-024442,18,20-09-2026,Bank Term Deposit
SYN-022432,1,30-03-2026,Insurance Cross-Sell
SYN-022432,2,10-04-2026,Insurance Cross-Sell
SYN-022432,3,20-04-2026,Insurance Cross-Sell
SYN-022432,4,30-04-2026,Insurance Cross-Sell
SYN-022432,5,10-05-2026,Insurance Cross-Sell
SYN-022432,6,20-05-2026,Insurance Cross-Sell
SYN-022432,7,30-05-2026,Insurance Cross-Sell
SYN-022432,8,10-06-2026,Insurance Cross-Sell
SYN-022432,9,20-06-2026,Insurance Cross-Sell
SYN-022432,10,30-06-2026,Insurance Cross-Sell
SYN-022432,11,10-07-2026,Insurance Cross-Sell
SYN-022432,12,20-07-2026,Insurance Cross-Sell
SYN-022432,13,30-07-2026,Insurance Cross-Sell
SYN-022432,14,10-08-2026,Insurance Cross-Sell
SYN-022432,15,20-08-2026,Insurance Cross-Sell
SYN-022432,16,30-08-2026,Insurance Cross-Sell
SYN-022432,17,10-09-2026,Payment Reminder / Collections Resolution
SYN-022432,18,20-09-2026,Payment Reminder / Collections Resolution
SYN-022564,1,30-03-2026,Payment Reminder / Collections Resolution
SYN-022564,2,10-04-2026,Payment Reminder / Collections Resolution
SYN-022564,3,20-04-2026,Payment Reminder / Collections Resolution
SYN-022564,4,30-04-2026,Payment Reminder / Collections Resolution
SYN-022564,5,10-05-2026,Payment Reminder / Collections Resolution
SYN-022564,6,20-05-2026,Insurance Cross-Sell
SYN-022564,7,30-05-2026,Insurance Cross-Sell
SYN-022564,8,10-06-2026,Insurance Cross-Sell
SYN-022564,9,20-06-2026,Bank Term Deposit
SYN-022564,10,30-06-2026,Bank Term Deposit
SYN-022564,11,10-07-2026,Payment Reminder / Collections Resolution
SYN-022564,12,20-07-2026,Payment Reminder / Collections Resolution
SYN-022564,13,30-07-2026,Payment Reminder / Collections Resolution
SYN-022564,14,10-08-2026,Bank Term Deposit
SYN-022564,15,20-08-2026,Insurance Cross-Sell
SYN-022564,16,30-08-2026,Insurance Cross-Sell
SYN-022564,17,10-09-2026,Insurance Cross-Sell
SYN-022564,18,20-09-2026,Insurance Cross-Sell
SYN-012804,1,30-03-2026,Bank Term Deposit
SYN-012804,2,10-04-2026,Bank Term Deposit
SYN-012804,3,20-04-2026,Bank Term Deposit
SYN-012804,4,30-04-2026,Payment Reminder / Collections Resolution
SYN-012804,5,10-05-2026,Payment Reminder / Collections Resolution
SYN-012804,6,20-05-2026,Bank Term Deposit
SYN-012804,7,30-05-2026,Insurance Cross-Sell
SYN-012804,8,10-06-2026,Insurance Cross-Sell
SYN-012804,9,20-06-2026,Insurance Cross-Sell
SYN-012804,10,30-06-2026,Service Intervention (Low NPS)
SYN-012804,11,10-07-2026,Service Intervention (Low NPS)
SYN-012804,12,20-07-2026,Insurance Cross-Sell
SYN-012804,13,30-07-2026,Insurance Cross-Sell
SYN-012804,14,10-08-2026,Insurance Cross-Sell
SYN-012804,15,20-08-2026,Insurance Cross-Sell
SYN-012804,16,30-08-2026,Bank Term Deposit
SYN-012804,17,10-09-2026,Bank Term Deposit
SYN-012804,18,20-09-2026,Bank Term Deposit
SYN-019540,1,30-03-2026,Service Intervention (Low NPS)
SYN-019540,2,10-04-2026,Insurance Cross-Sell
SYN-019540,3,20-04-2026,Insurance Cross-Sell
SYN-019540,4,30-04-2026,Insurance Cross-Sell
SYN-019540,5,10-05-2026,Insurance Cross-Sell
SYN-019540,6,20-05-2026,Service Intervention (Low NPS)
SYN-019540,7,30-05-2026,Insurance Cross-Sell
SYN-019540,8,10-06-2026,Retention Action
SYN-019540,9,20-06-2026,Insurance Cross-Sell
SYN-019540,10,30-06-2026,Insurance Cross-Sell
SYN-019540,11,10-07-2026,Insurance Cross-Sell
SYN-019540,12,20-07-2026,Bank Term Deposit
SYN-019540,13,30-07-2026,Bank Term Deposit
SYN-019540,14,10-08-2026,Bank Term Deposit
SYN-019540,15,20-08-2026,Compliance Hold - No Sales Offer
SYN-019540,16,30-08-2026,Compliance Hold - No Sales Offer
SYN-019540,17,10-09-2026,Compliance Hold - No Sales Offer
SYN-019540,18,20-09-2026,Compliance Hold - No Sales Offer
SYN-030235,1,30-03-2026,Service Intervention (Low NPS)
SYN-030235,2,10-04-2026,Insurance Cross-Sell
SYN-030235,3,20-04-2026,Payment Reminder / Collections Resolution
SYN-030235,4,30-04-2026,Payment Reminder / Collections Resolution
SYN-030235,5,10-05-2026,Payment Reminder / Collections Resolution
SYN-030235,6,20-05-2026,Payment Reminder / Collections Resolution
SYN-030235,7,30-05-2026,Payment Reminder / Collections Resolution
SYN-030235,8,10-06-2026,Insurance Cross-Sell
SYN-030235,9,20-06-2026,Insurance Cross-Sell
SYN-030235,10,30-06-2026,Insurance Cross-Sell
SYN-030235,11,10-07-2026,Insurance Cross-Sell
SYN-030235,12,20-07-2026,Insurance Cross-Sell
SYN-030235,13,30-07-2026,Bank Term Deposit
SYN-030235,14,10-08-2026,Bank Term Deposit
SYN-030235,15,20-08-2026,Retention Action
SYN-030235,16,30-08-2026,Bank Term Deposit
SYN-030235,17,10-09-2026,Service Intervention (Low NPS)
SYN-030235,18,20-09-2026,Service Intervention (Low NPS)
SYN-029146,1,30-03-2026,Insurance Cross-Sell
SYN-029146,2,10-04-2026,Insurance Cross-Sell
SYN-029146,3,20-04-2026,Insurance Cross-Sell
SYN-029146,4,30-04-2026,Insurance Cross-Sell
SYN-029146,5,10-05-2026,Insurance Cross-Sell
SYN-029146,6,20-05-2026,Insurance Cross-Sell
SYN-029146,7,30-05-2026,Payment Reminder / Collections Resolution
SYN-029146,8,10-06-2026,Payment Reminder / Collections Resolution
SYN-029146,9,20-06-2026,Payment Reminder / Collections Resolution
SYN-029146,10,30-06-2026,Insurance Cross-Sell
SYN-029146,11,10-07-2026,Insurance Cross-Sell
SYN-029146,12,20-07-2026,Insurance Cross-Sell
SYN-029146,13,30-07-2026,Insurance Cross-Sell
SYN-029146,14,10-08-2026,Service Intervention (Low NPS)
SYN-029146,15,20-08-2026,Bank Term Deposit
SYN-029146,16,30-08-2026,Bank Term Deposit
SYN-029146,17,10-09-2026,Bank Term Deposit
SYN-029146,18,20-09-2026,Bank Term Deposit
SYN-028291,1,30-03-2026,Bank Term Deposit
SYN-028291,2,10-04-2026,Bank Term Deposit
SYN-028291,3,20-04-2026,Retention Action
SYN-028291,4,30-04-2026,Retention Action
SYN-028291,5,10-05-2026,Retention Action
SYN-028291,6,20-05-2026,Bank Term Deposit
SYN-028291,7,30-05-2026,Bank Term Deposit
SYN-028291,8,10-06-2026,Bank Term Deposit
SYN-028291,9,20-06-2026,Bank Term Deposit
SYN-028291,10,30-06-2026,Bank Term Deposit
SYN-028291,11,10-07-2026,Insurance Cross-Sell
SYN-028291,12,20-07-2026,Insurance Cross-Sell
SYN-028291,13,30-07-2026,Insurance Cross-Sell
SYN-028291,14,10-08-2026,Bank Term Deposit
SYN-028291,15,20-08-2026,Complete KYC
SYN-028291,16,30-08-2026,Complete KYC
SYN-028291,17,10-09-2026,Complete KYC
SYN-028291,18,20-09-2026,Complete KYC
SYN-004365,1,30-03-2026,Bank Term Deposit
SYN-004365,2,10-04-2026,Bank Term Deposit
SYN-004365,3,20-04-2026,Bank Term Deposit
SYN-004365,4,30-04-2026,Bank Term Deposit
SYN-004365,5,10-05-2026,Bank Term Deposit
SYN-004365,6,20-05-2026,Bank Term Deposit
SYN-004365,7,30-05-2026,Bank Term Deposit
SYN-004365,8,10-06-2026,Bank Term Deposit
SYN-004365,9,20-06-2026,Insurance Cross-Sell
SYN-004365,10,30-06-2026,Insurance Cross-Sell
SYN-004365,11,10-07-2026,Insurance Cross-Sell
SYN-004365,12,20-07-2026,Insurance Cross-Sell
SYN-004365,13,30-07-2026,Insurance Cross-Sell
SYN-004365,14,10-08-2026,Insurance Cross-Sell
SYN-004365,15,20-08-2026,Insurance Cross-Sell
SYN-004365,16,30-08-2026,Service Intervention (Low NPS)
SYN-004365,17,10-09-2026,Service Intervention (Low NPS)
SYN-004365,18,20-09-2026,Service Intervention (Low NPS)
SYN-032749,1,30-03-2026,Bank Term Deposit
SYN-032749,2,10-04-2026,Bank Term Deposit
SYN-032749,3,20-04-2026,Bank Term Deposit
SYN-032749,4,30-04-2026,Bank Term Deposit
SYN-032749,5,10-05-2026,Retention Action
SYN-032749,6,20-05-2026,Bank Term Deposit
SYN-032749,7,30-05-2026,Insurance Cross-Sell
SYN-032749,8,10-06-2026,Insurance Cross-Sell
SYN-032749,9,20-06-2026,Insurance Cross-Sell
SYN-032749,10,30-06-2026,Insurance Cross-Sell
SYN-032749,11,10-07-2026,Bank Term Deposit
SYN-032749,12,20-07-2026,Bank Term Deposit
SYN-032749,13,30-07-2026,Bank Term Deposit
SYN-032749,14,10-08-2026,Bank Term Deposit
SYN-032749,15,20-08-2026,Insurance Cross-Sell
SYN-032749,16,30-08-2026,Insurance Cross-Sell
SYN-032749,17,10-09-2026,Service Resolution
SYN-032749,18,20-09-2026,Service Resolution
SYN-023179,1,30-03-2026,Insurance Cross-Sell
SYN-023179,2,10-04-2026,Insurance Cross-Sell
SYN-023179,3,20-04-2026,Insurance Cross-Sell
SYN-023179,4,30-04-2026,Insurance Cross-Sell
SYN-023179,5,10-05-2026,Insurance Cross-Sell
SYN-023179,6,20-05-2026,Insurance Cross-Sell
SYN-023179,7,30-05-2026,Insurance Cross-Sell
SYN-023179,8,10-06-2026,Insurance Cross-Sell
SYN-023179,9,20-06-2026,Bank Term Deposit
SYN-023179,10,30-06-2026,Bank Term Deposit
SYN-023179,11,10-07-2026,Bank Term Deposit
SYN-023179,12,20-07-2026,Bank Term Deposit
SYN-023179,13,30-07-2026,Bank Term Deposit
SYN-023179,14,10-08-2026,Bank Term Deposit
SYN-023179,15,20-08-2026,Payment Reminder / Collections Resolution
SYN-023179,16,30-08-2026,Payment Reminder / Collections Resolution
SYN-023179,17,10-09-2026,Payment Reminder / Collections Resolution
SYN-023179,18,20-09-2026,Payment Reminder / Collections Resolution
SYN-021259,1,30-03-2026,Bank Term Deposit
SYN-021259,2,10-04-2026,Bank Term Deposit
SYN-021259,3,20-04-2026,Bank Term Deposit
SYN-021259,4,30-04-2026,Bank Term Deposit
SYN-021259,5,10-05-2026,Bank Term Deposit
SYN-021259,6,20-05-2026,Bank Term Deposit
SYN-021259,7,30-05-2026,Bank Term Deposit
SYN-021259,8,10-06-2026,Bank Term Deposit
SYN-021259,9,20-06-2026,Bank Term Deposit
SYN-021259,10,30-06-2026,Bank Term Deposit
SYN-021259,11,10-07-2026,Bank Term Deposit
SYN-021259,12,20-07-2026,Bank Term Deposit
SYN-021259,13,30-07-2026,Bank Term Deposit
SYN-021259,14,10-08-2026,Bank Term Deposit
SYN-021259,15,20-08-2026,Bank Term Deposit
SYN-021259,16,30-08-2026,Bank Term Deposit
SYN-021259,17,10-09-2026,Bank Term Deposit
SYN-021259,18,20-09-2026,Bank Term Deposit
SYN-014827,1,30-03-2026,Bank Term Deposit
SYN-014827,2,10-04-2026,Insurance Cross-Sell
SYN-014827,3,20-04-2026,Insurance Cross-Sell
SYN-014827,4,30-04-2026,Insurance Cross-Sell
SYN-014827,5,10-05-2026,Insurance Cross-Sell
SYN-014827,6,20-05-2026,Insurance Cross-Sell
SYN-014827,7,30-05-2026,Insurance Cross-Sell
SYN-014827,8,10-06-2026,Insurance Cross-Sell
SYN-014827,9,20-06-2026,Insurance Cross-Sell
SYN-014827,10,30-06-2026,Bank Term Deposit
SYN-014827,11,10-07-2026,Bank Term Deposit
SYN-014827,12,20-07-2026,Bank Term Deposit
SYN-014827,13,30-07-2026,Bank Term Deposit
SYN-014827,14,10-08-2026,Bank Term Deposit
SYN-014827,15,20-08-2026,Bank Term Deposit
SYN-014827,16,30-08-2026,Bank Term Deposit
SYN-014827,17,10-09-2026,Bank Term Deposit
SYN-014827,18,20-09-2026,Bank Term Deposit
SYN-030007,1,30-03-2026,Insurance Cross-Sell
SYN-030007,2,10-04-2026,Insurance Cross-Sell
SYN-030007,3,20-04-2026,Insurance Cross-Sell
SYN-030007,4,30-04-2026,Insurance Cross-Sell
SYN-030007,5,10-05-2026,Insurance Cross-Sell
SYN-030007,6,20-05-2026,Insurance Cross-Sell
SYN-030007,7,30-05-2026,Insurance Cross-Sell
SYN-030007,8,10-06-2026,Insurance Cross-Sell
SYN-030007,9,20-06-2026,Insurance Cross-Sell
SYN-030007,10,30-06-2026,Insurance Cross-Sell
SYN-030007,11,10-07-2026,Bank Term Deposit
SYN-030007,12,20-07-2026,Bank Term Deposit
SYN-030007,13,30-07-2026,Bank Term Deposit
SYN-030007,14,10-08-2026,Payment Reminder / Collections Resolution
SYN-030007,15,20-08-2026,Payment Reminder / Collections Resolution
SYN-030007,16,30-08-2026,Bank Term Deposit
SYN-030007,17,10-09-2026,Bank Term Deposit
SYN-030007,18,20-09-2026,Bank Term Deposit
SYN-033856,1,30-03-2026,Bank Term Deposit
SYN-033856,2,10-04-2026,Bank Term Deposit
SYN-033856,3,20-04-2026,Bank Term Deposit
SYN-033856,4,30-04-2026,Bank Term Deposit
SYN-033856,5,10-05-2026,Bank Term Deposit
SYN-033856,6,20-05-2026,Bank Term Deposit
SYN-033856,7,30-05-2026,Bank Term Deposit
SYN-033856,8,10-06-2026,Bank Term Deposit
SYN-033856,9,20-06-2026,Bank Term Deposit
SYN-033856,10,30-06-2026,Bank Term Deposit
SYN-033856,11,10-07-2026,Bank Term Deposit
SYN-033856,12,20-07-2026,Bank Term Deposit
SYN-033856,13,30-07-2026,Bank Term Deposit
SYN-033856,14,10-08-2026,Bank Term Deposit
SYN-033856,15,20-08-2026,Bank Term Deposit
SYN-033856,16,30-08-2026,Bank Term Deposit
SYN-033856,17,10-09-2026,Bank Term Deposit
SYN-033856,18,20-09-2026,Bank Term Deposit
SYN-042493,1,30-03-2026,Insurance Cross-Sell
SYN-042493,2,10-04-2026,Bank Term Deposit
SYN-042493,3,20-04-2026,Bank Term Deposit
SYN-042493,4,30-04-2026,Bank Term Deposit
SYN-042493,5,10-05-2026,Bank Term Deposit
SYN-042493,6,20-05-2026,Bank Term Deposit
SYN-042493,7,30-05-2026,Bank Term Deposit
SYN-042493,8,10-06-2026,Retention Action
SYN-042493,9,20-06-2026,Retention Action
SYN-042493,10,30-06-2026,Bank Term Deposit
SYN-042493,11,10-07-2026,Bank Term Deposit
SYN-042493,12,20-07-2026,Bank Term Deposit
SYN-042493,13,30-07-2026,Bank Term Deposit
SYN-042493,14,10-08-2026,Payment Reminder / Collections Resolution
SYN-042493,15,20-08-2026,Bank Term Deposit
SYN-042493,16,30-08-2026,Bank Term Deposit
SYN-042493,17,10-09-2026,Bank Term Deposit
SYN-042493,18,20-09-2026,Bank Term Deposit
SYN-044248,1,30-03-2026,Insurance Cross-Sell
SYN-044248,2,10-04-2026,Bank Term Deposit
SYN-044248,3,20-04-2026,Bank Term Deposit
SYN-044248,4,30-04-2026,Bank Term Deposit
SYN-044248,5,10-05-2026,Insurance Cross-Sell
SYN-044248,6,20-05-2026,Insurance Cross-Sell
SYN-044248,7,30-05-2026,Insurance Cross-Sell
SYN-044248,8,10-06-2026,Bank Term Deposit
SYN-044248,9,20-06-2026,Bank Term Deposit
SYN-044248,10,30-06-2026,Insurance Cross-Sell
SYN-044248,11,10-07-2026,Insurance Cross-Sell
SYN-044248,12,20-07-2026,Insurance Cross-Sell
SYN-044248,13,30-07-2026,Insurance Cross-Sell
SYN-044248,14,10-08-2026,Insurance Cross-Sell
SYN-044248,15,20-08-2026,Insurance Cross-Sell
SYN-044248,16,30-08-2026,Bank Term Deposit
SYN-044248,17,10-09-2026,Bank Term Deposit
SYN-044248,18,20-09-2026,Bank Term Deposit
SYN-034146,1,30-03-2026,Retention Action
SYN-034146,2,10-04-2026,Retention Action
SYN-034146,3,20-04-2026,Retention Action
SYN-034146,4,30-04-2026,Retention Action
SYN-034146,5,10-05-2026,Insurance Cross-Sell
SYN-034146,6,20-05-2026,Insurance Cross-Sell
SYN-034146,7,30-05-2026,Insurance Cross-Sell
SYN-034146,8,10-06-2026,Insurance Cross-Sell
SYN-034146,9,20-06-2026,Insurance Cross-Sell
SYN-034146,10,30-06-2026,Insurance Cross-Sell
SYN-034146,11,10-07-2026,Insurance Cross-Sell
SYN-034146,12,20-07-2026,Bank Term Deposit
SYN-034146,13,30-07-2026,Bank Term Deposit
SYN-034146,14,10-08-2026,Bank Term Deposit
SYN-034146,15,20-08-2026,Insurance Cross-Sell
SYN-034146,16,30-08-2026,Insurance Cross-Sell
SYN-034146,17,10-09-2026,Insurance Cross-Sell
SYN-034146,18,20-09-2026,Insurance Cross-Sell
SYN-036548,1,30-03-2026,Bank Term Deposit
SYN-036548,2,10-04-2026,Bank Term Deposit
SYN-036548,3,20-04-2026,Bank Term Deposit
SYN-036548,4,30-04-2026,Bank Term Deposit
SYN-036548,5,10-05-2026,Bank Term Deposit
SYN-036548,6,20-05-2026,Bank Term Deposit
SYN-036548,7,30-05-2026,Service Intervention (Low NPS)
SYN-036548,8,10-06-2026,Bank Term Deposit
SYN-036548,9,20-06-2026,Bank Term Deposit
SYN-036548,10,30-06-2026,Bank Term Deposit
SYN-036548,11,10-07-2026,Bank Term Deposit
SYN-036548,12,20-07-2026,Bank Term Deposit
SYN-036548,13,30-07-2026,Bank Term Deposit
SYN-036548,14,10-08-2026,Bank Term Deposit
SYN-036548,15,20-08-2026,Bank Term Deposit
SYN-036548,16,30-08-2026,Bank Term Deposit
SYN-036548,17,10-09-2026,Insurance Cross-Sell
SYN-036548,18,20-09-2026,Insurance Cross-Sell
SYN-024810,1,30-03-2026,Insurance Cross-Sell
SYN-024810,2,10-04-2026,Insurance Cross-Sell
SYN-024810,3,20-04-2026,Insurance Cross-Sell
SYN-024810,4,30-04-2026,Insurance Cross-Sell
SYN-024810,5,10-05-2026,Insurance Cross-Sell
SYN-024810,6,20-05-2026,Insurance Cross-Sell
SYN-024810,7,30-05-2026,Insurance Cross-Sell
SYN-024810,8,10-06-2026,Insurance Cross-Sell
SYN-024810,9,20-06-2026,Insurance Cross-Sell
SYN-024810,10,30-06-2026,Insurance Cross-Sell
SYN-024810,11,10-07-2026,Insurance Cross-Sell
SYN-024810,12,20-07-2026,Insurance Cross-Sell
SYN-024810,13,30-07-2026,Insurance Cross-Sell
SYN-024810,14,10-08-2026,Insurance Cross-Sell
SYN-024810,15,20-08-2026,Insurance Cross-Sell
SYN-024810,16,30-08-2026,Insurance Cross-Sell
SYN-024810,17,10-09-2026,Insurance Cross-Sell
SYN-024810,18,20-09-2026,Insurance Cross-Sell
SYN-008076,1,30-03-2026,Insurance Cross-Sell
SYN-008076,2,10-04-2026,Insurance Cross-Sell
SYN-008076,3,20-04-2026,Insurance Cross-Sell
SYN-008076,4,30-04-2026,Insurance Cross-Sell
SYN-008076,5,10-05-2026,Insurance Cross-Sell
SYN-008076,6,20-05-2026,Insurance Cross-Sell
SYN-008076,7,30-05-2026,Insurance Cross-Sell
SYN-008076,8,10-06-2026,Insurance Cross-Sell
SYN-008076,9,20-06-2026,Payment Reminder / Collections Resolution
SYN-008076,10,30-06-2026,Payment Reminder / Collections Resolution
SYN-008076,11,10-07-2026,Insurance Cross-Sell
SYN-008076,12,20-07-2026,Insurance Cross-Sell
SYN-008076,13,30-07-2026,Bank Term Deposit
SYN-008076,14,10-08-2026,Bank Term Deposit
SYN-008076,15,20-08-2026,Bank Term Deposit
SYN-008076,16,30-08-2026,Bank Term Deposit
SYN-008076,17,10-09-2026,Payment Reminder / Collections Resolution
SYN-008076,18,20-09-2026,Payment Reminder / Collections Resolution
SYN-044765,1,30-03-2026,Insurance Cross-Sell
SYN-044765,2,10-04-2026,Insurance Cross-Sell
SYN-044765,3,20-04-2026,Insurance Cross-Sell
SYN-044765,4,30-04-2026,Insurance Cross-Sell
SYN-044765,5,10-05-2026,Insurance Cross-Sell
SYN-044765,6,20-05-2026,Insurance Cross-Sell
SYN-044765,7,30-05-2026,Insurance Cross-Sell
SYN-044765,8,10-06-2026,Insurance Cross-Sell
SYN-044765,9,20-06-2026,Bank Term Deposit
SYN-044765,10,30-06-2026,Bank Term Deposit
SYN-044765,11,10-07-2026,Insurance Cross-Sell
SYN-044765,12,20-07-2026,Insurance Cross-Sell
SYN-044765,13,30-07-2026,Insurance Cross-Sell
SYN-044765,14,10-08-2026,Insurance Cross-Sell
SYN-044765,15,20-08-2026,Insurance Cross-Sell
SYN-044765,16,30-08-2026,Insurance Cross-Sell
SYN-044765,17,10-09-2026,Service Intervention (Low NPS)
SYN-044765,18,20-09-2026,Service Intervention (Low NPS)
SYN-010465,1,30-03-2026,Insurance Cross-Sell
SYN-010465,2,10-04-2026,Insurance Cross-Sell
SYN-010465,3,20-04-2026,Insurance Cross-Sell
SYN-010465,4,30-04-2026,Insurance Cross-Sell
SYN-010465,5,10-05-2026,Insurance Cross-Sell
SYN-010465,6,20-05-2026,Insurance Cross-Sell
SYN-010465,7,30-05-2026,Insurance Cross-Sell
SYN-010465,8,10-06-2026,Insurance Cross-Sell
SYN-010465,9,20-06-2026,Insurance Cross-Sell
SYN-010465,10,30-06-2026,Insurance Cross-Sell
SYN-010465,11,10-07-2026,Insurance Cross-Sell
SYN-010465,12,20-07-2026,Insurance Cross-Sell
SYN-010465,13,30-07-2026,Insurance Cross-Sell
SYN-010465,14,10-08-2026,Bank Term Deposit
SYN-010465,15,20-08-2026,Insurance Cross-Sell
SYN-010465,16,30-08-2026,Insurance Cross-Sell
SYN-010465,17,10-09-2026,Insurance Cross-Sell
SYN-010465,18,20-09-2026,Insurance Cross-Sell
SYN-000744,1,30-03-2026,Bank Term Deposit
SYN-000744,2,10-04-2026,Bank Term Deposit
SYN-000744,3,20-04-2026,Insurance Cross-Sell
SYN-000744,4,30-04-2026,Insurance Cross-Sell
SYN-000744,5,10-05-2026,Insurance Cross-Sell
SYN-000744,6,20-05-2026,Insurance Cross-Sell
SYN-000744,7,30-05-2026,Insurance Cross-Sell
SYN-000744,8,10-06-2026,Insurance Cross-Sell
SYN-000744,9,20-06-2026,Insurance Cross-Sell
SYN-000744,10,30-06-2026,Insurance Cross-Sell
SYN-000744,11,10-07-2026,Bank Term Deposit
SYN-000744,12,20-07-2026,Bank Term Deposit
SYN-000744,13,30-07-2026,Bank Term Deposit
SYN-000744,14,10-08-2026,Complete KYC
SYN-000744,15,20-08-2026,Complete KYC
SYN-000744,16,30-08-2026,Complete KYC
SYN-000744,17,10-09-2026,Complete KYC
SYN-000744,18,20-09-2026,Complete KYC
SYN-033912,1,30-03-2026,Bank Term Deposit
SYN-033912,2,10-04-2026,Bank Term Deposit
SYN-033912,3,20-04-2026,Bank Term Deposit
SYN-033912,4,30-04-2026,Bank Term Deposit
SYN-033912,5,10-05-2026,Bank Term Deposit
SYN-033912,6,20-05-2026,Bank Term Deposit
SYN-033912,7,30-05-2026,Bank Term Deposit
SYN-033912,8,10-06-2026,Payment Reminder / Collections Resolution
SYN-033912,9,20-06-2026,Bank Term Deposit
SYN-033912,10,30-06-2026,Bank Term Deposit
SYN-033912,11,10-07-2026,Bank Term Deposit
SYN-033912,12,20-07-2026,Bank Term Deposit
SYN-033912,13,30-07-2026,Bank Term Deposit
SYN-033912,14,10-08-2026,Bank Term Deposit
SYN-033912,15,20-08-2026,Insurance Cross-Sell
SYN-033912,16,30-08-2026,Bank Term Deposit
SYN-033912,17,10-09-2026,Payment Reminder / Collections Resolution
SYN-033912,18,20-09-2026,Payment Reminder / Collections Resolution
SYN-024948,1,30-03-2026,Insurance Cross-Sell
SYN-024948,2,10-04-2026,Insurance Cross-Sell
SYN-024948,3,20-04-2026,Insurance Cross-Sell
SYN-024948,4,30-04-2026,Bank Term Deposit
SYN-024948,5,10-05-2026,Bank Term Deposit
SYN-024948,6,20-05-2026,Bank Term Deposit
SYN-024948,7,30-05-2026,Bank Term Deposit
SYN-024948,8,10-06-2026,Bank Term Deposit
SYN-024948,9,20-06-2026,Bank Term Deposit
SYN-024948,10,30-06-2026,Bank Term Deposit
SYN-024948,11,10-07-2026,Bank Term Deposit
SYN-024948,12,20-07-2026,Bank Term Deposit
SYN-024948,13,30-07-2026,Bank Term Deposit
SYN-024948,14,10-08-2026,Bank Term Deposit
SYN-024948,15,20-08-2026,Insurance Cross-Sell
SYN-024948,16,30-08-2026,Insurance Cross-Sell
SYN-024948,17,10-09-2026,Insurance Cross-Sell
SYN-024948,18,20-09-2026,Insurance Cross-Sell
SYN-025705,1,30-03-2026,Service Resolution
SYN-025705,2,10-04-2026,Service Resolution
SYN-025705,3,20-04-2026,Insurance Cross-Sell
SYN-025705,4,30-04-2026,Insurance Cross-Sell
SYN-025705,5,10-05-2026,Insurance Cross-Sell
SYN-025705,6,20-05-2026,Insurance Cross-Sell
SYN-025705,7,30-05-2026,Insurance Cross-Sell
SYN-025705,8,10-06-2026,Retention Action
SYN-025705,9,20-06-2026,Bank Term Deposit
SYN-025705,10,30-06-2026,Bank Term Deposit
SYN-025705,11,10-07-2026,Insurance Cross-Sell
SYN-025705,12,20-07-2026,Bank Term Deposit
SYN-025705,13,30-07-2026,Bank Term Deposit
SYN-025705,14,10-08-2026,Bank Term Deposit
SYN-025705,15,20-08-2026,Insurance Cross-Sell
SYN-025705,16,30-08-2026,Insurance Cross-Sell
SYN-025705,17,10-09-2026,Insurance Cross-Sell
SYN-025705,18,20-09-2026,Insurance Cross-Sell
SYN-023953,1,30-03-2026,Insurance Cross-Sell
SYN-023953,2,10-04-2026,Bank Term Deposit
SYN-023953,3,20-04-2026,Bank Term Deposit
SYN-023953,4,30-04-2026,Bank Term Deposit
SYN-023953,5,10-05-2026,Bank Term Deposit
SYN-023953,6,20-05-2026,Bank Term Deposit
SYN-023953,7,30-05-2026,Bank Term Deposit
SYN-023953,8,10-06-2026,Bank Term Deposit
SYN-023953,9,20-06-2026,Payment Reminder / Collections Resolution
SYN-023953,10,30-06-2026,Insurance Cross-Sell
SYN-023953,11,10-07-2026,Insurance Cross-Sell
SYN-023953,12,20-07-2026,Insurance Cross-Sell
SYN-023953,13,30-07-2026,Insurance Cross-Sell
SYN-023953,14,10-08-2026,Insurance Cross-Sell
SYN-023953,15,20-08-2026,Insurance Cross-Sell
SYN-023953,16,30-08-2026,Service Resolution
SYN-023953,17,10-09-2026,Service Resolution
SYN-023953,18,20-09-2026,Service Resolution
SYN-005686,1,30-03-2026,Insurance Cross-Sell
SYN-005686,2,10-04-2026,Insurance Cross-Sell
SYN-005686,3,20-04-2026,Insurance Cross-Sell
SYN-005686,4,30-04-2026,Insurance Cross-Sell
SYN-005686,5,10-05-2026,Insurance Cross-Sell
SYN-005686,6,20-05-2026,Insurance Cross-Sell
SYN-005686,7,30-05-2026,Insurance Cross-Sell
SYN-005686,8,10-06-2026,Insurance Cross-Sell
SYN-005686,9,20-06-2026,Insurance Cross-Sell
SYN-005686,10,30-06-2026,Service Intervention (Low NPS)
SYN-005686,11,10-07-2026,Insurance Cross-Sell
SYN-005686,12,20-07-2026,Insurance Cross-Sell
SYN-005686,13,30-07-2026,Bank Term Deposit
SYN-005686,14,10-08-2026,Complete KYC
SYN-005686,15,20-08-2026,Complete KYC
SYN-005686,16,30-08-2026,Complete KYC
SYN-005686,17,10-09-2026,Complete KYC
SYN-005686,18,20-09-2026,Complete KYC
SYN-015056,1,30-03-2026,Insurance Cross-Sell
SYN-015056,2,10-04-2026,Insurance Cross-Sell
SYN-015056,3,20-04-2026,Insurance Cross-Sell
SYN-015056,4,30-04-2026,Bank Term Deposit
SYN-015056,5,10-05-2026,Bank Term Deposit
SYN-015056,6,20-05-2026,Bank Term Deposit
SYN-015056,7,30-05-2026,Bank Term Deposit
SYN-015056,8,10-06-2026,Bank Term Deposit
SYN-015056,9,20-06-2026,Bank Term Deposit
SYN-015056,10,30-06-2026,Bank Term Deposit
SYN-015056,11,10-07-2026,Bank Term Deposit
SYN-015056,12,20-07-2026,Insurance Cross-Sell
SYN-015056,13,30-07-2026,Insurance Cross-Sell
SYN-015056,14,10-08-2026,Insurance Cross-Sell
SYN-015056,15,20-08-2026,Insurance Cross-Sell
SYN-015056,16,30-08-2026,Insurance Cross-Sell
SYN-015056,17,10-09-2026,Insurance Cross-Sell
SYN-015056,18,20-09-2026,Insurance Cross-Sell
SYN-017973,1,30-03-2026,Retention Action
SYN-017973,2,10-04-2026,Retention Action
SYN-017973,3,20-04-2026,Retention Action
SYN-017973,4,30-04-2026,Retention Action
SYN-017973,5,10-05-2026,Insurance Cross-Sell
SYN-017973,6,20-05-2026,Insurance Cross-Sell
SYN-017973,7,30-05-2026,Insurance Cross-Sell
SYN-017973,8,10-06-2026,Insurance Cross-Sell
SYN-017973,9,20-06-2026,Insurance Cross-Sell
SYN-017973,10,30-06-2026,Bank Term Deposit
SYN-017973,11,10-07-2026,Bank Term Deposit
SYN-017973,12,20-07-2026,Service Resolution
SYN-017973,13,30-07-2026,Insurance Cross-Sell
SYN-017973,14,10-08-2026,Bank Term Deposit
SYN-017973,15,20-08-2026,Bank Term Deposit
SYN-017973,16,30-08-2026,Service Resolution
SYN-017973,17,10-09-2026,Bank Term Deposit
SYN-017973,18,20-09-2026,Bank Term Deposit
SYN-035069,1,30-03-2026,Insurance Cross-Sell
SYN-035069,2,10-04-2026,Insurance Cross-Sell
SYN-035069,3,20-04-2026,Payment Reminder / Collections Resolution
SYN-035069,4,30-04-2026,Payment Reminder / Collections Resolution
SYN-035069,5,10-05-2026,Insurance Cross-Sell
SYN-035069,6,20-05-2026,Insurance Cross-Sell
SYN-035069,7,30-05-2026,Insurance Cross-Sell
SYN-035069,8,10-06-2026,Insurance Cross-Sell
SYN-035069,9,20-06-2026,Insurance Cross-Sell
SYN-035069,10,30-06-2026,Insurance Cross-Sell
SYN-035069,11,10-07-2026,Insurance Cross-Sell
SYN-035069,12,20-07-2026,Insurance Cross-Sell
SYN-035069,13,30-07-2026,Insurance Cross-Sell
SYN-035069,14,10-08-2026,Insurance Cross-Sell
SYN-035069,15,20-08-2026,Bank Term Deposit
SYN-035069,16,30-08-2026,Bank Term Deposit
SYN-035069,17,10-09-2026,Payment Reminder / Collections Resolution
SYN-035069,18,20-09-2026,Payment Reminder / Collections Resolution
SYN-035031,1,30-03-2026,Insurance Cross-Sell
SYN-035031,2,10-04-2026,Bank Term Deposit
SYN-035031,3,20-04-2026,Bank Term Deposit
SYN-035031,4,30-04-2026,Bank Term Deposit
SYN-035031,5,10-05-2026,Bank Term Deposit
SYN-035031,6,20-05-2026,Bank Term Deposit
SYN-035031,7,30-05-2026,Insurance Cross-Sell
SYN-035031,8,10-06-2026,Insurance Cross-Sell
SYN-035031,9,20-06-2026,Insurance Cross-Sell
SYN-035031,10,30-06-2026,Insurance Cross-Sell
SYN-035031,11,10-07-2026,Insurance Cross-Sell
SYN-035031,12,20-07-2026,Insurance Cross-Sell
SYN-035031,13,30-07-2026,Bank Term Deposit
SYN-035031,14,10-08-2026,Bank Term Deposit
SYN-035031,15,20-08-2026,Bank Term Deposit
SYN-035031,16,30-08-2026,Bank Term Deposit
SYN-035031,17,10-09-2026,Bank Term Deposit
SYN-035031,18,20-09-2026,Bank Term Deposit
SYN-003335,1,30-03-2026,Bank Term Deposit
SYN-003335,2,10-04-2026,Bank Term Deposit
SYN-003335,3,20-04-2026,Service Intervention (Low NPS)
SYN-003335,4,30-04-2026,Bank Term Deposit
SYN-003335,5,10-05-2026,Bank Term Deposit
SYN-003335,6,20-05-2026,Bank Term Deposit
SYN-003335,7,30-05-2026,Bank Term Deposit
SYN-003335,8,10-06-2026,Bank Term Deposit
SYN-003335,9,20-06-2026,Bank Term Deposit
SYN-003335,10,30-06-2026,Bank Term Deposit
SYN-003335,11,10-07-2026,Bank Term Deposit
SYN-003335,12,20-07-2026,Bank Term Deposit
SYN-003335,13,30-07-2026,Insurance Cross-Sell
SYN-003335,14,10-08-2026,Insurance Cross-Sell
SYN-003335,15,20-08-2026,Insurance Cross-Sell
SYN-003335,16,30-08-2026,Insurance Cross-Sell
SYN-003335,17,10-09-2026,Insurance Cross-Sell
SYN-003335,18,20-09-2026,Insurance Cross-Sell
SYN-023265,1,30-03-2026,Insurance Cross-Sell
SYN-023265,2,10-04-2026,Insurance Cross-Sell
SYN-023265,3,20-04-2026,Insurance Cross-Sell
SYN-023265,4,30-04-2026,Insurance Cross-Sell
SYN-023265,5,10-05-2026,Insurance Cross-Sell
SYN-023265,6,20-05-2026,Insurance Cross-Sell
SYN-023265,7,30-05-2026,Insurance Cross-Sell
SYN-023265,8,10-06-2026,Insurance Cross-Sell
SYN-023265,9,20-06-2026,Insurance Cross-Sell
SYN-023265,10,30-06-2026,Bank Term Deposit
SYN-023265,11,10-07-2026,Bank Term Deposit
SYN-023265,12,20-07-2026,Bank Term Deposit
SYN-023265,13,30-07-2026,Bank Term Deposit
SYN-023265,14,10-08-2026,Bank Term Deposit
SYN-023265,15,20-08-2026,Bank Term Deposit
SYN-023265,16,30-08-2026,Bank Term Deposit
SYN-023265,17,10-09-2026,Service Intervention (Low NPS)
SYN-023265,18,20-09-2026,Service Intervention (Low NPS)
SYN-007290,1,30-03-2026,Bank Term Deposit
SYN-007290,2,10-04-2026,Bank Term Deposit
SYN-007290,3,20-04-2026,Bank Term Deposit
SYN-007290,4,30-04-2026,Bank Term Deposit
SYN-007290,5,10-05-2026,Bank Term Deposit
SYN-007290,6,20-05-2026,Bank Term Deposit
SYN-007290,7,30-05-2026,Service Intervention (Low NPS)
SYN-007290,8,10-06-2026,Bank Term Deposit
SYN-007290,9,20-06-2026,Bank Term Deposit
SYN-007290,10,30-06-2026,Bank Term Deposit
SYN-007290,11,10-07-2026,Bank Term Deposit
SYN-007290,12,20-07-2026,Bank Term Deposit
SYN-007290,13,30-07-2026,Bank Term Deposit
SYN-007290,14,10-08-2026,Bank Term Deposit
SYN-007290,15,20-08-2026,Bank Term Deposit
SYN-007290,16,30-08-2026,Bank Term Deposit
SYN-007290,17,10-09-2026,Retention Action
SYN-007290,18,20-09-2026,Retention Action
SYN-001832,1,30-03-2026,Insurance Cross-Sell
SYN-001832,2,10-04-2026,Insurance Cross-Sell
SYN-001832,3,20-04-2026,Insurance Cross-Sell
SYN-001832,4,30-04-2026,Bank Term Deposit
SYN-001832,5,10-05-2026,Bank Term Deposit
SYN-001832,6,20-05-2026,Bank Term Deposit
SYN-001832,7,30-05-2026,Bank Term Deposit
SYN-001832,8,10-06-2026,Bank Term Deposit
SYN-001832,9,20-06-2026,Service Intervention (Low NPS)
SYN-001832,10,30-06-2026,Bank Term Deposit
SYN-001832,11,10-07-2026,Bank Term Deposit
SYN-001832,12,20-07-2026,Insurance Cross-Sell
SYN-001832,13,30-07-2026,Insurance Cross-Sell
SYN-001832,14,10-08-2026,Insurance Cross-Sell
SYN-001832,15,20-08-2026,Insurance Cross-Sell
SYN-001832,16,30-08-2026,Insurance Cross-Sell
SYN-001832,17,10-09-2026,Service Intervention (Low NPS)
SYN-001832,18,20-09-2026,Service Intervention (Low NPS)
SYN-028073,1,30-03-2026,Bank Term Deposit
SYN-028073,2,10-04-2026,Bank Term Deposit
SYN-028073,3,20-04-2026,Bank Term Deposit
SYN-028073,4,30-04-2026,Bank Term Deposit
SYN-028073,5,10-05-2026,Bank Term Deposit
SYN-028073,6,20-05-2026,Bank Term Deposit
SYN-028073,7,30-05-2026,Insurance Cross-Sell
SYN-028073,8,10-06-2026,Insurance Cross-Sell
SYN-028073,9,20-06-2026,Insurance Cross-Sell
SYN-028073,10,30-06-2026,Bank Term Deposit
SYN-028073,11,10-07-2026,Bank Term Deposit
SYN-028073,12,20-07-2026,Bank Term Deposit
SYN-028073,13,30-07-2026,Compliance Hold - No Sales Offer
SYN-028073,14,10-08-2026,Compliance Hold - No Sales Offer
SYN-028073,15,20-08-2026,Compliance Hold - No Sales Offer
SYN-028073,16,30-08-2026,Compliance Hold - No Sales Offer
SYN-028073,17,10-09-2026,Compliance Hold - No Sales Offer
SYN-028073,18,20-09-2026,Compliance Hold - No Sales Offer
SYN-011727,1,30-03-2026,Insurance Cross-Sell
SYN-011727,2,10-04-2026,Insurance Cross-Sell
SYN-011727,3,20-04-2026,Insurance Cross-Sell
SYN-011727,4,30-04-2026,Insurance Cross-Sell
SYN-011727,5,10-05-2026,Insurance Cross-Sell
SYN-011727,6,20-05-2026,Insurance Cross-Sell
SYN-011727,7,30-05-2026,Insurance Cross-Sell
SYN-011727,8,10-06-2026,Insurance Cross-Sell
SYN-011727,9,20-06-2026,Insurance Cross-Sell
SYN-011727,10,30-06-2026,Insurance Cross-Sell
SYN-011727,11,10-07-2026,Bank Term Deposit
SYN-011727,12,20-07-2026,Bank Term Deposit
SYN-011727,13,30-07-2026,Payment Reminder / Collections Resolution
SYN-011727,14,10-08-2026,Bank Term Deposit
SYN-011727,15,20-08-2026,Payment Reminder / Collections Resolution
SYN-011727,16,30-08-2026,Payment Reminder / Collections Resolution
SYN-011727,17,10-09-2026,Payment Reminder / Collections Resolution
SYN-011727,18,20-09-2026,Payment Reminder / Collections Resolution
SYN-015649,1,30-03-2026,Bank Term Deposit
SYN-015649,2,10-04-2026,Bank Term Deposit
SYN-015649,3,20-04-2026,Bank Term Deposit
SYN-015649,4,30-04-2026,Bank Term Deposit
SYN-015649,5,10-05-2026,Bank Term Deposit
SYN-015649,6,20-05-2026,Bank Term Deposit
SYN-015649,7,30-05-2026,Bank Term Deposit
SYN-015649,8,10-06-2026,Bank Term Deposit
SYN-015649,9,20-06-2026,Insurance Cross-Sell
SYN-015649,10,30-06-2026,Bank Term Deposit
SYN-015649,11,10-07-2026,Bank Term Deposit
SYN-015649,12,20-07-2026,Insurance Cross-Sell
SYN-015649,13,30-07-2026,Insurance Cross-Sell
SYN-015649,14,10-08-2026,Bank Term Deposit
SYN-015649,15,20-08-2026,Bank Term Deposit
SYN-015649,16,30-08-2026,Retention Action
SYN-015649,17,10-09-2026,Bank Term Deposit
SYN-015649,18,20-09-2026,Bank Term Deposit
SYN-034782,1,30-03-2026,Bank Term Deposit
SYN-034782,2,10-04-2026,Bank Term Deposit
SYN-034782,3,20-04-2026,Bank Term Deposit
SYN-034782,4,30-04-2026,Bank Term Deposit
SYN-034782,5,10-05-2026,Bank Term Deposit
SYN-034782,6,20-05-2026,Bank Term Deposit
SYN-034782,7,30-05-2026,Bank Term Deposit
SYN-034782,8,10-06-2026,Bank Term Deposit
SYN-034782,9,20-06-2026,Bank Term Deposit
SYN-034782,10,30-06-2026,Bank Term Deposit
SYN-034782,11,10-07-2026,Bank Term Deposit
SYN-034782,12,20-07-2026,Insurance Cross-Sell
SYN-034782,13,30-07-2026,Insurance Cross-Sell
SYN-034782,14,10-08-2026,Insurance Cross-Sell
SYN-034782,15,20-08-2026,Service Intervention (Low NPS)
SYN-034782,16,30-08-2026,Insurance Cross-Sell
SYN-034782,17,10-09-2026,Bank Term Deposit
SYN-034782,18,20-09-2026,Bank Term Deposit
SYN-005287,1,30-03-2026,Insurance Cross-Sell
SYN-005287,2,10-04-2026,Bank Term Deposit
SYN-005287,3,20-04-2026,Bank Term Deposit
SYN-005287,4,30-04-2026,Bank Term Deposit
SYN-005287,5,10-05-2026,Insurance Cross-Sell
SYN-005287,6,20-05-2026,Insurance Cross-Sell
SYN-005287,7,30-05-2026,Insurance Cross-Sell
SYN-005287,8,10-06-2026,Insurance Cross-Sell
SYN-005287,9,20-06-2026,Insurance Cross-Sell
SYN-005287,10,30-06-2026,Insurance Cross-Sell
SYN-005287,11,10-07-2026,Insurance Cross-Sell
SYN-005287,12,20-07-2026,Insurance Cross-Sell
SYN-005287,13,30-07-2026,Insurance Cross-Sell
SYN-005287,14,10-08-2026,Insurance Cross-Sell
SYN-005287,15,20-08-2026,Insurance Cross-Sell
SYN-005287,16,30-08-2026,Insurance Cross-Sell
SYN-005287,17,10-09-2026,Insurance Cross-Sell
SYN-005287,18,20-09-2026,Insurance Cross-Sell
SYN-027897,1,30-03-2026,Insurance Cross-Sell
SYN-027897,2,10-04-2026,Insurance Cross-Sell
SYN-027897,3,20-04-2026,Insurance Cross-Sell
SYN-027897,4,30-04-2026,Insurance Cross-Sell
SYN-027897,5,10-05-2026,Insurance Cross-Sell
SYN-027897,6,20-05-2026,Insurance Cross-Sell
SYN-027897,7,30-05-2026,Insurance Cross-Sell
SYN-027897,8,10-06-2026,Bank Term Deposit
SYN-027897,9,20-06-2026,Insurance Cross-Sell
SYN-027897,10,30-06-2026,Insurance Cross-Sell
SYN-027897,11,10-07-2026,Insurance Cross-Sell
SYN-027897,12,20-07-2026,Insurance Cross-Sell
SYN-027897,13,30-07-2026,Bank Term Deposit
SYN-027897,14,10-08-2026,Bank Term Deposit
SYN-027897,15,20-08-2026,Bank Term Deposit
SYN-027897,16,30-08-2026,Bank Term Deposit
SYN-027897,17,10-09-2026,Bank Term Deposit
SYN-027897,18,20-09-2026,Bank Term Deposit
SYN-019761,1,30-03-2026,Insurance Cross-Sell
SYN-019761,2,10-04-2026,Bank Term Deposit
SYN-019761,3,20-04-2026,Insurance Cross-Sell
SYN-019761,4,30-04-2026,Insurance Cross-Sell
SYN-019761,5,10-05-2026,Insurance Cross-Sell
SYN-019761,6,20-05-2026,Insurance Cross-Sell
SYN-019761,7,30-05-2026,Insurance Cross-Sell
SYN-019761,8,10-06-2026,Insurance Cross-Sell
SYN-019761,9,20-06-2026,Insurance Cross-Sell
SYN-019761,10,30-06-2026,Insurance Cross-Sell
SYN-019761,11,10-07-2026,Insurance Cross-Sell
SYN-019761,12,20-07-2026,Insurance Cross-Sell
SYN-019761,13,30-07-2026,Insurance Cross-Sell
SYN-019761,14,10-08-2026,Insurance Cross-Sell
SYN-019761,15,20-08-2026,Insurance Cross-Sell
SYN-019761,16,30-08-2026,Bank Term Deposit
SYN-019761,17,10-09-2026,Bank Term Deposit
SYN-019761,18,20-09-2026,Bank Term Deposit
SYN-007830,1,30-03-2026,Bank Term Deposit
SYN-007830,2,10-04-2026,Bank Term Deposit
SYN-007830,3,20-04-2026,Bank Term Deposit
SYN-007830,4,30-04-2026,Insurance Cross-Sell
SYN-007830,5,10-05-2026,Insurance Cross-Sell
SYN-007830,6,20-05-2026,Service Intervention (Low NPS)
SYN-007830,7,30-05-2026,Insurance Cross-Sell
SYN-007830,8,10-06-2026,Insurance Cross-Sell
SYN-007830,9,20-06-2026,Insurance Cross-Sell
SYN-007830,10,30-06-2026,Insurance Cross-Sell
SYN-007830,11,10-07-2026,Service Resolution
SYN-007830,12,20-07-2026,Service Resolution
SYN-007830,13,30-07-2026,Service Resolution
SYN-007830,14,10-08-2026,Service Resolution
SYN-007830,15,20-08-2026,Bank Term Deposit
SYN-007830,16,30-08-2026,Bank Term Deposit
SYN-007830,17,10-09-2026,Bank Term Deposit
SYN-007830,18,20-09-2026,Bank Term Deposit
SYN-019287,1,30-03-2026,Insurance Cross-Sell
SYN-019287,2,10-04-2026,Insurance Cross-Sell
SYN-019287,3,20-04-2026,Insurance Cross-Sell
SYN-019287,4,30-04-2026,Insurance Cross-Sell
SYN-019287,5,10-05-2026,Insurance Cross-Sell
SYN-019287,6,20-05-2026,Insurance Cross-Sell
SYN-019287,7,30-05-2026,Insurance Cross-Sell
SYN-019287,8,10-06-2026,Insurance Cross-Sell
SYN-019287,9,20-06-2026,Insurance Cross-Sell
SYN-019287,10,30-06-2026,Insurance Cross-Sell
SYN-019287,11,10-07-2026,Insurance Cross-Sell
SYN-019287,12,20-07-2026,Insurance Cross-Sell
SYN-019287,13,30-07-2026,Service Resolution
SYN-019287,14,10-08-2026,Insurance Cross-Sell
SYN-019287,15,20-08-2026,Insurance Cross-Sell
SYN-019287,16,30-08-2026,Insurance Cross-Sell
SYN-019287,17,10-09-2026,Insurance Cross-Sell
SYN-019287,18,20-09-2026,Insurance Cross-Sell
SYN-006607,1,30-03-2026,Insurance Cross-Sell
SYN-006607,2,10-04-2026,Service Intervention (Low NPS)
SYN-006607,3,20-04-2026,Service Intervention (Low NPS)
SYN-006607,4,30-04-2026,Bank Term Deposit
SYN-006607,5,10-05-2026,Bank Term Deposit
SYN-006607,6,20-05-2026,Bank Term Deposit
SYN-006607,7,30-05-2026,Insurance Cross-Sell
SYN-006607,8,10-06-2026,Insurance Cross-Sell
SYN-006607,9,20-06-2026,Insurance Cross-Sell
SYN-006607,10,30-06-2026,Insurance Cross-Sell
SYN-006607,11,10-07-2026,Insurance Cross-Sell
SYN-006607,12,20-07-2026,Insurance Cross-Sell
SYN-006607,13,30-07-2026,Insurance Cross-Sell
SYN-006607,14,10-08-2026,Insurance Cross-Sell
SYN-006607,15,20-08-2026,Insurance Cross-Sell
SYN-006607,16,30-08-2026,Insurance Cross-Sell
SYN-006607,17,10-09-2026,Insurance Cross-Sell
SYN-006607,18,20-09-2026,Insurance Cross-Sell
SYN-021418,1,30-03-2026,Insurance Cross-Sell
SYN-021418,2,10-04-2026,Insurance Cross-Sell
SYN-021418,3,20-04-2026,Insurance Cross-Sell
SYN-021418,4,30-04-2026,Insurance Cross-Sell
SYN-021418,5,10-05-2026,Bank Term Deposit
SYN-021418,6,20-05-2026,Bank Term Deposit
SYN-021418,7,30-05-2026,Bank Term Deposit
SYN-021418,8,10-06-2026,Bank Term Deposit
SYN-021418,9,20-06-2026,Bank Term Deposit
SYN-021418,10,30-06-2026,Bank Term Deposit
SYN-021418,11,10-07-2026,Bank Term Deposit
SYN-021418,12,20-07-2026,Bank Term Deposit
SYN-021418,13,30-07-2026,Payment Reminder / Collections Resolution
SYN-021418,14,10-08-2026,Payment Reminder / Collections Resolution
SYN-021418,15,20-08-2026,Insurance Cross-Sell
SYN-021418,16,30-08-2026,Insurance Cross-Sell
SYN-021418,17,10-09-2026,Insurance Cross-Sell
SYN-021418,18,20-09-2026,Insurance Cross-Sell
SYN-027628,1,30-03-2026,Bank Term Deposit
SYN-027628,2,10-04-2026,Bank Term Deposit
SYN-027628,3,20-04-2026,Insurance Cross-Sell
SYN-027628,4,30-04-2026,Insurance Cross-Sell
SYN-027628,5,10-05-2026,Bank Term Deposit
SYN-027628,6,20-05-2026,Bank Term Deposit
SYN-027628,7,30-05-2026,Bank Term Deposit
SYN-027628,8,10-06-2026,Bank Term Deposit
SYN-027628,9,20-06-2026,Bank Term Deposit
SYN-027628,10,30-06-2026,Bank Term Deposit
SYN-027628,11,10-07-2026,Bank Term Deposit
SYN-027628,12,20-07-2026,Bank Term Deposit
SYN-027628,13,30-07-2026,Bank Term Deposit
SYN-027628,14,10-08-2026,Insurance Cross-Sell
SYN-027628,15,20-08-2026,Insurance Cross-Sell
SYN-027628,16,30-08-2026,Insurance Cross-Sell
SYN-027628,17,10-09-2026,Retention Action
SYN-027628,18,20-09-2026,Retention Action
SYN-031467,1,30-03-2026,Insurance Cross-Sell
SYN-031467,2,10-04-2026,Insurance Cross-Sell
SYN-031467,3,20-04-2026,Insurance Cross-Sell
SYN-031467,4,30-04-2026,Bank Term Deposit
SYN-031467,5,10-05-2026,Bank Term Deposit
SYN-031467,6,20-05-2026,Bank Term Deposit
SYN-031467,7,30-05-2026,Bank Term Deposit
SYN-031467,8,10-06-2026,Bank Term Deposit
SYN-031467,9,20-06-2026,Bank Term Deposit
SYN-031467,10,30-06-2026,Bank Term Deposit
SYN-031467,11,10-07-2026,Bank Term Deposit
SYN-031467,12,20-07-2026,Bank Term Deposit
SYN-031467,13,30-07-2026,Bank Term Deposit
SYN-031467,14,10-08-2026,Bank Term Deposit
SYN-031467,15,20-08-2026,Service Intervention (Low NPS)
SYN-031467,16,30-08-2026,Service Intervention (Low NPS)
SYN-031467,17,10-09-2026,Bank Term Deposit
SYN-031467,18,20-09-2026,Bank Term Deposit
SYN-009612,1,30-03-2026,Bank Term Deposit
SYN-009612,2,10-04-2026,Bank Term Deposit
SYN-009612,3,20-04-2026,Bank Term Deposit
SYN-009612,4,30-04-2026,Bank Term Deposit
SYN-009612,5,10-05-2026,Insurance Cross-Sell
SYN-009612,6,20-05-2026,Insurance Cross-Sell
SYN-009612,7,30-05-2026,Bank Term Deposit
SYN-009612,8,10-06-2026,Bank Term Deposit
SYN-009612,9,20-06-2026,Retention Action
SYN-009612,10,30-06-2026,Bank Term Deposit
SYN-009612,11,10-07-2026,Bank Term Deposit
SYN-009612,12,20-07-2026,Bank Term Deposit
SYN-009612,13,30-07-2026,Bank Term Deposit
SYN-009612,14,10-08-2026,Bank Term Deposit
SYN-009612,15,20-08-2026,Bank Term Deposit
SYN-009612,16,30-08-2026,Bank Term Deposit
SYN-009612,17,10-09-2026,Insurance Cross-Sell
SYN-009612,18,20-09-2026,Insurance Cross-Sell
SYN-016084,1,30-03-2026,Insurance Cross-Sell
SYN-016084,2,10-04-2026,Insurance Cross-Sell
SYN-016084,3,20-04-2026,Insurance Cross-Sell
SYN-016084,4,30-04-2026,Bank Term Deposit
SYN-016084,5,10-05-2026,Insurance Cross-Sell
SYN-016084,6,20-05-2026,Insurance Cross-Sell
SYN-016084,7,30-05-2026,Insurance Cross-Sell
SYN-016084,8,10-06-2026,Insurance Cross-Sell
SYN-016084,9,20-06-2026,Insurance Cross-Sell
SYN-016084,10,30-06-2026,Insurance Cross-Sell
SYN-016084,11,10-07-2026,Insurance Cross-Sell
SYN-016084,12,20-07-2026,Insurance Cross-Sell
SYN-016084,13,30-07-2026,Insurance Cross-Sell
SYN-016084,14,10-08-2026,Insurance Cross-Sell
SYN-016084,15,20-08-2026,Service Intervention (Low NPS)
SYN-016084,16,30-08-2026,Service Intervention (Low NPS)
SYN-016084,17,10-09-2026,Insurance Cross-Sell
SYN-016084,18,20-09-2026,Insurance Cross-Sell
SYN-010931,1,30-03-2026,Bank Term Deposit
SYN-010931,2,10-04-2026,Bank Term Deposit
SYN-010931,3,20-04-2026,Bank Term Deposit
SYN-010931,4,30-04-2026,Insurance Cross-Sell
SYN-010931,5,10-05-2026,Insurance Cross-Sell
SYN-010931,6,20-05-2026,Insurance Cross-Sell
SYN-010931,7,30-05-2026,Bank Term Deposit
SYN-010931,8,10-06-2026,Bank Term Deposit
SYN-010931,9,20-06-2026,Bank Term Deposit
SYN-010931,10,30-06-2026,Insurance Cross-Sell
SYN-010931,11,10-07-2026,Insurance Cross-Sell
SYN-010931,12,20-07-2026,Insurance Cross-Sell
SYN-010931,13,30-07-2026,Insurance Cross-Sell
SYN-010931,14,10-08-2026,Insurance Cross-Sell
SYN-010931,15,20-08-2026,Insurance Cross-Sell
SYN-010931,16,30-08-2026,Insurance Cross-Sell
SYN-010931,17,10-09-2026,Insurance Cross-Sell
SYN-010931,18,20-09-2026,Insurance Cross-Sell
SYN-001907,1,30-03-2026,Bank Term Deposit
SYN-001907,2,10-04-2026,Insurance Cross-Sell
SYN-001907,3,20-04-2026,Bank Term Deposit
SYN-001907,4,30-04-2026,Bank Term Deposit
SYN-001907,5,10-05-2026,Insurance Cross-Sell
SYN-001907,6,20-05-2026,Bank Term Deposit
SYN-001907,7,30-05-2026,Insurance Cross-Sell
SYN-001907,8,10-06-2026,Payment Reminder / Collections Resolution
SYN-001907,9,20-06-2026,Payment Reminder / Collections Resolution
SYN-001907,10,30-06-2026,Payment Reminder / Collections Resolution
SYN-001907,11,10-07-2026,Insurance Cross-Sell
SYN-001907,12,20-07-2026,Insurance Cross-Sell
SYN-001907,13,30-07-2026,Payment Reminder / Collections Resolution
SYN-001907,14,10-08-2026,Payment Reminder / Collections Resolution
SYN-001907,15,20-08-2026,Payment Reminder / Collections Resolution
SYN-001907,16,30-08-2026,Payment Reminder / Collections Resolution
SYN-001907,17,10-09-2026,Payment Reminder / Collections Resolution
SYN-001907,18,20-09-2026,Payment Reminder / Collections Resolution
SYN-015044,1,30-03-2026,Bank Term Deposit
SYN-015044,2,10-04-2026,Bank Term Deposit
SYN-015044,3,20-04-2026,Bank Term Deposit
SYN-015044,4,30-04-2026,Insurance Cross-Sell
SYN-015044,5,10-05-2026,Insurance Cross-Sell
SYN-015044,6,20-05-2026,Service Intervention (Low NPS)
SYN-015044,7,30-05-2026,Insurance Cross-Sell
SYN-015044,8,10-06-2026,Insurance Cross-Sell
SYN-015044,9,20-06-2026,Insurance Cross-Sell
SYN-015044,10,30-06-2026,Insurance Cross-Sell
SYN-015044,11,10-07-2026,Insurance Cross-Sell
SYN-015044,12,20-07-2026,Service Intervention (Low NPS)
SYN-015044,13,30-07-2026,Service Intervention (Low NPS)
SYN-015044,14,10-08-2026,Insurance Cross-Sell
SYN-015044,15,20-08-2026,Insurance Cross-Sell
SYN-015044,16,30-08-2026,Insurance Cross-Sell
SYN-015044,17,10-09-2026,Insurance Cross-Sell
SYN-015044,18,20-09-2026,Insurance Cross-Sell
SYN-005990,1,30-03-2026,Bank Term Deposit
SYN-005990,2,10-04-2026,Bank Term Deposit
SYN-005990,3,20-04-2026,Bank Term Deposit
SYN-005990,4,30-04-2026,Bank Term Deposit
SYN-005990,5,10-05-2026,Bank Term Deposit
SYN-005990,6,20-05-2026,Bank Term Deposit
SYN-005990,7,30-05-2026,Bank Term Deposit
SYN-005990,8,10-06-2026,Bank Term Deposit
SYN-005990,9,20-06-2026,Bank Term Deposit
SYN-005990,10,30-06-2026,Retention Action
SYN-005990,11,10-07-2026,Bank Term Deposit
SYN-005990,12,20-07-2026,Bank Term Deposit
SYN-005990,13,30-07-2026,Bank Term Deposit
SYN-005990,14,10-08-2026,Bank Term Deposit
SYN-005990,15,20-08-2026,Bank Term Deposit
SYN-005990,16,30-08-2026,Payment Reminder / Collections Resolution
SYN-005990,17,10-09-2026,Payment Reminder / Collections Resolution
SYN-005990,18,20-09-2026,Payment Reminder / Collections Resolution
SYN-005456,1,30-03-2026,Insurance Cross-Sell
SYN-005456,2,10-04-2026,Insurance Cross-Sell
SYN-005456,3,20-04-2026,Service Intervention (Low NPS)
SYN-005456,4,30-04-2026,Insurance Cross-Sell
SYN-005456,5,10-05-2026,Insurance Cross-Sell
SYN-005456,6,20-05-2026,Insurance Cross-Sell
SYN-005456,7,30-05-2026,Insurance Cross-Sell
SYN-005456,8,10-06-2026,Insurance Cross-Sell
SYN-005456,9,20-06-2026,Insurance Cross-Sell
SYN-005456,10,30-06-2026,No Marketing Action (Consent Withheld)
SYN-005456,11,10-07-2026,No Marketing Action (Consent Withheld)
SYN-005456,12,20-07-2026,No Marketing Action (Consent Withheld)
SYN-005456,13,30-07-2026,No Marketing Action (Consent Withheld)
SYN-005456,14,10-08-2026,No Marketing Action (Consent Withheld)
SYN-005456,15,20-08-2026,No Marketing Action (Consent Withheld)
SYN-005456,16,30-08-2026,No Marketing Action (Consent Withheld)
SYN-005456,17,10-09-2026,No Marketing Action (Consent Withheld)
SYN-005456,18,20-09-2026,No Marketing Action (Consent Withheld)
SYN-039106,1,30-03-2026,Bank Term Deposit
SYN-039106,2,10-04-2026,Bank Term Deposit
SYN-039106,3,20-04-2026,Bank Term Deposit
SYN-039106,4,30-04-2026,Bank Term Deposit
SYN-039106,5,10-05-2026,Bank Term Deposit
SYN-039106,6,20-05-2026,Retention Action
SYN-039106,7,30-05-2026,Bank Term Deposit
SYN-039106,8,10-06-2026,Payment Reminder / Collections Resolution
SYN-039106,9,20-06-2026,Payment Reminder / Collections Resolution
SYN-039106,10,30-06-2026,Payment Reminder / Collections Resolution
SYN-039106,11,10-07-2026,Bank Term Deposit
SYN-039106,12,20-07-2026,Insurance Cross-Sell
SYN-039106,13,30-07-2026,Complete KYC
SYN-039106,14,10-08-2026,Complete KYC
SYN-039106,15,20-08-2026,Complete KYC
SYN-039106,16,30-08-2026,Complete KYC
SYN-039106,17,10-09-2026,Complete KYC
SYN-039106,18,20-09-2026,Complete KYC
SYN-039412,1,30-03-2026,Insurance Cross-Sell
SYN-039412,2,10-04-2026,Service Intervention (Low NPS)
SYN-039412,3,20-04-2026,Service Intervention (Low NPS)
SYN-039412,4,30-04-2026,Service Intervention (Low NPS)
SYN-039412,5,10-05-2026,Insurance Cross-Sell
SYN-039412,6,20-05-2026,Bank Term Deposit
SYN-039412,7,30-05-2026,Bank Term Deposit
SYN-039412,8,10-06-2026,Bank Term Deposit
SYN-039412,9,20-06-2026,Insurance Cross-Sell
SYN-039412,10,30-06-2026,Insurance Cross-Sell
SYN-039412,11,10-07-2026,Insurance Cross-Sell
SYN-039412,12,20-07-2026,Insurance Cross-Sell
SYN-039412,13,30-07-2026,Insurance Cross-Sell
SYN-039412,14,10-08-2026,Insurance Cross-Sell
SYN-039412,15,20-08-2026,Insurance Cross-Sell
SYN-039412,16,30-08-2026,Insurance Cross-Sell
SYN-039412,17,10-09-2026,Insurance Cross-Sell
SYN-039412,18,20-09-2026,Insurance Cross-Sell
SYN-037259,1,30-03-2026,Bank Term Deposit
SYN-037259,2,10-04-2026,Bank Term Deposit
SYN-037259,3,20-04-2026,Retention Action
SYN-037259,4,30-04-2026,Retention Action
SYN-037259,5,10-05-2026,Bank Term Deposit
SYN-037259,6,20-05-2026,Bank Term Deposit
SYN-037259,7,30-05-2026,Bank Term Deposit
SYN-037259,8,10-06-2026,Bank Term Deposit
SYN-037259,9,20-06-2026,Service Intervention (Low NPS)
SYN-037259,10,30-06-2026,Service Intervention (Low NPS)
SYN-037259,11,10-07-2026,Service Intervention (Low NPS)
SYN-037259,12,20-07-2026,Bank Term Deposit
SYN-037259,13,30-07-2026,Bank Term Deposit
SYN-037259,14,10-08-2026,Bank Term Deposit
SYN-037259,15,20-08-2026,Bank Term Deposit
SYN-037259,16,30-08-2026,Bank Term Deposit
SYN-037259,17,10-09-2026,Bank Term Deposit
SYN-037259,18,20-09-2026,Bank Term Deposit
SYN-003834,1,30-03-2026,Service Intervention (Low NPS)
SYN-003834,2,10-04-2026,Bank Term Deposit
SYN-003834,3,20-04-2026,Bank Term Deposit
SYN-003834,4,30-04-2026,Bank Term Deposit
SYN-003834,5,10-05-2026,Bank Term Deposit
SYN-003834,6,20-05-2026,Bank Term Deposit
SYN-003834,7,30-05-2026,Bank Term Deposit
SYN-003834,8,10-06-2026,Bank Term Deposit
SYN-003834,9,20-06-2026,Bank Term Deposit
SYN-003834,10,30-06-2026,Bank Term Deposit
SYN-003834,11,10-07-2026,Bank Term Deposit
SYN-003834,12,20-07-2026,Bank Term Deposit
SYN-003834,13,30-07-2026,Bank Term Deposit
SYN-003834,14,10-08-2026,Bank Term Deposit
SYN-003834,15,20-08-2026,Bank Term Deposit
SYN-003834,16,30-08-2026,Bank Term Deposit
SYN-003834,17,10-09-2026,Retention Action
SYN-003834,18,20-09-2026,Retention Action
SYN-011626,1,30-03-2026,Insurance Cross-Sell
SYN-011626,2,10-04-2026,Insurance Cross-Sell
SYN-011626,3,20-04-2026,Insurance Cross-Sell
SYN-011626,4,30-04-2026,Insurance Cross-Sell
SYN-011626,5,10-05-2026,Bank Term Deposit
SYN-011626,6,20-05-2026,Bank Term Deposit
SYN-011626,7,30-05-2026,Insurance Cross-Sell
SYN-011626,8,10-06-2026,Insurance Cross-Sell
SYN-011626,9,20-06-2026,Bank Term Deposit
SYN-011626,10,30-06-2026,Bank Term Deposit
SYN-011626,11,10-07-2026,Bank Term Deposit
SYN-011626,12,20-07-2026,Bank Term Deposit
SYN-011626,13,30-07-2026,Bank Term Deposit
SYN-011626,14,10-08-2026,Bank Term Deposit
SYN-011626,15,20-08-2026,Insurance Cross-Sell
SYN-011626,16,30-08-2026,Bank Term Deposit
SYN-011626,17,10-09-2026,Bank Term Deposit
SYN-011626,18,20-09-2026,Bank Term Deposit
SYN-000224,1,30-03-2026,Insurance Cross-Sell
SYN-000224,2,10-04-2026,Insurance Cross-Sell
SYN-000224,3,20-04-2026,Insurance Cross-Sell
SYN-000224,4,30-04-2026,Insurance Cross-Sell
SYN-000224,5,10-05-2026,Insurance Cross-Sell
SYN-000224,6,20-05-2026,Insurance Cross-Sell
SYN-000224,7,30-05-2026,Insurance Cross-Sell
SYN-000224,8,10-06-2026,Insurance Cross-Sell
SYN-000224,9,20-06-2026,Insurance Cross-Sell
SYN-000224,10,30-06-2026,Bank Term Deposit
SYN-000224,11,10-07-2026,Bank Term Deposit
SYN-000224,12,20-07-2026,Bank Term Deposit
SYN-000224,13,30-07-2026,Bank Term Deposit
SYN-000224,14,10-08-2026,Bank Term Deposit
SYN-000224,15,20-08-2026,Bank Term Deposit
SYN-000224,16,30-08-2026,Bank Term Deposit
SYN-000224,17,10-09-2026,Bank Term Deposit
SYN-000224,18,20-09-2026,Bank Term Deposit
SYN-025293,1,30-03-2026,Insurance Cross-Sell
SYN-025293,2,10-04-2026,Insurance Cross-Sell
SYN-025293,3,20-04-2026,Retention Action
SYN-025293,4,30-04-2026,Retention Action
SYN-025293,5,10-05-2026,Insurance Cross-Sell
SYN-025293,6,20-05-2026,Insurance Cross-Sell
SYN-025293,7,30-05-2026,Retention Action
SYN-025293,8,10-06-2026,Insurance Cross-Sell
SYN-025293,9,20-06-2026,Insurance Cross-Sell
SYN-025293,10,30-06-2026,Insurance Cross-Sell
SYN-025293,11,10-07-2026,Bank Term Deposit
SYN-025293,12,20-07-2026,Bank Term Deposit
SYN-025293,13,30-07-2026,Bank Term Deposit
SYN-025293,14,10-08-2026,Bank Term Deposit
SYN-025293,15,20-08-2026,Bank Term Deposit
SYN-025293,16,30-08-2026,Bank Term Deposit
SYN-025293,17,10-09-2026,Service Resolution
SYN-025293,18,20-09-2026,Service Resolution
SYN-044620,1,30-03-2026,Insurance Cross-Sell
SYN-044620,2,10-04-2026,Insurance Cross-Sell
SYN-044620,3,20-04-2026,Insurance Cross-Sell
SYN-044620,4,30-04-2026,Insurance Cross-Sell
SYN-044620,5,10-05-2026,Insurance Cross-Sell
SYN-044620,6,20-05-2026,Insurance Cross-Sell
SYN-044620,7,30-05-2026,Insurance Cross-Sell
SYN-044620,8,10-06-2026,Insurance Cross-Sell
SYN-044620,9,20-06-2026,Insurance Cross-Sell
SYN-044620,10,30-06-2026,Payment Reminder / Collections Resolution
SYN-044620,11,10-07-2026,Insurance Cross-Sell
SYN-044620,12,20-07-2026,Insurance Cross-Sell
SYN-044620,13,30-07-2026,Insurance Cross-Sell
SYN-044620,14,10-08-2026,Bank Term Deposit
SYN-044620,15,20-08-2026,Retention Action
SYN-044620,16,30-08-2026,Retention Action
SYN-044620,17,10-09-2026,Retention Action
SYN-044620,18,20-09-2026,Retention Action
SYN-005093,1,30-03-2026,Bank Term Deposit
SYN-005093,2,10-04-2026,Bank Term Deposit
SYN-005093,3,20-04-2026,Bank Term Deposit
SYN-005093,4,30-04-2026,Bank Term Deposit
SYN-005093,5,10-05-2026,Bank Term Deposit
SYN-005093,6,20-05-2026,Bank Term Deposit
SYN-005093,7,30-05-2026,Bank Term Deposit
SYN-005093,8,10-06-2026,Bank Term Deposit
SYN-005093,9,20-06-2026,Bank Term Deposit
SYN-005093,10,30-06-2026,Bank Term Deposit
SYN-005093,11,10-07-2026,Retention Action
SYN-005093,12,20-07-2026,Bank Term Deposit
SYN-005093,13,30-07-2026,Bank Term Deposit
SYN-005093,14,10-08-2026,Bank Term Deposit
SYN-005093,15,20-08-2026,Bank Term Deposit
SYN-005093,16,30-08-2026,Payment Reminder / Collections Resolution
SYN-005093,17,10-09-2026,Payment Reminder / Collections Resolution
SYN-005093,18,20-09-2026,Payment Reminder / Collections Resolution
SYN-028208,1,30-03-2026,Bank Term Deposit
SYN-028208,2,10-04-2026,Bank Term Deposit
SYN-028208,3,20-04-2026,Bank Term Deposit
SYN-028208,4,30-04-2026,Bank Term Deposit
SYN-028208,5,10-05-2026,Bank Term Deposit
SYN-028208,6,20-05-2026,Bank Term Deposit
SYN-028208,7,30-05-2026,Bank Term Deposit
SYN-028208,8,10-06-2026,Retention Action
SYN-028208,9,20-06-2026,Retention Action
SYN-028208,10,30-06-2026,Retention Action
SYN-028208,11,10-07-2026,Retention Action
SYN-028208,12,20-07-2026,Retention Action
SYN-028208,13,30-07-2026,Retention Action
SYN-028208,14,10-08-2026,Retention Action
SYN-028208,15,20-08-2026,Bank Term Deposit
SYN-028208,16,30-08-2026,Bank Term Deposit
SYN-028208,17,10-09-2026,Bank Term Deposit
SYN-028208,18,20-09-2026,Bank Term Deposit
SYN-018679,1,30-03-2026,Insurance Cross-Sell
SYN-018679,2,10-04-2026,Insurance Cross-Sell
SYN-018679,3,20-04-2026,Service Intervention (Low NPS)
SYN-018679,4,30-04-2026,Bank Term Deposit
SYN-018679,5,10-05-2026,Retention Action
SYN-018679,6,20-05-2026,Retention Action
SYN-018679,7,30-05-2026,Retention Action
SYN-018679,8,10-06-2026,Retention Action
SYN-018679,9,20-06-2026,Retention Action
SYN-018679,10,30-06-2026,Retention Action
SYN-018679,11,10-07-2026,Retention Action
SYN-018679,12,20-07-2026,Bank Term Deposit
SYN-018679,13,30-07-2026,Bank Term Deposit
SYN-018679,14,10-08-2026,Insurance Cross-Sell
SYN-018679,15,20-08-2026,Bank Term Deposit
SYN-018679,16,30-08-2026,Bank Term Deposit
SYN-018679,17,10-09-2026,Bank Term Deposit
SYN-018679,18,20-09-2026,Bank Term Deposit
SYN-011813,1,30-03-2026,Insurance Cross-Sell
SYN-011813,2,10-04-2026,Insurance Cross-Sell
SYN-011813,3,20-04-2026,Insurance Cross-Sell
SYN-011813,4,30-04-2026,Insurance Cross-Sell
SYN-011813,5,10-05-2026,Bank Term Deposit
SYN-011813,6,20-05-2026,Payment Reminder / Collections Resolution
SYN-011813,7,30-05-2026,Payment Reminder / Collections Resolution
SYN-011813,8,10-06-2026,Payment Reminder / Collections Resolution
SYN-011813,9,20-06-2026,Bank Term Deposit
SYN-011813,10,30-06-2026,Bank Term Deposit
SYN-011813,11,10-07-2026,Bank Term Deposit
SYN-011813,12,20-07-2026,Bank Term Deposit
SYN-011813,13,30-07-2026,Bank Term Deposit
SYN-011813,14,10-08-2026,Bank Term Deposit
SYN-011813,15,20-08-2026,Bank Term Deposit
SYN-011813,16,30-08-2026,Payment Reminder / Collections Resolution
SYN-011813,17,10-09-2026,Payment Reminder / Collections Resolution
SYN-011813,18,20-09-2026,Payment Reminder / Collections Resolution
SYN-040068,1,30-03-2026,Insurance Cross-Sell
SYN-040068,2,10-04-2026,Service Resolution
SYN-040068,3,20-04-2026,Insurance Cross-Sell
SYN-040068,4,30-04-2026,Insurance Cross-Sell
SYN-040068,5,10-05-2026,Insurance Cross-Sell
SYN-040068,6,20-05-2026,Insurance Cross-Sell
SYN-040068,7,30-05-2026,Insurance Cross-Sell
SYN-040068,8,10-06-2026,Insurance Cross-Sell
SYN-040068,9,20-06-2026,Bank Term Deposit
SYN-040068,10,30-06-2026,Insurance Cross-Sell
SYN-040068,11,10-07-2026,Insurance Cross-Sell
SYN-040068,12,20-07-2026,Insurance Cross-Sell
SYN-040068,13,30-07-2026,Insurance Cross-Sell
SYN-040068,14,10-08-2026,Insurance Cross-Sell
SYN-040068,15,20-08-2026,Bank Term Deposit
SYN-040068,16,30-08-2026,Bank Term Deposit
SYN-040068,17,10-09-2026,Bank Term Deposit
SYN-040068,18,20-09-2026,Bank Term Deposit
SYN-044652,1,30-03-2026,Insurance Cross-Sell
SYN-044652,2,10-04-2026,Insurance Cross-Sell
SYN-044652,3,20-04-2026,Insurance Cross-Sell
SYN-044652,4,30-04-2026,Insurance Cross-Sell
SYN-044652,5,10-05-2026,Insurance Cross-Sell
SYN-044652,6,20-05-2026,Insurance Cross-Sell
SYN-044652,7,30-05-2026,Insurance Cross-Sell
SYN-044652,8,10-06-2026,Retention Action
SYN-044652,9,20-06-2026,Retention Action
SYN-044652,10,30-06-2026,Insurance Cross-Sell
SYN-044652,11,10-07-2026,Insurance Cross-Sell
SYN-044652,12,20-07-2026,Insurance Cross-Sell
SYN-044652,13,30-07-2026,Insurance Cross-Sell
SYN-044652,14,10-08-2026,No Marketing Action (Consent Withheld)
SYN-044652,15,20-08-2026,No Marketing Action (Consent Withheld)
SYN-044652,16,30-08-2026,No Marketing Action (Consent Withheld)
SYN-044652,17,10-09-2026,No Marketing Action (Consent Withheld)
SYN-044652,18,20-09-2026,No Marketing Action (Consent Withheld)
SYN-024914,1,30-03-2026,Insurance Cross-Sell
SYN-024914,2,10-04-2026,Insurance Cross-Sell
SYN-024914,3,20-04-2026,Insurance Cross-Sell
SYN-024914,4,30-04-2026,Insurance Cross-Sell
SYN-024914,5,10-05-2026,Insurance Cross-Sell
SYN-024914,6,20-05-2026,Insurance Cross-Sell
SYN-024914,7,30-05-2026,Insurance Cross-Sell
SYN-024914,8,10-06-2026,Insurance Cross-Sell
SYN-024914,9,20-06-2026,Payment Reminder / Collections Resolution
SYN-024914,10,30-06-2026,Insurance Cross-Sell
SYN-024914,11,10-07-2026,Insurance Cross-Sell
SYN-024914,12,20-07-2026,Insurance Cross-Sell
SYN-024914,13,30-07-2026,Insurance Cross-Sell
SYN-024914,14,10-08-2026,Insurance Cross-Sell
SYN-024914,15,20-08-2026,Insurance Cross-Sell
SYN-024914,16,30-08-2026,Payment Reminder / Collections Resolution
SYN-024914,17,10-09-2026,Payment Reminder / Collections Resolution
SYN-024914,18,20-09-2026,Payment Reminder / Collections Resolution
SYN-010947,1,30-03-2026,Insurance Cross-Sell
SYN-010947,2,10-04-2026,Retention Action
SYN-010947,3,20-04-2026,Insurance Cross-Sell
SYN-010947,4,30-04-2026,Retention Action
SYN-010947,5,10-05-2026,Retention Action
SYN-010947,6,20-05-2026,Retention Action
SYN-010947,7,30-05-2026,Insurance Cross-Sell
SYN-010947,8,10-06-2026,Insurance Cross-Sell
SYN-010947,9,20-06-2026,Insurance Cross-Sell
SYN-010947,10,30-06-2026,Insurance Cross-Sell
SYN-010947,11,10-07-2026,Insurance Cross-Sell
SYN-010947,12,20-07-2026,Insurance Cross-Sell
SYN-010947,13,30-07-2026,Insurance Cross-Sell
SYN-010947,14,10-08-2026,Insurance Cross-Sell
SYN-010947,15,20-08-2026,Insurance Cross-Sell
SYN-010947,16,30-08-2026,Insurance Cross-Sell
SYN-010947,17,10-09-2026,Insurance Cross-Sell
SYN-010947,18,20-09-2026,Insurance Cross-Sell
SYN-030866,1,30-03-2026,Bank Term Deposit
SYN-030866,2,10-04-2026,Bank Term Deposit
SYN-030866,3,20-04-2026,Bank Term Deposit
SYN-030866,4,30-04-2026,Bank Term Deposit
SYN-030866,5,10-05-2026,Insurance Cross-Sell
SYN-030866,6,20-05-2026,Insurance Cross-Sell
SYN-030866,7,30-05-2026,Insurance Cross-Sell
SYN-030866,8,10-06-2026,Insurance Cross-Sell
SYN-030866,9,20-06-2026,Bank Term Deposit
SYN-030866,10,30-06-2026,Bank Term Deposit
SYN-030866,11,10-07-2026,Bank Term Deposit
SYN-030866,12,20-07-2026,Bank Term Deposit
SYN-030866,13,30-07-2026,Bank Term Deposit
SYN-030866,14,10-08-2026,Retention Action
SYN-030866,15,20-08-2026,Bank Term Deposit
SYN-030866,16,30-08-2026,Bank Term Deposit
SYN-030866,17,10-09-2026,Bank Term Deposit
SYN-030866,18,20-09-2026,Bank Term Deposit
SYN-044888,1,30-03-2026,Retention Action
SYN-044888,2,10-04-2026,Bank Term Deposit
SYN-044888,3,20-04-2026,Bank Term Deposit
SYN-044888,4,30-04-2026,Bank Term Deposit
SYN-044888,5,10-05-2026,Bank Term Deposit
SYN-044888,6,20-05-2026,Bank Term Deposit
SYN-044888,7,30-05-2026,Bank Term Deposit
SYN-044888,8,10-06-2026,Bank Term Deposit
SYN-044888,9,20-06-2026,Insurance Cross-Sell
SYN-044888,10,30-06-2026,Insurance Cross-Sell
SYN-044888,11,10-07-2026,Insurance Cross-Sell
SYN-044888,12,20-07-2026,Insurance Cross-Sell
SYN-044888,13,30-07-2026,Insurance Cross-Sell
SYN-044888,14,10-08-2026,Bank Term Deposit
SYN-044888,15,20-08-2026,Bank Term Deposit
SYN-044888,16,30-08-2026,Bank Term Deposit
SYN-044888,17,10-09-2026,Bank Term Deposit
SYN-044888,18,20-09-2026,Bank Term Deposit
SYN-038727,1,30-03-2026,Insurance Cross-Sell
SYN-038727,2,10-04-2026,Insurance Cross-Sell
SYN-038727,3,20-04-2026,Insurance Cross-Sell
SYN-038727,4,30-04-2026,Insurance Cross-Sell
SYN-038727,5,10-05-2026,Bank Term Deposit
SYN-038727,6,20-05-2026,Bank Term Deposit
SYN-038727,7,30-05-2026,Insurance Cross-Sell
SYN-038727,8,10-06-2026,Insurance Cross-Sell
SYN-038727,9,20-06-2026,Insurance Cross-Sell
SYN-038727,10,30-06-2026,Insurance Cross-Sell
SYN-038727,11,10-07-2026,Insurance Cross-Sell
SYN-038727,12,20-07-2026,Insurance Cross-Sell
SYN-038727,13,30-07-2026,Insurance Cross-Sell
SYN-038727,14,10-08-2026,Insurance Cross-Sell
SYN-038727,15,20-08-2026,Insurance Cross-Sell
SYN-038727,16,30-08-2026,Bank Term Deposit
SYN-038727,17,10-09-2026,Service Resolution
SYN-038727,18,20-09-2026,Service Resolution
SYN-017502,1,30-03-2026,Bank Term Deposit
SYN-017502,2,10-04-2026,Bank Term Deposit
SYN-017502,3,20-04-2026,Bank Term Deposit
SYN-017502,4,30-04-2026,Insurance Cross-Sell
SYN-017502,5,10-05-2026,Insurance Cross-Sell
SYN-017502,6,20-05-2026,Insurance Cross-Sell
SYN-017502,7,30-05-2026,Insurance Cross-Sell
SYN-017502,8,10-06-2026,Insurance Cross-Sell
SYN-017502,9,20-06-2026,Insurance Cross-Sell
SYN-017502,10,30-06-2026,Insurance Cross-Sell
SYN-017502,11,10-07-2026,Insurance Cross-Sell
SYN-017502,12,20-07-2026,Bank Term Deposit
SYN-017502,13,30-07-2026,Bank Term Deposit
SYN-017502,14,10-08-2026,Bank Term Deposit
SYN-017502,15,20-08-2026,Bank Term Deposit
SYN-017502,16,30-08-2026,Retention Action
SYN-017502,17,10-09-2026,Retention Action
SYN-017502,18,20-09-2026,Retention Action
SYN-004921,1,30-03-2026,Insurance Cross-Sell
SYN-004921,2,10-04-2026,Payment Reminder / Collections Resolution
SYN-004921,3,20-04-2026,Payment Reminder / Collections Resolution
SYN-004921,4,30-04-2026,Insurance Cross-Sell
SYN-004921,5,10-05-2026,Insurance Cross-Sell
SYN-004921,6,20-05-2026,Insurance Cross-Sell
SYN-004921,7,30-05-2026,Insurance Cross-Sell
SYN-004921,8,10-06-2026,Insurance Cross-Sell
SYN-004921,9,20-06-2026,Bank Term Deposit
SYN-004921,10,30-06-2026,Bank Term Deposit
SYN-004921,11,10-07-2026,Bank Term Deposit
SYN-004921,12,20-07-2026,Insurance Cross-Sell
SYN-004921,13,30-07-2026,Insurance Cross-Sell
SYN-004921,14,10-08-2026,Bank Term Deposit
SYN-004921,15,20-08-2026,Bank Term Deposit
SYN-004921,16,30-08-2026,Bank Term Deposit
SYN-004921,17,10-09-2026,Bank Term Deposit
SYN-004921,18,20-09-2026,Bank Term Deposit
SYN-011038,1,30-03-2026,Bank Term Deposit
SYN-011038,2,10-04-2026,Bank Term Deposit
SYN-011038,3,20-04-2026,Bank Term Deposit
SYN-011038,4,30-04-2026,Bank Term Deposit
SYN-011038,5,10-05-2026,Bank Term Deposit
SYN-011038,6,20-05-2026,Bank Term Deposit
SYN-011038,7,30-05-2026,Bank Term Deposit
SYN-011038,8,10-06-2026,Bank Term Deposit
SYN-011038,9,20-06-2026,Insurance Cross-Sell
SYN-011038,10,30-06-2026,Insurance Cross-Sell
SYN-011038,11,10-07-2026,Bank Term Deposit
SYN-011038,12,20-07-2026,Bank Term Deposit
SYN-011038,13,30-07-2026,Retention Action
SYN-011038,14,10-08-2026,Bank Term Deposit
SYN-011038,15,20-08-2026,Payment Reminder / Collections Resolution
SYN-011038,16,30-08-2026,Payment Reminder / Collections Resolution
SYN-011038,17,10-09-2026,Bank Term Deposit
SYN-011038,18,20-09-2026,Bank Term Deposit
SYN-042610,1,30-03-2026,Insurance Cross-Sell
SYN-042610,2,10-04-2026,Insurance Cross-Sell
SYN-042610,3,20-04-2026,Insurance Cross-Sell
SYN-042610,4,30-04-2026,Insurance Cross-Sell
SYN-042610,5,10-05-2026,Insurance Cross-Sell
SYN-042610,6,20-05-2026,Insurance Cross-Sell
SYN-042610,7,30-05-2026,Insurance Cross-Sell
SYN-042610,8,10-06-2026,Service Intervention (Low NPS)
SYN-042610,9,20-06-2026,Service Intervention (Low NPS)
SYN-042610,10,30-06-2026,Bank Term Deposit
SYN-042610,11,10-07-2026,Bank Term Deposit
SYN-042610,12,20-07-2026,Bank Term Deposit
SYN-042610,13,30-07-2026,Bank Term Deposit
SYN-042610,14,10-08-2026,Bank Term Deposit
SYN-042610,15,20-08-2026,Bank Term Deposit
SYN-042610,16,30-08-2026,Bank Term Deposit
SYN-042610,17,10-09-2026,Bank Term Deposit
SYN-042610,18,20-09-2026,Bank Term Deposit
SYN-010242,1,30-03-2026,Bank Term Deposit
SYN-010242,2,10-04-2026,Bank Term Deposit
SYN-010242,3,20-04-2026,Service Intervention (Low NPS)
SYN-010242,4,30-04-2026,Bank Term Deposit
SYN-010242,5,10-05-2026,Insurance Cross-Sell
SYN-010242,6,20-05-2026,Insurance Cross-Sell
SYN-010242,7,30-05-2026,Insurance Cross-Sell
SYN-010242,8,10-06-2026,Bank Term Deposit
SYN-010242,9,20-06-2026,Bank Term Deposit
SYN-010242,10,30-06-2026,Bank Term Deposit
SYN-010242,11,10-07-2026,Bank Term Deposit
SYN-010242,12,20-07-2026,Bank Term Deposit
SYN-010242,13,30-07-2026,Insurance Cross-Sell
SYN-010242,14,10-08-2026,Complete KYC
SYN-010242,15,20-08-2026,Complete KYC
SYN-010242,16,30-08-2026,Complete KYC
SYN-010242,17,10-09-2026,Complete KYC
SYN-010242,18,20-09-2026,Complete KYC
SYN-033108,1,30-03-2026,Insurance Cross-Sell
SYN-033108,2,10-04-2026,Insurance Cross-Sell
SYN-033108,3,20-04-2026,Insurance Cross-Sell
SYN-033108,4,30-04-2026,Service Intervention (Low NPS)
SYN-033108,5,10-05-2026,Insurance Cross-Sell
SYN-033108,6,20-05-2026,Insurance Cross-Sell
SYN-033108,7,30-05-2026,Insurance Cross-Sell
SYN-033108,8,10-06-2026,Insurance Cross-Sell
SYN-033108,9,20-06-2026,Insurance Cross-Sell
SYN-033108,10,30-06-2026,Insurance Cross-Sell
SYN-033108,11,10-07-2026,Insurance Cross-Sell
SYN-033108,12,20-07-2026,Insurance Cross-Sell
SYN-033108,13,30-07-2026,Insurance Cross-Sell
SYN-033108,14,10-08-2026,Insurance Cross-Sell
SYN-033108,15,20-08-2026,Insurance Cross-Sell
SYN-033108,16,30-08-2026,Insurance Cross-Sell
SYN-033108,17,10-09-2026,Insurance Cross-Sell
SYN-033108,18,20-09-2026,Insurance Cross-Sell
SYN-021094,1,30-03-2026,Insurance Cross-Sell
SYN-021094,2,10-04-2026,Retention Action
SYN-021094,3,20-04-2026,Insurance Cross-Sell
SYN-021094,4,30-04-2026,Insurance Cross-Sell
SYN-021094,5,10-05-2026,Insurance Cross-Sell
SYN-021094,6,20-05-2026,Insurance Cross-Sell
SYN-021094,7,30-05-2026,Insurance Cross-Sell
SYN-021094,8,10-06-2026,Insurance Cross-Sell
SYN-021094,9,20-06-2026,Insurance Cross-Sell
SYN-021094,10,30-06-2026,Insurance Cross-Sell
SYN-021094,11,10-07-2026,Insurance Cross-Sell
SYN-021094,12,20-07-2026,Insurance Cross-Sell
SYN-021094,13,30-07-2026,No Marketing Action (Consent Withheld)
SYN-021094,14,10-08-2026,No Marketing Action (Consent Withheld)
SYN-021094,15,20-08-2026,No Marketing Action (Consent Withheld)
SYN-021094,16,30-08-2026,No Marketing Action (Consent Withheld)
SYN-021094,17,10-09-2026,No Marketing Action (Consent Withheld)
SYN-021094,18,20-09-2026,No Marketing Action (Consent Withheld)
SYN-008032,1,30-03-2026,Bank Term Deposit
SYN-008032,2,10-04-2026,Insurance Cross-Sell
SYN-008032,3,20-04-2026,Service Resolution
SYN-008032,4,30-04-2026,Service Resolution
SYN-008032,5,10-05-2026,Insurance Cross-Sell
SYN-008032,6,20-05-2026,Insurance Cross-Sell
SYN-008032,7,30-05-2026,Insurance Cross-Sell
SYN-008032,8,10-06-2026,Insurance Cross-Sell
SYN-008032,9,20-06-2026,Insurance Cross-Sell
SYN-008032,10,30-06-2026,Bank Term Deposit
SYN-008032,11,10-07-2026,Insurance Cross-Sell
SYN-008032,12,20-07-2026,Insurance Cross-Sell
SYN-008032,13,30-07-2026,Insurance Cross-Sell
SYN-008032,14,10-08-2026,Insurance Cross-Sell
SYN-008032,15,20-08-2026,Insurance Cross-Sell
SYN-008032,16,30-08-2026,Insurance Cross-Sell
SYN-008032,17,10-09-2026,Insurance Cross-Sell
SYN-008032,18,20-09-2026,Insurance Cross-Sell
SYN-040595,1,30-03-2026,Bank Term Deposit
SYN-040595,2,10-04-2026,Bank Term Deposit
SYN-040595,3,20-04-2026,Bank Term Deposit
SYN-040595,4,30-04-2026,Bank Term Deposit
SYN-040595,5,10-05-2026,Payment Reminder / Collections Resolution
SYN-040595,6,20-05-2026,Bank Term Deposit
SYN-040595,7,30-05-2026,Bank Term Deposit
SYN-040595,8,10-06-2026,Insurance Cross-Sell
SYN-040595,9,20-06-2026,Insurance Cross-Sell
SYN-040595,10,30-06-2026,Insurance Cross-Sell
SYN-040595,11,10-07-2026,Insurance Cross-Sell
SYN-040595,12,20-07-2026,Insurance Cross-Sell
SYN-040595,13,30-07-2026,Insurance Cross-Sell
SYN-040595,14,10-08-2026,Insurance Cross-Sell
SYN-040595,15,20-08-2026,Insurance Cross-Sell
SYN-040595,16,30-08-2026,Insurance Cross-Sell
SYN-040595,17,10-09-2026,Insurance Cross-Sell
SYN-040595,18,20-09-2026,Insurance Cross-Sell
SYN-016267,1,30-03-2026,Insurance Cross-Sell
SYN-016267,2,10-04-2026,Insurance Cross-Sell
SYN-016267,3,20-04-2026,Insurance Cross-Sell
SYN-016267,4,30-04-2026,Insurance Cross-Sell
SYN-016267,5,10-05-2026,Bank Term Deposit
SYN-016267,6,20-05-2026,Bank Term Deposit
SYN-016267,7,30-05-2026,Insurance Cross-Sell
SYN-016267,8,10-06-2026,Insurance Cross-Sell
SYN-016267,9,20-06-2026,Service Intervention (Low NPS)
SYN-016267,10,30-06-2026,Service Intervention (Low NPS)
SYN-016267,11,10-07-2026,Insurance Cross-Sell
SYN-016267,12,20-07-2026,Insurance Cross-Sell
SYN-016267,13,30-07-2026,Insurance Cross-Sell
SYN-016267,14,10-08-2026,Insurance Cross-Sell
SYN-016267,15,20-08-2026,Insurance Cross-Sell
SYN-016267,16,30-08-2026,Insurance Cross-Sell
SYN-016267,17,10-09-2026,Insurance Cross-Sell
SYN-016267,18,20-09-2026,Insurance Cross-Sell
SYN-005599,1,30-03-2026,Bank Term Deposit
SYN-005599,2,10-04-2026,Insurance Cross-Sell
SYN-005599,3,20-04-2026,Insurance Cross-Sell
SYN-005599,4,30-04-2026,Insurance Cross-Sell
SYN-005599,5,10-05-2026,Insurance Cross-Sell
SYN-005599,6,20-05-2026,Insurance Cross-Sell
SYN-005599,7,30-05-2026,Insurance Cross-Sell
SYN-005599,8,10-06-2026,Insurance Cross-Sell
SYN-005599,9,20-06-2026,Insurance Cross-Sell
SYN-005599,10,30-06-2026,Insurance Cross-Sell
SYN-005599,11,10-07-2026,Insurance Cross-Sell
SYN-005599,12,20-07-2026,Insurance Cross-Sell
SYN-005599,13,30-07-2026,Insurance Cross-Sell
SYN-005599,14,10-08-2026,Retention Action
SYN-005599,15,20-08-2026,Insurance Cross-Sell
SYN-005599,16,30-08-2026,Insurance Cross-Sell
SYN-005599,17,10-09-2026,Insurance Cross-Sell
SYN-005599,18,20-09-2026,Insurance Cross-Sell
SYN-000146,1,30-03-2026,Insurance Cross-Sell
SYN-000146,2,10-04-2026,Insurance Cross-Sell
SYN-000146,3,20-04-2026,Bank Term Deposit
SYN-000146,4,30-04-2026,Bank Term Deposit
SYN-000146,5,10-05-2026,Bank Term Deposit
SYN-000146,6,20-05-2026,Bank Term Deposit
SYN-000146,7,30-05-2026,Bank Term Deposit
SYN-000146,8,10-06-2026,Service Intervention (Low NPS)
SYN-000146,9,20-06-2026,Bank Term Deposit
SYN-000146,10,30-06-2026,Insurance Cross-Sell
SYN-000146,11,10-07-2026,Insurance Cross-Sell
SYN-000146,12,20-07-2026,Insurance Cross-Sell
SYN-000146,13,30-07-2026,Bank Term Deposit
SYN-000146,14,10-08-2026,Bank Term Deposit
SYN-000146,15,20-08-2026,Bank Term Deposit
SYN-000146,16,30-08-2026,Insurance Cross-Sell
SYN-000146,17,10-09-2026,Insurance Cross-Sell
SYN-000146,18,20-09-2026,Insurance Cross-Sell
SYN-025871,1,30-03-2026,Retention Action
SYN-025871,2,10-04-2026,Insurance Cross-Sell
SYN-025871,3,20-04-2026,Insurance Cross-Sell
SYN-025871,4,30-04-2026,Insurance Cross-Sell
SYN-025871,5,10-05-2026,Insurance Cross-Sell
SYN-025871,6,20-05-2026,Insurance Cross-Sell
SYN-025871,7,30-05-2026,Insurance Cross-Sell
SYN-025871,8,10-06-2026,Insurance Cross-Sell
SYN-025871,9,20-06-2026,Insurance Cross-Sell
SYN-025871,10,30-06-2026,Bank Term Deposit
SYN-025871,11,10-07-2026,Bank Term Deposit
SYN-025871,12,20-07-2026,Bank Term Deposit
SYN-025871,13,30-07-2026,Bank Term Deposit
SYN-025871,14,10-08-2026,Insurance Cross-Sell
SYN-025871,15,20-08-2026,Insurance Cross-Sell
SYN-025871,16,30-08-2026,Retention Action
SYN-025871,17,10-09-2026,Insurance Cross-Sell
SYN-025871,18,20-09-2026,Insurance Cross-Sell
SYN-026560,1,30-03-2026,Bank Term Deposit
SYN-026560,2,10-04-2026,Bank Term Deposit
SYN-026560,3,20-04-2026,Bank Term Deposit
SYN-026560,4,30-04-2026,Service Resolution
SYN-026560,5,10-05-2026,Insurance Cross-Sell
SYN-026560,6,20-05-2026,Service Intervention (Low NPS)
SYN-026560,7,30-05-2026,Service Intervention (Low NPS)
SYN-026560,8,10-06-2026,Insurance Cross-Sell
SYN-026560,9,20-06-2026,Insurance Cross-Sell
SYN-026560,10,30-06-2026,Bank Term Deposit
SYN-026560,11,10-07-2026,Insurance Cross-Sell
SYN-026560,12,20-07-2026,Bank Term Deposit
SYN-026560,13,30-07-2026,Bank Term Deposit
SYN-026560,14,10-08-2026,Bank Term Deposit
SYN-026560,15,20-08-2026,Bank Term Deposit
SYN-026560,16,30-08-2026,Bank Term Deposit
SYN-026560,17,10-09-2026,Bank Term Deposit
SYN-026560,18,20-09-2026,Bank Term Deposit
SYN-030442,1,30-03-2026,Insurance Cross-Sell
SYN-030442,2,10-04-2026,Insurance Cross-Sell
SYN-030442,3,20-04-2026,Insurance Cross-Sell
SYN-030442,4,30-04-2026,Bank Term Deposit
SYN-030442,5,10-05-2026,Bank Term Deposit
SYN-030442,6,20-05-2026,Bank Term Deposit
SYN-030442,7,30-05-2026,Bank Term Deposit
SYN-030442,8,10-06-2026,Bank Term Deposit
SYN-030442,9,20-06-2026,Bank Term Deposit
SYN-030442,10,30-06-2026,Retention Action
SYN-030442,11,10-07-2026,Bank Term Deposit
SYN-030442,12,20-07-2026,Bank Term Deposit
SYN-030442,13,30-07-2026,Bank Term Deposit
SYN-030442,14,10-08-2026,Bank Term Deposit
SYN-030442,15,20-08-2026,Bank Term Deposit
SYN-030442,16,30-08-2026,Service Intervention (Low NPS)
SYN-030442,17,10-09-2026,Service Intervention (Low NPS)
SYN-030442,18,20-09-2026,Service Intervention (Low NPS)
SYN-001626,1,30-03-2026,Insurance Cross-Sell
SYN-001626,2,10-04-2026,Insurance Cross-Sell
SYN-001626,3,20-04-2026,Insurance Cross-Sell
SYN-001626,4,30-04-2026,Insurance Cross-Sell
SYN-001626,5,10-05-2026,Insurance Cross-Sell
SYN-001626,6,20-05-2026,Insurance Cross-Sell
SYN-001626,7,30-05-2026,Insurance Cross-Sell
SYN-001626,8,10-06-2026,Insurance Cross-Sell
SYN-001626,9,20-06-2026,Insurance Cross-Sell
SYN-001626,10,30-06-2026,Insurance Cross-Sell
SYN-001626,11,10-07-2026,Insurance Cross-Sell
SYN-001626,12,20-07-2026,Insurance Cross-Sell
SYN-001626,13,30-07-2026,Insurance Cross-Sell
SYN-001626,14,10-08-2026,No Marketing Action (Consent Withheld)
SYN-001626,15,20-08-2026,No Marketing Action (Consent Withheld)
SYN-001626,16,30-08-2026,No Marketing Action (Consent Withheld)
SYN-001626,17,10-09-2026,No Marketing Action (Consent Withheld)
SYN-001626,18,20-09-2026,No Marketing Action (Consent Withheld)
SYN-045003,1,30-03-2026,Bank Term Deposit
SYN-045003,2,10-04-2026,Bank Term Deposit
SYN-045003,3,20-04-2026,Insurance Cross-Sell
SYN-045003,4,30-04-2026,Insurance Cross-Sell
SYN-045003,5,10-05-2026,Service Resolution
SYN-045003,6,20-05-2026,Insurance Cross-Sell
SYN-045003,7,30-05-2026,Insurance Cross-Sell
SYN-045003,8,10-06-2026,Insurance Cross-Sell
SYN-045003,9,20-06-2026,Insurance Cross-Sell
SYN-045003,10,30-06-2026,Insurance Cross-Sell
SYN-045003,11,10-07-2026,Bank Term Deposit
SYN-045003,12,20-07-2026,Bank Term Deposit
SYN-045003,13,30-07-2026,Bank Term Deposit
SYN-045003,14,10-08-2026,Bank Term Deposit
SYN-045003,15,20-08-2026,Insurance Cross-Sell
SYN-045003,16,30-08-2026,Insurance Cross-Sell
SYN-045003,17,10-09-2026,Bank Term Deposit
SYN-045003,18,20-09-2026,Bank Term Deposit
SYN-015140,1,30-03-2026,Insurance Cross-Sell
SYN-015140,2,10-04-2026,Insurance Cross-Sell
SYN-015140,3,20-04-2026,Insurance Cross-Sell
SYN-015140,4,30-04-2026,Insurance Cross-Sell
SYN-015140,5,10-05-2026,Insurance Cross-Sell
SYN-015140,6,20-05-2026,Insurance Cross-Sell
SYN-015140,7,30-05-2026,Insurance Cross-Sell
SYN-015140,8,10-06-2026,Insurance Cross-Sell
SYN-015140,9,20-06-2026,Service Intervention (Low NPS)
SYN-015140,10,30-06-2026,Service Intervention (Low NPS)
SYN-015140,11,10-07-2026,Insurance Cross-Sell
SYN-015140,12,20-07-2026,Insurance Cross-Sell
SYN-015140,13,30-07-2026,Insurance Cross-Sell
SYN-015140,14,10-08-2026,Insurance Cross-Sell
SYN-015140,15,20-08-2026,Insurance Cross-Sell
SYN-015140,16,30-08-2026,Insurance Cross-Sell
SYN-015140,17,10-09-2026,Service Resolution
SYN-015140,18,20-09-2026,Service Resolution
SYN-005430,1,30-03-2026,Insurance Cross-Sell
SYN-005430,2,10-04-2026,Insurance Cross-Sell
SYN-005430,3,20-04-2026,Insurance Cross-Sell
SYN-005430,4,30-04-2026,Insurance Cross-Sell
SYN-005430,5,10-05-2026,Insurance Cross-Sell
SYN-005430,6,20-05-2026,Insurance Cross-Sell
SYN-005430,7,30-05-2026,Insurance Cross-Sell
SYN-005430,8,10-06-2026,Insurance Cross-Sell
SYN-005430,9,20-06-2026,Insurance Cross-Sell
SYN-005430,10,30-06-2026,Insurance Cross-Sell
SYN-005430,11,10-07-2026,Insurance Cross-Sell
SYN-005430,12,20-07-2026,Insurance Cross-Sell
SYN-005430,13,30-07-2026,Insurance Cross-Sell
SYN-005430,14,10-08-2026,Bank Term Deposit
SYN-005430,15,20-08-2026,Bank Term Deposit
SYN-005430,16,30-08-2026,Bank Term Deposit
SYN-005430,17,10-09-2026,Retention Action
SYN-005430,18,20-09-2026,Retention Action
SYN-041383,1,30-03-2026,Bank Term Deposit
SYN-041383,2,10-04-2026,Bank Term Deposit
SYN-041383,3,20-04-2026,Bank Term Deposit
SYN-041383,4,30-04-2026,Bank Term Deposit
SYN-041383,5,10-05-2026,Bank Term Deposit
SYN-041383,6,20-05-2026,Bank Term Deposit
SYN-041383,7,30-05-2026,Bank Term Deposit
SYN-041383,8,10-06-2026,Bank Term Deposit
SYN-041383,9,20-06-2026,Insurance Cross-Sell
SYN-041383,10,30-06-2026,Insurance Cross-Sell
SYN-041383,11,10-07-2026,Bank Term Deposit
SYN-041383,12,20-07-2026,Retention Action
SYN-041383,13,30-07-2026,Bank Term Deposit
SYN-041383,14,10-08-2026,Bank Term Deposit
SYN-041383,15,20-08-2026,Bank Term Deposit
SYN-041383,16,30-08-2026,Bank Term Deposit
SYN-041383,17,10-09-2026,Bank Term Deposit
SYN-041383,18,20-09-2026,Bank Term Deposit
SYN-000973,1,30-03-2026,Insurance Cross-Sell
SYN-000973,2,10-04-2026,Bank Term Deposit
SYN-000973,3,20-04-2026,Bank Term Deposit
SYN-000973,4,30-04-2026,Bank Term Deposit
SYN-000973,5,10-05-2026,Bank Term Deposit
SYN-000973,6,20-05-2026,Bank Term Deposit
SYN-000973,7,30-05-2026,Bank Term Deposit
SYN-000973,8,10-06-2026,Bank Term Deposit
SYN-000973,9,20-06-2026,Service Intervention (Low NPS)
SYN-000973,10,30-06-2026,Bank Term Deposit
SYN-000973,11,10-07-2026,Bank Term Deposit
SYN-000973,12,20-07-2026,Service Resolution
SYN-000973,13,30-07-2026,Insurance Cross-Sell
SYN-000973,14,10-08-2026,Insurance Cross-Sell
SYN-000973,15,20-08-2026,Insurance Cross-Sell
SYN-000973,16,30-08-2026,Insurance Cross-Sell
SYN-000973,17,10-09-2026,Bank Term Deposit
SYN-000973,18,20-09-2026,Bank Term Deposit
SYN-044619,1,30-03-2026,Insurance Cross-Sell
SYN-044619,2,10-04-2026,Retention Action
SYN-044619,3,20-04-2026,Insurance Cross-Sell
SYN-044619,4,30-04-2026,Insurance Cross-Sell
SYN-044619,5,10-05-2026,Bank Term Deposit
SYN-044619,6,20-05-2026,Bank Term Deposit
SYN-044619,7,30-05-2026,Bank Term Deposit
SYN-044619,8,10-06-2026,Insurance Cross-Sell
SYN-044619,9,20-06-2026,Insurance Cross-Sell
SYN-044619,10,30-06-2026,Insurance Cross-Sell
SYN-044619,11,10-07-2026,Insurance Cross-Sell
SYN-044619,12,20-07-2026,Insurance Cross-Sell
SYN-044619,13,30-07-2026,Insurance Cross-Sell
SYN-044619,14,10-08-2026,Service Resolution
SYN-044619,15,20-08-2026,Service Resolution
SYN-044619,16,30-08-2026,Insurance Cross-Sell
SYN-044619,17,10-09-2026,Bank Term Deposit
SYN-044619,18,20-09-2026,Bank Term Deposit
SYN-036998,1,30-03-2026,Bank Term Deposit
SYN-036998,2,10-04-2026,Bank Term Deposit
SYN-036998,3,20-04-2026,Bank Term Deposit
SYN-036998,4,30-04-2026,Bank Term Deposit
SYN-036998,5,10-05-2026,Bank Term Deposit
SYN-036998,6,20-05-2026,Bank Term Deposit
SYN-036998,7,30-05-2026,Bank Term Deposit
SYN-036998,8,10-06-2026,Bank Term Deposit
SYN-036998,9,20-06-2026,Bank Term Deposit
SYN-036998,10,30-06-2026,Insurance Cross-Sell
SYN-036998,11,10-07-2026,Insurance Cross-Sell
SYN-036998,12,20-07-2026,Insurance Cross-Sell
SYN-036998,13,30-07-2026,Insurance Cross-Sell
SYN-036998,14,10-08-2026,Insurance Cross-Sell
SYN-036998,15,20-08-2026,Insurance Cross-Sell
SYN-036998,16,30-08-2026,Insurance Cross-Sell
SYN-036998,17,10-09-2026,Payment Reminder / Collections Resolution
SYN-036998,18,20-09-2026,Payment Reminder / Collections Resolution
SYN-018344,1,30-03-2026,Bank Term Deposit
SYN-018344,2,10-04-2026,Bank Term Deposit
SYN-018344,3,20-04-2026,Insurance Cross-Sell
SYN-018344,4,30-04-2026,Insurance Cross-Sell
SYN-018344,5,10-05-2026,Insurance Cross-Sell
SYN-018344,6,20-05-2026,Insurance Cross-Sell
SYN-018344,7,30-05-2026,Insurance Cross-Sell
SYN-018344,8,10-06-2026,Insurance Cross-Sell
SYN-018344,9,20-06-2026,Bank Term Deposit
SYN-018344,10,30-06-2026,Bank Term Deposit
SYN-018344,11,10-07-2026,Bank Term Deposit
SYN-018344,12,20-07-2026,Bank Term Deposit
SYN-018344,13,30-07-2026,Bank Term Deposit
SYN-018344,14,10-08-2026,Bank Term Deposit
SYN-018344,15,20-08-2026,Bank Term Deposit
SYN-018344,16,30-08-2026,Bank Term Deposit
SYN-018344,17,10-09-2026,Bank Term Deposit
SYN-018344,18,20-09-2026,Bank Term Deposit
SYN-015356,1,30-03-2026,Insurance Cross-Sell
SYN-015356,2,10-04-2026,Bank Term Deposit
SYN-015356,3,20-04-2026,Bank Term Deposit
SYN-015356,4,30-04-2026,Bank Term Deposit
SYN-015356,5,10-05-2026,Bank Term Deposit
SYN-015356,6,20-05-2026,Insurance Cross-Sell
SYN-015356,7,30-05-2026,Insurance Cross-Sell
SYN-015356,8,10-06-2026,Insurance Cross-Sell
SYN-015356,9,20-06-2026,Insurance Cross-Sell
SYN-015356,10,30-06-2026,Insurance Cross-Sell
SYN-015356,11,10-07-2026,Insurance Cross-Sell
SYN-015356,12,20-07-2026,Insurance Cross-Sell
SYN-015356,13,30-07-2026,Insurance Cross-Sell
SYN-015356,14,10-08-2026,Insurance Cross-Sell
SYN-015356,15,20-08-2026,Insurance Cross-Sell
SYN-015356,16,30-08-2026,Insurance Cross-Sell
SYN-015356,17,10-09-2026,Payment Reminder / Collections Resolution
SYN-015356,18,20-09-2026,Payment Reminder / Collections Resolution
SYN-007920,1,30-03-2026,Insurance Cross-Sell
SYN-007920,2,10-04-2026,Insurance Cross-Sell
SYN-007920,3,20-04-2026,Insurance Cross-Sell
SYN-007920,4,30-04-2026,Insurance Cross-Sell
SYN-007920,5,10-05-2026,Insurance Cross-Sell
SYN-007920,6,20-05-2026,Insurance Cross-Sell
SYN-007920,7,30-05-2026,Insurance Cross-Sell
SYN-007920,8,10-06-2026,Insurance Cross-Sell
SYN-007920,9,20-06-2026,Insurance Cross-Sell
SYN-007920,10,30-06-2026,Bank Term Deposit
SYN-007920,11,10-07-2026,Insurance Cross-Sell
SYN-007920,12,20-07-2026,Insurance Cross-Sell
SYN-007920,13,30-07-2026,Insurance Cross-Sell
SYN-007920,14,10-08-2026,Insurance Cross-Sell
SYN-007920,15,20-08-2026,Insurance Cross-Sell
SYN-007920,16,30-08-2026,Insurance Cross-Sell
SYN-007920,17,10-09-2026,Insurance Cross-Sell
SYN-007920,18,20-09-2026,Insurance Cross-Sell
SYN-021807,1,30-03-2026,Insurance Cross-Sell
SYN-021807,2,10-04-2026,Insurance Cross-Sell
SYN-021807,3,20-04-2026,Insurance Cross-Sell
SYN-021807,4,30-04-2026,Insurance Cross-Sell
SYN-021807,5,10-05-2026,Retention Action
SYN-021807,6,20-05-2026,Insurance Cross-Sell
SYN-021807,7,30-05-2026,Insurance Cross-Sell
SYN-021807,8,10-06-2026,Insurance Cross-Sell
SYN-021807,9,20-06-2026,Insurance Cross-Sell
SYN-021807,10,30-06-2026,Insurance Cross-Sell
SYN-021807,11,10-07-2026,Insurance Cross-Sell
SYN-021807,12,20-07-2026,Insurance Cross-Sell
SYN-021807,13,30-07-2026,Insurance Cross-Sell
SYN-021807,14,10-08-2026,Bank Term Deposit
SYN-021807,15,20-08-2026,Bank Term Deposit
SYN-021807,16,30-08-2026,Insurance Cross-Sell
SYN-021807,17,10-09-2026,Insurance Cross-Sell
SYN-021807,18,20-09-2026,Insurance Cross-Sell
SYN-003134,1,30-03-2026,Service Resolution
SYN-003134,2,10-04-2026,Insurance Cross-Sell
SYN-003134,3,20-04-2026,Insurance Cross-Sell
SYN-003134,4,30-04-2026,Insurance Cross-Sell
SYN-003134,5,10-05-2026,Complete KYC
SYN-003134,6,20-05-2026,Complete KYC
SYN-003134,7,30-05-2026,Complete KYC
SYN-003134,8,10-06-2026,Complete KYC
SYN-003134,9,20-06-2026,Complete KYC
SYN-003134,10,30-06-2026,Complete KYC
SYN-003134,11,10-07-2026,Complete KYC
SYN-003134,12,20-07-2026,Complete KYC
SYN-003134,13,30-07-2026,Complete KYC
SYN-003134,14,10-08-2026,Complete KYC
SYN-003134,15,20-08-2026,Complete KYC
SYN-003134,16,30-08-2026,Complete KYC
SYN-003134,17,10-09-2026,Complete KYC
SYN-003134,18,20-09-2026,Complete KYC
SYN-021263,1,30-03-2026,Insurance Cross-Sell
SYN-021263,2,10-04-2026,Insurance Cross-Sell
SYN-021263,3,20-04-2026,Insurance Cross-Sell
SYN-021263,4,30-04-2026,Insurance Cross-Sell
SYN-021263,5,10-05-2026,Bank Term Deposit
SYN-021263,6,20-05-2026,Bank Term Deposit
SYN-021263,7,30-05-2026,Bank Term Deposit
SYN-021263,8,10-06-2026,Insurance Cross-Sell
SYN-021263,9,20-06-2026,Insurance Cross-Sell
SYN-021263,10,30-06-2026,Insurance Cross-Sell
SYN-021263,11,10-07-2026,Insurance Cross-Sell
SYN-021263,12,20-07-2026,Insurance Cross-Sell
SYN-021263,13,30-07-2026,Complete KYC
SYN-021263,14,10-08-2026,Complete KYC
SYN-021263,15,20-08-2026,Complete KYC
SYN-021263,16,30-08-2026,Complete KYC
SYN-021263,17,10-09-2026,Complete KYC
SYN-021263,18,20-09-2026,Complete KYC
SYN-044740,1,30-03-2026,Payment Reminder / Collections Resolution
SYN-044740,2,10-04-2026,Insurance Cross-Sell
SYN-044740,3,20-04-2026,Insurance Cross-Sell
SYN-044740,4,30-04-2026,Insurance Cross-Sell
SYN-044740,5,10-05-2026,Insurance Cross-Sell
SYN-044740,6,20-05-2026,Insurance Cross-Sell
SYN-044740,7,30-05-2026,Insurance Cross-Sell
SYN-044740,8,10-06-2026,Insurance Cross-Sell
SYN-044740,9,20-06-2026,Insurance Cross-Sell
SYN-044740,10,30-06-2026,Insurance Cross-Sell
SYN-044740,11,10-07-2026,Insurance Cross-Sell
SYN-044740,12,20-07-2026,Insurance Cross-Sell
SYN-044740,13,30-07-2026,Insurance Cross-Sell
SYN-044740,14,10-08-2026,Insurance Cross-Sell
SYN-044740,15,20-08-2026,Retention Action
SYN-044740,16,30-08-2026,Retention Action
SYN-044740,17,10-09-2026,Retention Action
SYN-044740,18,20-09-2026,Retention Action
SYN-038639,1,30-03-2026,Insurance Cross-Sell
SYN-038639,2,10-04-2026,Bank Term Deposit
SYN-038639,3,20-04-2026,Bank Term Deposit
SYN-038639,4,30-04-2026,Insurance Cross-Sell
SYN-038639,5,10-05-2026,Insurance Cross-Sell
SYN-038639,6,20-05-2026,Insurance Cross-Sell
SYN-038639,7,30-05-2026,Service Resolution
SYN-038639,8,10-06-2026,Insurance Cross-Sell
SYN-038639,9,20-06-2026,Payment Reminder / Collections Resolution
SYN-038639,10,30-06-2026,Insurance Cross-Sell
SYN-038639,11,10-07-2026,Insurance Cross-Sell
SYN-038639,12,20-07-2026,Insurance Cross-Sell
SYN-038639,13,30-07-2026,Insurance Cross-Sell
SYN-038639,14,10-08-2026,Bank Term Deposit
SYN-038639,15,20-08-2026,Bank Term Deposit
SYN-038639,16,30-08-2026,Bank Term Deposit
SYN-038639,17,10-09-2026,Service Resolution
SYN-038639,18,20-09-2026,Service Resolution
SYN-030192,1,30-03-2026,Service Intervention (Low NPS)
SYN-030192,2,10-04-2026,Insurance Cross-Sell
SYN-030192,3,20-04-2026,Insurance Cross-Sell
SYN-030192,4,30-04-2026,Insurance Cross-Sell
SYN-030192,5,10-05-2026,Insurance Cross-Sell
SYN-030192,6,20-05-2026,Insurance Cross-Sell
SYN-030192,7,30-05-2026,Insurance Cross-Sell
SYN-030192,8,10-06-2026,Insurance Cross-Sell
SYN-030192,9,20-06-2026,Insurance Cross-Sell
SYN-030192,10,30-06-2026,Insurance Cross-Sell
SYN-030192,11,10-07-2026,Insurance Cross-Sell
SYN-030192,12,20-07-2026,Insurance Cross-Sell
SYN-030192,13,30-07-2026,Service Intervention (Low NPS)
SYN-030192,14,10-08-2026,Service Intervention (Low NPS)
SYN-030192,15,20-08-2026,Insurance Cross-Sell
SYN-030192,16,30-08-2026,Insurance Cross-Sell
SYN-030192,17,10-09-2026,Insurance Cross-Sell
SYN-030192,18,20-09-2026,Insurance Cross-Sell
SYN-032239,1,30-03-2026,Insurance Cross-Sell
SYN-032239,2,10-04-2026,Insurance Cross-Sell
SYN-032239,3,20-04-2026,Insurance Cross-Sell
SYN-032239,4,30-04-2026,Insurance Cross-Sell
SYN-032239,5,10-05-2026,Service Resolution
SYN-032239,6,20-05-2026,Insurance Cross-Sell
SYN-032239,7,30-05-2026,Insurance Cross-Sell
SYN-032239,8,10-06-2026,Insurance Cross-Sell
SYN-032239,9,20-06-2026,Insurance Cross-Sell
SYN-032239,10,30-06-2026,Insurance Cross-Sell
SYN-032239,11,10-07-2026,Insurance Cross-Sell
SYN-032239,12,20-07-2026,Insurance Cross-Sell
SYN-032239,13,30-07-2026,Insurance Cross-Sell
SYN-032239,14,10-08-2026,Insurance Cross-Sell
SYN-032239,15,20-08-2026,Complete KYC
SYN-032239,16,30-08-2026,Complete KYC
SYN-032239,17,10-09-2026,Complete KYC
SYN-032239,18,20-09-2026,Complete KYC
SYN-035271,1,30-03-2026,Insurance Cross-Sell
SYN-035271,2,10-04-2026,Insurance Cross-Sell
SYN-035271,3,20-04-2026,Bank Term Deposit
SYN-035271,4,30-04-2026,Bank Term Deposit
SYN-035271,5,10-05-2026,Bank Term Deposit
SYN-035271,6,20-05-2026,Insurance Cross-Sell
SYN-035271,7,30-05-2026,Insurance Cross-Sell
SYN-035271,8,10-06-2026,Insurance Cross-Sell
SYN-035271,9,20-06-2026,Insurance Cross-Sell
SYN-035271,10,30-06-2026,Insurance Cross-Sell
SYN-035271,11,10-07-2026,Insurance Cross-Sell
SYN-035271,12,20-07-2026,Complete KYC
SYN-035271,13,30-07-2026,Complete KYC
SYN-035271,14,10-08-2026,Complete KYC
SYN-035271,15,20-08-2026,Complete KYC
SYN-035271,16,30-08-2026,Complete KYC
SYN-035271,17,10-09-2026,Complete KYC
SYN-035271,18,20-09-2026,Complete KYC
SYN-039323,1,30-03-2026,Payment Reminder / Collections Resolution
SYN-039323,2,10-04-2026,Insurance Cross-Sell
SYN-039323,3,20-04-2026,Retention Action
SYN-039323,4,30-04-2026,Insurance Cross-Sell
SYN-039323,5,10-05-2026,Insurance Cross-Sell
SYN-039323,6,20-05-2026,Insurance Cross-Sell
SYN-039323,7,30-05-2026,Bank Term Deposit
SYN-039323,8,10-06-2026,Bank Term Deposit
SYN-039323,9,20-06-2026,Insurance Cross-Sell
SYN-039323,10,30-06-2026,Insurance Cross-Sell
SYN-039323,11,10-07-2026,Insurance Cross-Sell
SYN-039323,12,20-07-2026,Insurance Cross-Sell
SYN-039323,13,30-07-2026,Service Resolution
SYN-039323,14,10-08-2026,Insurance Cross-Sell
SYN-039323,15,20-08-2026,Insurance Cross-Sell
SYN-039323,16,30-08-2026,Insurance Cross-Sell
SYN-039323,17,10-09-2026,Insurance Cross-Sell
SYN-039323,18,20-09-2026,Insurance Cross-Sell
SYN-018791,1,30-03-2026,Insurance Cross-Sell
SYN-018791,2,10-04-2026,Insurance Cross-Sell
SYN-018791,3,20-04-2026,Insurance Cross-Sell
SYN-018791,4,30-04-2026,Insurance Cross-Sell
SYN-018791,5,10-05-2026,Insurance Cross-Sell
SYN-018791,6,20-05-2026,Insurance Cross-Sell
SYN-018791,7,30-05-2026,Insurance Cross-Sell
SYN-018791,8,10-06-2026,Insurance Cross-Sell
SYN-018791,9,20-06-2026,Insurance Cross-Sell
SYN-018791,10,30-06-2026,Insurance Cross-Sell
SYN-018791,11,10-07-2026,Bank Term Deposit
SYN-018791,12,20-07-2026,Bank Term Deposit
SYN-018791,13,30-07-2026,Insurance Cross-Sell
SYN-018791,14,10-08-2026,Bank Term Deposit
SYN-018791,15,20-08-2026,Bank Term Deposit
SYN-018791,16,30-08-2026,Bank Term Deposit
SYN-018791,17,10-09-2026,Retention Action
SYN-018791,18,20-09-2026,Retention Action
SYN-009487,1,30-03-2026,Bank Term Deposit
SYN-009487,2,10-04-2026,Bank Term Deposit
SYN-009487,3,20-04-2026,Bank Term Deposit
SYN-009487,4,30-04-2026,Bank Term Deposit
SYN-009487,5,10-05-2026,Bank Term Deposit
SYN-009487,6,20-05-2026,Bank Term Deposit
SYN-009487,7,30-05-2026,Bank Term Deposit
SYN-009487,8,10-06-2026,Bank Term Deposit
SYN-009487,9,20-06-2026,Insurance Cross-Sell
SYN-009487,10,30-06-2026,Insurance Cross-Sell
SYN-009487,11,10-07-2026,Insurance Cross-Sell
SYN-009487,12,20-07-2026,Insurance Cross-Sell
SYN-009487,13,30-07-2026,Bank Term Deposit
SYN-009487,14,10-08-2026,Bank Term Deposit
SYN-009487,15,20-08-2026,Bank Term Deposit
SYN-009487,16,30-08-2026,Bank Term Deposit
SYN-009487,17,10-09-2026,Bank Term Deposit
SYN-009487,18,20-09-2026,Bank Term Deposit
SYN-015774,1,30-03-2026,Insurance Cross-Sell
SYN-015774,2,10-04-2026,Insurance Cross-Sell
SYN-015774,3,20-04-2026,Insurance Cross-Sell
SYN-015774,4,30-04-2026,Bank Term Deposit
SYN-015774,5,10-05-2026,Bank Term Deposit
SYN-015774,6,20-05-2026,Bank Term Deposit
SYN-015774,7,30-05-2026,Insurance Cross-Sell
SYN-015774,8,10-06-2026,Service Intervention (Low NPS)
SYN-015774,9,20-06-2026,Insurance Cross-Sell
SYN-015774,10,30-06-2026,Insurance Cross-Sell
SYN-015774,11,10-07-2026,Insurance Cross-Sell
SYN-015774,12,20-07-2026,Insurance Cross-Sell
SYN-015774,13,30-07-2026,Insurance Cross-Sell
SYN-015774,14,10-08-2026,Insurance Cross-Sell
SYN-015774,15,20-08-2026,Insurance Cross-Sell
SYN-015774,16,30-08-2026,Insurance Cross-Sell
SYN-015774,17,10-09-2026,Insurance Cross-Sell
SYN-015774,18,20-09-2026,Insurance Cross-Sell
SYN-010526,1,30-03-2026,Insurance Cross-Sell
SYN-010526,2,10-04-2026,Insurance Cross-Sell
SYN-010526,3,20-04-2026,Insurance Cross-Sell
SYN-010526,4,30-04-2026,Insurance Cross-Sell
SYN-010526,5,10-05-2026,Insurance Cross-Sell
SYN-010526,6,20-05-2026,Insurance Cross-Sell
SYN-010526,7,30-05-2026,Insurance Cross-Sell
SYN-010526,8,10-06-2026,Insurance Cross-Sell
SYN-010526,9,20-06-2026,Insurance Cross-Sell
SYN-010526,10,30-06-2026,Insurance Cross-Sell
SYN-010526,11,10-07-2026,Insurance Cross-Sell
SYN-010526,12,20-07-2026,Insurance Cross-Sell
SYN-010526,13,30-07-2026,Insurance Cross-Sell
SYN-010526,14,10-08-2026,Insurance Cross-Sell
SYN-010526,15,20-08-2026,Insurance Cross-Sell
SYN-010526,16,30-08-2026,Insurance Cross-Sell
SYN-010526,17,10-09-2026,Insurance Cross-Sell
SYN-010526,18,20-09-2026,Insurance Cross-Sell
SYN-011591,1,30-03-2026,Bank Term Deposit
SYN-011591,2,10-04-2026,Bank Term Deposit
SYN-011591,3,20-04-2026,Bank Term Deposit
SYN-011591,4,30-04-2026,Insurance Cross-Sell
SYN-011591,5,10-05-2026,Insurance Cross-Sell
SYN-011591,6,20-05-2026,Bank Term Deposit
SYN-011591,7,30-05-2026,Service Intervention (Low NPS)
SYN-011591,8,10-06-2026,Bank Term Deposit
SYN-011591,9,20-06-2026,Bank Term Deposit
SYN-011591,10,30-06-2026,Insurance Cross-Sell
SYN-011591,11,10-07-2026,Bank Term Deposit
SYN-011591,12,20-07-2026,Bank Term Deposit
SYN-011591,13,30-07-2026,Bank Term Deposit
SYN-011591,14,10-08-2026,Insurance Cross-Sell
SYN-011591,15,20-08-2026,Insurance Cross-Sell
SYN-011591,16,30-08-2026,Insurance Cross-Sell
SYN-011591,17,10-09-2026,Insurance Cross-Sell
SYN-011591,18,20-09-2026,Insurance Cross-Sell
SYN-018349,1,30-03-2026,Bank Term Deposit
SYN-018349,2,10-04-2026,Bank Term Deposit
SYN-018349,3,20-04-2026,Complete KYC
SYN-018349,4,30-04-2026,Complete KYC
SYN-018349,5,10-05-2026,Complete KYC
SYN-018349,6,20-05-2026,Complete KYC
SYN-018349,7,30-05-2026,Complete KYC
SYN-018349,8,10-06-2026,Complete KYC
SYN-018349,9,20-06-2026,Complete KYC
SYN-018349,10,30-06-2026,Complete KYC
SYN-018349,11,10-07-2026,Complete KYC
SYN-018349,12,20-07-2026,Complete KYC
SYN-018349,13,30-07-2026,Complete KYC
SYN-018349,14,10-08-2026,Complete KYC
SYN-018349,15,20-08-2026,Complete KYC
SYN-018349,16,30-08-2026,Complete KYC
SYN-018349,17,10-09-2026,Complete KYC
SYN-018349,18,20-09-2026,Complete KYC
SYN-025748,1,30-03-2026,Insurance Cross-Sell
SYN-025748,2,10-04-2026,Insurance Cross-Sell
SYN-025748,3,20-04-2026,Insurance Cross-Sell
SYN-025748,4,30-04-2026,Bank Term Deposit
SYN-025748,5,10-05-2026,Insurance Cross-Sell
SYN-025748,6,20-05-2026,Insurance Cross-Sell
SYN-025748,7,30-05-2026,Insurance Cross-Sell
SYN-025748,8,10-06-2026,Insurance Cross-Sell
SYN-025748,9,20-06-2026,Insurance Cross-Sell
SYN-025748,10,30-06-2026,Insurance Cross-Sell
SYN-025748,11,10-07-2026,Insurance Cross-Sell
SYN-025748,12,20-07-2026,Insurance Cross-Sell
SYN-025748,13,30-07-2026,Insurance Cross-Sell
SYN-025748,14,10-08-2026,Insurance Cross-Sell
SYN-025748,15,20-08-2026,Retention Action
SYN-025748,16,30-08-2026,Insurance Cross-Sell
SYN-025748,17,10-09-2026,Insurance Cross-Sell
SYN-025748,18,20-09-2026,Insurance Cross-Sell
SYN-037033,1,30-03-2026,Bank Term Deposit
SYN-037033,2,10-04-2026,Bank Term Deposit
SYN-037033,3,20-04-2026,Bank Term Deposit
SYN-037033,4,30-04-2026,Bank Term Deposit
SYN-037033,5,10-05-2026,Bank Term Deposit
SYN-037033,6,20-05-2026,Insurance Cross-Sell
SYN-037033,7,30-05-2026,Insurance Cross-Sell
SYN-037033,8,10-06-2026,Insurance Cross-Sell
SYN-037033,9,20-06-2026,Insurance Cross-Sell
SYN-037033,10,30-06-2026,Insurance Cross-Sell
SYN-037033,11,10-07-2026,Insurance Cross-Sell
SYN-037033,12,20-07-2026,Insurance Cross-Sell
SYN-037033,13,30-07-2026,Insurance Cross-Sell
SYN-037033,14,10-08-2026,Insurance Cross-Sell
SYN-037033,15,20-08-2026,Insurance Cross-Sell
SYN-037033,16,30-08-2026,Insurance Cross-Sell
SYN-037033,17,10-09-2026,Insurance Cross-Sell
SYN-037033,18,20-09-2026,Insurance Cross-Sell
SYN-041250,1,30-03-2026,Bank Term Deposit
SYN-041250,2,10-04-2026,Bank Term Deposit
SYN-041250,3,20-04-2026,Bank Term Deposit
SYN-041250,4,30-04-2026,Insurance Cross-Sell
SYN-041250,5,10-05-2026,Bank Term Deposit
SYN-041250,6,20-05-2026,Bank Term Deposit
SYN-041250,7,30-05-2026,Bank Term Deposit
SYN-041250,8,10-06-2026,Bank Term Deposit
SYN-041250,9,20-06-2026,Bank Term Deposit
SYN-041250,10,30-06-2026,Bank Term Deposit
SYN-041250,11,10-07-2026,Bank Term Deposit
SYN-041250,12,20-07-2026,Insurance Cross-Sell
SYN-041250,13,30-07-2026,Insurance Cross-Sell
SYN-041250,14,10-08-2026,Insurance Cross-Sell
SYN-041250,15,20-08-2026,Insurance Cross-Sell
SYN-041250,16,30-08-2026,Insurance Cross-Sell
SYN-041250,17,10-09-2026,Insurance Cross-Sell
SYN-041250,18,20-09-2026,Insurance Cross-Sell
SYN-036958,1,30-03-2026,Bank Term Deposit
SYN-036958,2,10-04-2026,Insurance Cross-Sell
SYN-036958,3,20-04-2026,Insurance Cross-Sell
SYN-036958,4,30-04-2026,Insurance Cross-Sell
SYN-036958,5,10-05-2026,Insurance Cross-Sell
SYN-036958,6,20-05-2026,Insurance Cross-Sell
SYN-036958,7,30-05-2026,Service Intervention (Low NPS)
SYN-036958,8,10-06-2026,Insurance Cross-Sell
SYN-036958,9,20-06-2026,Insurance Cross-Sell
SYN-036958,10,30-06-2026,Insurance Cross-Sell
SYN-036958,11,10-07-2026,Insurance Cross-Sell
SYN-036958,12,20-07-2026,Insurance Cross-Sell
SYN-036958,13,30-07-2026,Bank Term Deposit
SYN-036958,14,10-08-2026,Bank Term Deposit
SYN-036958,15,20-08-2026,Bank Term Deposit
SYN-036958,16,30-08-2026,Insurance Cross-Sell
SYN-036958,17,10-09-2026,Insurance Cross-Sell
SYN-036958,18,20-09-2026,Insurance Cross-Sell
SYN-004055,1,30-03-2026,Bank Term Deposit
SYN-004055,2,10-04-2026,Bank Term Deposit
SYN-004055,3,20-04-2026,Bank Term Deposit
SYN-004055,4,30-04-2026,Bank Term Deposit
SYN-004055,5,10-05-2026,Bank Term Deposit
SYN-004055,6,20-05-2026,Bank Term Deposit
SYN-004055,7,30-05-2026,Bank Term Deposit
SYN-004055,8,10-06-2026,Bank Term Deposit
SYN-004055,9,20-06-2026,Payment Reminder / Collections Resolution
SYN-004055,10,30-06-2026,Payment Reminder / Collections Resolution
SYN-004055,11,10-07-2026,Payment Reminder / Collections Resolution
SYN-004055,12,20-07-2026,Bank Term Deposit
SYN-004055,13,30-07-2026,Service Intervention (Low NPS)
SYN-004055,14,10-08-2026,Service Intervention (Low NPS)
SYN-004055,15,20-08-2026,Bank Term Deposit
SYN-004055,16,30-08-2026,No Marketing Action (Consent Withheld)
SYN-004055,17,10-09-2026,No Marketing Action (Consent Withheld)
SYN-004055,18,20-09-2026,No Marketing Action (Consent Withheld)
SYN-011524,1,30-03-2026,Service Intervention (Low NPS)
SYN-011524,2,10-04-2026,Service Intervention (Low NPS)
SYN-011524,3,20-04-2026,Insurance Cross-Sell
SYN-011524,4,30-04-2026,Insurance Cross-Sell
SYN-011524,5,10-05-2026,Insurance Cross-Sell
SYN-011524,6,20-05-2026,Insurance Cross-Sell
SYN-011524,7,30-05-2026,Retention Action
SYN-011524,8,10-06-2026,Insurance Cross-Sell
SYN-011524,9,20-06-2026,Insurance Cross-Sell
SYN-011524,10,30-06-2026,Complete KYC
SYN-011524,11,10-07-2026,Complete KYC
SYN-011524,12,20-07-2026,Complete KYC
SYN-011524,13,30-07-2026,Complete KYC
SYN-011524,14,10-08-2026,Complete KYC
SYN-011524,15,20-08-2026,Complete KYC
SYN-011524,16,30-08-2026,Complete KYC
SYN-011524,17,10-09-2026,Complete KYC
SYN-011524,18,20-09-2026,Complete KYC
SYN-025483,1,30-03-2026,Bank Term Deposit
SYN-025483,2,10-04-2026,Bank Term Deposit
SYN-025483,3,20-04-2026,Bank Term Deposit
SYN-025483,4,30-04-2026,Bank Term Deposit
SYN-025483,5,10-05-2026,Insurance Cross-Sell
SYN-025483,6,20-05-2026,Insurance Cross-Sell
SYN-025483,7,30-05-2026,Bank Term Deposit
SYN-025483,8,10-06-2026,Bank Term Deposit
SYN-025483,9,20-06-2026,Bank Term Deposit
SYN-025483,10,30-06-2026,Bank Term Deposit
SYN-025483,11,10-07-2026,Bank Term Deposit
SYN-025483,12,20-07-2026,Bank Term Deposit
SYN-025483,13,30-07-2026,Bank Term Deposit
SYN-025483,14,10-08-2026,Bank Term Deposit
SYN-025483,15,20-08-2026,Bank Term Deposit
SYN-025483,16,30-08-2026,Insurance Cross-Sell
SYN-025483,17,10-09-2026,Insurance Cross-Sell
SYN-025483,18,20-09-2026,Insurance Cross-Sell
SYN-003471,1,30-03-2026,Bank Term Deposit
SYN-003471,2,10-04-2026,Bank Term Deposit
SYN-003471,3,20-04-2026,Bank Term Deposit
SYN-003471,4,30-04-2026,Bank Term Deposit
SYN-003471,5,10-05-2026,Bank Term Deposit
SYN-003471,6,20-05-2026,Bank Term Deposit
SYN-003471,7,30-05-2026,Service Intervention (Low NPS)
SYN-003471,8,10-06-2026,Bank Term Deposit
SYN-003471,9,20-06-2026,Insurance Cross-Sell
SYN-003471,10,30-06-2026,Insurance Cross-Sell
SYN-003471,11,10-07-2026,Bank Term Deposit
SYN-003471,12,20-07-2026,Bank Term Deposit
SYN-003471,13,30-07-2026,Bank Term Deposit
SYN-003471,14,10-08-2026,Bank Term Deposit
SYN-003471,15,20-08-2026,Insurance Cross-Sell
SYN-003471,16,30-08-2026,Insurance Cross-Sell
SYN-003471,17,10-09-2026,Retention Action
SYN-003471,18,20-09-2026,Retention Action
SYN-025546,1,30-03-2026,Bank Term Deposit
SYN-025546,2,10-04-2026,Bank Term Deposit
SYN-025546,3,20-04-2026,Bank Term Deposit
SYN-025546,4,30-04-2026,Bank Term Deposit
SYN-025546,5,10-05-2026,Insurance Cross-Sell
SYN-025546,6,20-05-2026,Insurance Cross-Sell
SYN-025546,7,30-05-2026,Insurance Cross-Sell
SYN-025546,8,10-06-2026,Insurance Cross-Sell
SYN-025546,9,20-06-2026,Insurance Cross-Sell
SYN-025546,10,30-06-2026,Insurance Cross-Sell
SYN-025546,11,10-07-2026,Insurance Cross-Sell
SYN-025546,12,20-07-2026,Insurance Cross-Sell
SYN-025546,13,30-07-2026,Bank Term Deposit
SYN-025546,14,10-08-2026,Bank Term Deposit
SYN-025546,15,20-08-2026,Bank Term Deposit
SYN-025546,16,30-08-2026,Bank Term Deposit
SYN-025546,17,10-09-2026,Insurance Cross-Sell
SYN-025546,18,20-09-2026,Insurance Cross-Sell
SYN-004103,1,30-03-2026,Bank Term Deposit
SYN-004103,2,10-04-2026,Bank Term Deposit
SYN-004103,3,20-04-2026,Bank Term Deposit
SYN-004103,4,30-04-2026,Bank Term Deposit
SYN-004103,5,10-05-2026,Insurance Cross-Sell
SYN-004103,6,20-05-2026,Insurance Cross-Sell
SYN-004103,7,30-05-2026,Insurance Cross-Sell
SYN-004103,8,10-06-2026,Insurance Cross-Sell
SYN-004103,9,20-06-2026,Insurance Cross-Sell
SYN-004103,10,30-06-2026,Insurance Cross-Sell
SYN-004103,11,10-07-2026,Insurance Cross-Sell
SYN-004103,12,20-07-2026,Bank Term Deposit
SYN-004103,13,30-07-2026,Service Intervention (Low NPS)
SYN-004103,14,10-08-2026,Service Intervention (Low NPS)
SYN-004103,15,20-08-2026,Bank Term Deposit
SYN-004103,16,30-08-2026,Payment Reminder / Collections Resolution
SYN-004103,17,10-09-2026,Payment Reminder / Collections Resolution
SYN-004103,18,20-09-2026,Payment Reminder / Collections Resolution
SYN-044428,1,30-03-2026,Insurance Cross-Sell
SYN-044428,2,10-04-2026,Insurance Cross-Sell
SYN-044428,3,20-04-2026,Insurance Cross-Sell
SYN-044428,4,30-04-2026,Insurance Cross-Sell
SYN-044428,5,10-05-2026,Insurance Cross-Sell
SYN-044428,6,20-05-2026,Insurance Cross-Sell
SYN-044428,7,30-05-2026,Bank Term Deposit
SYN-044428,8,10-06-2026,Bank Term Deposit
SYN-044428,9,20-06-2026,Bank Term Deposit
SYN-044428,10,30-06-2026,Bank Term Deposit
SYN-044428,11,10-07-2026,Bank Term Deposit
SYN-044428,12,20-07-2026,Bank Term Deposit
SYN-044428,13,30-07-2026,Bank Term Deposit
SYN-044428,14,10-08-2026,Bank Term Deposit
SYN-044428,15,20-08-2026,Complete KYC
SYN-044428,16,30-08-2026,Complete KYC
SYN-044428,17,10-09-2026,Complete KYC
SYN-044428,18,20-09-2026,Complete KYC
SYN-006855,1,30-03-2026,Service Resolution
SYN-006855,2,10-04-2026,Service Resolution
SYN-006855,3,20-04-2026,Service Resolution
SYN-006855,4,30-04-2026,Insurance Cross-Sell
SYN-006855,5,10-05-2026,Retention Action
SYN-006855,6,20-05-2026,Bank Term Deposit
SYN-006855,7,30-05-2026,Bank Term Deposit
SYN-006855,8,10-06-2026,Insurance Cross-Sell
SYN-006855,9,20-06-2026,Insurance Cross-Sell
SYN-006855,10,30-06-2026,Insurance Cross-Sell
SYN-006855,11,10-07-2026,Insurance Cross-Sell
SYN-006855,12,20-07-2026,Insurance Cross-Sell
SYN-006855,13,30-07-2026,Insurance Cross-Sell
SYN-006855,14,10-08-2026,Insurance Cross-Sell
SYN-006855,15,20-08-2026,Insurance Cross-Sell
SYN-006855,16,30-08-2026,Insurance Cross-Sell
SYN-006855,17,10-09-2026,Insurance Cross-Sell
SYN-006855,18,20-09-2026,Insurance Cross-Sell
SYN-041275,1,30-03-2026,Retention Action
SYN-041275,2,10-04-2026,Retention Action
SYN-041275,3,20-04-2026,Bank Term Deposit
SYN-041275,4,30-04-2026,Bank Term Deposit
SYN-041275,5,10-05-2026,Bank Term Deposit
SYN-041275,6,20-05-2026,Bank Term Deposit
SYN-041275,7,30-05-2026,Bank Term Deposit
SYN-041275,8,10-06-2026,Bank Term Deposit
SYN-041275,9,20-06-2026,Bank Term Deposit
SYN-041275,10,30-06-2026,Bank Term Deposit
SYN-041275,11,10-07-2026,Bank Term Deposit
SYN-041275,12,20-07-2026,Bank Term Deposit
SYN-041275,13,30-07-2026,Bank Term Deposit
SYN-041275,14,10-08-2026,Bank Term Deposit
SYN-041275,15,20-08-2026,Bank Term Deposit
SYN-041275,16,30-08-2026,Bank Term Deposit
SYN-041275,17,10-09-2026,Service Resolution
SYN-041275,18,20-09-2026,Service Resolution
SYN-033453,1,30-03-2026,Insurance Cross-Sell
SYN-033453,2,10-04-2026,Insurance Cross-Sell
SYN-033453,3,20-04-2026,Insurance Cross-Sell
SYN-033453,4,30-04-2026,Service Intervention (Low NPS)
SYN-033453,5,10-05-2026,Insurance Cross-Sell
SYN-033453,6,20-05-2026,Insurance Cross-Sell
SYN-033453,7,30-05-2026,Insurance Cross-Sell
SYN-033453,8,10-06-2026,Insurance Cross-Sell
SYN-033453,9,20-06-2026,Insurance Cross-Sell
SYN-033453,10,30-06-2026,Insurance Cross-Sell
SYN-033453,11,10-07-2026,Bank Term Deposit
SYN-033453,12,20-07-2026,Bank Term Deposit
SYN-033453,13,30-07-2026,Service Intervention (Low NPS)
SYN-033453,14,10-08-2026,Service Intervention (Low NPS)
SYN-033453,15,20-08-2026,Bank Term Deposit
SYN-033453,16,30-08-2026,Retention Action
SYN-033453,17,10-09-2026,Bank Term Deposit
SYN-033453,18,20-09-2026,Bank Term Deposit
SYN-039716,1,30-03-2026,Insurance Cross-Sell
SYN-039716,2,10-04-2026,Bank Term Deposit
SYN-039716,3,20-04-2026,Bank Term Deposit
SYN-039716,4,30-04-2026,Service Intervention (Low NPS)
SYN-039716,5,10-05-2026,Bank Term Deposit
SYN-039716,6,20-05-2026,Bank Term Deposit
SYN-039716,7,30-05-2026,Retention Action
SYN-039716,8,10-06-2026,Bank Term Deposit
SYN-039716,9,20-06-2026,Bank Term Deposit
SYN-039716,10,30-06-2026,Bank Term Deposit
SYN-039716,11,10-07-2026,Insurance Cross-Sell
SYN-039716,12,20-07-2026,Insurance Cross-Sell
SYN-039716,13,30-07-2026,Insurance Cross-Sell
SYN-039716,14,10-08-2026,Insurance Cross-Sell
SYN-039716,15,20-08-2026,Bank Term Deposit
SYN-039716,16,30-08-2026,Bank Term Deposit
SYN-039716,17,10-09-2026,Bank Term Deposit
SYN-039716,18,20-09-2026,Bank Term Deposit
SYN-040607,1,30-03-2026,Bank Term Deposit
SYN-040607,2,10-04-2026,Bank Term Deposit
SYN-040607,3,20-04-2026,Bank Term Deposit
SYN-040607,4,30-04-2026,Bank Term Deposit
SYN-040607,5,10-05-2026,Insurance Cross-Sell
SYN-040607,6,20-05-2026,Insurance Cross-Sell
SYN-040607,7,30-05-2026,Insurance Cross-Sell
SYN-040607,8,10-06-2026,Insurance Cross-Sell
SYN-040607,9,20-06-2026,Insurance Cross-Sell
SYN-040607,10,30-06-2026,No Marketing Action (Consent Withheld)
SYN-040607,11,10-07-2026,No Marketing Action (Consent Withheld)
SYN-040607,12,20-07-2026,No Marketing Action (Consent Withheld)
SYN-040607,13,30-07-2026,No Marketing Action (Consent Withheld)
SYN-040607,14,10-08-2026,No Marketing Action (Consent Withheld)
SYN-040607,15,20-08-2026,No Marketing Action (Consent Withheld)
SYN-040607,16,30-08-2026,No Marketing Action (Consent Withheld)
SYN-040607,17,10-09-2026,No Marketing Action (Consent Withheld)
SYN-040607,18,20-09-2026,No Marketing Action (Consent Withheld)
SYN-001728,1,30-03-2026,Insurance Cross-Sell
SYN-001728,2,10-04-2026,Insurance Cross-Sell
SYN-001728,3,20-04-2026,Insurance Cross-Sell
SYN-001728,4,30-04-2026,Bank Term Deposit
SYN-001728,5,10-05-2026,Bank Term Deposit
SYN-001728,6,20-05-2026,Insurance Cross-Sell
SYN-001728,7,30-05-2026,Insurance Cross-Sell
SYN-001728,8,10-06-2026,Insurance Cross-Sell
SYN-001728,9,20-06-2026,Insurance Cross-Sell
SYN-001728,10,30-06-2026,Insurance Cross-Sell
SYN-001728,11,10-07-2026,Insurance Cross-Sell
SYN-001728,12,20-07-2026,Insurance Cross-Sell
SYN-001728,13,30-07-2026,Insurance Cross-Sell
SYN-001728,14,10-08-2026,Insurance Cross-Sell
SYN-001728,15,20-08-2026,Service Intervention (Low NPS)
SYN-001728,16,30-08-2026,Bank Term Deposit
SYN-001728,17,10-09-2026,Service Intervention (Low NPS)
SYN-001728,18,20-09-2026,Service Intervention (Low NPS)
SYN-020552,1,30-03-2026,Insurance Cross-Sell
SYN-020552,2,10-04-2026,Bank Term Deposit
SYN-020552,3,20-04-2026,Insurance Cross-Sell
SYN-020552,4,30-04-2026,Insurance Cross-Sell
SYN-020552,5,10-05-2026,Insurance Cross-Sell
SYN-020552,6,20-05-2026,Insurance Cross-Sell
SYN-020552,7,30-05-2026,Insurance Cross-Sell
SYN-020552,8,10-06-2026,Insurance Cross-Sell
SYN-020552,9,20-06-2026,Insurance Cross-Sell
SYN-020552,10,30-06-2026,Insurance Cross-Sell
SYN-020552,11,10-07-2026,Insurance Cross-Sell
SYN-020552,12,20-07-2026,Insurance Cross-Sell
SYN-020552,13,30-07-2026,Insurance Cross-Sell
SYN-020552,14,10-08-2026,Insurance Cross-Sell
SYN-020552,15,20-08-2026,Payment Reminder / Collections Resolution
SYN-020552,16,30-08-2026,Payment Reminder / Collections Resolution
SYN-020552,17,10-09-2026,Payment Reminder / Collections Resolution
SYN-020552,18,20-09-2026,Payment Reminder / Collections Resolution
SYN-008191,1,30-03-2026,Bank Term Deposit
SYN-008191,2,10-04-2026,Bank Term Deposit
SYN-008191,3,20-04-2026,Bank Term Deposit
SYN-008191,4,30-04-2026,Bank Term Deposit
SYN-008191,5,10-05-2026,Bank Term Deposit
SYN-008191,6,20-05-2026,Service Intervention (Low NPS)
SYN-008191,7,30-05-2026,Service Intervention (Low NPS)
SYN-008191,8,10-06-2026,Service Intervention (Low NPS)
SYN-008191,9,20-06-2026,Service Intervention (Low NPS)
SYN-008191,10,30-06-2026,Insurance Cross-Sell
SYN-008191,11,10-07-2026,Insurance Cross-Sell
SYN-008191,12,20-07-2026,Insurance Cross-Sell
SYN-008191,13,30-07-2026,Insurance Cross-Sell
SYN-008191,14,10-08-2026,Bank Term Deposit
SYN-008191,15,20-08-2026,Bank Term Deposit
SYN-008191,16,30-08-2026,Bank Term Deposit
SYN-008191,17,10-09-2026,Bank Term Deposit
SYN-008191,18,20-09-2026,Bank Term Deposit
SYN-032778,1,30-03-2026,Insurance Cross-Sell
SYN-032778,2,10-04-2026,Insurance Cross-Sell
SYN-032778,3,20-04-2026,Insurance Cross-Sell
SYN-032778,4,30-04-2026,Insurance Cross-Sell
SYN-032778,5,10-05-2026,Insurance Cross-Sell
SYN-032778,6,20-05-2026,Insurance Cross-Sell
SYN-032778,7,30-05-2026,Insurance Cross-Sell
SYN-032778,8,10-06-2026,Insurance Cross-Sell
SYN-032778,9,20-06-2026,Insurance Cross-Sell
SYN-032778,10,30-06-2026,Insurance Cross-Sell
SYN-032778,11,10-07-2026,Insurance Cross-Sell
SYN-032778,12,20-07-2026,Insurance Cross-Sell
SYN-032778,13,30-07-2026,Insurance Cross-Sell
SYN-032778,14,10-08-2026,Insurance Cross-Sell
SYN-032778,15,20-08-2026,Insurance Cross-Sell
SYN-032778,16,30-08-2026,Payment Reminder / Collections Resolution
SYN-032778,17,10-09-2026,Payment Reminder / Collections Resolution
SYN-032778,18,20-09-2026,Payment Reminder / Collections Resolution
SYN-007694,1,30-03-2026,Retention Action
SYN-007694,2,10-04-2026,Insurance Cross-Sell
SYN-007694,3,20-04-2026,Insurance Cross-Sell
SYN-007694,4,30-04-2026,Insurance Cross-Sell
SYN-007694,5,10-05-2026,Insurance Cross-Sell
SYN-007694,6,20-05-2026,Insurance Cross-Sell
SYN-007694,7,30-05-2026,Bank Term Deposit
SYN-007694,8,10-06-2026,Bank Term Deposit
SYN-007694,9,20-06-2026,Bank Term Deposit
SYN-007694,10,30-06-2026,Bank Term Deposit
SYN-007694,11,10-07-2026,Bank Term Deposit
SYN-007694,12,20-07-2026,Bank Term Deposit
SYN-007694,13,30-07-2026,Bank Term Deposit
SYN-007694,14,10-08-2026,Bank Term Deposit
SYN-007694,15,20-08-2026,Bank Term Deposit
SYN-007694,16,30-08-2026,Payment Reminder / Collections Resolution
SYN-007694,17,10-09-2026,Payment Reminder / Collections Resolution
SYN-007694,18,20-09-2026,Payment Reminder / Collections Resolution
SYN-005375,1,30-03-2026,Insurance Cross-Sell
SYN-005375,2,10-04-2026,Insurance Cross-Sell
SYN-005375,3,20-04-2026,Insurance Cross-Sell
SYN-005375,4,30-04-2026,Insurance Cross-Sell
SYN-005375,5,10-05-2026,Insurance Cross-Sell
SYN-005375,6,20-05-2026,Insurance Cross-Sell
SYN-005375,7,30-05-2026,Insurance Cross-Sell
SYN-005375,8,10-06-2026,Insurance Cross-Sell
SYN-005375,9,20-06-2026,Insurance Cross-Sell
SYN-005375,10,30-06-2026,Insurance Cross-Sell
SYN-005375,11,10-07-2026,Insurance Cross-Sell
SYN-005375,12,20-07-2026,Insurance Cross-Sell
SYN-005375,13,30-07-2026,Insurance Cross-Sell
SYN-005375,14,10-08-2026,Insurance Cross-Sell
SYN-005375,15,20-08-2026,Bank Term Deposit
SYN-005375,16,30-08-2026,Bank Term Deposit
SYN-005375,17,10-09-2026,Bank Term Deposit
SYN-005375,18,20-09-2026,Bank Term Deposit
SYN-003586,1,30-03-2026,Bank Term Deposit
SYN-003586,2,10-04-2026,Bank Term Deposit
SYN-003586,3,20-04-2026,Bank Term Deposit
SYN-003586,4,30-04-2026,Bank Term Deposit
SYN-003586,5,10-05-2026,Bank Term Deposit
SYN-003586,6,20-05-2026,Bank Term Deposit
SYN-003586,7,30-05-2026,Bank Term Deposit
SYN-003586,8,10-06-2026,Bank Term Deposit
SYN-003586,9,20-06-2026,Bank Term Deposit
SYN-003586,10,30-06-2026,Insurance Cross-Sell
SYN-003586,11,10-07-2026,Insurance Cross-Sell
SYN-003586,12,20-07-2026,Insurance Cross-Sell
SYN-003586,13,30-07-2026,Insurance Cross-Sell
SYN-003586,14,10-08-2026,Insurance Cross-Sell
SYN-003586,15,20-08-2026,Insurance Cross-Sell
SYN-003586,16,30-08-2026,Insurance Cross-Sell
SYN-003586,17,10-09-2026,Insurance Cross-Sell
SYN-003586,18,20-09-2026,Insurance Cross-Sell
SYN-033224,1,30-03-2026,Bank Term Deposit
SYN-033224,2,10-04-2026,Bank Term Deposit
SYN-033224,3,20-04-2026,Bank Term Deposit
SYN-033224,4,30-04-2026,Bank Term Deposit
SYN-033224,5,10-05-2026,Bank Term Deposit
SYN-033224,6,20-05-2026,Insurance Cross-Sell
SYN-033224,7,30-05-2026,Insurance Cross-Sell
SYN-033224,8,10-06-2026,Insurance Cross-Sell
SYN-033224,9,20-06-2026,Insurance Cross-Sell
SYN-033224,10,30-06-2026,Insurance Cross-Sell
SYN-033224,11,10-07-2026,Bank Term Deposit
SYN-033224,12,20-07-2026,Bank Term Deposit
SYN-033224,13,30-07-2026,Bank Term Deposit
SYN-033224,14,10-08-2026,Bank Term Deposit
SYN-033224,15,20-08-2026,Bank Term Deposit
SYN-033224,16,30-08-2026,Bank Term Deposit
SYN-033224,17,10-09-2026,Service Resolution
SYN-033224,18,20-09-2026,Service Resolution
SYN-031961,1,30-03-2026,Bank Term Deposit
SYN-031961,2,10-04-2026,Insurance Cross-Sell
SYN-031961,3,20-04-2026,Insurance Cross-Sell
SYN-031961,4,30-04-2026,Service Intervention (Low NPS)
SYN-031961,5,10-05-2026,Insurance Cross-Sell
SYN-031961,6,20-05-2026,Bank Term Deposit
SYN-031961,7,30-05-2026,Insurance Cross-Sell
SYN-031961,8,10-06-2026,Insurance Cross-Sell
SYN-031961,9,20-06-2026,Insurance Cross-Sell
SYN-031961,10,30-06-2026,Insurance Cross-Sell
SYN-031961,11,10-07-2026,Insurance Cross-Sell
SYN-031961,12,20-07-2026,Insurance Cross-Sell
SYN-031961,13,30-07-2026,Insurance Cross-Sell
SYN-031961,14,10-08-2026,Insurance Cross-Sell
SYN-031961,15,20-08-2026,Insurance Cross-Sell
SYN-031961,16,30-08-2026,Payment Reminder / Collections Resolution
SYN-031961,17,10-09-2026,Payment Reminder / Collections Resolution
SYN-031961,18,20-09-2026,Payment Reminder / Collections Resolution
SYN-043869,1,30-03-2026,Bank Term Deposit
SYN-043869,2,10-04-2026,Bank Term Deposit
SYN-043869,3,20-04-2026,Bank Term Deposit
SYN-043869,4,30-04-2026,Bank Term Deposit
SYN-043869,5,10-05-2026,Bank Term Deposit
SYN-043869,6,20-05-2026,Bank Term Deposit
SYN-043869,7,30-05-2026,Bank Term Deposit
SYN-043869,8,10-06-2026,Bank Term Deposit
SYN-043869,9,20-06-2026,Bank Term Deposit
SYN-043869,10,30-06-2026,Bank Term Deposit
SYN-043869,11,10-07-2026,Bank Term Deposit
SYN-043869,12,20-07-2026,Bank Term Deposit
SYN-043869,13,30-07-2026,Bank Term Deposit
SYN-043869,14,10-08-2026,Bank Term Deposit
SYN-043869,15,20-08-2026,No Marketing Action (Consent Withheld)
SYN-043869,16,30-08-2026,No Marketing Action (Consent Withheld)
SYN-043869,17,10-09-2026,No Marketing Action (Consent Withheld)
SYN-043869,18,20-09-2026,No Marketing Action (Consent Withheld)
SYN-033245,1,30-03-2026,Insurance Cross-Sell
SYN-033245,2,10-04-2026,Insurance Cross-Sell
SYN-033245,3,20-04-2026,Insurance Cross-Sell
SYN-033245,4,30-04-2026,Insurance Cross-Sell
SYN-033245,5,10-05-2026,Insurance Cross-Sell
SYN-033245,6,20-05-2026,Insurance Cross-Sell
SYN-033245,7,30-05-2026,Insurance Cross-Sell
SYN-033245,8,10-06-2026,Insurance Cross-Sell
SYN-033245,9,20-06-2026,Insurance Cross-Sell
SYN-033245,10,30-06-2026,Insurance Cross-Sell
SYN-033245,11,10-07-2026,Insurance Cross-Sell
SYN-033245,12,20-07-2026,Insurance Cross-Sell
SYN-033245,13,30-07-2026,Insurance Cross-Sell
SYN-033245,14,10-08-2026,Insurance Cross-Sell
SYN-033245,15,20-08-2026,Insurance Cross-Sell
SYN-033245,16,30-08-2026,Service Intervention (Low NPS)
SYN-033245,17,10-09-2026,Service Intervention (Low NPS)
SYN-033245,18,20-09-2026,Service Intervention (Low NPS)
SYN-002017,1,30-03-2026,Insurance Cross-Sell
SYN-002017,2,10-04-2026,Insurance Cross-Sell
SYN-002017,3,20-04-2026,Insurance Cross-Sell
SYN-002017,4,30-04-2026,Bank Term Deposit
SYN-002017,5,10-05-2026,Bank Term Deposit
SYN-002017,6,20-05-2026,Bank Term Deposit
SYN-002017,7,30-05-2026,Insurance Cross-Sell
SYN-002017,8,10-06-2026,Insurance Cross-Sell
SYN-002017,9,20-06-2026,Bank Term Deposit
SYN-002017,10,30-06-2026,Bank Term Deposit
SYN-002017,11,10-07-2026,Bank Term Deposit
SYN-002017,12,20-07-2026,Bank Term Deposit
SYN-002017,13,30-07-2026,Bank Term Deposit
SYN-002017,14,10-08-2026,Insurance Cross-Sell
SYN-002017,15,20-08-2026,Insurance Cross-Sell
SYN-002017,16,30-08-2026,Insurance Cross-Sell
SYN-002017,17,10-09-2026,Insurance Cross-Sell
SYN-002017,18,20-09-2026,Insurance Cross-Sell
SYN-020215,1,30-03-2026,Insurance Cross-Sell
SYN-020215,2,10-04-2026,Insurance Cross-Sell
SYN-020215,3,20-04-2026,Insurance Cross-Sell
SYN-020215,4,30-04-2026,Bank Term Deposit
SYN-020215,5,10-05-2026,Bank Term Deposit
SYN-020215,6,20-05-2026,Bank Term Deposit
SYN-020215,7,30-05-2026,Payment Reminder / Collections Resolution
SYN-020215,8,10-06-2026,Bank Term Deposit
SYN-020215,9,20-06-2026,Bank Term Deposit
SYN-020215,10,30-06-2026,Bank Term Deposit
SYN-020215,11,10-07-2026,Bank Term Deposit
SYN-020215,12,20-07-2026,Insurance Cross-Sell
SYN-020215,13,30-07-2026,Insurance Cross-Sell
SYN-020215,14,10-08-2026,Insurance Cross-Sell
SYN-020215,15,20-08-2026,Insurance Cross-Sell
SYN-020215,16,30-08-2026,Insurance Cross-Sell
SYN-020215,17,10-09-2026,Payment Reminder / Collections Resolution
SYN-020215,18,20-09-2026,Payment Reminder / Collections Resolution
SYN-002061,1,30-03-2026,Bank Term Deposit
SYN-002061,2,10-04-2026,Bank Term Deposit
SYN-002061,3,20-04-2026,Insurance Cross-Sell
SYN-002061,4,30-04-2026,Insurance Cross-Sell
SYN-002061,5,10-05-2026,Insurance Cross-Sell
SYN-002061,6,20-05-2026,Insurance Cross-Sell
SYN-002061,7,30-05-2026,Insurance Cross-Sell
SYN-002061,8,10-06-2026,Insurance Cross-Sell
SYN-002061,9,20-06-2026,Insurance Cross-Sell
SYN-002061,10,30-06-2026,Insurance Cross-Sell
SYN-002061,11,10-07-2026,Insurance Cross-Sell
SYN-002061,12,20-07-2026,Insurance Cross-Sell
SYN-002061,13,30-07-2026,Bank Term Deposit
SYN-002061,14,10-08-2026,Bank Term Deposit
SYN-002061,15,20-08-2026,Bank Term Deposit
SYN-002061,16,30-08-2026,No Marketing Action (Consent Withheld)
SYN-002061,17,10-09-2026,No Marketing Action (Consent Withheld)
SYN-002061,18,20-09-2026,No Marketing Action (Consent Withheld)
SYN-030694,1,30-03-2026,Insurance Cross-Sell
SYN-030694,2,10-04-2026,Insurance Cross-Sell
SYN-030694,3,20-04-2026,Bank Term Deposit
SYN-030694,4,30-04-2026,Bank Term Deposit
SYN-030694,5,10-05-2026,Bank Term Deposit
SYN-030694,6,20-05-2026,Bank Term Deposit
SYN-030694,7,30-05-2026,Bank Term Deposit
SYN-030694,8,10-06-2026,Insurance Cross-Sell
SYN-030694,9,20-06-2026,Insurance Cross-Sell
SYN-030694,10,30-06-2026,Insurance Cross-Sell
SYN-030694,11,10-07-2026,Insurance Cross-Sell
SYN-030694,12,20-07-2026,Insurance Cross-Sell
SYN-030694,13,30-07-2026,Insurance Cross-Sell
SYN-030694,14,10-08-2026,Insurance Cross-Sell
SYN-030694,15,20-08-2026,Insurance Cross-Sell
SYN-030694,16,30-08-2026,Insurance Cross-Sell
SYN-030694,17,10-09-2026,Service Resolution
SYN-030694,18,20-09-2026,Service Resolution
SYN-004904,1,30-03-2026,Bank Term Deposit
SYN-004904,2,10-04-2026,Insurance Cross-Sell
SYN-004904,3,20-04-2026,Payment Reminder / Collections Resolution
SYN-004904,4,30-04-2026,Payment Reminder / Collections Resolution
SYN-004904,5,10-05-2026,Bank Term Deposit
SYN-004904,6,20-05-2026,Insurance Cross-Sell
SYN-004904,7,30-05-2026,Insurance Cross-Sell
SYN-004904,8,10-06-2026,Insurance Cross-Sell
SYN-004904,9,20-06-2026,Insurance Cross-Sell
SYN-004904,10,30-06-2026,Payment Reminder / Collections Resolution
SYN-004904,11,10-07-2026,Payment Reminder / Collections Resolution
SYN-004904,12,20-07-2026,Payment Reminder / Collections Resolution
SYN-004904,13,30-07-2026,Insurance Cross-Sell
SYN-004904,14,10-08-2026,Insurance Cross-Sell
SYN-004904,15,20-08-2026,Payment Reminder / Collections Resolution
SYN-004904,16,30-08-2026,Payment Reminder / Collections Resolution
SYN-004904,17,10-09-2026,Payment Reminder / Collections Resolution
SYN-004904,18,20-09-2026,Payment Reminder / Collections Resolution
SYN-011520,1,30-03-2026,Insurance Cross-Sell
SYN-011520,2,10-04-2026,Insurance Cross-Sell
SYN-011520,3,20-04-2026,Insurance Cross-Sell
SYN-011520,4,30-04-2026,Insurance Cross-Sell
SYN-011520,5,10-05-2026,Insurance Cross-Sell
SYN-011520,6,20-05-2026,Insurance Cross-Sell
SYN-011520,7,30-05-2026,Insurance Cross-Sell
SYN-011520,8,10-06-2026,Insurance Cross-Sell
SYN-011520,9,20-06-2026,Insurance Cross-Sell
SYN-011520,10,30-06-2026,Insurance Cross-Sell
SYN-011520,11,10-07-2026,Insurance Cross-Sell
SYN-011520,12,20-07-2026,Insurance Cross-Sell
SYN-011520,13,30-07-2026,Bank Term Deposit
SYN-011520,14,10-08-2026,Bank Term Deposit
SYN-011520,15,20-08-2026,Service Resolution
SYN-011520,16,30-08-2026,Bank Term Deposit
SYN-011520,17,10-09-2026,Bank Term Deposit
SYN-011520,18,20-09-2026,Bank Term Deposit
SYN-037576,1,30-03-2026,Bank Term Deposit
SYN-037576,2,10-04-2026,Bank Term Deposit
SYN-037576,3,20-04-2026,Bank Term Deposit
SYN-037576,4,30-04-2026,Insurance Cross-Sell
SYN-037576,5,10-05-2026,Insurance Cross-Sell
SYN-037576,6,20-05-2026,Insurance Cross-Sell
SYN-037576,7,30-05-2026,Retention Action
SYN-037576,8,10-06-2026,Insurance Cross-Sell
SYN-037576,9,20-06-2026,Insurance Cross-Sell
SYN-037576,10,30-06-2026,Insurance Cross-Sell
SYN-037576,11,10-07-2026,Bank Term Deposit
SYN-037576,12,20-07-2026,Bank Term Deposit
SYN-037576,13,30-07-2026,Bank Term Deposit
SYN-037576,14,10-08-2026,Bank Term Deposit
SYN-037576,15,20-08-2026,Bank Term Deposit
SYN-037576,16,30-08-2026,Service Intervention (Low NPS)
SYN-037576,17,10-09-2026,Bank Term Deposit
SYN-037576,18,20-09-2026,Bank Term Deposit
SYN-011506,1,30-03-2026,Bank Term Deposit
SYN-011506,2,10-04-2026,Complete KYC
SYN-011506,3,20-04-2026,Complete KYC
SYN-011506,4,30-04-2026,Complete KYC
SYN-011506,5,10-05-2026,Complete KYC
SYN-011506,6,20-05-2026,Complete KYC
SYN-011506,7,30-05-2026,Complete KYC
SYN-011506,8,10-06-2026,Complete KYC
SYN-011506,9,20-06-2026,Complete KYC
SYN-011506,10,30-06-2026,Complete KYC
SYN-011506,11,10-07-2026,Complete KYC
SYN-011506,12,20-07-2026,Complete KYC
SYN-011506,13,30-07-2026,Complete KYC
SYN-011506,14,10-08-2026,Complete KYC
SYN-011506,15,20-08-2026,Complete KYC
SYN-011506,16,30-08-2026,Complete KYC
SYN-011506,17,10-09-2026,Complete KYC
SYN-011506,18,20-09-2026,Complete KYC
SYN-024875,1,30-03-2026,Payment Reminder / Collections Resolution
SYN-024875,2,10-04-2026,Payment Reminder / Collections Resolution
SYN-024875,3,20-04-2026,Bank Term Deposit
SYN-024875,4,30-04-2026,Bank Term Deposit
SYN-024875,5,10-05-2026,Bank Term Deposit
SYN-024875,6,20-05-2026,Bank Term Deposit
SYN-024875,7,30-05-2026,Bank Term Deposit
SYN-024875,8,10-06-2026,Bank Term Deposit
SYN-024875,9,20-06-2026,Bank Term Deposit
SYN-024875,10,30-06-2026,Bank Term Deposit
SYN-024875,11,10-07-2026,Bank Term Deposit
SYN-024875,12,20-07-2026,Bank Term Deposit
SYN-024875,13,30-07-2026,Bank Term Deposit
SYN-024875,14,10-08-2026,Bank Term Deposit
SYN-024875,15,20-08-2026,Bank Term Deposit
SYN-024875,16,30-08-2026,Bank Term Deposit
SYN-024875,17,10-09-2026,Bank Term Deposit
SYN-024875,18,20-09-2026,Bank Term Deposit
SYN-041233,1,30-03-2026,Insurance Cross-Sell
SYN-041233,2,10-04-2026,Insurance Cross-Sell
SYN-041233,3,20-04-2026,Insurance Cross-Sell
SYN-041233,4,30-04-2026,Insurance Cross-Sell
SYN-041233,5,10-05-2026,Insurance Cross-Sell
SYN-041233,6,20-05-2026,Insurance Cross-Sell
SYN-041233,7,30-05-2026,Insurance Cross-Sell
SYN-041233,8,10-06-2026,Insurance Cross-Sell
SYN-041233,9,20-06-2026,Insurance Cross-Sell
SYN-041233,10,30-06-2026,Bank Term Deposit
SYN-041233,11,10-07-2026,Bank Term Deposit
SYN-041233,12,20-07-2026,Bank Term Deposit
SYN-041233,13,30-07-2026,Retention Action
SYN-041233,14,10-08-2026,Insurance Cross-Sell
SYN-041233,15,20-08-2026,Insurance Cross-Sell
SYN-041233,16,30-08-2026,Insurance Cross-Sell
SYN-041233,17,10-09-2026,Insurance Cross-Sell
SYN-041233,18,20-09-2026,Insurance Cross-Sell
SYN-028126,1,30-03-2026,Service Intervention (Low NPS)
SYN-028126,2,10-04-2026,Bank Term Deposit
SYN-028126,3,20-04-2026,Bank Term Deposit
SYN-028126,4,30-04-2026,Bank Term Deposit
SYN-028126,5,10-05-2026,Service Resolution
SYN-028126,6,20-05-2026,Insurance Cross-Sell
SYN-028126,7,30-05-2026,Insurance Cross-Sell
SYN-028126,8,10-06-2026,Insurance Cross-Sell
SYN-028126,9,20-06-2026,Insurance Cross-Sell
SYN-028126,10,30-06-2026,Bank Term Deposit
SYN-028126,11,10-07-2026,Bank Term Deposit
SYN-028126,12,20-07-2026,Bank Term Deposit
SYN-028126,13,30-07-2026,Bank Term Deposit
SYN-028126,14,10-08-2026,Bank Term Deposit
SYN-028126,15,20-08-2026,Bank Term Deposit
SYN-028126,16,30-08-2026,Bank Term Deposit
SYN-028126,17,10-09-2026,Service Intervention (Low NPS)
SYN-028126,18,20-09-2026,Service Intervention (Low NPS)
SYN-022231,1,30-03-2026,Bank Term Deposit
SYN-022231,2,10-04-2026,Bank Term Deposit
SYN-022231,3,20-04-2026,Bank Term Deposit
SYN-022231,4,30-04-2026,Bank Term Deposit
SYN-022231,5,10-05-2026,Bank Term Deposit
SYN-022231,6,20-05-2026,Bank Term Deposit
SYN-022231,7,30-05-2026,Bank Term Deposit
SYN-022231,8,10-06-2026,Bank Term Deposit
SYN-022231,9,20-06-2026,Bank Term Deposit
SYN-022231,10,30-06-2026,Bank Term Deposit
SYN-022231,11,10-07-2026,Bank Term Deposit
SYN-022231,12,20-07-2026,Bank Term Deposit
SYN-022231,13,30-07-2026,Bank Term Deposit
SYN-022231,14,10-08-2026,Bank Term Deposit
SYN-022231,15,20-08-2026,Bank Term Deposit
SYN-022231,16,30-08-2026,Bank Term Deposit
SYN-022231,17,10-09-2026,Bank Term Deposit
SYN-022231,18,20-09-2026,Bank Term Deposit
SYN-000315,1,30-03-2026,Insurance Cross-Sell
SYN-000315,2,10-04-2026,Insurance Cross-Sell
SYN-000315,3,20-04-2026,Insurance Cross-Sell
SYN-000315,4,30-04-2026,Bank Term Deposit
SYN-000315,5,10-05-2026,Insurance Cross-Sell
SYN-000315,6,20-05-2026,Insurance Cross-Sell
SYN-000315,7,30-05-2026,Insurance Cross-Sell
SYN-000315,8,10-06-2026,Insurance Cross-Sell
SYN-000315,9,20-06-2026,Insurance Cross-Sell
SYN-000315,10,30-06-2026,Insurance Cross-Sell
SYN-000315,11,10-07-2026,Insurance Cross-Sell
SYN-000315,12,20-07-2026,Insurance Cross-Sell
SYN-000315,13,30-07-2026,Insurance Cross-Sell
SYN-000315,14,10-08-2026,Insurance Cross-Sell
SYN-000315,15,20-08-2026,Bank Term Deposit
SYN-000315,16,30-08-2026,Bank Term Deposit
SYN-000315,17,10-09-2026,Insurance Cross-Sell
SYN-000315,18,20-09-2026,Insurance Cross-Sell
SYN-033543,1,30-03-2026,Bank Term Deposit
SYN-033543,2,10-04-2026,Bank Term Deposit
SYN-033543,3,20-04-2026,Bank Term Deposit
SYN-033543,4,30-04-2026,Bank Term Deposit
SYN-033543,5,10-05-2026,Retention Action
SYN-033543,6,20-05-2026,Bank Term Deposit
SYN-033543,7,30-05-2026,Bank Term Deposit
SYN-033543,8,10-06-2026,Bank Term Deposit
SYN-033543,9,20-06-2026,Bank Term Deposit
SYN-033543,10,30-06-2026,Bank Term Deposit
SYN-033543,11,10-07-2026,Bank Term Deposit
SYN-033543,12,20-07-2026,Insurance Cross-Sell
SYN-033543,13,30-07-2026,Insurance Cross-Sell
SYN-033543,14,10-08-2026,Insurance Cross-Sell
SYN-033543,15,20-08-2026,Bank Term Deposit
SYN-033543,16,30-08-2026,Bank Term Deposit
SYN-033543,17,10-09-2026,Service Resolution
SYN-033543,18,20-09-2026,Service Resolution
SYN-005087,1,30-03-2026,Bank Term Deposit
SYN-005087,2,10-04-2026,Bank Term Deposit
SYN-005087,3,20-04-2026,Bank Term Deposit
SYN-005087,4,30-04-2026,Bank Term Deposit
SYN-005087,5,10-05-2026,Bank Term Deposit
SYN-005087,6,20-05-2026,Bank Term Deposit
SYN-005087,7,30-05-2026,Bank Term Deposit
SYN-005087,8,10-06-2026,Insurance Cross-Sell
SYN-005087,9,20-06-2026,Insurance Cross-Sell
SYN-005087,10,30-06-2026,Insurance Cross-Sell
SYN-005087,11,10-07-2026,Bank Term Deposit
SYN-005087,12,20-07-2026,Bank Term Deposit
SYN-005087,13,30-07-2026,Bank Term Deposit
SYN-005087,14,10-08-2026,Insurance Cross-Sell
SYN-005087,15,20-08-2026,Insurance Cross-Sell
SYN-005087,16,30-08-2026,Insurance Cross-Sell
SYN-005087,17,10-09-2026,Bank Term Deposit
SYN-005087,18,20-09-2026,Bank Term Deposit
SYN-004701,1,30-03-2026,Bank Term Deposit
SYN-004701,2,10-04-2026,Bank Term Deposit
SYN-004701,3,20-04-2026,Payment Reminder / Collections Resolution
SYN-004701,4,30-04-2026,Payment Reminder / Collections Resolution
SYN-004701,5,10-05-2026,Payment Reminder / Collections Resolution
SYN-004701,6,20-05-2026,Bank Term Deposit
SYN-004701,7,30-05-2026,Bank Term Deposit
SYN-004701,8,10-06-2026,Bank Term Deposit
SYN-004701,9,20-06-2026,Bank Term Deposit
SYN-004701,10,30-06-2026,Bank Term Deposit
SYN-004701,11,10-07-2026,Bank Term Deposit
SYN-004701,12,20-07-2026,Bank Term Deposit
SYN-004701,13,30-07-2026,Bank Term Deposit
SYN-004701,14,10-08-2026,Insurance Cross-Sell
SYN-004701,15,20-08-2026,Insurance Cross-Sell
SYN-004701,16,30-08-2026,No Marketing Action (Consent Withheld)
SYN-004701,17,10-09-2026,No Marketing Action (Consent Withheld)
SYN-004701,18,20-09-2026,No Marketing Action (Consent Withheld)
SYN-036453,1,30-03-2026,Insurance Cross-Sell
SYN-036453,2,10-04-2026,Insurance Cross-Sell
SYN-036453,3,20-04-2026,Insurance Cross-Sell
SYN-036453,4,30-04-2026,Insurance Cross-Sell
SYN-036453,5,10-05-2026,Insurance Cross-Sell
SYN-036453,6,20-05-2026,Bank Term Deposit
SYN-036453,7,30-05-2026,Insurance Cross-Sell
SYN-036453,8,10-06-2026,Insurance Cross-Sell
SYN-036453,9,20-06-2026,Insurance Cross-Sell
SYN-036453,10,30-06-2026,Insurance Cross-Sell
SYN-036453,11,10-07-2026,Insurance Cross-Sell
SYN-036453,12,20-07-2026,Insurance Cross-Sell
SYN-036453,13,30-07-2026,Insurance Cross-Sell
SYN-036453,14,10-08-2026,Insurance Cross-Sell
SYN-036453,15,20-08-2026,Insurance Cross-Sell
SYN-036453,16,30-08-2026,Insurance Cross-Sell
SYN-036453,17,10-09-2026,Service Resolution
SYN-036453,18,20-09-2026,Service Resolution
SYN-014982,1,30-03-2026,Insurance Cross-Sell
SYN-014982,2,10-04-2026,Insurance Cross-Sell
SYN-014982,3,20-04-2026,Service Intervention (Low NPS)
SYN-014982,4,30-04-2026,Service Intervention (Low NPS)
SYN-014982,5,10-05-2026,Service Intervention (Low NPS)
SYN-014982,6,20-05-2026,Insurance Cross-Sell
SYN-014982,7,30-05-2026,Insurance Cross-Sell
SYN-014982,8,10-06-2026,Insurance Cross-Sell
SYN-014982,9,20-06-2026,Insurance Cross-Sell
SYN-014982,10,30-06-2026,Insurance Cross-Sell
SYN-014982,11,10-07-2026,Insurance Cross-Sell
SYN-014982,12,20-07-2026,Insurance Cross-Sell
SYN-014982,13,30-07-2026,Insurance Cross-Sell
SYN-014982,14,10-08-2026,Insurance Cross-Sell
SYN-014982,15,20-08-2026,Insurance Cross-Sell
SYN-014982,16,30-08-2026,Insurance Cross-Sell
SYN-014982,17,10-09-2026,Retention Action
SYN-014982,18,20-09-2026,Retention Action
SYN-043722,1,30-03-2026,Retention Action
SYN-043722,2,10-04-2026,Bank Term Deposit
SYN-043722,3,20-04-2026,Bank Term Deposit
SYN-043722,4,30-04-2026,Bank Term Deposit
SYN-043722,5,10-05-2026,Bank Term Deposit
SYN-043722,6,20-05-2026,Bank Term Deposit
SYN-043722,7,30-05-2026,Bank Term Deposit
SYN-043722,8,10-06-2026,Bank Term Deposit
SYN-043722,9,20-06-2026,Bank Term Deposit
SYN-043722,10,30-06-2026,Bank Term Deposit
SYN-043722,11,10-07-2026,Bank Term Deposit
SYN-043722,12,20-07-2026,Bank Term Deposit
SYN-043722,13,30-07-2026,Insurance Cross-Sell
SYN-043722,14,10-08-2026,Insurance Cross-Sell
SYN-043722,15,20-08-2026,Bank Term Deposit
SYN-043722,16,30-08-2026,Bank Term Deposit
SYN-043722,17,10-09-2026,Bank Term Deposit
SYN-043722,18,20-09-2026,Bank Term Deposit
SYN-005201,1,30-03-2026,Retention Action
SYN-005201,2,10-04-2026,Bank Term Deposit
SYN-005201,3,20-04-2026,Bank Term Deposit
SYN-005201,4,30-04-2026,Insurance Cross-Sell
SYN-005201,5,10-05-2026,Insurance Cross-Sell
SYN-005201,6,20-05-2026,Insurance Cross-Sell
SYN-005201,7,30-05-2026,Insurance Cross-Sell
SYN-005201,8,10-06-2026,Insurance Cross-Sell
SYN-005201,9,20-06-2026,Insurance Cross-Sell
SYN-005201,10,30-06-2026,Insurance Cross-Sell
SYN-005201,11,10-07-2026,Insurance Cross-Sell
SYN-005201,12,20-07-2026,Bank Term Deposit
SYN-005201,13,30-07-2026,Bank Term Deposit
SYN-005201,14,10-08-2026,Bank Term Deposit
SYN-005201,15,20-08-2026,Bank Term Deposit
SYN-005201,16,30-08-2026,Bank Term Deposit
SYN-005201,17,10-09-2026,Bank Term Deposit
SYN-005201,18,20-09-2026,Bank Term Deposit
SYN-015459,1,30-03-2026,Bank Term Deposit
SYN-015459,2,10-04-2026,Insurance Cross-Sell
SYN-015459,3,20-04-2026,Insurance Cross-Sell
SYN-015459,4,30-04-2026,Insurance Cross-Sell
SYN-015459,5,10-05-2026,Insurance Cross-Sell
SYN-015459,6,20-05-2026,Insurance Cross-Sell
SYN-015459,7,30-05-2026,Insurance Cross-Sell
SYN-015459,8,10-06-2026,Insurance Cross-Sell
SYN-015459,9,20-06-2026,Insurance Cross-Sell
SYN-015459,10,30-06-2026,Insurance Cross-Sell
SYN-015459,11,10-07-2026,Insurance Cross-Sell
SYN-015459,12,20-07-2026,Insurance Cross-Sell
SYN-015459,13,30-07-2026,Insurance Cross-Sell
SYN-015459,14,10-08-2026,Bank Term Deposit
SYN-015459,15,20-08-2026,Bank Term Deposit
SYN-015459,16,30-08-2026,Bank Term Deposit
SYN-015459,17,10-09-2026,Bank Term Deposit
SYN-015459,18,20-09-2026,Bank Term Deposit
SYN-042762,1,30-03-2026,Bank Term Deposit
SYN-042762,2,10-04-2026,Bank Term Deposit
SYN-042762,3,20-04-2026,Bank Term Deposit
SYN-042762,4,30-04-2026,Bank Term Deposit
SYN-042762,5,10-05-2026,Insurance Cross-Sell
SYN-042762,6,20-05-2026,Insurance Cross-Sell
SYN-042762,7,30-05-2026,Insurance Cross-Sell
SYN-042762,8,10-06-2026,Insurance Cross-Sell
SYN-042762,9,20-06-2026,Insurance Cross-Sell
SYN-042762,10,30-06-2026,Insurance Cross-Sell
SYN-042762,11,10-07-2026,Service Intervention (Low NPS)
SYN-042762,12,20-07-2026,Insurance Cross-Sell
SYN-042762,13,30-07-2026,Bank Term Deposit
SYN-042762,14,10-08-2026,Bank Term Deposit
SYN-042762,15,20-08-2026,Bank Term Deposit
SYN-042762,16,30-08-2026,Bank Term Deposit
SYN-042762,17,10-09-2026,Bank Term Deposit
SYN-042762,18,20-09-2026,Bank Term Deposit
SYN-030608,1,30-03-2026,Bank Term Deposit
SYN-030608,2,10-04-2026,Bank Term Deposit
SYN-030608,3,20-04-2026,Bank Term Deposit
SYN-030608,4,30-04-2026,Bank Term Deposit
SYN-030608,5,10-05-2026,Bank Term Deposit
SYN-030608,6,20-05-2026,Insurance Cross-Sell
SYN-030608,7,30-05-2026,Insurance Cross-Sell
SYN-030608,8,10-06-2026,Retention Action
SYN-030608,9,20-06-2026,Bank Term Deposit
SYN-030608,10,30-06-2026,Bank Term Deposit
SYN-030608,11,10-07-2026,Bank Term Deposit
SYN-030608,12,20-07-2026,Bank Term Deposit
SYN-030608,13,30-07-2026,Bank Term Deposit
SYN-030608,14,10-08-2026,Bank Term Deposit
SYN-030608,15,20-08-2026,Bank Term Deposit
SYN-030608,16,30-08-2026,Insurance Cross-Sell
SYN-030608,17,10-09-2026,Insurance Cross-Sell
SYN-030608,18,20-09-2026,Insurance Cross-Sell
SYN-028416,1,30-03-2026,Insurance Cross-Sell
SYN-028416,2,10-04-2026,Insurance Cross-Sell
SYN-028416,3,20-04-2026,Insurance Cross-Sell
SYN-028416,4,30-04-2026,Insurance Cross-Sell
SYN-028416,5,10-05-2026,Insurance Cross-Sell
SYN-028416,6,20-05-2026,Insurance Cross-Sell
SYN-028416,7,30-05-2026,Insurance Cross-Sell
SYN-028416,8,10-06-2026,Insurance Cross-Sell
SYN-028416,9,20-06-2026,Insurance Cross-Sell
SYN-028416,10,30-06-2026,Insurance Cross-Sell
SYN-028416,11,10-07-2026,Insurance Cross-Sell
SYN-028416,12,20-07-2026,Insurance Cross-Sell
SYN-028416,13,30-07-2026,Complete KYC
SYN-028416,14,10-08-2026,Complete KYC
SYN-028416,15,20-08-2026,Complete KYC
SYN-028416,16,30-08-2026,Complete KYC
SYN-028416,17,10-09-2026,Complete KYC
SYN-028416,18,20-09-2026,Complete KYC
SYN-019995,1,30-03-2026,Insurance Cross-Sell
SYN-019995,2,10-04-2026,Insurance Cross-Sell
SYN-019995,3,20-04-2026,Service Resolution
SYN-019995,4,30-04-2026,Service Resolution
SYN-019995,5,10-05-2026,Service Resolution
SYN-019995,6,20-05-2026,Insurance Cross-Sell
SYN-019995,7,30-05-2026,Insurance Cross-Sell
SYN-019995,8,10-06-2026,Insurance Cross-Sell
SYN-019995,9,20-06-2026,Insurance Cross-Sell
SYN-019995,10,30-06-2026,Insurance Cross-Sell
SYN-019995,11,10-07-2026,Insurance Cross-Sell
SYN-019995,12,20-07-2026,Service Resolution
SYN-019995,13,30-07-2026,Bank Term Deposit
SYN-019995,14,10-08-2026,Bank Term Deposit
SYN-019995,15,20-08-2026,Bank Term Deposit
SYN-019995,16,30-08-2026,Bank Term Deposit
SYN-019995,17,10-09-2026,Bank Term Deposit
SYN-019995,18,20-09-2026,Bank Term Deposit
SYN-028946,1,30-03-2026,Bank Term Deposit
SYN-028946,2,10-04-2026,Bank Term Deposit
SYN-028946,3,20-04-2026,Insurance Cross-Sell
SYN-028946,4,30-04-2026,Insurance Cross-Sell
SYN-028946,5,10-05-2026,Insurance Cross-Sell
SYN-028946,6,20-05-2026,Insurance Cross-Sell
SYN-028946,7,30-05-2026,Insurance Cross-Sell
SYN-028946,8,10-06-2026,Insurance Cross-Sell
SYN-028946,9,20-06-2026,Insurance Cross-Sell
SYN-028946,10,30-06-2026,Insurance Cross-Sell
SYN-028946,11,10-07-2026,Insurance Cross-Sell
SYN-028946,12,20-07-2026,Insurance Cross-Sell
SYN-028946,13,30-07-2026,Insurance Cross-Sell
SYN-028946,14,10-08-2026,Insurance Cross-Sell
SYN-028946,15,20-08-2026,Insurance Cross-Sell
SYN-028946,16,30-08-2026,Insurance Cross-Sell
SYN-028946,17,10-09-2026,Insurance Cross-Sell
SYN-028946,18,20-09-2026,Insurance Cross-Sell
SYN-022103,1,30-03-2026,Insurance Cross-Sell
SYN-022103,2,10-04-2026,Insurance Cross-Sell
SYN-022103,3,20-04-2026,Insurance Cross-Sell
SYN-022103,4,30-04-2026,Bank Term Deposit
SYN-022103,5,10-05-2026,Insurance Cross-Sell
SYN-022103,6,20-05-2026,Insurance Cross-Sell
SYN-022103,7,30-05-2026,Insurance Cross-Sell
SYN-022103,8,10-06-2026,Insurance Cross-Sell
SYN-022103,9,20-06-2026,Insurance Cross-Sell
SYN-022103,10,30-06-2026,Bank Term Deposit
SYN-022103,11,10-07-2026,Bank Term Deposit
SYN-022103,12,20-07-2026,Bank Term Deposit
SYN-022103,13,30-07-2026,Retention Action
SYN-022103,14,10-08-2026,Bank Term Deposit
SYN-022103,15,20-08-2026,Bank Term Deposit
SYN-022103,16,30-08-2026,Bank Term Deposit
SYN-022103,17,10-09-2026,Bank Term Deposit
SYN-022103,18,20-09-2026,Bank Term Deposit
SYN-015955,1,30-03-2026,Insurance Cross-Sell
SYN-015955,2,10-04-2026,Insurance Cross-Sell
SYN-015955,3,20-04-2026,Insurance Cross-Sell
SYN-015955,4,30-04-2026,Insurance Cross-Sell
SYN-015955,5,10-05-2026,Insurance Cross-Sell
SYN-015955,6,20-05-2026,Retention Action
SYN-015955,7,30-05-2026,Retention Action
SYN-015955,8,10-06-2026,Insurance Cross-Sell
SYN-015955,9,20-06-2026,Insurance Cross-Sell
SYN-015955,10,30-06-2026,Insurance Cross-Sell
SYN-015955,11,10-07-2026,Insurance Cross-Sell
SYN-015955,12,20-07-2026,Insurance Cross-Sell
SYN-015955,13,30-07-2026,Insurance Cross-Sell
SYN-015955,14,10-08-2026,Insurance Cross-Sell
SYN-015955,15,20-08-2026,Insurance Cross-Sell
SYN-015955,16,30-08-2026,Insurance Cross-Sell
SYN-015955,17,10-09-2026,Insurance Cross-Sell
SYN-015955,18,20-09-2026,Insurance Cross-Sell
SYN-021781,1,30-03-2026,Bank Term Deposit
SYN-021781,2,10-04-2026,Insurance Cross-Sell
SYN-021781,3,20-04-2026,Insurance Cross-Sell
SYN-021781,4,30-04-2026,Insurance Cross-Sell
SYN-021781,5,10-05-2026,Insurance Cross-Sell
SYN-021781,6,20-05-2026,Insurance Cross-Sell
SYN-021781,7,30-05-2026,Insurance Cross-Sell
SYN-021781,8,10-06-2026,Insurance Cross-Sell
SYN-021781,9,20-06-2026,Insurance Cross-Sell
SYN-021781,10,30-06-2026,Insurance Cross-Sell
SYN-021781,11,10-07-2026,Insurance Cross-Sell
SYN-021781,12,20-07-2026,Insurance Cross-Sell
SYN-021781,13,30-07-2026,Insurance Cross-Sell
SYN-021781,14,10-08-2026,Insurance Cross-Sell
SYN-021781,15,20-08-2026,Insurance Cross-Sell
SYN-021781,16,30-08-2026,Insurance Cross-Sell
SYN-021781,17,10-09-2026,Insurance Cross-Sell
SYN-021781,18,20-09-2026,Insurance Cross-Sell
SYN-025595,1,30-03-2026,Insurance Cross-Sell
SYN-025595,2,10-04-2026,Insurance Cross-Sell
SYN-025595,3,20-04-2026,Insurance Cross-Sell
SYN-025595,4,30-04-2026,Insurance Cross-Sell
SYN-025595,5,10-05-2026,Insurance Cross-Sell
SYN-025595,6,20-05-2026,Insurance Cross-Sell
SYN-025595,7,30-05-2026,Insurance Cross-Sell
SYN-025595,8,10-06-2026,Insurance Cross-Sell
SYN-025595,9,20-06-2026,Insurance Cross-Sell
SYN-025595,10,30-06-2026,Insurance Cross-Sell
SYN-025595,11,10-07-2026,Bank Term Deposit
SYN-025595,12,20-07-2026,Bank Term Deposit
SYN-025595,13,30-07-2026,Bank Term Deposit
SYN-025595,14,10-08-2026,Bank Term Deposit
SYN-025595,15,20-08-2026,Bank Term Deposit
SYN-025595,16,30-08-2026,Insurance Cross-Sell
SYN-025595,17,10-09-2026,Insurance Cross-Sell
SYN-025595,18,20-09-2026,Insurance Cross-Sell
SYN-030717,1,30-03-2026,Insurance Cross-Sell
SYN-030717,2,10-04-2026,Insurance Cross-Sell
SYN-030717,3,20-04-2026,Insurance Cross-Sell
SYN-030717,4,30-04-2026,Bank Term Deposit
SYN-030717,5,10-05-2026,Bank Term Deposit
SYN-030717,6,20-05-2026,Bank Term Deposit
SYN-030717,7,30-05-2026,Bank Term Deposit
SYN-030717,8,10-06-2026,Bank Term Deposit
SYN-030717,9,20-06-2026,Bank Term Deposit
SYN-030717,10,30-06-2026,Bank Term Deposit
SYN-030717,11,10-07-2026,Bank Term Deposit
SYN-030717,12,20-07-2026,Bank Term Deposit
SYN-030717,13,30-07-2026,Insurance Cross-Sell
SYN-030717,14,10-08-2026,Insurance Cross-Sell
SYN-030717,15,20-08-2026,Insurance Cross-Sell
SYN-030717,16,30-08-2026,Insurance Cross-Sell
SYN-030717,17,10-09-2026,No Marketing Action (Consent Withheld)
SYN-030717,18,20-09-2026,No Marketing Action (Consent Withheld)
SYN-014734,1,30-03-2026,Bank Term Deposit
SYN-014734,2,10-04-2026,Bank Term Deposit
SYN-014734,3,20-04-2026,Bank Term Deposit
SYN-014734,4,30-04-2026,Bank Term Deposit
SYN-014734,5,10-05-2026,Bank Term Deposit
SYN-014734,6,20-05-2026,Bank Term Deposit
SYN-014734,7,30-05-2026,Bank Term Deposit
SYN-014734,8,10-06-2026,Service Intervention (Low NPS)
SYN-014734,9,20-06-2026,Service Intervention (Low NPS)
SYN-014734,10,30-06-2026,Service Intervention (Low NPS)
SYN-014734,11,10-07-2026,Bank Term Deposit
SYN-014734,12,20-07-2026,Payment Reminder / Collections Resolution
SYN-014734,13,30-07-2026,Bank Term Deposit
SYN-014734,14,10-08-2026,Bank Term Deposit
SYN-014734,15,20-08-2026,Bank Term Deposit
SYN-014734,16,30-08-2026,Insurance Cross-Sell
SYN-014734,17,10-09-2026,Insurance Cross-Sell
SYN-014734,18,20-09-2026,Insurance Cross-Sell
SYN-027397,1,30-03-2026,Insurance Cross-Sell
SYN-027397,2,10-04-2026,Insurance Cross-Sell
SYN-027397,3,20-04-2026,Insurance Cross-Sell
SYN-027397,4,30-04-2026,Insurance Cross-Sell
SYN-027397,5,10-05-2026,Service Resolution
SYN-027397,6,20-05-2026,Service Resolution
SYN-027397,7,30-05-2026,Bank Term Deposit
SYN-027397,8,10-06-2026,Bank Term Deposit
SYN-027397,9,20-06-2026,Bank Term Deposit
SYN-027397,10,30-06-2026,Bank Term Deposit
SYN-027397,11,10-07-2026,Retention Action
SYN-027397,12,20-07-2026,Bank Term Deposit
SYN-027397,13,30-07-2026,Bank Term Deposit
SYN-027397,14,10-08-2026,Bank Term Deposit
SYN-027397,15,20-08-2026,Bank Term Deposit
SYN-027397,16,30-08-2026,Insurance Cross-Sell
SYN-027397,17,10-09-2026,Insurance Cross-Sell
SYN-027397,18,20-09-2026,Insurance Cross-Sell
SYN-031394,1,30-03-2026,Insurance Cross-Sell
SYN-031394,2,10-04-2026,Insurance Cross-Sell
SYN-031394,3,20-04-2026,Insurance Cross-Sell
SYN-031394,4,30-04-2026,Insurance Cross-Sell
SYN-031394,5,10-05-2026,Insurance Cross-Sell
SYN-031394,6,20-05-2026,Service Intervention (Low NPS)
SYN-031394,7,30-05-2026,Service Intervention (Low NPS)
SYN-031394,8,10-06-2026,Service Intervention (Low NPS)
SYN-031394,9,20-06-2026,Service Intervention (Low NPS)
SYN-031394,10,30-06-2026,Service Intervention (Low NPS)
SYN-031394,11,10-07-2026,Service Intervention (Low NPS)
SYN-031394,12,20-07-2026,Insurance Cross-Sell
SYN-031394,13,30-07-2026,Insurance Cross-Sell
SYN-031394,14,10-08-2026,Insurance Cross-Sell
SYN-031394,15,20-08-2026,Bank Term Deposit
SYN-031394,16,30-08-2026,Service Intervention (Low NPS)
SYN-031394,17,10-09-2026,Service Intervention (Low NPS)
SYN-031394,18,20-09-2026,Service Intervention (Low NPS)
SYN-020149,1,30-03-2026,Bank Term Deposit
SYN-020149,2,10-04-2026,Payment Reminder / Collections Resolution
SYN-020149,3,20-04-2026,Payment Reminder / Collections Resolution
SYN-020149,4,30-04-2026,Payment Reminder / Collections Resolution
SYN-020149,5,10-05-2026,Insurance Cross-Sell
SYN-020149,6,20-05-2026,Insurance Cross-Sell
SYN-020149,7,30-05-2026,Insurance Cross-Sell
SYN-020149,8,10-06-2026,Complete KYC
SYN-020149,9,20-06-2026,Complete KYC
SYN-020149,10,30-06-2026,Complete KYC
SYN-020149,11,10-07-2026,Complete KYC
SYN-020149,12,20-07-2026,Complete KYC
SYN-020149,13,30-07-2026,Complete KYC
SYN-020149,14,10-08-2026,Complete KYC
SYN-020149,15,20-08-2026,Complete KYC
SYN-020149,16,30-08-2026,Complete KYC
SYN-020149,17,10-09-2026,Complete KYC
SYN-020149,18,20-09-2026,Complete KYC
SYN-021211,1,30-03-2026,Insurance Cross-Sell
SYN-021211,2,10-04-2026,Insurance Cross-Sell
SYN-021211,3,20-04-2026,Bank Term Deposit
SYN-021211,4,30-04-2026,Bank Term Deposit
SYN-021211,5,10-05-2026,Insurance Cross-Sell
SYN-021211,6,20-05-2026,Insurance Cross-Sell
SYN-021211,7,30-05-2026,Insurance Cross-Sell
SYN-021211,8,10-06-2026,Bank Term Deposit
SYN-021211,9,20-06-2026,Bank Term Deposit
SYN-021211,10,30-06-2026,Insurance Cross-Sell
SYN-021211,11,10-07-2026,Insurance Cross-Sell
SYN-021211,12,20-07-2026,Retention Action
SYN-021211,13,30-07-2026,Insurance Cross-Sell
SYN-021211,14,10-08-2026,Insurance Cross-Sell
SYN-021211,15,20-08-2026,Insurance Cross-Sell
SYN-021211,16,30-08-2026,Service Resolution
SYN-021211,17,10-09-2026,Service Resolution
SYN-021211,18,20-09-2026,Service Resolution
SYN-022164,1,30-03-2026,Payment Reminder / Collections Resolution
SYN-022164,2,10-04-2026,Insurance Cross-Sell
SYN-022164,3,20-04-2026,Insurance Cross-Sell
SYN-022164,4,30-04-2026,Insurance Cross-Sell
SYN-022164,5,10-05-2026,Insurance Cross-Sell
SYN-022164,6,20-05-2026,Payment Reminder / Collections Resolution
SYN-022164,7,30-05-2026,Insurance Cross-Sell
SYN-022164,8,10-06-2026,Insurance Cross-Sell
SYN-022164,9,20-06-2026,Insurance Cross-Sell
SYN-022164,10,30-06-2026,Insurance Cross-Sell
SYN-022164,11,10-07-2026,Insurance Cross-Sell
SYN-022164,12,20-07-2026,Insurance Cross-Sell
SYN-022164,13,30-07-2026,Insurance Cross-Sell
SYN-022164,14,10-08-2026,Insurance Cross-Sell
SYN-022164,15,20-08-2026,Insurance Cross-Sell
SYN-022164,16,30-08-2026,Bank Term Deposit
SYN-022164,17,10-09-2026,Bank Term Deposit
SYN-022164,18,20-09-2026,Bank Term Deposit
SYN-043032,1,30-03-2026,Bank Term Deposit
SYN-043032,2,10-04-2026,Insurance Cross-Sell
SYN-043032,3,20-04-2026,Insurance Cross-Sell
SYN-043032,4,30-04-2026,Bank Term Deposit
SYN-043032,5,10-05-2026,Bank Term Deposit
SYN-043032,6,20-05-2026,Bank Term Deposit
SYN-043032,7,30-05-2026,Bank Term Deposit
SYN-043032,8,10-06-2026,Bank Term Deposit
SYN-043032,9,20-06-2026,Bank Term Deposit
SYN-043032,10,30-06-2026,Retention Action
SYN-043032,11,10-07-2026,Bank Term Deposit
SYN-043032,12,20-07-2026,Insurance Cross-Sell
SYN-043032,13,30-07-2026,Insurance Cross-Sell
SYN-043032,14,10-08-2026,Insurance Cross-Sell
SYN-043032,15,20-08-2026,Bank Term Deposit
SYN-043032,16,30-08-2026,Bank Term Deposit
SYN-043032,17,10-09-2026,Bank Term Deposit
SYN-043032,18,20-09-2026,Bank Term Deposit
SYN-040120,1,30-03-2026,Insurance Cross-Sell
SYN-040120,2,10-04-2026,Insurance Cross-Sell
SYN-040120,3,20-04-2026,Insurance Cross-Sell
SYN-040120,4,30-04-2026,Insurance Cross-Sell
SYN-040120,5,10-05-2026,Service Resolution
SYN-040120,6,20-05-2026,Service Resolution
SYN-040120,7,30-05-2026,Insurance Cross-Sell
SYN-040120,8,10-06-2026,Bank Term Deposit
SYN-040120,9,20-06-2026,Bank Term Deposit
SYN-040120,10,30-06-2026,Bank Term Deposit
SYN-040120,11,10-07-2026,Bank Term Deposit
SYN-040120,12,20-07-2026,Bank Term Deposit
SYN-040120,13,30-07-2026,Bank Term Deposit
SYN-040120,14,10-08-2026,Service Intervention (Low NPS)
SYN-040120,15,20-08-2026,Bank Term Deposit
SYN-040120,16,30-08-2026,Bank Term Deposit
SYN-040120,17,10-09-2026,Service Resolution
SYN-040120,18,20-09-2026,Service Resolution
SYN-027355,1,30-03-2026,Payment Reminder / Collections Resolution
SYN-027355,2,10-04-2026,Insurance Cross-Sell
SYN-027355,3,20-04-2026,Insurance Cross-Sell
SYN-027355,4,30-04-2026,Insurance Cross-Sell
SYN-027355,5,10-05-2026,Insurance Cross-Sell
SYN-027355,6,20-05-2026,Bank Term Deposit
SYN-027355,7,30-05-2026,Bank Term Deposit
SYN-027355,8,10-06-2026,Bank Term Deposit
SYN-027355,9,20-06-2026,Insurance Cross-Sell
SYN-027355,10,30-06-2026,Insurance Cross-Sell
SYN-027355,11,10-07-2026,Bank Term Deposit
SYN-027355,12,20-07-2026,Service Resolution
SYN-027355,13,30-07-2026,Service Resolution
SYN-027355,14,10-08-2026,Service Resolution
SYN-027355,15,20-08-2026,Insurance Cross-Sell
SYN-027355,16,30-08-2026,Insurance Cross-Sell
SYN-027355,17,10-09-2026,Insurance Cross-Sell
SYN-027355,18,20-09-2026,Insurance Cross-Sell
SYN-006256,1,30-03-2026,Insurance Cross-Sell
SYN-006256,2,10-04-2026,Insurance Cross-Sell
SYN-006256,3,20-04-2026,Insurance Cross-Sell
SYN-006256,4,30-04-2026,Insurance Cross-Sell
SYN-006256,5,10-05-2026,Insurance Cross-Sell
SYN-006256,6,20-05-2026,Insurance Cross-Sell
SYN-006256,7,30-05-2026,Insurance Cross-Sell
SYN-006256,8,10-06-2026,Insurance Cross-Sell
SYN-006256,9,20-06-2026,Insurance Cross-Sell
SYN-006256,10,30-06-2026,Insurance Cross-Sell
SYN-006256,11,10-07-2026,Bank Term Deposit
SYN-006256,12,20-07-2026,Bank Term Deposit
SYN-006256,13,30-07-2026,Bank Term Deposit
SYN-006256,14,10-08-2026,Bank Term Deposit
SYN-006256,15,20-08-2026,Bank Term Deposit
SYN-006256,16,30-08-2026,Bank Term Deposit
SYN-006256,17,10-09-2026,Payment Reminder / Collections Resolution
SYN-006256,18,20-09-2026,Payment Reminder / Collections Resolution
SYN-028971,1,30-03-2026,Bank Term Deposit
SYN-028971,2,10-04-2026,Bank Term Deposit
SYN-028971,3,20-04-2026,Bank Term Deposit
SYN-028971,4,30-04-2026,Bank Term Deposit
SYN-028971,5,10-05-2026,Insurance Cross-Sell
SYN-028971,6,20-05-2026,Bank Term Deposit
SYN-028971,7,30-05-2026,Bank Term Deposit
SYN-028971,8,10-06-2026,Bank Term Deposit
SYN-028971,9,20-06-2026,Bank Term Deposit
SYN-028971,10,30-06-2026,Bank Term Deposit
SYN-028971,11,10-07-2026,Bank Term Deposit
SYN-028971,12,20-07-2026,Bank Term Deposit
SYN-028971,13,30-07-2026,Bank Term Deposit
SYN-028971,14,10-08-2026,Bank Term Deposit
SYN-028971,15,20-08-2026,Bank Term Deposit
SYN-028971,16,30-08-2026,Bank Term Deposit
SYN-028971,17,10-09-2026,Bank Term Deposit
SYN-028971,18,20-09-2026,Bank Term Deposit
SYN-034933,1,30-03-2026,Insurance Cross-Sell
SYN-034933,2,10-04-2026,Insurance Cross-Sell
SYN-034933,3,20-04-2026,Retention Action
SYN-034933,4,30-04-2026,Retention Action
SYN-034933,5,10-05-2026,Insurance Cross-Sell
SYN-034933,6,20-05-2026,Insurance Cross-Sell
SYN-034933,7,30-05-2026,Insurance Cross-Sell
SYN-034933,8,10-06-2026,Complete KYC
SYN-034933,9,20-06-2026,Complete KYC
SYN-034933,10,30-06-2026,Complete KYC
SYN-034933,11,10-07-2026,Complete KYC
SYN-034933,12,20-07-2026,Complete KYC
SYN-034933,13,30-07-2026,Complete KYC
SYN-034933,14,10-08-2026,Complete KYC
SYN-034933,15,20-08-2026,Complete KYC
SYN-034933,16,30-08-2026,Complete KYC
SYN-034933,17,10-09-2026,Complete KYC
SYN-034933,18,20-09-2026,Complete KYC
SYN-043589,1,30-03-2026,Insurance Cross-Sell
SYN-043589,2,10-04-2026,Insurance Cross-Sell
SYN-043589,3,20-04-2026,Insurance Cross-Sell
SYN-043589,4,30-04-2026,Insurance Cross-Sell
SYN-043589,5,10-05-2026,Insurance Cross-Sell
SYN-043589,6,20-05-2026,Insurance Cross-Sell
SYN-043589,7,30-05-2026,Insurance Cross-Sell
SYN-043589,8,10-06-2026,Insurance Cross-Sell
SYN-043589,9,20-06-2026,Insurance Cross-Sell
SYN-043589,10,30-06-2026,Insurance Cross-Sell
SYN-043589,11,10-07-2026,Retention Action
SYN-043589,12,20-07-2026,Insurance Cross-Sell
SYN-043589,13,30-07-2026,Insurance Cross-Sell
SYN-043589,14,10-08-2026,Insurance Cross-Sell
SYN-043589,15,20-08-2026,Service Resolution
SYN-043589,16,30-08-2026,Service Resolution
SYN-043589,17,10-09-2026,Service Resolution
SYN-043589,18,20-09-2026,Service Resolution
SYN-018165,1,30-03-2026,Bank Term Deposit
SYN-018165,2,10-04-2026,Bank Term Deposit
SYN-018165,3,20-04-2026,Bank Term Deposit
SYN-018165,4,30-04-2026,Payment Reminder / Collections Resolution
SYN-018165,5,10-05-2026,Payment Reminder / Collections Resolution
SYN-018165,6,20-05-2026,Bank Term Deposit
SYN-018165,7,30-05-2026,Bank Term Deposit
SYN-018165,8,10-06-2026,Insurance Cross-Sell
SYN-018165,9,20-06-2026,Insurance Cross-Sell
SYN-018165,10,30-06-2026,Insurance Cross-Sell
SYN-018165,11,10-07-2026,Insurance Cross-Sell
SYN-018165,12,20-07-2026,Insurance Cross-Sell
SYN-018165,13,30-07-2026,Insurance Cross-Sell
SYN-018165,14,10-08-2026,Insurance Cross-Sell
SYN-018165,15,20-08-2026,Insurance Cross-Sell
SYN-018165,16,30-08-2026,Insurance Cross-Sell
SYN-018165,17,10-09-2026,Insurance Cross-Sell
SYN-018165,18,20-09-2026,Insurance Cross-Sell
SYN-028643,1,30-03-2026,Insurance Cross-Sell
SYN-028643,2,10-04-2026,Bank Term Deposit
SYN-028643,3,20-04-2026,Insurance Cross-Sell
SYN-028643,4,30-04-2026,Insurance Cross-Sell
SYN-028643,5,10-05-2026,Insurance Cross-Sell
SYN-028643,6,20-05-2026,Insurance Cross-Sell
SYN-028643,7,30-05-2026,Insurance Cross-Sell
SYN-028643,8,10-06-2026,Insurance Cross-Sell
SYN-028643,9,20-06-2026,Insurance Cross-Sell
SYN-028643,10,30-06-2026,Insurance Cross-Sell
SYN-028643,11,10-07-2026,Insurance Cross-Sell
SYN-028643,12,20-07-2026,Insurance Cross-Sell
SYN-028643,13,30-07-2026,Insurance Cross-Sell
SYN-028643,14,10-08-2026,Insurance Cross-Sell
SYN-028643,15,20-08-2026,Insurance Cross-Sell
SYN-028643,16,30-08-2026,Insurance Cross-Sell
SYN-028643,17,10-09-2026,Insurance Cross-Sell
SYN-028643,18,20-09-2026,Insurance Cross-Sell
SYN-034339,1,30-03-2026,Insurance Cross-Sell
SYN-034339,2,10-04-2026,Insurance Cross-Sell
SYN-034339,3,20-04-2026,Insurance Cross-Sell
SYN-034339,4,30-04-2026,Insurance Cross-Sell
SYN-034339,5,10-05-2026,Insurance Cross-Sell
SYN-034339,6,20-05-2026,Insurance Cross-Sell
SYN-034339,7,30-05-2026,Bank Term Deposit
SYN-034339,8,10-06-2026,Bank Term Deposit
SYN-034339,9,20-06-2026,Bank Term Deposit
SYN-034339,10,30-06-2026,Bank Term Deposit
SYN-034339,11,10-07-2026,Bank Term Deposit
SYN-034339,12,20-07-2026,Bank Term Deposit
SYN-034339,13,30-07-2026,Bank Term Deposit
SYN-034339,14,10-08-2026,Bank Term Deposit
SYN-034339,15,20-08-2026,Bank Term Deposit
SYN-034339,16,30-08-2026,Bank Term Deposit
SYN-034339,17,10-09-2026,Retention Action
SYN-034339,18,20-09-2026,Retention Action
SYN-035551,1,30-03-2026,Bank Term Deposit
SYN-035551,2,10-04-2026,Service Intervention (Low NPS)
SYN-035551,3,20-04-2026,Bank Term Deposit
SYN-035551,4,30-04-2026,Insurance Cross-Sell
SYN-035551,5,10-05-2026,Insurance Cross-Sell
SYN-035551,6,20-05-2026,Insurance Cross-Sell
SYN-035551,7,30-05-2026,Insurance Cross-Sell
SYN-035551,8,10-06-2026,Insurance Cross-Sell
SYN-035551,9,20-06-2026,Insurance Cross-Sell
SYN-035551,10,30-06-2026,No Marketing Action (Consent Withheld)
SYN-035551,11,10-07-2026,No Marketing Action (Consent Withheld)
SYN-035551,12,20-07-2026,No Marketing Action (Consent Withheld)
SYN-035551,13,30-07-2026,No Marketing Action (Consent Withheld)
SYN-035551,14,10-08-2026,No Marketing Action (Consent Withheld)
SYN-035551,15,20-08-2026,No Marketing Action (Consent Withheld)
SYN-035551,16,30-08-2026,No Marketing Action (Consent Withheld)
SYN-035551,17,10-09-2026,No Marketing Action (Consent Withheld)
SYN-035551,18,20-09-2026,No Marketing Action (Consent Withheld)
SYN-014870,1,30-03-2026,Insurance Cross-Sell
SYN-014870,2,10-04-2026,Insurance Cross-Sell
SYN-014870,3,20-04-2026,Insurance Cross-Sell
SYN-014870,4,30-04-2026,Insurance Cross-Sell
SYN-014870,5,10-05-2026,Bank Term Deposit
SYN-014870,6,20-05-2026,Bank Term Deposit
SYN-014870,7,30-05-2026,Service Intervention (Low NPS)
SYN-014870,8,10-06-2026,Bank Term Deposit
SYN-014870,9,20-06-2026,Bank Term Deposit
SYN-014870,10,30-06-2026,Retention Action
SYN-014870,11,10-07-2026,Retention Action
SYN-014870,12,20-07-2026,Bank Term Deposit
SYN-014870,13,30-07-2026,Insurance Cross-Sell
SYN-014870,14,10-08-2026,Retention Action
SYN-014870,15,20-08-2026,Bank Term Deposit
SYN-014870,16,30-08-2026,Bank Term Deposit
SYN-014870,17,10-09-2026,Bank Term Deposit
SYN-014870,18,20-09-2026,Bank Term Deposit
SYN-014461,1,30-03-2026,Service Intervention (Low NPS)
SYN-014461,2,10-04-2026,Service Intervention (Low NPS)
SYN-014461,3,20-04-2026,Insurance Cross-Sell
SYN-014461,4,30-04-2026,Insurance Cross-Sell
SYN-014461,5,10-05-2026,Insurance Cross-Sell
SYN-014461,6,20-05-2026,Service Resolution
SYN-014461,7,30-05-2026,Insurance Cross-Sell
SYN-014461,8,10-06-2026,Insurance Cross-Sell
SYN-014461,9,20-06-2026,Insurance Cross-Sell
SYN-014461,10,30-06-2026,Insurance Cross-Sell
SYN-014461,11,10-07-2026,Insurance Cross-Sell
SYN-014461,12,20-07-2026,Bank Term Deposit
SYN-014461,13,30-07-2026,Service Intervention (Low NPS)
SYN-014461,14,10-08-2026,Bank Term Deposit
SYN-014461,15,20-08-2026,Bank Term Deposit
SYN-014461,16,30-08-2026,Insurance Cross-Sell
SYN-014461,17,10-09-2026,Payment Reminder / Collections Resolution
SYN-014461,18,20-09-2026,Payment Reminder / Collections Resolution
SYN-026706,1,30-03-2026,Insurance Cross-Sell
SYN-026706,2,10-04-2026,Insurance Cross-Sell
SYN-026706,3,20-04-2026,Insurance Cross-Sell
SYN-026706,4,30-04-2026,Payment Reminder / Collections Resolution
SYN-026706,5,10-05-2026,Payment Reminder / Collections Resolution
SYN-026706,6,20-05-2026,Insurance Cross-Sell
SYN-026706,7,30-05-2026,Insurance Cross-Sell
SYN-026706,8,10-06-2026,Insurance Cross-Sell
SYN-026706,9,20-06-2026,Insurance Cross-Sell
SYN-026706,10,30-06-2026,Insurance Cross-Sell
SYN-026706,11,10-07-2026,Insurance Cross-Sell
SYN-026706,12,20-07-2026,Insurance Cross-Sell
SYN-026706,13,30-07-2026,Bank Term Deposit
SYN-026706,14,10-08-2026,Insurance Cross-Sell
SYN-026706,15,20-08-2026,Insurance Cross-Sell
SYN-026706,16,30-08-2026,Insurance Cross-Sell
SYN-026706,17,10-09-2026,Insurance Cross-Sell
SYN-026706,18,20-09-2026,Insurance Cross-Sell
SYN-030194,1,30-03-2026,Bank Term Deposit
SYN-030194,2,10-04-2026,Bank Term Deposit
SYN-030194,3,20-04-2026,Bank Term Deposit
SYN-030194,4,30-04-2026,Bank Term Deposit
SYN-030194,5,10-05-2026,Bank Term Deposit
SYN-030194,6,20-05-2026,Bank Term Deposit
SYN-030194,7,30-05-2026,Bank Term Deposit
SYN-030194,8,10-06-2026,Bank Term Deposit
SYN-030194,9,20-06-2026,Bank Term Deposit
SYN-030194,10,30-06-2026,Bank Term Deposit
SYN-030194,11,10-07-2026,Insurance Cross-Sell
SYN-030194,12,20-07-2026,Insurance Cross-Sell
SYN-030194,13,30-07-2026,Insurance Cross-Sell
SYN-030194,14,10-08-2026,Insurance Cross-Sell
SYN-030194,15,20-08-2026,Insurance Cross-Sell
SYN-030194,16,30-08-2026,Payment Reminder / Collections Resolution
SYN-030194,17,10-09-2026,Payment Reminder / Collections Resolution
SYN-030194,18,20-09-2026,Payment Reminder / Collections Resolution
SYN-026852,1,30-03-2026,Bank Term Deposit
SYN-026852,2,10-04-2026,Bank Term Deposit
SYN-026852,3,20-04-2026,Bank Term Deposit
SYN-026852,4,30-04-2026,Bank Term Deposit
SYN-026852,5,10-05-2026,Bank Term Deposit
SYN-026852,6,20-05-2026,Bank Term Deposit
SYN-026852,7,30-05-2026,Bank Term Deposit
SYN-026852,8,10-06-2026,Bank Term Deposit
SYN-026852,9,20-06-2026,Bank Term Deposit
SYN-026852,10,30-06-2026,Complete KYC
SYN-026852,11,10-07-2026,Complete KYC
SYN-026852,12,20-07-2026,Complete KYC
SYN-026852,13,30-07-2026,Complete KYC
SYN-026852,14,10-08-2026,Complete KYC
SYN-026852,15,20-08-2026,Complete KYC
SYN-026852,16,30-08-2026,Complete KYC
SYN-026852,17,10-09-2026,Complete KYC
SYN-026852,18,20-09-2026,Complete KYC
SYN-008176,1,30-03-2026,Bank Term Deposit
SYN-008176,2,10-04-2026,Bank Term Deposit
SYN-008176,3,20-04-2026,Bank Term Deposit
SYN-008176,4,30-04-2026,Bank Term Deposit
SYN-008176,5,10-05-2026,Bank Term Deposit
SYN-008176,6,20-05-2026,Bank Term Deposit
SYN-008176,7,30-05-2026,Insurance Cross-Sell
SYN-008176,8,10-06-2026,Insurance Cross-Sell
SYN-008176,9,20-06-2026,Insurance Cross-Sell
SYN-008176,10,30-06-2026,Insurance Cross-Sell
SYN-008176,11,10-07-2026,Insurance Cross-Sell
SYN-008176,12,20-07-2026,Bank Term Deposit
SYN-008176,13,30-07-2026,Bank Term Deposit
SYN-008176,14,10-08-2026,Bank Term Deposit
SYN-008176,15,20-08-2026,Bank Term Deposit
SYN-008176,16,30-08-2026,Bank Term Deposit
SYN-008176,17,10-09-2026,Bank Term Deposit
SYN-008176,18,20-09-2026,Bank Term Deposit
SYN-015227,1,30-03-2026,Retention Action
SYN-015227,2,10-04-2026,Retention Action
SYN-015227,3,20-04-2026,Retention Action
SYN-015227,4,30-04-2026,Retention Action
SYN-015227,5,10-05-2026,Retention Action
SYN-015227,6,20-05-2026,Bank Term Deposit
SYN-015227,7,30-05-2026,Bank Term Deposit
SYN-015227,8,10-06-2026,Bank Term Deposit
SYN-015227,9,20-06-2026,Bank Term Deposit
SYN-015227,10,30-06-2026,Service Resolution
SYN-015227,11,10-07-2026,Bank Term Deposit
SYN-015227,12,20-07-2026,Insurance Cross-Sell
SYN-015227,13,30-07-2026,Insurance Cross-Sell
SYN-015227,14,10-08-2026,Insurance Cross-Sell
SYN-015227,15,20-08-2026,Insurance Cross-Sell
SYN-015227,16,30-08-2026,Insurance Cross-Sell
SYN-015227,17,10-09-2026,Insurance Cross-Sell
SYN-015227,18,20-09-2026,Insurance Cross-Sell
SYN-005054,1,30-03-2026,Bank Term Deposit
SYN-005054,2,10-04-2026,Bank Term Deposit
SYN-005054,3,20-04-2026,Insurance Cross-Sell
SYN-005054,4,30-04-2026,Insurance Cross-Sell
SYN-005054,5,10-05-2026,Insurance Cross-Sell
SYN-005054,6,20-05-2026,Bank Term Deposit
SYN-005054,7,30-05-2026,Service Intervention (Low NPS)
SYN-005054,8,10-06-2026,Service Intervention (Low NPS)
SYN-005054,9,20-06-2026,Service Intervention (Low NPS)
SYN-005054,10,30-06-2026,Bank Term Deposit
SYN-005054,11,10-07-2026,Bank Term Deposit
SYN-005054,12,20-07-2026,Service Resolution
SYN-005054,13,30-07-2026,Bank Term Deposit
SYN-005054,14,10-08-2026,Bank Term Deposit
SYN-005054,15,20-08-2026,Insurance Cross-Sell
SYN-005054,16,30-08-2026,Insurance Cross-Sell
SYN-005054,17,10-09-2026,Compliance Hold - No Sales Offer
SYN-005054,18,20-09-2026,Compliance Hold - No Sales Offer
SYN-032927,1,30-03-2026,Insurance Cross-Sell
SYN-032927,2,10-04-2026,Insurance Cross-Sell
SYN-032927,3,20-04-2026,Insurance Cross-Sell
SYN-032927,4,30-04-2026,Insurance Cross-Sell
SYN-032927,5,10-05-2026,Insurance Cross-Sell
SYN-032927,6,20-05-2026,Insurance Cross-Sell
SYN-032927,7,30-05-2026,Bank Term Deposit
SYN-032927,8,10-06-2026,Bank Term Deposit
SYN-032927,9,20-06-2026,Service Resolution
SYN-032927,10,30-06-2026,Bank Term Deposit
SYN-032927,11,10-07-2026,Bank Term Deposit
SYN-032927,12,20-07-2026,Insurance Cross-Sell
SYN-032927,13,30-07-2026,Insurance Cross-Sell
SYN-032927,14,10-08-2026,Insurance Cross-Sell
SYN-032927,15,20-08-2026,Insurance Cross-Sell
SYN-032927,16,30-08-2026,Bank Term Deposit
SYN-032927,17,10-09-2026,Bank Term Deposit
SYN-032927,18,20-09-2026,Bank Term Deposit
SYN-010779,1,30-03-2026,Insurance Cross-Sell
SYN-010779,2,10-04-2026,Insurance Cross-Sell
SYN-010779,3,20-04-2026,Insurance Cross-Sell
SYN-010779,4,30-04-2026,Insurance Cross-Sell
SYN-010779,5,10-05-2026,Insurance Cross-Sell
SYN-010779,6,20-05-2026,Insurance Cross-Sell
SYN-010779,7,30-05-2026,Service Resolution
SYN-010779,8,10-06-2026,Insurance Cross-Sell
SYN-010779,9,20-06-2026,Service Resolution
SYN-010779,10,30-06-2026,Insurance Cross-Sell
SYN-010779,11,10-07-2026,Insurance Cross-Sell
SYN-010779,12,20-07-2026,Insurance Cross-Sell
SYN-010779,13,30-07-2026,Insurance Cross-Sell
SYN-010779,14,10-08-2026,Insurance Cross-Sell
SYN-010779,15,20-08-2026,Insurance Cross-Sell
SYN-010779,16,30-08-2026,Bank Term Deposit
SYN-010779,17,10-09-2026,Bank Term Deposit
SYN-010779,18,20-09-2026,Bank Term Deposit
SYN-023515,1,30-03-2026,Insurance Cross-Sell
SYN-023515,2,10-04-2026,Insurance Cross-Sell
SYN-023515,3,20-04-2026,Bank Term Deposit
SYN-023515,4,30-04-2026,Insurance Cross-Sell
SYN-023515,5,10-05-2026,Bank Term Deposit
SYN-023515,6,20-05-2026,Bank Term Deposit
SYN-023515,7,30-05-2026,Bank Term Deposit
SYN-023515,8,10-06-2026,Insurance Cross-Sell
SYN-023515,9,20-06-2026,Insurance Cross-Sell
SYN-023515,10,30-06-2026,Insurance Cross-Sell
SYN-023515,11,10-07-2026,Insurance Cross-Sell
SYN-023515,12,20-07-2026,Insurance Cross-Sell
SYN-023515,13,30-07-2026,Insurance Cross-Sell
SYN-023515,14,10-08-2026,Insurance Cross-Sell
SYN-023515,15,20-08-2026,Insurance Cross-Sell
SYN-023515,16,30-08-2026,Insurance Cross-Sell
SYN-023515,17,10-09-2026,Service Intervention (Low NPS)
SYN-023515,18,20-09-2026,Service Intervention (Low NPS)
SYN-026704,1,30-03-2026,Insurance Cross-Sell
SYN-026704,2,10-04-2026,Service Intervention (Low NPS)
SYN-026704,3,20-04-2026,Insurance Cross-Sell
SYN-026704,4,30-04-2026,Insurance Cross-Sell
SYN-026704,5,10-05-2026,Insurance Cross-Sell
SYN-026704,6,20-05-2026,Insurance Cross-Sell
SYN-026704,7,30-05-2026,Insurance Cross-Sell
SYN-026704,8,10-06-2026,Insurance Cross-Sell
SYN-026704,9,20-06-2026,Insurance Cross-Sell
SYN-026704,10,30-06-2026,Insurance Cross-Sell
SYN-026704,11,10-07-2026,Insurance Cross-Sell
SYN-026704,12,20-07-2026,Insurance Cross-Sell
SYN-026704,13,30-07-2026,Insurance Cross-Sell
SYN-026704,14,10-08-2026,Insurance Cross-Sell
SYN-026704,15,20-08-2026,Insurance Cross-Sell
SYN-026704,16,30-08-2026,Insurance Cross-Sell
SYN-026704,17,10-09-2026,Insurance Cross-Sell
SYN-026704,18,20-09-2026,Insurance Cross-Sell
SYN-032097,1,30-03-2026,No Marketing Action (Consent Withheld)
SYN-032097,2,10-04-2026,No Marketing Action (Consent Withheld)
SYN-032097,3,20-04-2026,No Marketing Action (Consent Withheld)
SYN-032097,4,30-04-2026,No Marketing Action (Consent Withheld)
SYN-032097,5,10-05-2026,No Marketing Action (Consent Withheld)
SYN-032097,6,20-05-2026,No Marketing Action (Consent Withheld)
SYN-032097,7,30-05-2026,No Marketing Action (Consent Withheld)
SYN-032097,8,10-06-2026,No Marketing Action (Consent Withheld)
SYN-032097,9,20-06-2026,No Marketing Action (Consent Withheld)
SYN-032097,10,30-06-2026,No Marketing Action (Consent Withheld)
SYN-032097,11,10-07-2026,No Marketing Action (Consent Withheld)
SYN-032097,12,20-07-2026,No Marketing Action (Consent Withheld)
SYN-032097,13,30-07-2026,No Marketing Action (Consent Withheld)
SYN-032097,14,10-08-2026,No Marketing Action (Consent Withheld)
SYN-032097,15,20-08-2026,No Marketing Action (Consent Withheld)
SYN-032097,16,30-08-2026,No Marketing Action (Consent Withheld)
SYN-032097,17,10-09-2026,No Marketing Action (Consent Withheld)
SYN-032097,18,20-09-2026,No Marketing Action (Consent Withheld)
SYN-009583,1,30-03-2026,Insurance Cross-Sell
SYN-009583,2,10-04-2026,Insurance Cross-Sell
SYN-009583,3,20-04-2026,Insurance Cross-Sell
SYN-009583,4,30-04-2026,Service Intervention (Low NPS)
SYN-009583,5,10-05-2026,Service Intervention (Low NPS)
SYN-009583,6,20-05-2026,Insurance Cross-Sell
SYN-009583,7,30-05-2026,Insurance Cross-Sell
SYN-009583,8,10-06-2026,Insurance Cross-Sell
SYN-009583,9,20-06-2026,Insurance Cross-Sell
SYN-009583,10,30-06-2026,Insurance Cross-Sell
SYN-009583,11,10-07-2026,Insurance Cross-Sell
SYN-009583,12,20-07-2026,Insurance Cross-Sell
SYN-009583,13,30-07-2026,Bank Term Deposit
SYN-009583,14,10-08-2026,Bank Term Deposit
SYN-009583,15,20-08-2026,Insurance Cross-Sell
SYN-009583,16,30-08-2026,Insurance Cross-Sell
SYN-009583,17,10-09-2026,Retention Action
SYN-009583,18,20-09-2026,Retention Action
SYN-030917,1,30-03-2026,Service Intervention (Low NPS)
SYN-030917,2,10-04-2026,Insurance Cross-Sell
SYN-030917,3,20-04-2026,Insurance Cross-Sell
SYN-030917,4,30-04-2026,Insurance Cross-Sell
SYN-030917,5,10-05-2026,Insurance Cross-Sell
SYN-030917,6,20-05-2026,Insurance Cross-Sell
SYN-030917,7,30-05-2026,Insurance Cross-Sell
SYN-030917,8,10-06-2026,Insurance Cross-Sell
SYN-030917,9,20-06-2026,Insurance Cross-Sell
SYN-030917,10,30-06-2026,Insurance Cross-Sell
SYN-030917,11,10-07-2026,Service Intervention (Low NPS)
SYN-030917,12,20-07-2026,Insurance Cross-Sell
SYN-030917,13,30-07-2026,Insurance Cross-Sell
SYN-030917,14,10-08-2026,Insurance Cross-Sell
SYN-030917,15,20-08-2026,Insurance Cross-Sell
SYN-030917,16,30-08-2026,Retention Action
SYN-030917,17,10-09-2026,Retention Action
SYN-030917,18,20-09-2026,Retention Action
SYN-008647,1,30-03-2026,Bank Term Deposit
SYN-008647,2,10-04-2026,Bank Term Deposit
SYN-008647,3,20-04-2026,Bank Term Deposit
SYN-008647,4,30-04-2026,Bank Term Deposit
SYN-008647,5,10-05-2026,Service Intervention (Low NPS)
SYN-008647,6,20-05-2026,Service Intervention (Low NPS)
SYN-008647,7,30-05-2026,Bank Term Deposit
SYN-008647,8,10-06-2026,Bank Term Deposit
SYN-008647,9,20-06-2026,Insurance Cross-Sell
SYN-008647,10,30-06-2026,Insurance Cross-Sell
SYN-008647,11,10-07-2026,Retention Action
SYN-008647,12,20-07-2026,Retention Action
SYN-008647,13,30-07-2026,Insurance Cross-Sell
SYN-008647,14,10-08-2026,Bank Term Deposit
SYN-008647,15,20-08-2026,Bank Term Deposit
SYN-008647,16,30-08-2026,Bank Term Deposit
SYN-008647,17,10-09-2026,Bank Term Deposit
SYN-008647,18,20-09-2026,Bank Term Deposit
SYN-030265,1,30-03-2026,Insurance Cross-Sell
SYN-030265,2,10-04-2026,Insurance Cross-Sell
SYN-030265,3,20-04-2026,Bank Term Deposit
SYN-030265,4,30-04-2026,Bank Term Deposit
SYN-030265,5,10-05-2026,Bank Term Deposit
SYN-030265,6,20-05-2026,Bank Term Deposit
SYN-030265,7,30-05-2026,Bank Term Deposit
SYN-030265,8,10-06-2026,Bank Term Deposit
SYN-030265,9,20-06-2026,Bank Term Deposit
SYN-030265,10,30-06-2026,Bank Term Deposit
SYN-030265,11,10-07-2026,Bank Term Deposit
SYN-030265,12,20-07-2026,Bank Term Deposit
SYN-030265,13,30-07-2026,Insurance Cross-Sell
SYN-030265,14,10-08-2026,Insurance Cross-Sell
SYN-030265,15,20-08-2026,Payment Reminder / Collections Resolution
SYN-030265,16,30-08-2026,Payment Reminder / Collections Resolution
SYN-030265,17,10-09-2026,Payment Reminder / Collections Resolution
SYN-030265,18,20-09-2026,Payment Reminder / Collections Resolution
SYN-035916,1,30-03-2026,Insurance Cross-Sell
SYN-035916,2,10-04-2026,Retention Action
SYN-035916,3,20-04-2026,Insurance Cross-Sell
SYN-035916,4,30-04-2026,Insurance Cross-Sell
SYN-035916,5,10-05-2026,Bank Term Deposit
SYN-035916,6,20-05-2026,Bank Term Deposit
SYN-035916,7,30-05-2026,Bank Term Deposit
SYN-035916,8,10-06-2026,Bank Term Deposit
SYN-035916,9,20-06-2026,Bank Term Deposit
SYN-035916,10,30-06-2026,Bank Term Deposit
SYN-035916,11,10-07-2026,Bank Term Deposit
SYN-035916,12,20-07-2026,Bank Term Deposit
SYN-035916,13,30-07-2026,Bank Term Deposit
SYN-035916,14,10-08-2026,Bank Term Deposit
SYN-035916,15,20-08-2026,Service Resolution
SYN-035916,16,30-08-2026,Service Resolution
SYN-035916,17,10-09-2026,Service Resolution
SYN-035916,18,20-09-2026,Service Resolution
SYN-025882,1,30-03-2026,Bank Term Deposit
SYN-025882,2,10-04-2026,Bank Term Deposit
SYN-025882,3,20-04-2026,Bank Term Deposit
SYN-025882,4,30-04-2026,Bank Term Deposit
SYN-025882,5,10-05-2026,Bank Term Deposit
SYN-025882,6,20-05-2026,Insurance Cross-Sell
SYN-025882,7,30-05-2026,Insurance Cross-Sell
SYN-025882,8,10-06-2026,Payment Reminder / Collections Resolution
SYN-025882,9,20-06-2026,Insurance Cross-Sell
SYN-025882,10,30-06-2026,Insurance Cross-Sell
SYN-025882,11,10-07-2026,Insurance Cross-Sell
SYN-025882,12,20-07-2026,Insurance Cross-Sell
SYN-025882,13,30-07-2026,Insurance Cross-Sell
SYN-025882,14,10-08-2026,Insurance Cross-Sell
SYN-025882,15,20-08-2026,Insurance Cross-Sell
SYN-025882,16,30-08-2026,Bank Term Deposit
SYN-025882,17,10-09-2026,Bank Term Deposit
SYN-025882,18,20-09-2026,Bank Term Deposit
SYN-016226,1,30-03-2026,Bank Term Deposit
SYN-016226,2,10-04-2026,Bank Term Deposit
SYN-016226,3,20-04-2026,Bank Term Deposit
SYN-016226,4,30-04-2026,Service Intervention (Low NPS)
SYN-016226,5,10-05-2026,Bank Term Deposit
SYN-016226,6,20-05-2026,Bank Term Deposit
SYN-016226,7,30-05-2026,Bank Term Deposit
SYN-016226,8,10-06-2026,Bank Term Deposit
SYN-016226,9,20-06-2026,Bank Term Deposit
SYN-016226,10,30-06-2026,Bank Term Deposit
SYN-016226,11,10-07-2026,Bank Term Deposit
SYN-016226,12,20-07-2026,Bank Term Deposit
SYN-016226,13,30-07-2026,Bank Term Deposit
SYN-016226,14,10-08-2026,Bank Term Deposit
SYN-016226,15,20-08-2026,Bank Term Deposit
SYN-016226,16,30-08-2026,Bank Term Deposit
SYN-016226,17,10-09-2026,Insurance Cross-Sell
SYN-016226,18,20-09-2026,Insurance Cross-Sell
SYN-042111,1,30-03-2026,Bank Term Deposit
SYN-042111,2,10-04-2026,Service Intervention (Low NPS)
SYN-042111,3,20-04-2026,Insurance Cross-Sell
SYN-042111,4,30-04-2026,Insurance Cross-Sell
SYN-042111,5,10-05-2026,Insurance Cross-Sell
SYN-042111,6,20-05-2026,Insurance Cross-Sell
SYN-042111,7,30-05-2026,Retention Action
SYN-042111,8,10-06-2026,Retention Action
SYN-042111,9,20-06-2026,Insurance Cross-Sell
SYN-042111,10,30-06-2026,Insurance Cross-Sell
SYN-042111,11,10-07-2026,Insurance Cross-Sell
SYN-042111,12,20-07-2026,Insurance Cross-Sell
SYN-042111,13,30-07-2026,Bank Term Deposit
SYN-042111,14,10-08-2026,Insurance Cross-Sell
SYN-042111,15,20-08-2026,Insurance Cross-Sell
SYN-042111,16,30-08-2026,Insurance Cross-Sell
SYN-042111,17,10-09-2026,Complete KYC
SYN-042111,18,20-09-2026,Complete KYC
SYN-010696,1,30-03-2026,Service Resolution
SYN-010696,2,10-04-2026,Insurance Cross-Sell
SYN-010696,3,20-04-2026,Insurance Cross-Sell
SYN-010696,4,30-04-2026,Insurance Cross-Sell
SYN-010696,5,10-05-2026,Insurance Cross-Sell
SYN-010696,6,20-05-2026,Insurance Cross-Sell
SYN-010696,7,30-05-2026,Insurance Cross-Sell
SYN-010696,8,10-06-2026,Insurance Cross-Sell
SYN-010696,9,20-06-2026,Insurance Cross-Sell
SYN-010696,10,30-06-2026,Service Resolution
SYN-010696,11,10-07-2026,Insurance Cross-Sell
SYN-010696,12,20-07-2026,Retention Action
SYN-010696,13,30-07-2026,Insurance Cross-Sell
SYN-010696,14,10-08-2026,Insurance Cross-Sell
SYN-010696,15,20-08-2026,Insurance Cross-Sell
SYN-010696,16,30-08-2026,Insurance Cross-Sell
SYN-010696,17,10-09-2026,Complete KYC
SYN-010696,18,20-09-2026,Complete KYC
SYN-005801,1,30-03-2026,Insurance Cross-Sell
SYN-005801,2,10-04-2026,Insurance Cross-Sell
SYN-005801,3,20-04-2026,Insurance Cross-Sell
SYN-005801,4,30-04-2026,Insurance Cross-Sell
SYN-005801,5,10-05-2026,Bank Term Deposit
SYN-005801,6,20-05-2026,Bank Term Deposit
SYN-005801,7,30-05-2026,Bank Term Deposit
SYN-005801,8,10-06-2026,Bank Term Deposit
SYN-005801,9,20-06-2026,Bank Term Deposit
SYN-005801,10,30-06-2026,Bank Term Deposit
SYN-005801,11,10-07-2026,Payment Reminder / Collections Resolution
SYN-005801,12,20-07-2026,Payment Reminder / Collections Resolution
SYN-005801,13,30-07-2026,Payment Reminder / Collections Resolution
SYN-005801,14,10-08-2026,Payment Reminder / Collections Resolution
SYN-005801,15,20-08-2026,Payment Reminder / Collections Resolution
SYN-005801,16,30-08-2026,Payment Reminder / Collections Resolution
SYN-005801,17,10-09-2026,Payment Reminder / Collections Resolution
SYN-005801,18,20-09-2026,Payment Reminder / Collections Resolution
SYN-001489,1,30-03-2026,Service Intervention (Low NPS)
SYN-001489,2,10-04-2026,Insurance Cross-Sell
SYN-001489,3,20-04-2026,Insurance Cross-Sell
SYN-001489,4,30-04-2026,Insurance Cross-Sell
SYN-001489,5,10-05-2026,Bank Term Deposit
SYN-001489,6,20-05-2026,Insurance Cross-Sell
SYN-001489,7,30-05-2026,Insurance Cross-Sell
SYN-001489,8,10-06-2026,Insurance Cross-Sell
SYN-001489,9,20-06-2026,Insurance Cross-Sell
SYN-001489,10,30-06-2026,Insurance Cross-Sell
SYN-001489,11,10-07-2026,Insurance Cross-Sell
SYN-001489,12,20-07-2026,Insurance Cross-Sell
SYN-001489,13,30-07-2026,Insurance Cross-Sell
SYN-001489,14,10-08-2026,Retention Action
SYN-001489,15,20-08-2026,Retention Action
SYN-001489,16,30-08-2026,Retention Action
SYN-001489,17,10-09-2026,Insurance Cross-Sell
SYN-001489,18,20-09-2026,Insurance Cross-Sell
SYN-023776,1,30-03-2026,Bank Term Deposit
SYN-023776,2,10-04-2026,Bank Term Deposit
SYN-023776,3,20-04-2026,Insurance Cross-Sell
SYN-023776,4,30-04-2026,Insurance Cross-Sell
SYN-023776,5,10-05-2026,Insurance Cross-Sell
SYN-023776,6,20-05-2026,Insurance Cross-Sell
SYN-023776,7,30-05-2026,Insurance Cross-Sell
SYN-023776,8,10-06-2026,Insurance Cross-Sell
SYN-023776,9,20-06-2026,Insurance Cross-Sell
SYN-023776,10,30-06-2026,Insurance Cross-Sell
SYN-023776,11,10-07-2026,Insurance Cross-Sell
SYN-023776,12,20-07-2026,Payment Reminder / Collections Resolution
SYN-023776,13,30-07-2026,Payment Reminder / Collections Resolution
SYN-023776,14,10-08-2026,Payment Reminder / Collections Resolution
SYN-023776,15,20-08-2026,Payment Reminder / Collections Resolution
SYN-023776,16,30-08-2026,Insurance Cross-Sell
SYN-023776,17,10-09-2026,Complete KYC
SYN-023776,18,20-09-2026,Complete KYC
SYN-029949,1,30-03-2026,Insurance Cross-Sell
SYN-029949,2,10-04-2026,Insurance Cross-Sell
SYN-029949,3,20-04-2026,Insurance Cross-Sell
SYN-029949,4,30-04-2026,Insurance Cross-Sell
SYN-029949,5,10-05-2026,Insurance Cross-Sell
SYN-029949,6,20-05-2026,Insurance Cross-Sell
SYN-029949,7,30-05-2026,Insurance Cross-Sell
SYN-029949,8,10-06-2026,Insurance Cross-Sell
SYN-029949,9,20-06-2026,Insurance Cross-Sell
SYN-029949,10,30-06-2026,Insurance Cross-Sell
SYN-029949,11,10-07-2026,Insurance Cross-Sell
SYN-029949,12,20-07-2026,Insurance Cross-Sell
SYN-029949,13,30-07-2026,Insurance Cross-Sell
SYN-029949,14,10-08-2026,Complete KYC
SYN-029949,15,20-08-2026,Complete KYC
SYN-029949,16,30-08-2026,Complete KYC
SYN-029949,17,10-09-2026,Complete KYC
SYN-029949,18,20-09-2026,Complete KYC
SYN-023786,1,30-03-2026,Insurance Cross-Sell
SYN-023786,2,10-04-2026,Bank Term Deposit
SYN-023786,3,20-04-2026,Bank Term Deposit
SYN-023786,4,30-04-2026,Bank Term Deposit
SYN-023786,5,10-05-2026,Bank Term Deposit
SYN-023786,6,20-05-2026,Service Resolution
SYN-023786,7,30-05-2026,Bank Term Deposit
SYN-023786,8,10-06-2026,Bank Term Deposit
SYN-023786,9,20-06-2026,Bank Term Deposit
SYN-023786,10,30-06-2026,Retention Action
SYN-023786,11,10-07-2026,Bank Term Deposit
SYN-023786,12,20-07-2026,Insurance Cross-Sell
SYN-023786,13,30-07-2026,Insurance Cross-Sell
SYN-023786,14,10-08-2026,Insurance Cross-Sell
SYN-023786,15,20-08-2026,Insurance Cross-Sell
SYN-023786,16,30-08-2026,Bank Term Deposit
SYN-023786,17,10-09-2026,Bank Term Deposit
SYN-023786,18,20-09-2026,Bank Term Deposit
SYN-041743,1,30-03-2026,Bank Term Deposit
SYN-041743,2,10-04-2026,Bank Term Deposit
SYN-041743,3,20-04-2026,Insurance Cross-Sell
SYN-041743,4,30-04-2026,Bank Term Deposit
SYN-041743,5,10-05-2026,Bank Term Deposit
SYN-041743,6,20-05-2026,Bank Term Deposit
SYN-041743,7,30-05-2026,Bank Term Deposit
SYN-041743,8,10-06-2026,Bank Term Deposit
SYN-041743,9,20-06-2026,Insurance Cross-Sell
SYN-041743,10,30-06-2026,Insurance Cross-Sell
SYN-041743,11,10-07-2026,Insurance Cross-Sell
SYN-041743,12,20-07-2026,Insurance Cross-Sell
SYN-041743,13,30-07-2026,Insurance Cross-Sell
SYN-041743,14,10-08-2026,Complete KYC
SYN-041743,15,20-08-2026,Complete KYC
SYN-041743,16,30-08-2026,Complete KYC
SYN-041743,17,10-09-2026,Complete KYC
SYN-041743,18,20-09-2026,Complete KYC
SYN-029062,1,30-03-2026,Insurance Cross-Sell
SYN-029062,2,10-04-2026,Insurance Cross-Sell
SYN-029062,3,20-04-2026,Insurance Cross-Sell
SYN-029062,4,30-04-2026,Insurance Cross-Sell
SYN-029062,5,10-05-2026,Insurance Cross-Sell
SYN-029062,6,20-05-2026,Insurance Cross-Sell
SYN-029062,7,30-05-2026,Insurance Cross-Sell
SYN-029062,8,10-06-2026,Service Intervention (Low NPS)
SYN-029062,9,20-06-2026,Service Intervention (Low NPS)
SYN-029062,10,30-06-2026,Insurance Cross-Sell
SYN-029062,11,10-07-2026,Insurance Cross-Sell
SYN-029062,12,20-07-2026,Insurance Cross-Sell
SYN-029062,13,30-07-2026,Insurance Cross-Sell
SYN-029062,14,10-08-2026,Insurance Cross-Sell
SYN-029062,15,20-08-2026,Insurance Cross-Sell
SYN-029062,16,30-08-2026,Insurance Cross-Sell
SYN-029062,17,10-09-2026,Bank Term Deposit
SYN-029062,18,20-09-2026,Bank Term Deposit
SYN-019464,1,30-03-2026,Service Intervention (Low NPS)
SYN-019464,2,10-04-2026,Bank Term Deposit
SYN-019464,3,20-04-2026,Bank Term Deposit
SYN-019464,4,30-04-2026,Bank Term Deposit
SYN-019464,5,10-05-2026,Bank Term Deposit
SYN-019464,6,20-05-2026,Bank Term Deposit
SYN-019464,7,30-05-2026,Bank Term Deposit
SYN-019464,8,10-06-2026,Bank Term Deposit
SYN-019464,9,20-06-2026,Bank Term Deposit
SYN-019464,10,30-06-2026,Bank Term Deposit
SYN-019464,11,10-07-2026,Bank Term Deposit
SYN-019464,12,20-07-2026,Bank Term Deposit
SYN-019464,13,30-07-2026,Bank Term Deposit
SYN-019464,14,10-08-2026,Bank Term Deposit
SYN-019464,15,20-08-2026,Bank Term Deposit
SYN-019464,16,30-08-2026,Complete KYC
SYN-019464,17,10-09-2026,Complete KYC
SYN-019464,18,20-09-2026,Complete KYC
SYN-033759,1,30-03-2026,Retention Action
SYN-033759,2,10-04-2026,Bank Term Deposit
SYN-033759,3,20-04-2026,Insurance Cross-Sell
SYN-033759,4,30-04-2026,Insurance Cross-Sell
SYN-033759,5,10-05-2026,Insurance Cross-Sell
SYN-033759,6,20-05-2026,Insurance Cross-Sell
SYN-033759,7,30-05-2026,Insurance Cross-Sell
SYN-033759,8,10-06-2026,Payment Reminder / Collections Resolution
SYN-033759,9,20-06-2026,Payment Reminder / Collections Resolution
SYN-033759,10,30-06-2026,Insurance Cross-Sell
SYN-033759,11,10-07-2026,Insurance Cross-Sell
SYN-033759,12,20-07-2026,Insurance Cross-Sell
SYN-033759,13,30-07-2026,Insurance Cross-Sell
SYN-033759,14,10-08-2026,Bank Term Deposit
SYN-033759,15,20-08-2026,Bank Term Deposit
SYN-033759,16,30-08-2026,Service Intervention (Low NPS)
SYN-033759,17,10-09-2026,Service Intervention (Low NPS)
SYN-033759,18,20-09-2026,Service Intervention (Low NPS)
SYN-006611,1,30-03-2026,Bank Term Deposit
SYN-006611,2,10-04-2026,Bank Term Deposit
SYN-006611,3,20-04-2026,Bank Term Deposit
SYN-006611,4,30-04-2026,Bank Term Deposit
SYN-006611,5,10-05-2026,Retention Action
SYN-006611,6,20-05-2026,Bank Term Deposit
SYN-006611,7,30-05-2026,Bank Term Deposit
SYN-006611,8,10-06-2026,Bank Term Deposit
SYN-006611,9,20-06-2026,Retention Action
SYN-006611,10,30-06-2026,Bank Term Deposit
SYN-006611,11,10-07-2026,Bank Term Deposit
SYN-006611,12,20-07-2026,Insurance Cross-Sell
SYN-006611,13,30-07-2026,Insurance Cross-Sell
SYN-006611,14,10-08-2026,Bank Term Deposit
SYN-006611,15,20-08-2026,Insurance Cross-Sell
SYN-006611,16,30-08-2026,Insurance Cross-Sell
SYN-006611,17,10-09-2026,Bank Term Deposit
SYN-006611,18,20-09-2026,Bank Term Deposit
SYN-003778,1,30-03-2026,Bank Term Deposit
SYN-003778,2,10-04-2026,Bank Term Deposit
SYN-003778,3,20-04-2026,Bank Term Deposit
SYN-003778,4,30-04-2026,Bank Term Deposit
SYN-003778,5,10-05-2026,Bank Term Deposit
SYN-003778,6,20-05-2026,Bank Term Deposit
SYN-003778,7,30-05-2026,Bank Term Deposit
SYN-003778,8,10-06-2026,Insurance Cross-Sell
SYN-003778,9,20-06-2026,Insurance Cross-Sell
SYN-003778,10,30-06-2026,Insurance Cross-Sell
SYN-003778,11,10-07-2026,Insurance Cross-Sell
SYN-003778,12,20-07-2026,Insurance Cross-Sell
SYN-003778,13,30-07-2026,Insurance Cross-Sell
SYN-003778,14,10-08-2026,Insurance Cross-Sell
SYN-003778,15,20-08-2026,Insurance Cross-Sell
SYN-003778,16,30-08-2026,Complete KYC
SYN-003778,17,10-09-2026,Complete KYC
SYN-003778,18,20-09-2026,Complete KYC
SYN-016795,1,30-03-2026,Insurance Cross-Sell
SYN-016795,2,10-04-2026,Bank Term Deposit
SYN-016795,3,20-04-2026,Insurance Cross-Sell
SYN-016795,4,30-04-2026,Insurance Cross-Sell
SYN-016795,5,10-05-2026,Insurance Cross-Sell
SYN-016795,6,20-05-2026,Insurance Cross-Sell
SYN-016795,7,30-05-2026,Insurance Cross-Sell
SYN-016795,8,10-06-2026,Insurance Cross-Sell
SYN-016795,9,20-06-2026,Insurance Cross-Sell
SYN-016795,10,30-06-2026,Insurance Cross-Sell
SYN-016795,11,10-07-2026,Insurance Cross-Sell
SYN-016795,12,20-07-2026,Insurance Cross-Sell
SYN-016795,13,30-07-2026,Insurance Cross-Sell
SYN-016795,14,10-08-2026,Insurance Cross-Sell
SYN-016795,15,20-08-2026,Insurance Cross-Sell
SYN-016795,16,30-08-2026,Insurance Cross-Sell
SYN-016795,17,10-09-2026,Insurance Cross-Sell
SYN-016795,18,20-09-2026,Insurance Cross-Sell
SYN-002756,1,30-03-2026,Bank Term Deposit
SYN-002756,2,10-04-2026,Bank Term Deposit
SYN-002756,3,20-04-2026,Bank Term Deposit
SYN-002756,4,30-04-2026,Service Intervention (Low NPS)
SYN-002756,5,10-05-2026,Bank Term Deposit
SYN-002756,6,20-05-2026,Bank Term Deposit
SYN-002756,7,30-05-2026,Bank Term Deposit
SYN-002756,8,10-06-2026,Bank Term Deposit
SYN-002756,9,20-06-2026,Bank Term Deposit
SYN-002756,10,30-06-2026,Bank Term Deposit
SYN-002756,11,10-07-2026,Service Intervention (Low NPS)
SYN-002756,12,20-07-2026,Insurance Cross-Sell
SYN-002756,13,30-07-2026,Insurance Cross-Sell
SYN-002756,14,10-08-2026,Insurance Cross-Sell
SYN-002756,15,20-08-2026,Insurance Cross-Sell
SYN-002756,16,30-08-2026,Insurance Cross-Sell
SYN-002756,17,10-09-2026,Service Intervention (Low NPS)
SYN-002756,18,20-09-2026,Service Intervention (Low NPS)
SYN-016819,1,30-03-2026,Insurance Cross-Sell
SYN-016819,2,10-04-2026,Insurance Cross-Sell
SYN-016819,3,20-04-2026,Insurance Cross-Sell
SYN-016819,4,30-04-2026,Insurance Cross-Sell
SYN-016819,5,10-05-2026,Insurance Cross-Sell
SYN-016819,6,20-05-2026,Insurance Cross-Sell
SYN-016819,7,30-05-2026,Insurance Cross-Sell
SYN-016819,8,10-06-2026,Insurance Cross-Sell
SYN-016819,9,20-06-2026,Insurance Cross-Sell
SYN-016819,10,30-06-2026,Insurance Cross-Sell
SYN-016819,11,10-07-2026,Insurance Cross-Sell
SYN-016819,12,20-07-2026,Insurance Cross-Sell
SYN-016819,13,30-07-2026,Insurance Cross-Sell
SYN-016819,14,10-08-2026,Insurance Cross-Sell
SYN-016819,15,20-08-2026,Service Resolution
SYN-016819,16,30-08-2026,Service Resolution
SYN-016819,17,10-09-2026,Insurance Cross-Sell
SYN-016819,18,20-09-2026,Insurance Cross-Sell
SYN-041257,1,30-03-2026,Bank Term Deposit
SYN-041257,2,10-04-2026,Bank Term Deposit
SYN-041257,3,20-04-2026,Bank Term Deposit
SYN-041257,4,30-04-2026,Bank Term Deposit
SYN-041257,5,10-05-2026,Bank Term Deposit
SYN-041257,6,20-05-2026,Bank Term Deposit
SYN-041257,7,30-05-2026,Bank Term Deposit
SYN-041257,8,10-06-2026,Bank Term Deposit
SYN-041257,9,20-06-2026,Bank Term Deposit
SYN-041257,10,30-06-2026,Insurance Cross-Sell
SYN-041257,11,10-07-2026,Insurance Cross-Sell
SYN-041257,12,20-07-2026,Insurance Cross-Sell
SYN-041257,13,30-07-2026,Insurance Cross-Sell
SYN-041257,14,10-08-2026,Insurance Cross-Sell
SYN-041257,15,20-08-2026,Insurance Cross-Sell
SYN-041257,16,30-08-2026,Service Resolution
SYN-041257,17,10-09-2026,Service Resolution
SYN-041257,18,20-09-2026,Service Resolution
SYN-018729,1,30-03-2026,Insurance Cross-Sell
SYN-018729,2,10-04-2026,Payment Reminder / Collections Resolution
SYN-018729,3,20-04-2026,Payment Reminder / Collections Resolution
SYN-018729,4,30-04-2026,Payment Reminder / Collections Resolution
SYN-018729,5,10-05-2026,Payment Reminder / Collections Resolution
SYN-018729,6,20-05-2026,Insurance Cross-Sell
SYN-018729,7,30-05-2026,Insurance Cross-Sell
SYN-018729,8,10-06-2026,Insurance Cross-Sell
SYN-018729,9,20-06-2026,Insurance Cross-Sell
SYN-018729,10,30-06-2026,Insurance Cross-Sell
SYN-018729,11,10-07-2026,Insurance Cross-Sell
SYN-018729,12,20-07-2026,Insurance Cross-Sell
SYN-018729,13,30-07-2026,Insurance Cross-Sell
SYN-018729,14,10-08-2026,Insurance Cross-Sell
SYN-018729,15,20-08-2026,Insurance Cross-Sell
SYN-018729,16,30-08-2026,Insurance Cross-Sell
SYN-018729,17,10-09-2026,Insurance Cross-Sell
SYN-018729,18,20-09-2026,Insurance Cross-Sell
SYN-013323,1,30-03-2026,Bank Term Deposit
SYN-013323,2,10-04-2026,Bank Term Deposit
SYN-013323,3,20-04-2026,Bank Term Deposit
SYN-013323,4,30-04-2026,Bank Term Deposit
SYN-013323,5,10-05-2026,Bank Term Deposit
SYN-013323,6,20-05-2026,Insurance Cross-Sell
SYN-013323,7,30-05-2026,Insurance Cross-Sell
SYN-013323,8,10-06-2026,Bank Term Deposit
SYN-013323,9,20-06-2026,Bank Term Deposit
SYN-013323,10,30-06-2026,Bank Term Deposit
SYN-013323,11,10-07-2026,Bank Term Deposit
SYN-013323,12,20-07-2026,Bank Term Deposit
SYN-013323,13,30-07-2026,Bank Term Deposit
SYN-013323,14,10-08-2026,Bank Term Deposit
SYN-013323,15,20-08-2026,Bank Term Deposit
SYN-013323,16,30-08-2026,Bank Term Deposit
SYN-013323,17,10-09-2026,Bank Term Deposit
SYN-013323,18,20-09-2026,Bank Term Deposit
SYN-027849,1,30-03-2026,Bank Term Deposit
SYN-027849,2,10-04-2026,Bank Term Deposit
SYN-027849,3,20-04-2026,Insurance Cross-Sell
SYN-027849,4,30-04-2026,Insurance Cross-Sell
SYN-027849,5,10-05-2026,Insurance Cross-Sell
SYN-027849,6,20-05-2026,Insurance Cross-Sell
SYN-027849,7,30-05-2026,Insurance Cross-Sell
SYN-027849,8,10-06-2026,Insurance Cross-Sell
SYN-027849,9,20-06-2026,Service Resolution
SYN-027849,10,30-06-2026,Insurance Cross-Sell
SYN-027849,11,10-07-2026,Insurance Cross-Sell
SYN-027849,12,20-07-2026,Insurance Cross-Sell
SYN-027849,13,30-07-2026,Insurance Cross-Sell
SYN-027849,14,10-08-2026,Insurance Cross-Sell
SYN-027849,15,20-08-2026,Insurance Cross-Sell
SYN-027849,16,30-08-2026,Bank Term Deposit
SYN-027849,17,10-09-2026,Bank Term Deposit
SYN-027849,18,20-09-2026,Bank Term Deposit
SYN-042322,1,30-03-2026,Bank Term Deposit
SYN-042322,2,10-04-2026,Bank Term Deposit
SYN-042322,3,20-04-2026,Bank Term Deposit
SYN-042322,4,30-04-2026,Bank Term Deposit
SYN-042322,5,10-05-2026,Bank Term Deposit
SYN-042322,6,20-05-2026,Bank Term Deposit
SYN-042322,7,30-05-2026,Bank Term Deposit
SYN-042322,8,10-06-2026,Bank Term Deposit
SYN-042322,9,20-06-2026,Bank Term Deposit
SYN-042322,10,30-06-2026,Bank Term Deposit
SYN-042322,11,10-07-2026,Insurance Cross-Sell
SYN-042322,12,20-07-2026,Insurance Cross-Sell
SYN-042322,13,30-07-2026,Bank Term Deposit
SYN-042322,14,10-08-2026,Bank Term Deposit
SYN-042322,15,20-08-2026,Bank Term Deposit
SYN-042322,16,30-08-2026,Bank Term Deposit
SYN-042322,17,10-09-2026,Bank Term Deposit
SYN-042322,18,20-09-2026,Bank Term Deposit
SYN-019474,1,30-03-2026,Insurance Cross-Sell
SYN-019474,2,10-04-2026,Bank Term Deposit
SYN-019474,3,20-04-2026,Bank Term Deposit
SYN-019474,4,30-04-2026,Bank Term Deposit
SYN-019474,5,10-05-2026,Complete KYC
SYN-019474,6,20-05-2026,Complete KYC
SYN-019474,7,30-05-2026,Complete KYC
SYN-019474,8,10-06-2026,Complete KYC
SYN-019474,9,20-06-2026,Complete KYC
SYN-019474,10,30-06-2026,Complete KYC
SYN-019474,11,10-07-2026,Complete KYC
SYN-019474,12,20-07-2026,Complete KYC
SYN-019474,13,30-07-2026,Complete KYC
SYN-019474,14,10-08-2026,Complete KYC
SYN-019474,15,20-08-2026,Complete KYC
SYN-019474,16,30-08-2026,Complete KYC
SYN-019474,17,10-09-2026,Complete KYC
SYN-019474,18,20-09-2026,Complete KYC
SYN-011016,1,30-03-2026,Insurance Cross-Sell
SYN-011016,2,10-04-2026,Insurance Cross-Sell
SYN-011016,3,20-04-2026,Insurance Cross-Sell
SYN-011016,4,30-04-2026,Insurance Cross-Sell
SYN-011016,5,10-05-2026,Insurance Cross-Sell
SYN-011016,6,20-05-2026,Insurance Cross-Sell
SYN-011016,7,30-05-2026,Insurance Cross-Sell
SYN-011016,8,10-06-2026,Insurance Cross-Sell
SYN-011016,9,20-06-2026,Retention Action
SYN-011016,10,30-06-2026,Retention Action
SYN-011016,11,10-07-2026,Insurance Cross-Sell
SYN-011016,12,20-07-2026,Insurance Cross-Sell
SYN-011016,13,30-07-2026,Retention Action
SYN-011016,14,10-08-2026,Insurance Cross-Sell
SYN-011016,15,20-08-2026,No Marketing Action (Consent Withheld)
SYN-011016,16,30-08-2026,No Marketing Action (Consent Withheld)
SYN-011016,17,10-09-2026,No Marketing Action (Consent Withheld)
SYN-011016,18,20-09-2026,No Marketing Action (Consent Withheld)
SYN-014360,1,30-03-2026,Insurance Cross-Sell
SYN-014360,2,10-04-2026,Bank Term Deposit
SYN-014360,3,20-04-2026,Bank Term Deposit
SYN-014360,4,30-04-2026,Bank Term Deposit
SYN-014360,5,10-05-2026,Bank Term Deposit
SYN-014360,6,20-05-2026,Bank Term Deposit
SYN-014360,7,30-05-2026,Bank Term Deposit
SYN-014360,8,10-06-2026,Bank Term Deposit
SYN-014360,9,20-06-2026,Insurance Cross-Sell
SYN-014360,10,30-06-2026,Insurance Cross-Sell
SYN-014360,11,10-07-2026,Insurance Cross-Sell
SYN-014360,12,20-07-2026,Bank Term Deposit
SYN-014360,13,30-07-2026,Bank Term Deposit
SYN-014360,14,10-08-2026,Bank Term Deposit
SYN-014360,15,20-08-2026,Payment Reminder / Collections Resolution
SYN-014360,16,30-08-2026,Payment Reminder / Collections Resolution
SYN-014360,17,10-09-2026,Payment Reminder / Collections Resolution
SYN-014360,18,20-09-2026,Payment Reminder / Collections Resolution
SYN-044042,1,30-03-2026,Bank Term Deposit
SYN-044042,2,10-04-2026,Bank Term Deposit
SYN-044042,3,20-04-2026,Insurance Cross-Sell
SYN-044042,4,30-04-2026,Insurance Cross-Sell
SYN-044042,5,10-05-2026,Insurance Cross-Sell
SYN-044042,6,20-05-2026,Insurance Cross-Sell
SYN-044042,7,30-05-2026,Insurance Cross-Sell
SYN-044042,8,10-06-2026,Insurance Cross-Sell
SYN-044042,9,20-06-2026,Insurance Cross-Sell
SYN-044042,10,30-06-2026,Insurance Cross-Sell
SYN-044042,11,10-07-2026,Insurance Cross-Sell
SYN-044042,12,20-07-2026,Insurance Cross-Sell
SYN-044042,13,30-07-2026,Insurance Cross-Sell
SYN-044042,14,10-08-2026,Insurance Cross-Sell
SYN-044042,15,20-08-2026,Insurance Cross-Sell
SYN-044042,16,30-08-2026,Insurance Cross-Sell
SYN-044042,17,10-09-2026,Insurance Cross-Sell
SYN-044042,18,20-09-2026,Insurance Cross-Sell
SYN-006438,1,30-03-2026,Bank Term Deposit
SYN-006438,2,10-04-2026,Bank Term Deposit
SYN-006438,3,20-04-2026,Bank Term Deposit
SYN-006438,4,30-04-2026,Bank Term Deposit
SYN-006438,5,10-05-2026,Bank Term Deposit
SYN-006438,6,20-05-2026,Insurance Cross-Sell
SYN-006438,7,30-05-2026,Insurance Cross-Sell
SYN-006438,8,10-06-2026,Insurance Cross-Sell
SYN-006438,9,20-06-2026,Insurance Cross-Sell
SYN-006438,10,30-06-2026,Bank Term Deposit
SYN-006438,11,10-07-2026,Complete KYC
SYN-006438,12,20-07-2026,Complete KYC
SYN-006438,13,30-07-2026,Complete KYC
SYN-006438,14,10-08-2026,Complete KYC
SYN-006438,15,20-08-2026,Complete KYC
SYN-006438,16,30-08-2026,Complete KYC
SYN-006438,17,10-09-2026,Complete KYC
SYN-006438,18,20-09-2026,Complete KYC
SYN-026968,1,30-03-2026,Bank Term Deposit
SYN-026968,2,10-04-2026,Bank Term Deposit
SYN-026968,3,20-04-2026,Retention Action
SYN-026968,4,30-04-2026,Bank Term Deposit
SYN-026968,5,10-05-2026,Bank Term Deposit
SYN-026968,6,20-05-2026,Payment Reminder / Collections Resolution
SYN-026968,7,30-05-2026,Bank Term Deposit
SYN-026968,8,10-06-2026,Payment Reminder / Collections Resolution
SYN-026968,9,20-06-2026,Payment Reminder / Collections Resolution
SYN-026968,10,30-06-2026,Bank Term Deposit
SYN-026968,11,10-07-2026,Bank Term Deposit
SYN-026968,12,20-07-2026,Bank Term Deposit
SYN-026968,13,30-07-2026,Bank Term Deposit
SYN-026968,14,10-08-2026,Bank Term Deposit
SYN-026968,15,20-08-2026,Bank Term Deposit
SYN-026968,16,30-08-2026,Bank Term Deposit
SYN-026968,17,10-09-2026,Insurance Cross-Sell
SYN-026968,18,20-09-2026,Insurance Cross-Sell
SYN-011696,1,30-03-2026,Bank Term Deposit
SYN-011696,2,10-04-2026,Bank Term Deposit
SYN-011696,3,20-04-2026,Bank Term Deposit
SYN-011696,4,30-04-2026,Bank Term Deposit
SYN-011696,5,10-05-2026,Insurance Cross-Sell
SYN-011696,6,20-05-2026,Insurance Cross-Sell
SYN-011696,7,30-05-2026,Insurance Cross-Sell
SYN-011696,8,10-06-2026,Insurance Cross-Sell
SYN-011696,9,20-06-2026,Insurance Cross-Sell
SYN-011696,10,30-06-2026,Payment Reminder / Collections Resolution
SYN-011696,11,10-07-2026,Payment Reminder / Collections Resolution
SYN-011696,12,20-07-2026,Payment Reminder / Collections Resolution
SYN-011696,13,30-07-2026,Insurance Cross-Sell
SYN-011696,14,10-08-2026,Insurance Cross-Sell
SYN-011696,15,20-08-2026,Insurance Cross-Sell
SYN-011696,16,30-08-2026,Insurance Cross-Sell
SYN-011696,17,10-09-2026,Service Resolution
SYN-011696,18,20-09-2026,Service Resolution
SYN-040424,1,30-03-2026,Bank Term Deposit
SYN-040424,2,10-04-2026,Complete KYC
SYN-040424,3,20-04-2026,Complete KYC
SYN-040424,4,30-04-2026,Complete KYC
SYN-040424,5,10-05-2026,Complete KYC
SYN-040424,6,20-05-2026,Complete KYC
SYN-040424,7,30-05-2026,Complete KYC
SYN-040424,8,10-06-2026,Complete KYC
SYN-040424,9,20-06-2026,Complete KYC
SYN-040424,10,30-06-2026,Complete KYC
SYN-040424,11,10-07-2026,Complete KYC
SYN-040424,12,20-07-2026,Complete KYC
SYN-040424,13,30-07-2026,Complete KYC
SYN-040424,14,10-08-2026,Complete KYC
SYN-040424,15,20-08-2026,Complete KYC
SYN-040424,16,30-08-2026,Complete KYC
SYN-040424,17,10-09-2026,Complete KYC
SYN-040424,18,20-09-2026,Complete KYC
SYN-009858,1,30-03-2026,Service Resolution
SYN-009858,2,10-04-2026,Bank Term Deposit
SYN-009858,3,20-04-2026,Bank Term Deposit
SYN-009858,4,30-04-2026,Bank Term Deposit
SYN-009858,5,10-05-2026,Insurance Cross-Sell
SYN-009858,6,20-05-2026,Insurance Cross-Sell
SYN-009858,7,30-05-2026,Insurance Cross-Sell
SYN-009858,8,10-06-2026,Insurance Cross-Sell
SYN-009858,9,20-06-2026,Insurance Cross-Sell
SYN-009858,10,30-06-2026,Insurance Cross-Sell
SYN-009858,11,10-07-2026,Insurance Cross-Sell
SYN-009858,12,20-07-2026,Insurance Cross-Sell
SYN-009858,13,30-07-2026,Bank Term Deposit
SYN-009858,14,10-08-2026,Bank Term Deposit
SYN-009858,15,20-08-2026,Bank Term Deposit
SYN-009858,16,30-08-2026,Bank Term Deposit
SYN-009858,17,10-09-2026,Bank Term Deposit
SYN-009858,18,20-09-2026,Bank Term Deposit
SYN-035450,1,30-03-2026,Insurance Cross-Sell
SYN-035450,2,10-04-2026,Insurance Cross-Sell
SYN-035450,3,20-04-2026,Insurance Cross-Sell
SYN-035450,4,30-04-2026,Insurance Cross-Sell
SYN-035450,5,10-05-2026,Bank Term Deposit
SYN-035450,6,20-05-2026,Bank Term Deposit
SYN-035450,7,30-05-2026,Bank Term Deposit
SYN-035450,8,10-06-2026,Bank Term Deposit
SYN-035450,9,20-06-2026,Bank Term Deposit
SYN-035450,10,30-06-2026,Bank Term Deposit
SYN-035450,11,10-07-2026,Insurance Cross-Sell
SYN-035450,12,20-07-2026,Insurance Cross-Sell
SYN-035450,13,30-07-2026,Insurance Cross-Sell
SYN-035450,14,10-08-2026,Insurance Cross-Sell
SYN-035450,15,20-08-2026,Insurance Cross-Sell
SYN-035450,16,30-08-2026,Insurance Cross-Sell
SYN-035450,17,10-09-2026,Insurance Cross-Sell
SYN-035450,18,20-09-2026,Insurance Cross-Sell
SYN-017808,1,30-03-2026,Insurance Cross-Sell
SYN-017808,2,10-04-2026,Insurance Cross-Sell
SYN-017808,3,20-04-2026,Insurance Cross-Sell
SYN-017808,4,30-04-2026,Insurance Cross-Sell
SYN-017808,5,10-05-2026,Insurance Cross-Sell
SYN-017808,6,20-05-2026,Insurance Cross-Sell
SYN-017808,7,30-05-2026,Insurance Cross-Sell
SYN-017808,8,10-06-2026,Insurance Cross-Sell
SYN-017808,9,20-06-2026,Insurance Cross-Sell
SYN-017808,10,30-06-2026,Insurance Cross-Sell
SYN-017808,11,10-07-2026,Insurance Cross-Sell
SYN-017808,12,20-07-2026,Insurance Cross-Sell
SYN-017808,13,30-07-2026,Insurance Cross-Sell
SYN-017808,14,10-08-2026,Insurance Cross-Sell
SYN-017808,15,20-08-2026,Insurance Cross-Sell
SYN-017808,16,30-08-2026,Insurance Cross-Sell
SYN-017808,17,10-09-2026,Bank Term Deposit
SYN-017808,18,20-09-2026,Bank Term Deposit
SYN-043356,1,30-03-2026,Insurance Cross-Sell
SYN-043356,2,10-04-2026,Insurance Cross-Sell
SYN-043356,3,20-04-2026,Insurance Cross-Sell
SYN-043356,4,30-04-2026,Bank Term Deposit
SYN-043356,5,10-05-2026,Bank Term Deposit
SYN-043356,6,20-05-2026,Bank Term Deposit
SYN-043356,7,30-05-2026,Bank Term Deposit
SYN-043356,8,10-06-2026,Bank Term Deposit
SYN-043356,9,20-06-2026,Bank Term Deposit
SYN-043356,10,30-06-2026,Bank Term Deposit
SYN-043356,11,10-07-2026,Bank Term Deposit
SYN-043356,12,20-07-2026,Bank Term Deposit
SYN-043356,13,30-07-2026,Bank Term Deposit
SYN-043356,14,10-08-2026,Bank Term Deposit
SYN-043356,15,20-08-2026,Bank Term Deposit
SYN-043356,16,30-08-2026,Bank Term Deposit
SYN-043356,17,10-09-2026,Bank Term Deposit
SYN-043356,18,20-09-2026,Bank Term Deposit
SYN-041172,1,30-03-2026,Insurance Cross-Sell
SYN-041172,2,10-04-2026,Insurance Cross-Sell
SYN-041172,3,20-04-2026,Insurance Cross-Sell
SYN-041172,4,30-04-2026,Insurance Cross-Sell
SYN-041172,5,10-05-2026,Insurance Cross-Sell
SYN-041172,6,20-05-2026,Insurance Cross-Sell
SYN-041172,7,30-05-2026,Insurance Cross-Sell
SYN-041172,8,10-06-2026,Insurance Cross-Sell
SYN-041172,9,20-06-2026,Insurance Cross-Sell
SYN-041172,10,30-06-2026,Insurance Cross-Sell
SYN-041172,11,10-07-2026,Insurance Cross-Sell
SYN-041172,12,20-07-2026,Insurance Cross-Sell
SYN-041172,13,30-07-2026,Insurance Cross-Sell
SYN-041172,14,10-08-2026,Insurance Cross-Sell
SYN-041172,15,20-08-2026,Insurance Cross-Sell
SYN-041172,16,30-08-2026,Insurance Cross-Sell
SYN-041172,17,10-09-2026,Payment Reminder / Collections Resolution
SYN-041172,18,20-09-2026,Payment Reminder / Collections Resolution
SYN-038743,1,30-03-2026,Insurance Cross-Sell
SYN-038743,2,10-04-2026,Service Resolution
SYN-038743,3,20-04-2026,Insurance Cross-Sell
SYN-038743,4,30-04-2026,Insurance Cross-Sell
SYN-038743,5,10-05-2026,Bank Term Deposit
SYN-038743,6,20-05-2026,Bank Term Deposit
SYN-038743,7,30-05-2026,Bank Term Deposit
SYN-038743,8,10-06-2026,Bank Term Deposit
SYN-038743,9,20-06-2026,Bank Term Deposit
SYN-038743,10,30-06-2026,Bank Term Deposit
SYN-038743,11,10-07-2026,Bank Term Deposit
SYN-038743,12,20-07-2026,Bank Term Deposit
SYN-038743,13,30-07-2026,Bank Term Deposit
SYN-038743,14,10-08-2026,Bank Term Deposit
SYN-038743,15,20-08-2026,Bank Term Deposit
SYN-038743,16,30-08-2026,Bank Term Deposit
SYN-038743,17,10-09-2026,Payment Reminder / Collections Resolution
SYN-038743,18,20-09-2026,Payment Reminder / Collections Resolution
SYN-027123,1,30-03-2026,Insurance Cross-Sell
SYN-027123,2,10-04-2026,Insurance Cross-Sell
SYN-027123,3,20-04-2026,Insurance Cross-Sell
SYN-027123,4,30-04-2026,Bank Term Deposit
SYN-027123,5,10-05-2026,Bank Term Deposit
SYN-027123,6,20-05-2026,No Marketing Action (Consent Withheld)
SYN-027123,7,30-05-2026,No Marketing Action (Consent Withheld)
SYN-027123,8,10-06-2026,No Marketing Action (Consent Withheld)
SYN-027123,9,20-06-2026,No Marketing Action (Consent Withheld)
SYN-027123,10,30-06-2026,No Marketing Action (Consent Withheld)
SYN-027123,11,10-07-2026,No Marketing Action (Consent Withheld)
SYN-027123,12,20-07-2026,No Marketing Action (Consent Withheld)
SYN-027123,13,30-07-2026,No Marketing Action (Consent Withheld)
SYN-027123,14,10-08-2026,No Marketing Action (Consent Withheld)
SYN-027123,15,20-08-2026,No Marketing Action (Consent Withheld)
SYN-027123,16,30-08-2026,No Marketing Action (Consent Withheld)
SYN-027123,17,10-09-2026,No Marketing Action (Consent Withheld)
SYN-027123,18,20-09-2026,No Marketing Action (Consent Withheld)
SYN-034787,1,30-03-2026,Insurance Cross-Sell
SYN-034787,2,10-04-2026,Insurance Cross-Sell
SYN-034787,3,20-04-2026,Bank Term Deposit
SYN-034787,4,30-04-2026,Bank Term Deposit
SYN-034787,5,10-05-2026,Bank Term Deposit
SYN-034787,6,20-05-2026,Insurance Cross-Sell
SYN-034787,7,30-05-2026,Insurance Cross-Sell
SYN-034787,8,10-06-2026,Insurance Cross-Sell
SYN-034787,9,20-06-2026,Insurance Cross-Sell
SYN-034787,10,30-06-2026,Insurance Cross-Sell
SYN-034787,11,10-07-2026,Insurance Cross-Sell
SYN-034787,12,20-07-2026,Insurance Cross-Sell
SYN-034787,13,30-07-2026,Insurance Cross-Sell
SYN-034787,14,10-08-2026,Insurance Cross-Sell
SYN-034787,15,20-08-2026,Insurance Cross-Sell
SYN-034787,16,30-08-2026,Insurance Cross-Sell
SYN-034787,17,10-09-2026,Payment Reminder / Collections Resolution
SYN-034787,18,20-09-2026,Payment Reminder / Collections Resolution
SYN-035193,1,30-03-2026,Bank Term Deposit
SYN-035193,2,10-04-2026,Bank Term Deposit
SYN-035193,3,20-04-2026,Bank Term Deposit
SYN-035193,4,30-04-2026,Bank Term Deposit
SYN-035193,5,10-05-2026,Bank Term Deposit
SYN-035193,6,20-05-2026,Bank Term Deposit
SYN-035193,7,30-05-2026,Bank Term Deposit
SYN-035193,8,10-06-2026,Bank Term Deposit
SYN-035193,9,20-06-2026,Insurance Cross-Sell
SYN-035193,10,30-06-2026,Insurance Cross-Sell
SYN-035193,11,10-07-2026,Bank Term Deposit
SYN-035193,12,20-07-2026,Payment Reminder / Collections Resolution
SYN-035193,13,30-07-2026,Insurance Cross-Sell
SYN-035193,14,10-08-2026,Insurance Cross-Sell
SYN-035193,15,20-08-2026,Insurance Cross-Sell
SYN-035193,16,30-08-2026,Payment Reminder / Collections Resolution
SYN-035193,17,10-09-2026,Payment Reminder / Collections Resolution
SYN-035193,18,20-09-2026,Payment Reminder / Collections Resolution
SYN-012751,1,30-03-2026,Insurance Cross-Sell
SYN-012751,2,10-04-2026,Insurance Cross-Sell
SYN-012751,3,20-04-2026,Insurance Cross-Sell
SYN-012751,4,30-04-2026,Insurance Cross-Sell
SYN-012751,5,10-05-2026,Insurance Cross-Sell
SYN-012751,6,20-05-2026,Service Resolution
SYN-012751,7,30-05-2026,Insurance Cross-Sell
SYN-012751,8,10-06-2026,Insurance Cross-Sell
SYN-012751,9,20-06-2026,Bank Term Deposit
SYN-012751,10,30-06-2026,Insurance Cross-Sell
SYN-012751,11,10-07-2026,Insurance Cross-Sell
SYN-012751,12,20-07-2026,Insurance Cross-Sell
SYN-012751,13,30-07-2026,Insurance Cross-Sell
SYN-012751,14,10-08-2026,Insurance Cross-Sell
SYN-012751,15,20-08-2026,Insurance Cross-Sell
SYN-012751,16,30-08-2026,No Marketing Action (Consent Withheld)
SYN-012751,17,10-09-2026,No Marketing Action (Consent Withheld)
SYN-012751,18,20-09-2026,No Marketing Action (Consent Withheld)
SYN-032664,1,30-03-2026,Bank Term Deposit
SYN-032664,2,10-04-2026,Bank Term Deposit
SYN-032664,3,20-04-2026,Bank Term Deposit
SYN-032664,4,30-04-2026,Bank Term Deposit
SYN-032664,5,10-05-2026,Bank Term Deposit
SYN-032664,6,20-05-2026,Bank Term Deposit
SYN-032664,7,30-05-2026,Bank Term Deposit
SYN-032664,8,10-06-2026,Bank Term Deposit
SYN-032664,9,20-06-2026,Bank Term Deposit
SYN-032664,10,30-06-2026,Bank Term Deposit
SYN-032664,11,10-07-2026,Bank Term Deposit
SYN-032664,12,20-07-2026,Bank Term Deposit
SYN-032664,13,30-07-2026,Bank Term Deposit
SYN-032664,14,10-08-2026,Bank Term Deposit
SYN-032664,15,20-08-2026,Bank Term Deposit
SYN-032664,16,30-08-2026,Bank Term Deposit
SYN-032664,17,10-09-2026,Bank Term Deposit
SYN-032664,18,20-09-2026,Bank Term Deposit
SYN-041019,1,30-03-2026,Insurance Cross-Sell
SYN-041019,2,10-04-2026,Insurance Cross-Sell
SYN-041019,3,20-04-2026,Insurance Cross-Sell
SYN-041019,4,30-04-2026,Insurance Cross-Sell
SYN-041019,5,10-05-2026,Insurance Cross-Sell
SYN-041019,6,20-05-2026,Insurance Cross-Sell
SYN-041019,7,30-05-2026,Insurance Cross-Sell
SYN-041019,8,10-06-2026,Insurance Cross-Sell
SYN-041019,9,20-06-2026,Insurance Cross-Sell
SYN-041019,10,30-06-2026,Insurance Cross-Sell
SYN-041019,11,10-07-2026,Insurance Cross-Sell
SYN-041019,12,20-07-2026,Insurance Cross-Sell
SYN-041019,13,30-07-2026,Insurance Cross-Sell
SYN-041019,14,10-08-2026,Insurance Cross-Sell
SYN-041019,15,20-08-2026,Insurance Cross-Sell
SYN-041019,16,30-08-2026,Insurance Cross-Sell
SYN-041019,17,10-09-2026,Payment Reminder / Collections Resolution
SYN-041019,18,20-09-2026,Payment Reminder / Collections Resolution
SYN-024527,1,30-03-2026,Insurance Cross-Sell
SYN-024527,2,10-04-2026,Insurance Cross-Sell
SYN-024527,3,20-04-2026,Insurance Cross-Sell
SYN-024527,4,30-04-2026,Insurance Cross-Sell
SYN-024527,5,10-05-2026,Insurance Cross-Sell
SYN-024527,6,20-05-2026,Insurance Cross-Sell
SYN-024527,7,30-05-2026,Insurance Cross-Sell
SYN-024527,8,10-06-2026,Insurance Cross-Sell
SYN-024527,9,20-06-2026,Insurance Cross-Sell
SYN-024527,10,30-06-2026,Bank Term Deposit
SYN-024527,11,10-07-2026,Bank Term Deposit
SYN-024527,12,20-07-2026,Bank Term Deposit
SYN-024527,13,30-07-2026,Bank Term Deposit
SYN-024527,14,10-08-2026,Bank Term Deposit
SYN-024527,15,20-08-2026,Bank Term Deposit
SYN-024527,16,30-08-2026,Bank Term Deposit
SYN-024527,17,10-09-2026,Payment Reminder / Collections Resolution
SYN-024527,18,20-09-2026,Payment Reminder / Collections Resolution
SYN-030743,1,30-03-2026,Insurance Cross-Sell
SYN-030743,2,10-04-2026,Insurance Cross-Sell
SYN-030743,3,20-04-2026,Insurance Cross-Sell
SYN-030743,4,30-04-2026,Insurance Cross-Sell
SYN-030743,5,10-05-2026,Insurance Cross-Sell
SYN-030743,6,20-05-2026,Bank Term Deposit
SYN-030743,7,30-05-2026,Bank Term Deposit
SYN-030743,8,10-06-2026,Bank Term Deposit
SYN-030743,9,20-06-2026,Bank Term Deposit
SYN-030743,10,30-06-2026,Bank Term Deposit
SYN-030743,11,10-07-2026,Bank Term Deposit
SYN-030743,12,20-07-2026,Bank Term Deposit
SYN-030743,13,30-07-2026,Bank Term Deposit
SYN-030743,14,10-08-2026,Insurance Cross-Sell
SYN-030743,15,20-08-2026,No Marketing Action (Consent Withheld)
SYN-030743,16,30-08-2026,No Marketing Action (Consent Withheld)
SYN-030743,17,10-09-2026,No Marketing Action (Consent Withheld)
SYN-030743,18,20-09-2026,No Marketing Action (Consent Withheld)
SYN-013243,1,30-03-2026,Insurance Cross-Sell
SYN-013243,2,10-04-2026,Insurance Cross-Sell
SYN-013243,3,20-04-2026,Insurance Cross-Sell
SYN-013243,4,30-04-2026,Insurance Cross-Sell
SYN-013243,5,10-05-2026,Insurance Cross-Sell
SYN-013243,6,20-05-2026,Insurance Cross-Sell
SYN-013243,7,30-05-2026,Insurance Cross-Sell
SYN-013243,8,10-06-2026,Service Intervention (Low NPS)
SYN-013243,9,20-06-2026,Insurance Cross-Sell
SYN-013243,10,30-06-2026,Insurance Cross-Sell
SYN-013243,11,10-07-2026,Insurance Cross-Sell
SYN-013243,12,20-07-2026,Insurance Cross-Sell
SYN-013243,13,30-07-2026,Insurance Cross-Sell
SYN-013243,14,10-08-2026,Insurance Cross-Sell
SYN-013243,15,20-08-2026,Insurance Cross-Sell
SYN-013243,16,30-08-2026,Insurance Cross-Sell
SYN-013243,17,10-09-2026,Insurance Cross-Sell
SYN-013243,18,20-09-2026,Insurance Cross-Sell
SYN-028347,1,30-03-2026,Insurance Cross-Sell
SYN-028347,2,10-04-2026,Insurance Cross-Sell
SYN-028347,3,20-04-2026,Insurance Cross-Sell
SYN-028347,4,30-04-2026,Insurance Cross-Sell
SYN-028347,5,10-05-2026,Insurance Cross-Sell
SYN-028347,6,20-05-2026,Insurance Cross-Sell
SYN-028347,7,30-05-2026,Insurance Cross-Sell
SYN-028347,8,10-06-2026,Insurance Cross-Sell
SYN-028347,9,20-06-2026,Insurance Cross-Sell
SYN-028347,10,30-06-2026,Insurance Cross-Sell
SYN-028347,11,10-07-2026,Insurance Cross-Sell
SYN-028347,12,20-07-2026,Insurance Cross-Sell
SYN-028347,13,30-07-2026,Insurance Cross-Sell
SYN-028347,14,10-08-2026,Bank Term Deposit
SYN-028347,15,20-08-2026,Bank Term Deposit
SYN-028347,16,30-08-2026,Bank Term Deposit
SYN-028347,17,10-09-2026,Bank Term Deposit
SYN-028347,18,20-09-2026,Bank Term Deposit
SYN-019808,1,30-03-2026,Insurance Cross-Sell
SYN-019808,2,10-04-2026,Insurance Cross-Sell
SYN-019808,3,20-04-2026,Insurance Cross-Sell
SYN-019808,4,30-04-2026,Insurance Cross-Sell
SYN-019808,5,10-05-2026,Insurance Cross-Sell
SYN-019808,6,20-05-2026,Insurance Cross-Sell
SYN-019808,7,30-05-2026,Insurance Cross-Sell
SYN-019808,8,10-06-2026,Insurance Cross-Sell
SYN-019808,9,20-06-2026,Insurance Cross-Sell
SYN-019808,10,30-06-2026,Insurance Cross-Sell
SYN-019808,11,10-07-2026,Insurance Cross-Sell
SYN-019808,12,20-07-2026,Insurance Cross-Sell
SYN-019808,13,30-07-2026,Insurance Cross-Sell
SYN-019808,14,10-08-2026,Insurance Cross-Sell
SYN-019808,15,20-08-2026,Insurance Cross-Sell
SYN-019808,16,30-08-2026,Insurance Cross-Sell
SYN-019808,17,10-09-2026,Payment Reminder / Collections Resolution
SYN-019808,18,20-09-2026,Payment Reminder / Collections Resolution
SYN-020258,1,30-03-2026,Insurance Cross-Sell
SYN-020258,2,10-04-2026,Insurance Cross-Sell
SYN-020258,3,20-04-2026,Insurance Cross-Sell
SYN-020258,4,30-04-2026,Insurance Cross-Sell
SYN-020258,5,10-05-2026,Insurance Cross-Sell
SYN-020258,6,20-05-2026,Insurance Cross-Sell
SYN-020258,7,30-05-2026,No Marketing Action (Consent Withheld)
SYN-020258,8,10-06-2026,No Marketing Action (Consent Withheld)
SYN-020258,9,20-06-2026,No Marketing Action (Consent Withheld)
SYN-020258,10,30-06-2026,No Marketing Action (Consent Withheld)
SYN-020258,11,10-07-2026,No Marketing Action (Consent Withheld)
SYN-020258,12,20-07-2026,No Marketing Action (Consent Withheld)
SYN-020258,13,30-07-2026,No Marketing Action (Consent Withheld)
SYN-020258,14,10-08-2026,No Marketing Action (Consent Withheld)
SYN-020258,15,20-08-2026,No Marketing Action (Consent Withheld)
SYN-020258,16,30-08-2026,No Marketing Action (Consent Withheld)
SYN-020258,17,10-09-2026,No Marketing Action (Consent Withheld)
SYN-020258,18,20-09-2026,No Marketing Action (Consent Withheld)
SYN-015071,1,30-03-2026,Payment Reminder / Collections Resolution
SYN-015071,2,10-04-2026,Insurance Cross-Sell
SYN-015071,3,20-04-2026,Bank Term Deposit
SYN-015071,4,30-04-2026,Service Intervention (Low NPS)
SYN-015071,5,10-05-2026,Service Intervention (Low NPS)
SYN-015071,6,20-05-2026,Service Intervention (Low NPS)
SYN-015071,7,30-05-2026,Bank Term Deposit
SYN-015071,8,10-06-2026,Bank Term Deposit
SYN-015071,9,20-06-2026,Bank Term Deposit
SYN-015071,10,30-06-2026,Bank Term Deposit
SYN-015071,11,10-07-2026,Bank Term Deposit
SYN-015071,12,20-07-2026,Bank Term Deposit
SYN-015071,13,30-07-2026,Bank Term Deposit
SYN-015071,14,10-08-2026,Bank Term Deposit
SYN-015071,15,20-08-2026,Bank Term Deposit
SYN-015071,16,30-08-2026,Bank Term Deposit
SYN-015071,17,10-09-2026,Complete KYC
SYN-015071,18,20-09-2026,Complete KYC
SYN-004415,1,30-03-2026,Bank Term Deposit
SYN-004415,2,10-04-2026,Insurance Cross-Sell
SYN-004415,3,20-04-2026,Insurance Cross-Sell
SYN-004415,4,30-04-2026,Insurance Cross-Sell
SYN-004415,5,10-05-2026,Insurance Cross-Sell
SYN-004415,6,20-05-2026,Insurance Cross-Sell
SYN-004415,7,30-05-2026,Bank Term Deposit
SYN-004415,8,10-06-2026,Bank Term Deposit
SYN-004415,9,20-06-2026,Retention Action
SYN-004415,10,30-06-2026,Retention Action
SYN-004415,11,10-07-2026,Bank Term Deposit
SYN-004415,12,20-07-2026,Bank Term Deposit
SYN-004415,13,30-07-2026,Bank Term Deposit
SYN-004415,14,10-08-2026,Bank Term Deposit
SYN-004415,15,20-08-2026,Bank Term Deposit
SYN-004415,16,30-08-2026,Insurance Cross-Sell
SYN-004415,17,10-09-2026,Bank Term Deposit
SYN-004415,18,20-09-2026,Bank Term Deposit
SYN-031306,1,30-03-2026,Bank Term Deposit
SYN-031306,2,10-04-2026,Bank Term Deposit
SYN-031306,3,20-04-2026,Bank Term Deposit
SYN-031306,4,30-04-2026,Bank Term Deposit
SYN-031306,5,10-05-2026,Bank Term Deposit
SYN-031306,6,20-05-2026,Bank Term Deposit
SYN-031306,7,30-05-2026,Bank Term Deposit
SYN-031306,8,10-06-2026,Bank Term Deposit
SYN-031306,9,20-06-2026,Bank Term Deposit
SYN-031306,10,30-06-2026,Bank Term Deposit
SYN-031306,11,10-07-2026,Bank Term Deposit
SYN-031306,12,20-07-2026,Insurance Cross-Sell
SYN-031306,13,30-07-2026,Insurance Cross-Sell
SYN-031306,14,10-08-2026,Service Intervention (Low NPS)
SYN-031306,15,20-08-2026,Insurance Cross-Sell
SYN-031306,16,30-08-2026,Insurance Cross-Sell
SYN-031306,17,10-09-2026,Insurance Cross-Sell
SYN-031306,18,20-09-2026,Insurance Cross-Sell
SYN-004952,1,30-03-2026,Bank Term Deposit
SYN-004952,2,10-04-2026,Bank Term Deposit
SYN-004952,3,20-04-2026,Bank Term Deposit
SYN-004952,4,30-04-2026,Retention Action
SYN-004952,5,10-05-2026,Bank Term Deposit
SYN-004952,6,20-05-2026,Payment Reminder / Collections Resolution
SYN-004952,7,30-05-2026,Payment Reminder / Collections Resolution
SYN-004952,8,10-06-2026,Payment Reminder / Collections Resolution
SYN-004952,9,20-06-2026,Payment Reminder / Collections Resolution
SYN-004952,10,30-06-2026,Payment Reminder / Collections Resolution
SYN-004952,11,10-07-2026,Payment Reminder / Collections Resolution
SYN-004952,12,20-07-2026,Payment Reminder / Collections Resolution
SYN-004952,13,30-07-2026,Payment Reminder / Collections Resolution
SYN-004952,14,10-08-2026,Payment Reminder / Collections Resolution
SYN-004952,15,20-08-2026,Payment Reminder / Collections Resolution
SYN-004952,16,30-08-2026,Payment Reminder / Collections Resolution
SYN-004952,17,10-09-2026,Payment Reminder / Collections Resolution
SYN-004952,18,20-09-2026,Payment Reminder / Collections Resolution
SYN-042465,1,30-03-2026,Bank Term Deposit
SYN-042465,2,10-04-2026,Bank Term Deposit
SYN-042465,3,20-04-2026,Bank Term Deposit
SYN-042465,4,30-04-2026,Insurance Cross-Sell
SYN-042465,5,10-05-2026,Insurance Cross-Sell
SYN-042465,6,20-05-2026,Insurance Cross-Sell
SYN-042465,7,30-05-2026,Insurance Cross-Sell
SYN-042465,8,10-06-2026,Insurance Cross-Sell
SYN-042465,9,20-06-2026,Insurance Cross-Sell
SYN-042465,10,30-06-2026,Bank Term Deposit
SYN-042465,11,10-07-2026,Bank Term Deposit
SYN-042465,12,20-07-2026,Bank Term Deposit
SYN-042465,13,30-07-2026,Insurance Cross-Sell
SYN-042465,14,10-08-2026,Insurance Cross-Sell
SYN-042465,15,20-08-2026,Insurance Cross-Sell
SYN-042465,16,30-08-2026,Insurance Cross-Sell
SYN-042465,17,10-09-2026,No Marketing Action (Consent Withheld)
SYN-042465,18,20-09-2026,No Marketing Action (Consent Withheld)
SYN-021500,1,30-03-2026,Insurance Cross-Sell
SYN-021500,2,10-04-2026,Insurance Cross-Sell
SYN-021500,3,20-04-2026,Bank Term Deposit
SYN-021500,4,30-04-2026,Bank Term Deposit
SYN-021500,5,10-05-2026,Bank Term Deposit
SYN-021500,6,20-05-2026,Bank Term Deposit
SYN-021500,7,30-05-2026,Payment Reminder / Collections Resolution
SYN-021500,8,10-06-2026,Payment Reminder / Collections Resolution
SYN-021500,9,20-06-2026,Bank Term Deposit
SYN-021500,10,30-06-2026,Bank Term Deposit
SYN-021500,11,10-07-2026,Bank Term Deposit
SYN-021500,12,20-07-2026,Bank Term Deposit
SYN-021500,13,30-07-2026,Bank Term Deposit
SYN-021500,14,10-08-2026,Bank Term Deposit
SYN-021500,15,20-08-2026,Insurance Cross-Sell
SYN-021500,16,30-08-2026,Insurance Cross-Sell
SYN-021500,17,10-09-2026,Insurance Cross-Sell
SYN-021500,18,20-09-2026,Insurance Cross-Sell
SYN-003669,1,30-03-2026,Insurance Cross-Sell
SYN-003669,2,10-04-2026,Bank Term Deposit
SYN-003669,3,20-04-2026,Bank Term Deposit
SYN-003669,4,30-04-2026,Bank Term Deposit
SYN-003669,5,10-05-2026,Bank Term Deposit
SYN-003669,6,20-05-2026,Bank Term Deposit
SYN-003669,7,30-05-2026,Bank Term Deposit
SYN-003669,8,10-06-2026,Bank Term Deposit
SYN-003669,9,20-06-2026,Bank Term Deposit
SYN-003669,10,30-06-2026,Bank Term Deposit
SYN-003669,11,10-07-2026,Bank Term Deposit
SYN-003669,12,20-07-2026,Bank Term Deposit
SYN-003669,13,30-07-2026,Insurance Cross-Sell
SYN-003669,14,10-08-2026,Insurance Cross-Sell
SYN-003669,15,20-08-2026,Insurance Cross-Sell
SYN-003669,16,30-08-2026,Insurance Cross-Sell
SYN-003669,17,10-09-2026,Service Resolution
SYN-003669,18,20-09-2026,Service Resolution
SYN-003949,1,30-03-2026,Bank Term Deposit
SYN-003949,2,10-04-2026,Bank Term Deposit
SYN-003949,3,20-04-2026,Bank Term Deposit
SYN-003949,4,30-04-2026,Bank Term Deposit
SYN-003949,5,10-05-2026,Bank Term Deposit
SYN-003949,6,20-05-2026,Bank Term Deposit
SYN-003949,7,30-05-2026,Bank Term Deposit
SYN-003949,8,10-06-2026,Bank Term Deposit
SYN-003949,9,20-06-2026,Bank Term Deposit
SYN-003949,10,30-06-2026,Bank Term Deposit
SYN-003949,11,10-07-2026,Bank Term Deposit
SYN-003949,12,20-07-2026,Bank Term Deposit
SYN-003949,13,30-07-2026,Bank Term Deposit
SYN-003949,14,10-08-2026,Service Resolution
SYN-003949,15,20-08-2026,Insurance Cross-Sell
SYN-003949,16,30-08-2026,Insurance Cross-Sell
SYN-003949,17,10-09-2026,Insurance Cross-Sell
SYN-003949,18,20-09-2026,Insurance Cross-Sell
SYN-011565,1,30-03-2026,Bank Term Deposit
SYN-011565,2,10-04-2026,Bank Term Deposit
SYN-011565,3,20-04-2026,Bank Term Deposit
SYN-011565,4,30-04-2026,Retention Action
SYN-011565,5,10-05-2026,Retention Action
SYN-011565,6,20-05-2026,Retention Action
SYN-011565,7,30-05-2026,Bank Term Deposit
SYN-011565,8,10-06-2026,Bank Term Deposit
SYN-011565,9,20-06-2026,Bank Term Deposit
SYN-011565,10,30-06-2026,Bank Term Deposit
SYN-011565,11,10-07-2026,Bank Term Deposit
SYN-011565,12,20-07-2026,Bank Term Deposit
SYN-011565,13,30-07-2026,Bank Term Deposit
SYN-011565,14,10-08-2026,Bank Term Deposit
SYN-011565,15,20-08-2026,Bank Term Deposit
SYN-011565,16,30-08-2026,Bank Term Deposit
SYN-011565,17,10-09-2026,Bank Term Deposit
SYN-011565,18,20-09-2026,Bank Term Deposit
SYN-030713,1,30-03-2026,Payment Reminder / Collections Resolution
SYN-030713,2,10-04-2026,Bank Term Deposit
SYN-030713,3,20-04-2026,Bank Term Deposit
SYN-030713,4,30-04-2026,Bank Term Deposit
SYN-030713,5,10-05-2026,Bank Term Deposit
SYN-030713,6,20-05-2026,Bank Term Deposit
SYN-030713,7,30-05-2026,Bank Term Deposit
SYN-030713,8,10-06-2026,Insurance Cross-Sell
SYN-030713,9,20-06-2026,Insurance Cross-Sell
SYN-030713,10,30-06-2026,Insurance Cross-Sell
SYN-030713,11,10-07-2026,Insurance Cross-Sell
SYN-030713,12,20-07-2026,Bank Term Deposit
SYN-030713,13,30-07-2026,Bank Term Deposit
SYN-030713,14,10-08-2026,Bank Term Deposit
SYN-030713,15,20-08-2026,Bank Term Deposit
SYN-030713,16,30-08-2026,Bank Term Deposit
SYN-030713,17,10-09-2026,Bank Term Deposit
SYN-030713,18,20-09-2026,Bank Term Deposit
SYN-038653,1,30-03-2026,Bank Term Deposit
SYN-038653,2,10-04-2026,Bank Term Deposit
SYN-038653,3,20-04-2026,Bank Term Deposit
SYN-038653,4,30-04-2026,Insurance Cross-Sell
SYN-038653,5,10-05-2026,Insurance Cross-Sell
SYN-038653,6,20-05-2026,Payment Reminder / Collections Resolution
SYN-038653,7,30-05-2026,Payment Reminder / Collections Resolution
SYN-038653,8,10-06-2026,Payment Reminder / Collections Resolution
SYN-038653,9,20-06-2026,Insurance Cross-Sell
SYN-038653,10,30-06-2026,Insurance Cross-Sell
SYN-038653,11,10-07-2026,Insurance Cross-Sell
SYN-038653,12,20-07-2026,Bank Term Deposit
SYN-038653,13,30-07-2026,Insurance Cross-Sell
SYN-038653,14,10-08-2026,Insurance Cross-Sell
SYN-038653,15,20-08-2026,Insurance Cross-Sell
SYN-038653,16,30-08-2026,Insurance Cross-Sell
SYN-038653,17,10-09-2026,Payment Reminder / Collections Resolution
SYN-038653,18,20-09-2026,Payment Reminder / Collections Resolution
SYN-010984,1,30-03-2026,Bank Term Deposit
SYN-010984,2,10-04-2026,Bank Term Deposit
SYN-010984,3,20-04-2026,Bank Term Deposit
SYN-010984,4,30-04-2026,Bank Term Deposit
SYN-010984,5,10-05-2026,Bank Term Deposit
SYN-010984,6,20-05-2026,Bank Term Deposit
SYN-010984,7,30-05-2026,Bank Term Deposit
SYN-010984,8,10-06-2026,Bank Term Deposit
SYN-010984,9,20-06-2026,Bank Term Deposit
SYN-010984,10,30-06-2026,Bank Term Deposit
SYN-010984,11,10-07-2026,Bank Term Deposit
SYN-010984,12,20-07-2026,Bank Term Deposit
SYN-010984,13,30-07-2026,Bank Term Deposit
SYN-010984,14,10-08-2026,Bank Term Deposit
SYN-010984,15,20-08-2026,Bank Term Deposit
SYN-010984,16,30-08-2026,Bank Term Deposit
SYN-010984,17,10-09-2026,Insurance Cross-Sell
SYN-010984,18,20-09-2026,Insurance Cross-Sell
SYN-021803,1,30-03-2026,Insurance Cross-Sell
SYN-021803,2,10-04-2026,Insurance Cross-Sell
SYN-021803,3,20-04-2026,Insurance Cross-Sell
SYN-021803,4,30-04-2026,Insurance Cross-Sell
SYN-021803,5,10-05-2026,Insurance Cross-Sell
SYN-021803,6,20-05-2026,Insurance Cross-Sell
SYN-021803,7,30-05-2026,Payment Reminder / Collections Resolution
SYN-021803,8,10-06-2026,Payment Reminder / Collections Resolution
SYN-021803,9,20-06-2026,Insurance Cross-Sell
SYN-021803,10,30-06-2026,Bank Term Deposit
SYN-021803,11,10-07-2026,Bank Term Deposit
SYN-021803,12,20-07-2026,Bank Term Deposit
SYN-021803,13,30-07-2026,Bank Term Deposit
SYN-021803,14,10-08-2026,Bank Term Deposit
SYN-021803,15,20-08-2026,Bank Term Deposit
SYN-021803,16,30-08-2026,Bank Term Deposit
SYN-021803,17,10-09-2026,Bank Term Deposit
SYN-021803,18,20-09-2026,Bank Term Deposit
SYN-017795,1,30-03-2026,Insurance Cross-Sell
SYN-017795,2,10-04-2026,Insurance Cross-Sell
SYN-017795,3,20-04-2026,Insurance Cross-Sell
SYN-017795,4,30-04-2026,Insurance Cross-Sell
SYN-017795,5,10-05-2026,Insurance Cross-Sell
SYN-017795,6,20-05-2026,Insurance Cross-Sell
SYN-017795,7,30-05-2026,Insurance Cross-Sell
SYN-017795,8,10-06-2026,Insurance Cross-Sell
SYN-017795,9,20-06-2026,Insurance Cross-Sell
SYN-017795,10,30-06-2026,Insurance Cross-Sell
SYN-017795,11,10-07-2026,Insurance Cross-Sell
SYN-017795,12,20-07-2026,Insurance Cross-Sell
SYN-017795,13,30-07-2026,Payment Reminder / Collections Resolution
SYN-017795,14,10-08-2026,Insurance Cross-Sell
SYN-017795,15,20-08-2026,Insurance Cross-Sell
SYN-017795,16,30-08-2026,Insurance Cross-Sell
SYN-017795,17,10-09-2026,Insurance Cross-Sell
SYN-017795,18,20-09-2026,Insurance Cross-Sell
SYN-009301,1,30-03-2026,Insurance Cross-Sell
SYN-009301,2,10-04-2026,Insurance Cross-Sell
SYN-009301,3,20-04-2026,Insurance Cross-Sell
SYN-009301,4,30-04-2026,Insurance Cross-Sell
SYN-009301,5,10-05-2026,Insurance Cross-Sell
SYN-009301,6,20-05-2026,Bank Term Deposit
SYN-009301,7,30-05-2026,Bank Term Deposit
SYN-009301,8,10-06-2026,Bank Term Deposit
SYN-009301,9,20-06-2026,Insurance Cross-Sell
SYN-009301,10,30-06-2026,Retention Action
SYN-009301,11,10-07-2026,Insurance Cross-Sell
SYN-009301,12,20-07-2026,Retention Action
SYN-009301,13,30-07-2026,Insurance Cross-Sell
SYN-009301,14,10-08-2026,Insurance Cross-Sell
SYN-009301,15,20-08-2026,Bank Term Deposit
SYN-009301,16,30-08-2026,Bank Term Deposit
SYN-009301,17,10-09-2026,Bank Term Deposit
SYN-009301,18,20-09-2026,Bank Term Deposit
SYN-004080,1,30-03-2026,Insurance Cross-Sell
SYN-004080,2,10-04-2026,Insurance Cross-Sell
SYN-004080,3,20-04-2026,Insurance Cross-Sell
SYN-004080,4,30-04-2026,Insurance Cross-Sell
SYN-004080,5,10-05-2026,Insurance Cross-Sell
SYN-004080,6,20-05-2026,Insurance Cross-Sell
SYN-004080,7,30-05-2026,Insurance Cross-Sell
SYN-004080,8,10-06-2026,Insurance Cross-Sell
SYN-004080,9,20-06-2026,Insurance Cross-Sell
SYN-004080,10,30-06-2026,Insurance Cross-Sell
SYN-004080,11,10-07-2026,Retention Action
SYN-004080,12,20-07-2026,Insurance Cross-Sell
SYN-004080,13,30-07-2026,Insurance Cross-Sell
SYN-004080,14,10-08-2026,Insurance Cross-Sell
SYN-004080,15,20-08-2026,Service Intervention (Low NPS)
SYN-004080,16,30-08-2026,Service Intervention (Low NPS)
SYN-004080,17,10-09-2026,Service Intervention (Low NPS)
SYN-004080,18,20-09-2026,Service Intervention (Low NPS)
SYN-005222,1,30-03-2026,Bank Term Deposit
SYN-005222,2,10-04-2026,Bank Term Deposit
SYN-005222,3,20-04-2026,Insurance Cross-Sell
SYN-005222,4,30-04-2026,Insurance Cross-Sell
SYN-005222,5,10-05-2026,Bank Term Deposit
SYN-005222,6,20-05-2026,Bank Term Deposit
SYN-005222,7,30-05-2026,Bank Term Deposit
SYN-005222,8,10-06-2026,Bank Term Deposit
SYN-005222,9,20-06-2026,Bank Term Deposit
SYN-005222,10,30-06-2026,Bank Term Deposit
SYN-005222,11,10-07-2026,Insurance Cross-Sell
SYN-005222,12,20-07-2026,Insurance Cross-Sell
SYN-005222,13,30-07-2026,Insurance Cross-Sell
SYN-005222,14,10-08-2026,Service Resolution
SYN-005222,15,20-08-2026,Insurance Cross-Sell
SYN-005222,16,30-08-2026,Insurance Cross-Sell
SYN-005222,17,10-09-2026,Insurance Cross-Sell
SYN-005222,18,20-09-2026,Insurance Cross-Sell
SYN-020526,1,30-03-2026,Insurance Cross-Sell
SYN-020526,2,10-04-2026,Insurance Cross-Sell
SYN-020526,3,20-04-2026,Insurance Cross-Sell
SYN-020526,4,30-04-2026,Insurance Cross-Sell
SYN-020526,5,10-05-2026,Insurance Cross-Sell
SYN-020526,6,20-05-2026,Insurance Cross-Sell
SYN-020526,7,30-05-2026,Insurance Cross-Sell
SYN-020526,8,10-06-2026,Insurance Cross-Sell
SYN-020526,9,20-06-2026,Insurance Cross-Sell
SYN-020526,10,30-06-2026,Retention Action
SYN-020526,11,10-07-2026,Retention Action
SYN-020526,12,20-07-2026,Bank Term Deposit
SYN-020526,13,30-07-2026,Bank Term Deposit
SYN-020526,14,10-08-2026,Insurance Cross-Sell
SYN-020526,15,20-08-2026,Insurance Cross-Sell
SYN-020526,16,30-08-2026,Service Resolution
SYN-020526,17,10-09-2026,Insurance Cross-Sell
SYN-020526,18,20-09-2026,Insurance Cross-Sell
SYN-004977,1,30-03-2026,Bank Term Deposit
SYN-004977,2,10-04-2026,Bank Term Deposit
SYN-004977,3,20-04-2026,Insurance Cross-Sell
SYN-004977,4,30-04-2026,Insurance Cross-Sell
SYN-004977,5,10-05-2026,Insurance Cross-Sell
SYN-004977,6,20-05-2026,Bank Term Deposit
SYN-004977,7,30-05-2026,Bank Term Deposit
SYN-004977,8,10-06-2026,Bank Term Deposit
SYN-004977,9,20-06-2026,Bank Term Deposit
SYN-004977,10,30-06-2026,Bank Term Deposit
SYN-004977,11,10-07-2026,Bank Term Deposit
SYN-004977,12,20-07-2026,Bank Term Deposit
SYN-004977,13,30-07-2026,Bank Term Deposit
SYN-004977,14,10-08-2026,Bank Term Deposit
SYN-004977,15,20-08-2026,Bank Term Deposit
SYN-004977,16,30-08-2026,Bank Term Deposit
SYN-004977,17,10-09-2026,Bank Term Deposit
SYN-004977,18,20-09-2026,Bank Term Deposit
SYN-032654,1,30-03-2026,Insurance Cross-Sell
SYN-032654,2,10-04-2026,Insurance Cross-Sell
SYN-032654,3,20-04-2026,Insurance Cross-Sell
SYN-032654,4,30-04-2026,Insurance Cross-Sell
SYN-032654,5,10-05-2026,Insurance Cross-Sell
SYN-032654,6,20-05-2026,Insurance Cross-Sell
SYN-032654,7,30-05-2026,Insurance Cross-Sell
SYN-032654,8,10-06-2026,Insurance Cross-Sell
SYN-032654,9,20-06-2026,Insurance Cross-Sell
SYN-032654,10,30-06-2026,Insurance Cross-Sell
SYN-032654,11,10-07-2026,Insurance Cross-Sell
SYN-032654,12,20-07-2026,Service Intervention (Low NPS)
SYN-032654,13,30-07-2026,Insurance Cross-Sell
SYN-032654,14,10-08-2026,Insurance Cross-Sell
SYN-032654,15,20-08-2026,Insurance Cross-Sell
SYN-032654,16,30-08-2026,Insurance Cross-Sell
SYN-032654,17,10-09-2026,Insurance Cross-Sell
SYN-032654,18,20-09-2026,Insurance Cross-Sell
SYN-026881,1,30-03-2026,Insurance Cross-Sell
SYN-026881,2,10-04-2026,Insurance Cross-Sell
SYN-026881,3,20-04-2026,Bank Term Deposit
SYN-026881,4,30-04-2026,Bank Term Deposit
SYN-026881,5,10-05-2026,Bank Term Deposit
SYN-026881,6,20-05-2026,Bank Term Deposit
SYN-026881,7,30-05-2026,Bank Term Deposit
SYN-026881,8,10-06-2026,Service Intervention (Low NPS)
SYN-026881,9,20-06-2026,Bank Term Deposit
SYN-026881,10,30-06-2026,Insurance Cross-Sell
SYN-026881,11,10-07-2026,Insurance Cross-Sell
SYN-026881,12,20-07-2026,Service Resolution
SYN-026881,13,30-07-2026,Bank Term Deposit
SYN-026881,14,10-08-2026,Bank Term Deposit
SYN-026881,15,20-08-2026,Service Resolution
SYN-026881,16,30-08-2026,Service Resolution
SYN-026881,17,10-09-2026,Service Resolution
SYN-026881,18,20-09-2026,Service Resolution
SYN-030927,1,30-03-2026,Bank Term Deposit
SYN-030927,2,10-04-2026,Bank Term Deposit
SYN-030927,3,20-04-2026,Bank Term Deposit
SYN-030927,4,30-04-2026,Bank Term Deposit
SYN-030927,5,10-05-2026,Bank Term Deposit
SYN-030927,6,20-05-2026,Bank Term Deposit
SYN-030927,7,30-05-2026,Bank Term Deposit
SYN-030927,8,10-06-2026,Bank Term Deposit
SYN-030927,9,20-06-2026,Bank Term Deposit
SYN-030927,10,30-06-2026,Bank Term Deposit
SYN-030927,11,10-07-2026,Bank Term Deposit
SYN-030927,12,20-07-2026,Bank Term Deposit
SYN-030927,13,30-07-2026,Bank Term Deposit
SYN-030927,14,10-08-2026,Bank Term Deposit
SYN-030927,15,20-08-2026,Bank Term Deposit
SYN-030927,16,30-08-2026,Bank Term Deposit
SYN-030927,17,10-09-2026,Service Intervention (Low NPS)
SYN-030927,18,20-09-2026,Service Intervention (Low NPS)
SYN-018505,1,30-03-2026,Insurance Cross-Sell
SYN-018505,2,10-04-2026,Bank Term Deposit
SYN-018505,3,20-04-2026,Insurance Cross-Sell
SYN-018505,4,30-04-2026,Insurance Cross-Sell
SYN-018505,5,10-05-2026,Insurance Cross-Sell
SYN-018505,6,20-05-2026,Insurance Cross-Sell
SYN-018505,7,30-05-2026,Insurance Cross-Sell
SYN-018505,8,10-06-2026,Insurance Cross-Sell
SYN-018505,9,20-06-2026,Insurance Cross-Sell
SYN-018505,10,30-06-2026,Service Intervention (Low NPS)
SYN-018505,11,10-07-2026,Service Intervention (Low NPS)
SYN-018505,12,20-07-2026,Service Intervention (Low NPS)
SYN-018505,13,30-07-2026,Insurance Cross-Sell
SYN-018505,14,10-08-2026,Insurance Cross-Sell
SYN-018505,15,20-08-2026,Insurance Cross-Sell
SYN-018505,16,30-08-2026,Insurance Cross-Sell
SYN-018505,17,10-09-2026,Insurance Cross-Sell
SYN-018505,18,20-09-2026,Insurance Cross-Sell
SYN-016033,1,30-03-2026,Payment Reminder / Collections Resolution
SYN-016033,2,10-04-2026,Payment Reminder / Collections Resolution
SYN-016033,3,20-04-2026,Payment Reminder / Collections Resolution
SYN-016033,4,30-04-2026,Insurance Cross-Sell
SYN-016033,5,10-05-2026,Insurance Cross-Sell
SYN-016033,6,20-05-2026,Insurance Cross-Sell
SYN-016033,7,30-05-2026,Insurance Cross-Sell
SYN-016033,8,10-06-2026,Insurance Cross-Sell
SYN-016033,9,20-06-2026,Insurance Cross-Sell
SYN-016033,10,30-06-2026,Insurance Cross-Sell
SYN-016033,11,10-07-2026,Insurance Cross-Sell
SYN-016033,12,20-07-2026,Insurance Cross-Sell
SYN-016033,13,30-07-2026,Retention Action
SYN-016033,14,10-08-2026,Insurance Cross-Sell
SYN-016033,15,20-08-2026,Service Intervention (Low NPS)
SYN-016033,16,30-08-2026,Insurance Cross-Sell
SYN-016033,17,10-09-2026,Insurance Cross-Sell
SYN-016033,18,20-09-2026,Insurance Cross-Sell
SYN-003443,1,30-03-2026,Insurance Cross-Sell
SYN-003443,2,10-04-2026,Insurance Cross-Sell
SYN-003443,3,20-04-2026,Insurance Cross-Sell
SYN-003443,4,30-04-2026,Bank Term Deposit
SYN-003443,5,10-05-2026,Insurance Cross-Sell
SYN-003443,6,20-05-2026,Insurance Cross-Sell
SYN-003443,7,30-05-2026,Insurance Cross-Sell
SYN-003443,8,10-06-2026,Insurance Cross-Sell
SYN-003443,9,20-06-2026,Insurance Cross-Sell
SYN-003443,10,30-06-2026,Complete KYC
SYN-003443,11,10-07-2026,Complete KYC
SYN-003443,12,20-07-2026,Complete KYC
SYN-003443,13,30-07-2026,Complete KYC
SYN-003443,14,10-08-2026,Complete KYC
SYN-003443,15,20-08-2026,Complete KYC
SYN-003443,16,30-08-2026,Complete KYC
SYN-003443,17,10-09-2026,Complete KYC
SYN-003443,18,20-09-2026,Complete KYC
SYN-028613,1,30-03-2026,Insurance Cross-Sell
SYN-028613,2,10-04-2026,Insurance Cross-Sell
SYN-028613,3,20-04-2026,Insurance Cross-Sell
SYN-028613,4,30-04-2026,Bank Term Deposit
SYN-028613,5,10-05-2026,Service Intervention (Low NPS)
SYN-028613,6,20-05-2026,Service Intervention (Low NPS)
SYN-028613,7,30-05-2026,Service Intervention (Low NPS)
SYN-028613,8,10-06-2026,Bank Term Deposit
SYN-028613,9,20-06-2026,Bank Term Deposit
SYN-028613,10,30-06-2026,Bank Term Deposit
SYN-028613,11,10-07-2026,Bank Term Deposit
SYN-028613,12,20-07-2026,Bank Term Deposit
SYN-028613,13,30-07-2026,Insurance Cross-Sell
SYN-028613,14,10-08-2026,Insurance Cross-Sell
SYN-028613,15,20-08-2026,Insurance Cross-Sell
SYN-028613,16,30-08-2026,Insurance Cross-Sell
SYN-028613,17,10-09-2026,Insurance Cross-Sell
SYN-028613,18,20-09-2026,Insurance Cross-Sell
SYN-014741,1,30-03-2026,Insurance Cross-Sell
SYN-014741,2,10-04-2026,Insurance Cross-Sell
SYN-014741,3,20-04-2026,Insurance Cross-Sell
SYN-014741,4,30-04-2026,Bank Term Deposit
SYN-014741,5,10-05-2026,Bank Term Deposit
SYN-014741,6,20-05-2026,Bank Term Deposit
SYN-014741,7,30-05-2026,Bank Term Deposit
SYN-014741,8,10-06-2026,Bank Term Deposit
SYN-014741,9,20-06-2026,Bank Term Deposit
SYN-014741,10,30-06-2026,Bank Term Deposit
SYN-014741,11,10-07-2026,Bank Term Deposit
SYN-014741,12,20-07-2026,Bank Term Deposit
SYN-014741,13,30-07-2026,Bank Term Deposit
SYN-014741,14,10-08-2026,Bank Term Deposit
SYN-014741,15,20-08-2026,Insurance Cross-Sell
SYN-014741,16,30-08-2026,Insurance Cross-Sell
SYN-014741,17,10-09-2026,Payment Reminder / Collections Resolution
SYN-014741,18,20-09-2026,Payment Reminder / Collections Resolution
SYN-001909,1,30-03-2026,Insurance Cross-Sell
SYN-001909,2,10-04-2026,Insurance Cross-Sell
SYN-001909,3,20-04-2026,Insurance Cross-Sell
SYN-001909,4,30-04-2026,Insurance Cross-Sell
SYN-001909,5,10-05-2026,Bank Term Deposit
SYN-001909,6,20-05-2026,Bank Term Deposit
SYN-001909,7,30-05-2026,Insurance Cross-Sell
SYN-001909,8,10-06-2026,Insurance Cross-Sell
SYN-001909,9,20-06-2026,Insurance Cross-Sell
SYN-001909,10,30-06-2026,Insurance Cross-Sell
SYN-001909,11,10-07-2026,Insurance Cross-Sell
SYN-001909,12,20-07-2026,Insurance Cross-Sell
SYN-001909,13,30-07-2026,Insurance Cross-Sell
SYN-001909,14,10-08-2026,Insurance Cross-Sell
SYN-001909,15,20-08-2026,Insurance Cross-Sell
SYN-001909,16,30-08-2026,Insurance Cross-Sell
SYN-001909,17,10-09-2026,Insurance Cross-Sell
SYN-001909,18,20-09-2026,Insurance Cross-Sell
SYN-011389,1,30-03-2026,Service Resolution
SYN-011389,2,10-04-2026,Insurance Cross-Sell
SYN-011389,3,20-04-2026,Insurance Cross-Sell
SYN-011389,4,30-04-2026,Insurance Cross-Sell
SYN-011389,5,10-05-2026,Insurance Cross-Sell
SYN-011389,6,20-05-2026,Insurance Cross-Sell
SYN-011389,7,30-05-2026,Insurance Cross-Sell
SYN-011389,8,10-06-2026,Insurance Cross-Sell
SYN-011389,9,20-06-2026,Insurance Cross-Sell
SYN-011389,10,30-06-2026,Retention Action
SYN-011389,11,10-07-2026,Insurance Cross-Sell
SYN-011389,12,20-07-2026,Insurance Cross-Sell
SYN-011389,13,30-07-2026,Bank Term Deposit
SYN-011389,14,10-08-2026,Bank Term Deposit
SYN-011389,15,20-08-2026,Bank Term Deposit
SYN-011389,16,30-08-2026,Bank Term Deposit
SYN-011389,17,10-09-2026,Service Resolution
SYN-011389,18,20-09-2026,Service Resolution
SYN-028348,1,30-03-2026,Retention Action
SYN-028348,2,10-04-2026,Retention Action
SYN-028348,3,20-04-2026,Bank Term Deposit
SYN-028348,4,30-04-2026,Bank Term Deposit
SYN-028348,5,10-05-2026,Service Resolution
SYN-028348,6,20-05-2026,Bank Term Deposit
SYN-028348,7,30-05-2026,Bank Term Deposit
SYN-028348,8,10-06-2026,Bank Term Deposit
SYN-028348,9,20-06-2026,Bank Term Deposit
SYN-028348,10,30-06-2026,Bank Term Deposit
SYN-028348,11,10-07-2026,Bank Term Deposit
SYN-028348,12,20-07-2026,Bank Term Deposit
SYN-028348,13,30-07-2026,Bank Term Deposit
SYN-028348,14,10-08-2026,Bank Term Deposit
SYN-028348,15,20-08-2026,Service Resolution
SYN-028348,16,30-08-2026,Bank Term Deposit
SYN-028348,17,10-09-2026,Service Resolution
SYN-028348,18,20-09-2026,Service Resolution
SYN-035036,1,30-03-2026,Insurance Cross-Sell
SYN-035036,2,10-04-2026,Insurance Cross-Sell
SYN-035036,3,20-04-2026,Insurance Cross-Sell
SYN-035036,4,30-04-2026,Insurance Cross-Sell
SYN-035036,5,10-05-2026,Insurance Cross-Sell
SYN-035036,6,20-05-2026,Insurance Cross-Sell
SYN-035036,7,30-05-2026,Insurance Cross-Sell
SYN-035036,8,10-06-2026,Insurance Cross-Sell
SYN-035036,9,20-06-2026,Insurance Cross-Sell
SYN-035036,10,30-06-2026,Insurance Cross-Sell
SYN-035036,11,10-07-2026,Bank Term Deposit
SYN-035036,12,20-07-2026,Bank Term Deposit
SYN-035036,13,30-07-2026,Bank Term Deposit
SYN-035036,14,10-08-2026,Insurance Cross-Sell
SYN-035036,15,20-08-2026,Insurance Cross-Sell
SYN-035036,16,30-08-2026,Insurance Cross-Sell
SYN-035036,17,10-09-2026,Insurance Cross-Sell
SYN-035036,18,20-09-2026,Insurance Cross-Sell
SYN-040475,1,30-03-2026,Insurance Cross-Sell
SYN-040475,2,10-04-2026,Bank Term Deposit
SYN-040475,3,20-04-2026,Bank Term Deposit
SYN-040475,4,30-04-2026,Retention Action
SYN-040475,5,10-05-2026,Bank Term Deposit
SYN-040475,6,20-05-2026,Bank Term Deposit
SYN-040475,7,30-05-2026,Service Intervention (Low NPS)
SYN-040475,8,10-06-2026,Bank Term Deposit
SYN-040475,9,20-06-2026,Bank Term Deposit
SYN-040475,10,30-06-2026,Bank Term Deposit
SYN-040475,11,10-07-2026,Bank Term Deposit
SYN-040475,12,20-07-2026,Complete KYC
SYN-040475,13,30-07-2026,Complete KYC
SYN-040475,14,10-08-2026,Complete KYC
SYN-040475,15,20-08-2026,Complete KYC
SYN-040475,16,30-08-2026,Complete KYC
SYN-040475,17,10-09-2026,Complete KYC
SYN-040475,18,20-09-2026,Complete KYC
SYN-028237,1,30-03-2026,Bank Term Deposit
SYN-028237,2,10-04-2026,Insurance Cross-Sell
SYN-028237,3,20-04-2026,Insurance Cross-Sell
SYN-028237,4,30-04-2026,Bank Term Deposit
SYN-028237,5,10-05-2026,Bank Term Deposit
SYN-028237,6,20-05-2026,Insurance Cross-Sell
SYN-028237,7,30-05-2026,Insurance Cross-Sell
SYN-028237,8,10-06-2026,Insurance Cross-Sell
SYN-028237,9,20-06-2026,Bank Term Deposit
SYN-028237,10,30-06-2026,Bank Term Deposit
SYN-028237,11,10-07-2026,Bank Term Deposit
SYN-028237,12,20-07-2026,Bank Term Deposit
SYN-028237,13,30-07-2026,Service Resolution
SYN-028237,14,10-08-2026,Bank Term Deposit
SYN-028237,15,20-08-2026,Bank Term Deposit
SYN-028237,16,30-08-2026,Bank Term Deposit
SYN-028237,17,10-09-2026,Bank Term Deposit
SYN-028237,18,20-09-2026,Bank Term Deposit
SYN-031823,1,30-03-2026,Bank Term Deposit
SYN-031823,2,10-04-2026,Bank Term Deposit
SYN-031823,3,20-04-2026,Bank Term Deposit
SYN-031823,4,30-04-2026,Service Intervention (Low NPS)
SYN-031823,5,10-05-2026,Bank Term Deposit
SYN-031823,6,20-05-2026,Bank Term Deposit
SYN-031823,7,30-05-2026,Insurance Cross-Sell
SYN-031823,8,10-06-2026,Insurance Cross-Sell
SYN-031823,9,20-06-2026,Insurance Cross-Sell
SYN-031823,10,30-06-2026,Insurance Cross-Sell
SYN-031823,11,10-07-2026,Insurance Cross-Sell
SYN-031823,12,20-07-2026,Bank Term Deposit
SYN-031823,13,30-07-2026,Bank Term Deposit
SYN-031823,14,10-08-2026,No Marketing Action (Consent Withheld)
SYN-031823,15,20-08-2026,No Marketing Action (Consent Withheld)
SYN-031823,16,30-08-2026,No Marketing Action (Consent Withheld)
SYN-031823,17,10-09-2026,No Marketing Action (Consent Withheld)
SYN-031823,18,20-09-2026,No Marketing Action (Consent Withheld)
SYN-000509,1,30-03-2026,Bank Term Deposit
SYN-000509,2,10-04-2026,Bank Term Deposit
SYN-000509,3,20-04-2026,Bank Term Deposit
SYN-000509,4,30-04-2026,Insurance Cross-Sell
SYN-000509,5,10-05-2026,Insurance Cross-Sell
SYN-000509,6,20-05-2026,Insurance Cross-Sell
SYN-000509,7,30-05-2026,Insurance Cross-Sell
SYN-000509,8,10-06-2026,Insurance Cross-Sell
SYN-000509,9,20-06-2026,Insurance Cross-Sell
SYN-000509,10,30-06-2026,Insurance Cross-Sell
SYN-000509,11,10-07-2026,Insurance Cross-Sell
SYN-000509,12,20-07-2026,Insurance Cross-Sell
SYN-000509,13,30-07-2026,Insurance Cross-Sell
SYN-000509,14,10-08-2026,Service Resolution
SYN-000509,15,20-08-2026,Insurance Cross-Sell
SYN-000509,16,30-08-2026,Insurance Cross-Sell
SYN-000509,17,10-09-2026,Insurance Cross-Sell
SYN-000509,18,20-09-2026,Insurance Cross-Sell
SYN-041533,1,30-03-2026,Bank Term Deposit
SYN-041533,2,10-04-2026,Insurance Cross-Sell
SYN-041533,3,20-04-2026,Insurance Cross-Sell
SYN-041533,4,30-04-2026,Insurance Cross-Sell
SYN-041533,5,10-05-2026,Insurance Cross-Sell
SYN-041533,6,20-05-2026,Complete KYC
SYN-041533,7,30-05-2026,Complete KYC
SYN-041533,8,10-06-2026,Complete KYC
SYN-041533,9,20-06-2026,Complete KYC
SYN-041533,10,30-06-2026,Complete KYC
SYN-041533,11,10-07-2026,Complete KYC
SYN-041533,12,20-07-2026,Complete KYC
SYN-041533,13,30-07-2026,Complete KYC
SYN-041533,14,10-08-2026,Complete KYC
SYN-041533,15,20-08-2026,Complete KYC
SYN-041533,16,30-08-2026,Complete KYC
SYN-041533,17,10-09-2026,Complete KYC
SYN-041533,18,20-09-2026,Complete KYC
SYN-013348,1,30-03-2026,Bank Term Deposit
SYN-013348,2,10-04-2026,Bank Term Deposit
SYN-013348,3,20-04-2026,Bank Term Deposit
SYN-013348,4,30-04-2026,Service Resolution
SYN-013348,5,10-05-2026,Insurance Cross-Sell
SYN-013348,6,20-05-2026,Insurance Cross-Sell
SYN-013348,7,30-05-2026,No Marketing Action (Consent Withheld)
SYN-013348,8,10-06-2026,No Marketing Action (Consent Withheld)
SYN-013348,9,20-06-2026,No Marketing Action (Consent Withheld)
SYN-013348,10,30-06-2026,No Marketing Action (Consent Withheld)
SYN-013348,11,10-07-2026,No Marketing Action (Consent Withheld)
SYN-013348,12,20-07-2026,No Marketing Action (Consent Withheld)
SYN-013348,13,30-07-2026,No Marketing Action (Consent Withheld)
SYN-013348,14,10-08-2026,No Marketing Action (Consent Withheld)
SYN-013348,15,20-08-2026,No Marketing Action (Consent Withheld)
SYN-013348,16,30-08-2026,No Marketing Action (Consent Withheld)
SYN-013348,17,10-09-2026,No Marketing Action (Consent Withheld)
SYN-013348,18,20-09-2026,No Marketing Action (Consent Withheld)
SYN-003579,1,30-03-2026,Insurance Cross-Sell
SYN-003579,2,10-04-2026,Retention Action
SYN-003579,3,20-04-2026,Insurance Cross-Sell
SYN-003579,4,30-04-2026,Insurance Cross-Sell
SYN-003579,5,10-05-2026,Insurance Cross-Sell
SYN-003579,6,20-05-2026,Insurance Cross-Sell
SYN-003579,7,30-05-2026,Insurance Cross-Sell
SYN-003579,8,10-06-2026,Insurance Cross-Sell
SYN-003579,9,20-06-2026,Bank Term Deposit
SYN-003579,10,30-06-2026,Bank Term Deposit
SYN-003579,11,10-07-2026,Insurance Cross-Sell
SYN-003579,12,20-07-2026,Insurance Cross-Sell
SYN-003579,13,30-07-2026,Insurance Cross-Sell
SYN-003579,14,10-08-2026,Bank Term Deposit
SYN-003579,15,20-08-2026,Bank Term Deposit
SYN-003579,16,30-08-2026,Bank Term Deposit
SYN-003579,17,10-09-2026,Bank Term Deposit
SYN-003579,18,20-09-2026,Bank Term Deposit
SYN-014140,1,30-03-2026,Insurance Cross-Sell
SYN-014140,2,10-04-2026,Bank Term Deposit
SYN-014140,3,20-04-2026,Bank Term Deposit
SYN-014140,4,30-04-2026,Bank Term Deposit
SYN-014140,5,10-05-2026,Bank Term Deposit
SYN-014140,6,20-05-2026,Bank Term Deposit
SYN-014140,7,30-05-2026,Bank Term Deposit
SYN-014140,8,10-06-2026,Bank Term Deposit
SYN-014140,9,20-06-2026,Bank Term Deposit
SYN-014140,10,30-06-2026,Bank Term Deposit
SYN-014140,11,10-07-2026,Bank Term Deposit
SYN-014140,12,20-07-2026,Payment Reminder / Collections Resolution
SYN-014140,13,30-07-2026,Bank Term Deposit
SYN-014140,14,10-08-2026,Bank Term Deposit
SYN-014140,15,20-08-2026,Bank Term Deposit
SYN-014140,16,30-08-2026,Bank Term Deposit
SYN-014140,17,10-09-2026,Payment Reminder / Collections Resolution
SYN-014140,18,20-09-2026,Payment Reminder / Collections Resolution
SYN-032415,1,30-03-2026,Bank Term Deposit
SYN-032415,2,10-04-2026,Bank Term Deposit
SYN-032415,3,20-04-2026,Insurance Cross-Sell
SYN-032415,4,30-04-2026,Insurance Cross-Sell
SYN-032415,5,10-05-2026,Bank Term Deposit
SYN-032415,6,20-05-2026,Bank Term Deposit
SYN-032415,7,30-05-2026,Service Intervention (Low NPS)
SYN-032415,8,10-06-2026,Bank Term Deposit
SYN-032415,9,20-06-2026,Bank Term Deposit
SYN-032415,10,30-06-2026,Bank Term Deposit
SYN-032415,11,10-07-2026,Bank Term Deposit
SYN-032415,12,20-07-2026,Bank Term Deposit
SYN-032415,13,30-07-2026,Insurance Cross-Sell
SYN-032415,14,10-08-2026,Insurance Cross-Sell
SYN-032415,15,20-08-2026,Insurance Cross-Sell
SYN-032415,16,30-08-2026,Insurance Cross-Sell
SYN-032415,17,10-09-2026,Insurance Cross-Sell
SYN-032415,18,20-09-2026,Insurance Cross-Sell
SYN-031294,1,30-03-2026,Insurance Cross-Sell
SYN-031294,2,10-04-2026,Insurance Cross-Sell
SYN-031294,3,20-04-2026,Insurance Cross-Sell
SYN-031294,4,30-04-2026,Insurance Cross-Sell
SYN-031294,5,10-05-2026,Insurance Cross-Sell
SYN-031294,6,20-05-2026,Insurance Cross-Sell
SYN-031294,7,30-05-2026,Insurance Cross-Sell
SYN-031294,8,10-06-2026,Insurance Cross-Sell
SYN-031294,9,20-06-2026,Insurance Cross-Sell
SYN-031294,10,30-06-2026,Insurance Cross-Sell
SYN-031294,11,10-07-2026,Insurance Cross-Sell
SYN-031294,12,20-07-2026,Insurance Cross-Sell
SYN-031294,13,30-07-2026,Insurance Cross-Sell
SYN-031294,14,10-08-2026,Insurance Cross-Sell
SYN-031294,15,20-08-2026,Insurance Cross-Sell
SYN-031294,16,30-08-2026,Insurance Cross-Sell
SYN-031294,17,10-09-2026,Service Intervention (Low NPS)
SYN-031294,18,20-09-2026,Service Intervention (Low NPS)
SYN-009723,1,30-03-2026,Service Intervention (Low NPS)
SYN-009723,2,10-04-2026,Service Intervention (Low NPS)
SYN-009723,3,20-04-2026,Service Intervention (Low NPS)
SYN-009723,4,30-04-2026,Service Intervention (Low NPS)
SYN-009723,5,10-05-2026,Insurance Cross-Sell
SYN-009723,6,20-05-2026,Bank Term Deposit
SYN-009723,7,30-05-2026,Bank Term Deposit
SYN-009723,8,10-06-2026,Bank Term Deposit
SYN-009723,9,20-06-2026,Bank Term Deposit
SYN-009723,10,30-06-2026,Bank Term Deposit
SYN-009723,11,10-07-2026,Bank Term Deposit
SYN-009723,12,20-07-2026,Retention Action
SYN-009723,13,30-07-2026,Retention Action
SYN-009723,14,10-08-2026,Bank Term Deposit
SYN-009723,15,20-08-2026,Bank Term Deposit
SYN-009723,16,30-08-2026,Payment Reminder / Collections Resolution
SYN-009723,17,10-09-2026,Payment Reminder / Collections Resolution
SYN-009723,18,20-09-2026,Payment Reminder / Collections Resolution
SYN-013854,1,30-03-2026,Insurance Cross-Sell
SYN-013854,2,10-04-2026,Insurance Cross-Sell
SYN-013854,3,20-04-2026,Insurance Cross-Sell
SYN-013854,4,30-04-2026,Bank Term Deposit
SYN-013854,5,10-05-2026,Bank Term Deposit
SYN-013854,6,20-05-2026,Bank Term Deposit
SYN-013854,7,30-05-2026,Service Intervention (Low NPS)
SYN-013854,8,10-06-2026,Bank Term Deposit
SYN-013854,9,20-06-2026,Bank Term Deposit
SYN-013854,10,30-06-2026,Bank Term Deposit
SYN-013854,11,10-07-2026,Bank Term Deposit
SYN-013854,12,20-07-2026,Bank Term Deposit
SYN-013854,13,30-07-2026,Bank Term Deposit
SYN-013854,14,10-08-2026,Bank Term Deposit
SYN-013854,15,20-08-2026,Bank Term Deposit
SYN-013854,16,30-08-2026,Bank Term Deposit
SYN-013854,17,10-09-2026,Bank Term Deposit
SYN-013854,18,20-09-2026,Bank Term Deposit
SYN-036635,1,30-03-2026,Insurance Cross-Sell
SYN-036635,2,10-04-2026,Insurance Cross-Sell
SYN-036635,3,20-04-2026,Bank Term Deposit
SYN-036635,4,30-04-2026,Bank Term Deposit
SYN-036635,5,10-05-2026,Bank Term Deposit
SYN-036635,6,20-05-2026,Bank Term Deposit
SYN-036635,7,30-05-2026,Insurance Cross-Sell
SYN-036635,8,10-06-2026,Insurance Cross-Sell
SYN-036635,9,20-06-2026,Insurance Cross-Sell
SYN-036635,10,30-06-2026,Insurance Cross-Sell
SYN-036635,11,10-07-2026,Insurance Cross-Sell
SYN-036635,12,20-07-2026,Insurance Cross-Sell
SYN-036635,13,30-07-2026,Insurance Cross-Sell
SYN-036635,14,10-08-2026,Insurance Cross-Sell
SYN-036635,15,20-08-2026,Insurance Cross-Sell
SYN-036635,16,30-08-2026,Insurance Cross-Sell
SYN-036635,17,10-09-2026,Complete KYC
SYN-036635,18,20-09-2026,Complete KYC
SYN-004988,1,30-03-2026,Insurance Cross-Sell
SYN-004988,2,10-04-2026,Payment Reminder / Collections Resolution
SYN-004988,3,20-04-2026,Payment Reminder / Collections Resolution
SYN-004988,4,30-04-2026,Bank Term Deposit
SYN-004988,5,10-05-2026,Insurance Cross-Sell
SYN-004988,6,20-05-2026,Insurance Cross-Sell
SYN-004988,7,30-05-2026,Insurance Cross-Sell
SYN-004988,8,10-06-2026,Insurance Cross-Sell
SYN-004988,9,20-06-2026,Service Intervention (Low NPS)
SYN-004988,10,30-06-2026,Insurance Cross-Sell
SYN-004988,11,10-07-2026,Insurance Cross-Sell
SYN-004988,12,20-07-2026,Insurance Cross-Sell
SYN-004988,13,30-07-2026,Insurance Cross-Sell
SYN-004988,14,10-08-2026,Insurance Cross-Sell
SYN-004988,15,20-08-2026,Insurance Cross-Sell
SYN-004988,16,30-08-2026,Service Intervention (Low NPS)
SYN-004988,17,10-09-2026,Insurance Cross-Sell
SYN-004988,18,20-09-2026,Insurance Cross-Sell
SYN-040122,1,30-03-2026,Bank Term Deposit
SYN-040122,2,10-04-2026,Bank Term Deposit
SYN-040122,3,20-04-2026,Retention Action
SYN-040122,4,30-04-2026,Bank Term Deposit
SYN-040122,5,10-05-2026,Bank Term Deposit
SYN-040122,6,20-05-2026,Bank Term Deposit
SYN-040122,7,30-05-2026,Bank Term Deposit
SYN-040122,8,10-06-2026,Bank Term Deposit
SYN-040122,9,20-06-2026,Insurance Cross-Sell
SYN-040122,10,30-06-2026,Bank Term Deposit
SYN-040122,11,10-07-2026,Bank Term Deposit
SYN-040122,12,20-07-2026,Bank Term Deposit
SYN-040122,13,30-07-2026,Bank Term Deposit
SYN-040122,14,10-08-2026,Complete KYC
SYN-040122,15,20-08-2026,Complete KYC
SYN-040122,16,30-08-2026,Complete KYC
SYN-040122,17,10-09-2026,Complete KYC
SYN-040122,18,20-09-2026,Complete KYC
SYN-002815,1,30-03-2026,Insurance Cross-Sell
SYN-002815,2,10-04-2026,Insurance Cross-Sell
SYN-002815,3,20-04-2026,Insurance Cross-Sell
SYN-002815,4,30-04-2026,Bank Term Deposit
SYN-002815,5,10-05-2026,Bank Term Deposit
SYN-002815,6,20-05-2026,Bank Term Deposit
SYN-002815,7,30-05-2026,Bank Term Deposit
SYN-002815,8,10-06-2026,Bank Term Deposit
SYN-002815,9,20-06-2026,Service Intervention (Low NPS)
SYN-002815,10,30-06-2026,Insurance Cross-Sell
SYN-002815,11,10-07-2026,Insurance Cross-Sell
SYN-002815,12,20-07-2026,Insurance Cross-Sell
SYN-002815,13,30-07-2026,Insurance Cross-Sell
SYN-002815,14,10-08-2026,Insurance Cross-Sell
SYN-002815,15,20-08-2026,Insurance Cross-Sell
SYN-002815,16,30-08-2026,Insurance Cross-Sell
SYN-002815,17,10-09-2026,Complete KYC
SYN-002815,18,20-09-2026,Complete KYC
SYN-016474,1,30-03-2026,Service Intervention (Low NPS)
SYN-016474,2,10-04-2026,Insurance Cross-Sell
SYN-016474,3,20-04-2026,Insurance Cross-Sell
SYN-016474,4,30-04-2026,Insurance Cross-Sell
SYN-016474,5,10-05-2026,Insurance Cross-Sell
SYN-016474,6,20-05-2026,Insurance Cross-Sell
SYN-016474,7,30-05-2026,Bank Term Deposit
SYN-016474,8,10-06-2026,Bank Term Deposit
SYN-016474,9,20-06-2026,Bank Term Deposit
SYN-016474,10,30-06-2026,Bank Term Deposit
SYN-016474,11,10-07-2026,Insurance Cross-Sell
SYN-016474,12,20-07-2026,Insurance Cross-Sell
SYN-016474,13,30-07-2026,Insurance Cross-Sell
SYN-016474,14,10-08-2026,Insurance Cross-Sell
SYN-016474,15,20-08-2026,Insurance Cross-Sell
SYN-016474,16,30-08-2026,Insurance Cross-Sell
SYN-016474,17,10-09-2026,Service Intervention (Low NPS)
SYN-016474,18,20-09-2026,Service Intervention (Low NPS)
SYN-044787,1,30-03-2026,Bank Term Deposit
SYN-044787,2,10-04-2026,Bank Term Deposit
SYN-044787,3,20-04-2026,Bank Term Deposit
SYN-044787,4,30-04-2026,Insurance Cross-Sell
SYN-044787,5,10-05-2026,Insurance Cross-Sell
SYN-044787,6,20-05-2026,Insurance Cross-Sell
SYN-044787,7,30-05-2026,Insurance Cross-Sell
SYN-044787,8,10-06-2026,Bank Term Deposit
SYN-044787,9,20-06-2026,Bank Term Deposit
SYN-044787,10,30-06-2026,Bank Term Deposit
SYN-044787,11,10-07-2026,Bank Term Deposit
SYN-044787,12,20-07-2026,Bank Term Deposit
SYN-044787,13,30-07-2026,Bank Term Deposit
SYN-044787,14,10-08-2026,Bank Term Deposit
SYN-044787,15,20-08-2026,Bank Term Deposit
SYN-044787,16,30-08-2026,Bank Term Deposit
SYN-044787,17,10-09-2026,Bank Term Deposit
SYN-044787,18,20-09-2026,Bank Term Deposit
SYN-016574,1,30-03-2026,Bank Term Deposit
SYN-016574,2,10-04-2026,Bank Term Deposit
SYN-016574,3,20-04-2026,Bank Term Deposit
SYN-016574,4,30-04-2026,Retention Action
SYN-016574,5,10-05-2026,Retention Action
SYN-016574,6,20-05-2026,Retention Action
SYN-016574,7,30-05-2026,Bank Term Deposit
SYN-016574,8,10-06-2026,Bank Term Deposit
SYN-016574,9,20-06-2026,Insurance Cross-Sell
SYN-016574,10,30-06-2026,Service Intervention (Low NPS)
SYN-016574,11,10-07-2026,Insurance Cross-Sell
SYN-016574,12,20-07-2026,Insurance Cross-Sell
SYN-016574,13,30-07-2026,Insurance Cross-Sell
SYN-016574,14,10-08-2026,Insurance Cross-Sell
SYN-016574,15,20-08-2026,Insurance Cross-Sell
SYN-016574,16,30-08-2026,Insurance Cross-Sell
SYN-016574,17,10-09-2026,Insurance Cross-Sell
SYN-016574,18,20-09-2026,Insurance Cross-Sell
SYN-036115,1,30-03-2026,Insurance Cross-Sell
SYN-036115,2,10-04-2026,Insurance Cross-Sell
SYN-036115,3,20-04-2026,Insurance Cross-Sell
SYN-036115,4,30-04-2026,Insurance Cross-Sell
SYN-036115,5,10-05-2026,Insurance Cross-Sell
SYN-036115,6,20-05-2026,Insurance Cross-Sell
SYN-036115,7,30-05-2026,Bank Term Deposit
SYN-036115,8,10-06-2026,Insurance Cross-Sell
SYN-036115,9,20-06-2026,Insurance Cross-Sell
SYN-036115,10,30-06-2026,Insurance Cross-Sell
SYN-036115,11,10-07-2026,Insurance Cross-Sell
SYN-036115,12,20-07-2026,Insurance Cross-Sell
SYN-036115,13,30-07-2026,Insurance Cross-Sell
SYN-036115,14,10-08-2026,Insurance Cross-Sell
SYN-036115,15,20-08-2026,Insurance Cross-Sell
SYN-036115,16,30-08-2026,Bank Term Deposit
SYN-036115,17,10-09-2026,Insurance Cross-Sell
SYN-036115,18,20-09-2026,Insurance Cross-Sell
SYN-042795,1,30-03-2026,Bank Term Deposit
SYN-042795,2,10-04-2026,Bank Term Deposit
SYN-042795,3,20-04-2026,Bank Term Deposit
SYN-042795,4,30-04-2026,Bank Term Deposit
SYN-042795,5,10-05-2026,Bank Term Deposit
SYN-042795,6,20-05-2026,Bank Term Deposit
SYN-042795,7,30-05-2026,Bank Term Deposit
SYN-042795,8,10-06-2026,Retention Action
SYN-042795,9,20-06-2026,Bank Term Deposit
SYN-042795,10,30-06-2026,Bank Term Deposit
SYN-042795,11,10-07-2026,Bank Term Deposit
SYN-042795,12,20-07-2026,Insurance Cross-Sell
SYN-042795,13,30-07-2026,Insurance Cross-Sell
SYN-042795,14,10-08-2026,Insurance Cross-Sell
SYN-042795,15,20-08-2026,Bank Term Deposit
SYN-042795,16,30-08-2026,Bank Term Deposit
SYN-042795,17,10-09-2026,Bank Term Deposit
SYN-042795,18,20-09-2026,Bank Term Deposit
SYN-038826,1,30-03-2026,Insurance Cross-Sell
SYN-038826,2,10-04-2026,Insurance Cross-Sell
SYN-038826,3,20-04-2026,Insurance Cross-Sell
SYN-038826,4,30-04-2026,Insurance Cross-Sell
SYN-038826,5,10-05-2026,Bank Term Deposit
SYN-038826,6,20-05-2026,Bank Term Deposit
SYN-038826,7,30-05-2026,Bank Term Deposit
SYN-038826,8,10-06-2026,Complete KYC
SYN-038826,9,20-06-2026,Complete KYC
SYN-038826,10,30-06-2026,Complete KYC
SYN-038826,11,10-07-2026,Complete KYC
SYN-038826,12,20-07-2026,Complete KYC
SYN-038826,13,30-07-2026,Complete KYC
SYN-038826,14,10-08-2026,Complete KYC
SYN-038826,15,20-08-2026,Complete KYC
SYN-038826,16,30-08-2026,Complete KYC
SYN-038826,17,10-09-2026,Complete KYC
SYN-038826,18,20-09-2026,Complete KYC
SYN-037501,1,30-03-2026,Bank Term Deposit
SYN-037501,2,10-04-2026,Bank Term Deposit
SYN-037501,3,20-04-2026,Bank Term Deposit
SYN-037501,4,30-04-2026,Bank Term Deposit
SYN-037501,5,10-05-2026,Bank Term Deposit
SYN-037501,6,20-05-2026,Bank Term Deposit
SYN-037501,7,30-05-2026,Insurance Cross-Sell
SYN-037501,8,10-06-2026,Insurance Cross-Sell
SYN-037501,9,20-06-2026,Insurance Cross-Sell
SYN-037501,10,30-06-2026,Insurance Cross-Sell
SYN-037501,11,10-07-2026,Insurance Cross-Sell
SYN-037501,12,20-07-2026,Insurance Cross-Sell
SYN-037501,13,30-07-2026,Insurance Cross-Sell
SYN-037501,14,10-08-2026,Insurance Cross-Sell
SYN-037501,15,20-08-2026,Insurance Cross-Sell
SYN-037501,16,30-08-2026,Insurance Cross-Sell
SYN-037501,17,10-09-2026,Insurance Cross-Sell
SYN-037501,18,20-09-2026,Insurance Cross-Sell
SYN-007439,1,30-03-2026,Insurance Cross-Sell
SYN-007439,2,10-04-2026,Insurance Cross-Sell
SYN-007439,3,20-04-2026,Insurance Cross-Sell
SYN-007439,4,30-04-2026,Insurance Cross-Sell
SYN-007439,5,10-05-2026,Insurance Cross-Sell
SYN-007439,6,20-05-2026,Insurance Cross-Sell
SYN-007439,7,30-05-2026,Insurance Cross-Sell
SYN-007439,8,10-06-2026,Insurance Cross-Sell
SYN-007439,9,20-06-2026,Insurance Cross-Sell
SYN-007439,10,30-06-2026,Insurance Cross-Sell
SYN-007439,11,10-07-2026,Insurance Cross-Sell
SYN-007439,12,20-07-2026,Insurance Cross-Sell
SYN-007439,13,30-07-2026,Insurance Cross-Sell
SYN-007439,14,10-08-2026,Insurance Cross-Sell
SYN-007439,15,20-08-2026,Insurance Cross-Sell
SYN-007439,16,30-08-2026,Insurance Cross-Sell
SYN-007439,17,10-09-2026,Payment Reminder / Collections Resolution
SYN-007439,18,20-09-2026,Payment Reminder / Collections Resolution
SYN-017106,1,30-03-2026,Retention Action
SYN-017106,2,10-04-2026,Bank Term Deposit
SYN-017106,3,20-04-2026,Bank Term Deposit
SYN-017106,4,30-04-2026,Bank Term Deposit
SYN-017106,5,10-05-2026,Bank Term Deposit
SYN-017106,6,20-05-2026,Insurance Cross-Sell
SYN-017106,7,30-05-2026,Retention Action
SYN-017106,8,10-06-2026,Retention Action
SYN-017106,9,20-06-2026,Insurance Cross-Sell
SYN-017106,10,30-06-2026,Insurance Cross-Sell
SYN-017106,11,10-07-2026,Insurance Cross-Sell
SYN-017106,12,20-07-2026,Insurance Cross-Sell
SYN-017106,13,30-07-2026,Insurance Cross-Sell
SYN-017106,14,10-08-2026,Insurance Cross-Sell
SYN-017106,15,20-08-2026,Insurance Cross-Sell
SYN-017106,16,30-08-2026,No Marketing Action (Consent Withheld)
SYN-017106,17,10-09-2026,No Marketing Action (Consent Withheld)
SYN-017106,18,20-09-2026,No Marketing Action (Consent Withheld)
SYN-010312,1,30-03-2026,Bank Term Deposit
SYN-010312,2,10-04-2026,Bank Term Deposit
SYN-010312,3,20-04-2026,Bank Term Deposit
SYN-010312,4,30-04-2026,Insurance Cross-Sell
SYN-010312,5,10-05-2026,Insurance Cross-Sell
SYN-010312,6,20-05-2026,Insurance Cross-Sell
SYN-010312,7,30-05-2026,Service Intervention (Low NPS)
SYN-010312,8,10-06-2026,Service Intervention (Low NPS)
SYN-010312,9,20-06-2026,Insurance Cross-Sell
SYN-010312,10,30-06-2026,Service Intervention (Low NPS)
SYN-010312,11,10-07-2026,Insurance Cross-Sell
SYN-010312,12,20-07-2026,Insurance Cross-Sell
SYN-010312,13,30-07-2026,Bank Term Deposit
SYN-010312,14,10-08-2026,Bank Term Deposit
SYN-010312,15,20-08-2026,Bank Term Deposit
SYN-010312,16,30-08-2026,Bank Term Deposit
SYN-010312,17,10-09-2026,Bank Term Deposit
SYN-010312,18,20-09-2026,Bank Term Deposit
SYN-040713,1,30-03-2026,Bank Term Deposit
SYN-040713,2,10-04-2026,Bank Term Deposit
SYN-040713,3,20-04-2026,Bank Term Deposit
SYN-040713,4,30-04-2026,Bank Term Deposit
SYN-040713,5,10-05-2026,Bank Term Deposit
SYN-040713,6,20-05-2026,Bank Term Deposit
SYN-040713,7,30-05-2026,Bank Term Deposit
SYN-040713,8,10-06-2026,Insurance Cross-Sell
SYN-040713,9,20-06-2026,Insurance Cross-Sell
SYN-040713,10,30-06-2026,Service Resolution
SYN-040713,11,10-07-2026,Insurance Cross-Sell
SYN-040713,12,20-07-2026,Insurance Cross-Sell
SYN-040713,13,30-07-2026,Insurance Cross-Sell
SYN-040713,14,10-08-2026,Retention Action
SYN-040713,15,20-08-2026,Retention Action
SYN-040713,16,30-08-2026,Retention Action
SYN-040713,17,10-09-2026,Retention Action
SYN-040713,18,20-09-2026,Retention Action
SYN-033505,1,30-03-2026,Insurance Cross-Sell
SYN-033505,2,10-04-2026,Bank Term Deposit
SYN-033505,3,20-04-2026,Bank Term Deposit
SYN-033505,4,30-04-2026,Bank Term Deposit
SYN-033505,5,10-05-2026,Bank Term Deposit
SYN-033505,6,20-05-2026,Bank Term Deposit
SYN-033505,7,30-05-2026,Bank Term Deposit
SYN-033505,8,10-06-2026,Bank Term Deposit
SYN-033505,9,20-06-2026,Bank Term Deposit
SYN-033505,10,30-06-2026,Bank Term Deposit
SYN-033505,11,10-07-2026,Insurance Cross-Sell
SYN-033505,12,20-07-2026,Service Resolution
SYN-033505,13,30-07-2026,Insurance Cross-Sell
SYN-033505,14,10-08-2026,Bank Term Deposit
SYN-033505,15,20-08-2026,Bank Term Deposit
SYN-033505,16,30-08-2026,No Marketing Action (Consent Withheld)
SYN-033505,17,10-09-2026,No Marketing Action (Consent Withheld)
SYN-033505,18,20-09-2026,No Marketing Action (Consent Withheld)
SYN-006169,1,30-03-2026,Bank Term Deposit
SYN-006169,2,10-04-2026,Bank Term Deposit
SYN-006169,3,20-04-2026,Bank Term Deposit
SYN-006169,4,30-04-2026,Bank Term Deposit
SYN-006169,5,10-05-2026,Bank Term Deposit
SYN-006169,6,20-05-2026,Bank Term Deposit
SYN-006169,7,30-05-2026,Retention Action
SYN-006169,8,10-06-2026,Retention Action
SYN-006169,9,20-06-2026,Retention Action
SYN-006169,10,30-06-2026,Bank Term Deposit
SYN-006169,11,10-07-2026,Bank Term Deposit
SYN-006169,12,20-07-2026,Bank Term Deposit
SYN-006169,13,30-07-2026,Bank Term Deposit
SYN-006169,14,10-08-2026,Bank Term Deposit
SYN-006169,15,20-08-2026,Bank Term Deposit
SYN-006169,16,30-08-2026,Bank Term Deposit
SYN-006169,17,10-09-2026,Bank Term Deposit
SYN-006169,18,20-09-2026,Bank Term Deposit
SYN-029836,1,30-03-2026,Insurance Cross-Sell
SYN-029836,2,10-04-2026,Insurance Cross-Sell
SYN-029836,3,20-04-2026,Insurance Cross-Sell
SYN-029836,4,30-04-2026,Bank Term Deposit
SYN-029836,5,10-05-2026,Bank Term Deposit
SYN-029836,6,20-05-2026,Bank Term Deposit
SYN-029836,7,30-05-2026,Bank Term Deposit
SYN-029836,8,10-06-2026,Bank Term Deposit
SYN-029836,9,20-06-2026,Bank Term Deposit
SYN-029836,10,30-06-2026,Bank Term Deposit
SYN-029836,11,10-07-2026,Bank Term Deposit
SYN-029836,12,20-07-2026,Bank Term Deposit
SYN-029836,13,30-07-2026,Bank Term Deposit
SYN-029836,14,10-08-2026,Bank Term Deposit
SYN-029836,15,20-08-2026,Bank Term Deposit
SYN-029836,16,30-08-2026,Bank Term Deposit
SYN-029836,17,10-09-2026,Service Intervention (Low NPS)
SYN-029836,18,20-09-2026,Service Intervention (Low NPS)
SYN-016375,1,30-03-2026,Insurance Cross-Sell
SYN-016375,2,10-04-2026,Retention Action
SYN-016375,3,20-04-2026,Bank Term Deposit
SYN-016375,4,30-04-2026,Bank Term Deposit
SYN-016375,5,10-05-2026,Bank Term Deposit
SYN-016375,6,20-05-2026,Bank Term Deposit
SYN-016375,7,30-05-2026,Bank Term Deposit
SYN-016375,8,10-06-2026,Bank Term Deposit
SYN-016375,9,20-06-2026,Bank Term Deposit
SYN-016375,10,30-06-2026,Service Resolution
SYN-016375,11,10-07-2026,Service Resolution
SYN-016375,12,20-07-2026,Bank Term Deposit
SYN-016375,13,30-07-2026,Bank Term Deposit
SYN-016375,14,10-08-2026,Bank Term Deposit
SYN-016375,15,20-08-2026,No Marketing Action (Consent Withheld)
SYN-016375,16,30-08-2026,No Marketing Action (Consent Withheld)
SYN-016375,17,10-09-2026,No Marketing Action (Consent Withheld)
SYN-016375,18,20-09-2026,No Marketing Action (Consent Withheld)
SYN-040694,1,30-03-2026,Service Intervention (Low NPS)
SYN-040694,2,10-04-2026,Bank Term Deposit
SYN-040694,3,20-04-2026,Insurance Cross-Sell
SYN-040694,4,30-04-2026,Bank Term Deposit
SYN-040694,5,10-05-2026,Insurance Cross-Sell
SYN-040694,6,20-05-2026,Insurance Cross-Sell
SYN-040694,7,30-05-2026,Insurance Cross-Sell
SYN-040694,8,10-06-2026,No Marketing Action (Consent Withheld)
SYN-040694,9,20-06-2026,No Marketing Action (Consent Withheld)
SYN-040694,10,30-06-2026,No Marketing Action (Consent Withheld)
SYN-040694,11,10-07-2026,No Marketing Action (Consent Withheld)
SYN-040694,12,20-07-2026,No Marketing Action (Consent Withheld)
SYN-040694,13,30-07-2026,No Marketing Action (Consent Withheld)
SYN-040694,14,10-08-2026,No Marketing Action (Consent Withheld)
SYN-040694,15,20-08-2026,No Marketing Action (Consent Withheld)
SYN-040694,16,30-08-2026,No Marketing Action (Consent Withheld)
SYN-040694,17,10-09-2026,No Marketing Action (Consent Withheld)
SYN-040694,18,20-09-2026,No Marketing Action (Consent Withheld)
SYN-016067,1,30-03-2026,Payment Reminder / Collections Resolution
SYN-016067,2,10-04-2026,Bank Term Deposit
SYN-016067,3,20-04-2026,Bank Term Deposit
SYN-016067,4,30-04-2026,Bank Term Deposit
SYN-016067,5,10-05-2026,Bank Term Deposit
SYN-016067,6,20-05-2026,Bank Term Deposit
SYN-016067,7,30-05-2026,Bank Term Deposit
SYN-016067,8,10-06-2026,Bank Term Deposit
SYN-016067,9,20-06-2026,Bank Term Deposit
SYN-016067,10,30-06-2026,Bank Term Deposit
SYN-016067,11,10-07-2026,Service Intervention (Low NPS)
SYN-016067,12,20-07-2026,Bank Term Deposit
SYN-016067,13,30-07-2026,Bank Term Deposit
SYN-016067,14,10-08-2026,Bank Term Deposit
SYN-016067,15,20-08-2026,Bank Term Deposit
SYN-016067,16,30-08-2026,Bank Term Deposit
SYN-016067,17,10-09-2026,Bank Term Deposit
SYN-016067,18,20-09-2026,Bank Term Deposit
SYN-030088,1,30-03-2026,Bank Term Deposit
SYN-030088,2,10-04-2026,Insurance Cross-Sell
SYN-030088,3,20-04-2026,Service Resolution
SYN-030088,4,30-04-2026,Service Resolution
SYN-030088,5,10-05-2026,Service Resolution
SYN-030088,6,20-05-2026,Insurance Cross-Sell
SYN-030088,7,30-05-2026,Insurance Cross-Sell
SYN-030088,8,10-06-2026,Insurance Cross-Sell
SYN-030088,9,20-06-2026,Insurance Cross-Sell
SYN-030088,10,30-06-2026,Insurance Cross-Sell
SYN-030088,11,10-07-2026,Insurance Cross-Sell
SYN-030088,12,20-07-2026,Insurance Cross-Sell
SYN-030088,13,30-07-2026,Bank Term Deposit
SYN-030088,14,10-08-2026,Bank Term Deposit
SYN-030088,15,20-08-2026,Bank Term Deposit
SYN-030088,16,30-08-2026,Service Resolution
SYN-030088,17,10-09-2026,Service Resolution
SYN-030088,18,20-09-2026,Service Resolution
SYN-041827,1,30-03-2026,No Marketing Action (Consent Withheld)
SYN-041827,2,10-04-2026,No Marketing Action (Consent Withheld)
SYN-041827,3,20-04-2026,No Marketing Action (Consent Withheld)
SYN-041827,4,30-04-2026,No Marketing Action (Consent Withheld)
SYN-041827,5,10-05-2026,No Marketing Action (Consent Withheld)
SYN-041827,6,20-05-2026,No Marketing Action (Consent Withheld)
SYN-041827,7,30-05-2026,No Marketing Action (Consent Withheld)
SYN-041827,8,10-06-2026,No Marketing Action (Consent Withheld)
SYN-041827,9,20-06-2026,No Marketing Action (Consent Withheld)
SYN-041827,10,30-06-2026,No Marketing Action (Consent Withheld)
SYN-041827,11,10-07-2026,No Marketing Action (Consent Withheld)
SYN-041827,12,20-07-2026,No Marketing Action (Consent Withheld)
SYN-041827,13,30-07-2026,No Marketing Action (Consent Withheld)
SYN-041827,14,10-08-2026,No Marketing Action (Consent Withheld)
SYN-041827,15,20-08-2026,No Marketing Action (Consent Withheld)
SYN-041827,16,30-08-2026,No Marketing Action (Consent Withheld)
SYN-041827,17,10-09-2026,No Marketing Action (Consent Withheld)
SYN-041827,18,20-09-2026,No Marketing Action (Consent Withheld)
SYN-003641,1,30-03-2026,Insurance Cross-Sell
SYN-003641,2,10-04-2026,Insurance Cross-Sell
SYN-003641,3,20-04-2026,Insurance Cross-Sell
SYN-003641,4,30-04-2026,Service Intervention (Low NPS)
SYN-003641,5,10-05-2026,Insurance Cross-Sell
SYN-003641,6,20-05-2026,Service Resolution
SYN-003641,7,30-05-2026,Service Resolution
SYN-003641,8,10-06-2026,Bank Term Deposit
SYN-003641,9,20-06-2026,Bank Term Deposit
SYN-003641,10,30-06-2026,Bank Term Deposit
SYN-003641,11,10-07-2026,Bank Term Deposit
SYN-003641,12,20-07-2026,Bank Term Deposit
SYN-003641,13,30-07-2026,Bank Term Deposit
SYN-003641,14,10-08-2026,No Marketing Action (Consent Withheld)
SYN-003641,15,20-08-2026,No Marketing Action (Consent Withheld)
SYN-003641,16,30-08-2026,No Marketing Action (Consent Withheld)
SYN-003641,17,10-09-2026,No Marketing Action (Consent Withheld)
SYN-003641,18,20-09-2026,No Marketing Action (Consent Withheld)
SYN-015207,1,30-03-2026,Bank Term Deposit
SYN-015207,2,10-04-2026,Bank Term Deposit
SYN-015207,3,20-04-2026,Bank Term Deposit
SYN-015207,4,30-04-2026,Bank Term Deposit
SYN-015207,5,10-05-2026,Bank Term Deposit
SYN-015207,6,20-05-2026,Insurance Cross-Sell
SYN-015207,7,30-05-2026,Insurance Cross-Sell
SYN-015207,8,10-06-2026,Insurance Cross-Sell
SYN-015207,9,20-06-2026,Insurance Cross-Sell
SYN-015207,10,30-06-2026,Insurance Cross-Sell
SYN-015207,11,10-07-2026,Insurance Cross-Sell
SYN-015207,12,20-07-2026,Insurance Cross-Sell
SYN-015207,13,30-07-2026,Insurance Cross-Sell
SYN-015207,14,10-08-2026,Service Intervention (Low NPS)
SYN-015207,15,20-08-2026,Service Intervention (Low NPS)
SYN-015207,16,30-08-2026,Bank Term Deposit
SYN-015207,17,10-09-2026,No Marketing Action (Consent Withheld)
SYN-015207,18,20-09-2026,No Marketing Action (Consent Withheld)
SYN-020710,1,30-03-2026,Insurance Cross-Sell
SYN-020710,2,10-04-2026,Insurance Cross-Sell
SYN-020710,3,20-04-2026,Insurance Cross-Sell
SYN-020710,4,30-04-2026,Insurance Cross-Sell
SYN-020710,5,10-05-2026,Insurance Cross-Sell
SYN-020710,6,20-05-2026,Bank Term Deposit
SYN-020710,7,30-05-2026,Bank Term Deposit
SYN-020710,8,10-06-2026,Bank Term Deposit
SYN-020710,9,20-06-2026,Insurance Cross-Sell
SYN-020710,10,30-06-2026,Insurance Cross-Sell
SYN-020710,11,10-07-2026,Insurance Cross-Sell
SYN-020710,12,20-07-2026,Insurance Cross-Sell
SYN-020710,13,30-07-2026,Service Resolution
SYN-020710,14,10-08-2026,Insurance Cross-Sell
SYN-020710,15,20-08-2026,Insurance Cross-Sell
SYN-020710,16,30-08-2026,Bank Term Deposit
SYN-020710,17,10-09-2026,Service Intervention (Low NPS)
SYN-020710,18,20-09-2026,Service Intervention (Low NPS)
SYN-025888,1,30-03-2026,Bank Term Deposit
SYN-025888,2,10-04-2026,Bank Term Deposit
SYN-025888,3,20-04-2026,Bank Term Deposit
SYN-025888,4,30-04-2026,Bank Term Deposit
SYN-025888,5,10-05-2026,Insurance Cross-Sell
SYN-025888,6,20-05-2026,Insurance Cross-Sell
SYN-025888,7,30-05-2026,Insurance Cross-Sell
SYN-025888,8,10-06-2026,Insurance Cross-Sell
SYN-025888,9,20-06-2026,Insurance Cross-Sell
SYN-025888,10,30-06-2026,Insurance Cross-Sell
SYN-025888,11,10-07-2026,Insurance Cross-Sell
SYN-025888,12,20-07-2026,Insurance Cross-Sell
SYN-025888,13,30-07-2026,Bank Term Deposit
SYN-025888,14,10-08-2026,Payment Reminder / Collections Resolution
SYN-025888,15,20-08-2026,Payment Reminder / Collections Resolution
SYN-025888,16,30-08-2026,Payment Reminder / Collections Resolution
SYN-025888,17,10-09-2026,Payment Reminder / Collections Resolution
SYN-025888,18,20-09-2026,Payment Reminder / Collections Resolution
SYN-022277,1,30-03-2026,Bank Term Deposit
SYN-022277,2,10-04-2026,Bank Term Deposit
SYN-022277,3,20-04-2026,Bank Term Deposit
SYN-022277,4,30-04-2026,Insurance Cross-Sell
SYN-022277,5,10-05-2026,Insurance Cross-Sell
SYN-022277,6,20-05-2026,Insurance Cross-Sell
SYN-022277,7,30-05-2026,Insurance Cross-Sell
SYN-022277,8,10-06-2026,Insurance Cross-Sell
SYN-022277,9,20-06-2026,Insurance Cross-Sell
SYN-022277,10,30-06-2026,Insurance Cross-Sell
SYN-022277,11,10-07-2026,Insurance Cross-Sell
SYN-022277,12,20-07-2026,Insurance Cross-Sell
SYN-022277,13,30-07-2026,Bank Term Deposit
SYN-022277,14,10-08-2026,Payment Reminder / Collections Resolution
SYN-022277,15,20-08-2026,Bank Term Deposit
SYN-022277,16,30-08-2026,Bank Term Deposit
SYN-022277,17,10-09-2026,Bank Term Deposit
SYN-022277,18,20-09-2026,Bank Term Deposit
SYN-038302,1,30-03-2026,Service Intervention (Low NPS)
SYN-038302,2,10-04-2026,Bank Term Deposit
SYN-038302,3,20-04-2026,Bank Term Deposit
SYN-038302,4,30-04-2026,Bank Term Deposit
SYN-038302,5,10-05-2026,Bank Term Deposit
SYN-038302,6,20-05-2026,Service Resolution
SYN-038302,7,30-05-2026,Service Resolution
SYN-038302,8,10-06-2026,Bank Term Deposit
SYN-038302,9,20-06-2026,Bank Term Deposit
SYN-038302,10,30-06-2026,Bank Term Deposit
SYN-038302,11,10-07-2026,Bank Term Deposit
SYN-038302,12,20-07-2026,Bank Term Deposit
SYN-038302,13,30-07-2026,Bank Term Deposit
SYN-038302,14,10-08-2026,Bank Term Deposit
SYN-038302,15,20-08-2026,Bank Term Deposit
SYN-038302,16,30-08-2026,Bank Term Deposit
SYN-038302,17,10-09-2026,Service Resolution
SYN-038302,18,20-09-2026,Service Resolution
SYN-023846,1,30-03-2026,Bank Term Deposit
SYN-023846,2,10-04-2026,Bank Term Deposit
SYN-023846,3,20-04-2026,Bank Term Deposit
SYN-023846,4,30-04-2026,Insurance Cross-Sell
SYN-023846,5,10-05-2026,Service Resolution
SYN-023846,6,20-05-2026,Service Resolution
SYN-023846,7,30-05-2026,Insurance Cross-Sell
SYN-023846,8,10-06-2026,Insurance Cross-Sell
SYN-023846,9,20-06-2026,Insurance Cross-Sell
SYN-023846,10,30-06-2026,Insurance Cross-Sell
SYN-023846,11,10-07-2026,Insurance Cross-Sell
SYN-023846,12,20-07-2026,Insurance Cross-Sell
SYN-023846,13,30-07-2026,Insurance Cross-Sell
SYN-023846,14,10-08-2026,Insurance Cross-Sell
SYN-023846,15,20-08-2026,Insurance Cross-Sell
SYN-023846,16,30-08-2026,Insurance Cross-Sell
SYN-023846,17,10-09-2026,Insurance Cross-Sell
SYN-023846,18,20-09-2026,Insurance Cross-Sell
SYN-007698,1,30-03-2026,Bank Term Deposit
SYN-007698,2,10-04-2026,Bank Term Deposit
SYN-007698,3,20-04-2026,Bank Term Deposit
SYN-007698,4,30-04-2026,Bank Term Deposit
SYN-007698,5,10-05-2026,Insurance Cross-Sell
SYN-007698,6,20-05-2026,Insurance Cross-Sell
SYN-007698,7,30-05-2026,Insurance Cross-Sell
SYN-007698,8,10-06-2026,Insurance Cross-Sell
SYN-007698,9,20-06-2026,Insurance Cross-Sell
SYN-007698,10,30-06-2026,Insurance Cross-Sell
SYN-007698,11,10-07-2026,Insurance Cross-Sell
SYN-007698,12,20-07-2026,Insurance Cross-Sell
SYN-007698,13,30-07-2026,Insurance Cross-Sell
SYN-007698,14,10-08-2026,Insurance Cross-Sell
SYN-007698,15,20-08-2026,Insurance Cross-Sell
SYN-007698,16,30-08-2026,Insurance Cross-Sell
SYN-007698,17,10-09-2026,No Marketing Action (Consent Withheld)
SYN-007698,18,20-09-2026,No Marketing Action (Consent Withheld)
SYN-018471,1,30-03-2026,Insurance Cross-Sell
SYN-018471,2,10-04-2026,Insurance Cross-Sell
SYN-018471,3,20-04-2026,Insurance Cross-Sell
SYN-018471,4,30-04-2026,Insurance Cross-Sell
SYN-018471,5,10-05-2026,Insurance Cross-Sell
SYN-018471,6,20-05-2026,Insurance Cross-Sell
SYN-018471,7,30-05-2026,Retention Action
SYN-018471,8,10-06-2026,Retention Action
SYN-018471,9,20-06-2026,Retention Action
SYN-018471,10,30-06-2026,Retention Action
SYN-018471,11,10-07-2026,Retention Action
SYN-018471,12,20-07-2026,Insurance Cross-Sell
SYN-018471,13,30-07-2026,Insurance Cross-Sell
SYN-018471,14,10-08-2026,Insurance Cross-Sell
SYN-018471,15,20-08-2026,Insurance Cross-Sell
SYN-018471,16,30-08-2026,Insurance Cross-Sell
SYN-018471,17,10-09-2026,Insurance Cross-Sell
SYN-018471,18,20-09-2026,Insurance Cross-Sell
SYN-011078,1,30-03-2026,Insurance Cross-Sell
SYN-011078,2,10-04-2026,Insurance Cross-Sell
SYN-011078,3,20-04-2026,Insurance Cross-Sell
SYN-011078,4,30-04-2026,Insurance Cross-Sell
SYN-011078,5,10-05-2026,Insurance Cross-Sell
SYN-011078,6,20-05-2026,Insurance Cross-Sell
SYN-011078,7,30-05-2026,Service Resolution
SYN-011078,8,10-06-2026,Insurance Cross-Sell
SYN-011078,9,20-06-2026,Insurance Cross-Sell
SYN-011078,10,30-06-2026,Insurance Cross-Sell
SYN-011078,11,10-07-2026,Insurance Cross-Sell
SYN-011078,12,20-07-2026,Insurance Cross-Sell
SYN-011078,13,30-07-2026,Insurance Cross-Sell
SYN-011078,14,10-08-2026,Insurance Cross-Sell
SYN-011078,15,20-08-2026,No Marketing Action (Consent Withheld)
SYN-011078,16,30-08-2026,No Marketing Action (Consent Withheld)
SYN-011078,17,10-09-2026,No Marketing Action (Consent Withheld)
SYN-011078,18,20-09-2026,No Marketing Action (Consent Withheld)
SYN-039582,1,30-03-2026,Insurance Cross-Sell
SYN-039582,2,10-04-2026,Service Intervention (Low NPS)
SYN-039582,3,20-04-2026,Bank Term Deposit
SYN-039582,4,30-04-2026,Bank Term Deposit
SYN-039582,5,10-05-2026,Bank Term Deposit
SYN-039582,6,20-05-2026,Bank Term Deposit
SYN-039582,7,30-05-2026,Bank Term Deposit
SYN-039582,8,10-06-2026,Bank Term Deposit
SYN-039582,9,20-06-2026,Bank Term Deposit
SYN-039582,10,30-06-2026,Bank Term Deposit
SYN-039582,11,10-07-2026,Bank Term Deposit
SYN-039582,12,20-07-2026,Insurance Cross-Sell
SYN-039582,13,30-07-2026,Insurance Cross-Sell
SYN-039582,14,10-08-2026,Insurance Cross-Sell
SYN-039582,15,20-08-2026,Bank Term Deposit
SYN-039582,16,30-08-2026,Bank Term Deposit
SYN-039582,17,10-09-2026,Service Intervention (Low NPS)
SYN-039582,18,20-09-2026,Service Intervention (Low NPS)
SYN-040070,1,30-03-2026,Insurance Cross-Sell
SYN-040070,2,10-04-2026,Insurance Cross-Sell
SYN-040070,3,20-04-2026,Bank Term Deposit
SYN-040070,4,30-04-2026,Bank Term Deposit
SYN-040070,5,10-05-2026,Complete KYC
SYN-040070,6,20-05-2026,Complete KYC
SYN-040070,7,30-05-2026,Complete KYC
SYN-040070,8,10-06-2026,Complete KYC
SYN-040070,9,20-06-2026,Complete KYC
SYN-040070,10,30-06-2026,Complete KYC
SYN-040070,11,10-07-2026,Complete KYC
SYN-040070,12,20-07-2026,Complete KYC
SYN-040070,13,30-07-2026,Complete KYC
SYN-040070,14,10-08-2026,Complete KYC
SYN-040070,15,20-08-2026,Complete KYC
SYN-040070,16,30-08-2026,Complete KYC
SYN-040070,17,10-09-2026,Complete KYC
SYN-040070,18,20-09-2026,Complete KYC
SYN-016393,1,30-03-2026,Bank Term Deposit
SYN-016393,2,10-04-2026,Bank Term Deposit
SYN-016393,3,20-04-2026,Bank Term Deposit
SYN-016393,4,30-04-2026,Insurance Cross-Sell
SYN-016393,5,10-05-2026,Insurance Cross-Sell
SYN-016393,6,20-05-2026,Insurance Cross-Sell
SYN-016393,7,30-05-2026,Insurance Cross-Sell
SYN-016393,8,10-06-2026,Insurance Cross-Sell
SYN-016393,9,20-06-2026,Insurance Cross-Sell
SYN-016393,10,30-06-2026,Insurance Cross-Sell
SYN-016393,11,10-07-2026,Insurance Cross-Sell
SYN-016393,12,20-07-2026,Bank Term Deposit
SYN-016393,13,30-07-2026,Bank Term Deposit
SYN-016393,14,10-08-2026,Bank Term Deposit
SYN-016393,15,20-08-2026,Insurance Cross-Sell
SYN-016393,16,30-08-2026,Insurance Cross-Sell
SYN-016393,17,10-09-2026,Insurance Cross-Sell
SYN-016393,18,20-09-2026,Insurance Cross-Sell
SYN-041181,1,30-03-2026,Bank Term Deposit
SYN-041181,2,10-04-2026,Insurance Cross-Sell
SYN-041181,3,20-04-2026,Insurance Cross-Sell
SYN-041181,4,30-04-2026,Bank Term Deposit
SYN-041181,5,10-05-2026,Bank Term Deposit
SYN-041181,6,20-05-2026,Insurance Cross-Sell
SYN-041181,7,30-05-2026,Insurance Cross-Sell
SYN-041181,8,10-06-2026,Service Intervention (Low NPS)
SYN-041181,9,20-06-2026,Bank Term Deposit
SYN-041181,10,30-06-2026,Bank Term Deposit
SYN-041181,11,10-07-2026,Bank Term Deposit
SYN-041181,12,20-07-2026,Bank Term Deposit
SYN-041181,13,30-07-2026,Bank Term Deposit
SYN-041181,14,10-08-2026,Complete KYC
SYN-041181,15,20-08-2026,Complete KYC
SYN-041181,16,30-08-2026,Complete KYC
SYN-041181,17,10-09-2026,Complete KYC
SYN-041181,18,20-09-2026,Complete KYC
SYN-040196,1,30-03-2026,Payment Reminder / Collections Resolution
SYN-040196,2,10-04-2026,Bank Term Deposit
SYN-040196,3,20-04-2026,Bank Term Deposit
SYN-040196,4,30-04-2026,Bank Term Deposit
SYN-040196,5,10-05-2026,Bank Term Deposit
SYN-040196,6,20-05-2026,Bank Term Deposit
SYN-040196,7,30-05-2026,Bank Term Deposit
SYN-040196,8,10-06-2026,Bank Term Deposit
SYN-040196,9,20-06-2026,Bank Term Deposit
SYN-040196,10,30-06-2026,Bank Term Deposit
SYN-040196,11,10-07-2026,Bank Term Deposit
SYN-040196,12,20-07-2026,Bank Term Deposit
SYN-040196,13,30-07-2026,Bank Term Deposit
SYN-040196,14,10-08-2026,Bank Term Deposit
SYN-040196,15,20-08-2026,Bank Term Deposit
SYN-040196,16,30-08-2026,Bank Term Deposit
SYN-040196,17,10-09-2026,Bank Term Deposit
SYN-040196,18,20-09-2026,Bank Term Deposit
SYN-030617,1,30-03-2026,Insurance Cross-Sell
SYN-030617,2,10-04-2026,Insurance Cross-Sell
SYN-030617,3,20-04-2026,Bank Term Deposit
SYN-030617,4,30-04-2026,Bank Term Deposit
SYN-030617,5,10-05-2026,Bank Term Deposit
SYN-030617,6,20-05-2026,Bank Term Deposit
SYN-030617,7,30-05-2026,Bank Term Deposit
SYN-030617,8,10-06-2026,Bank Term Deposit
SYN-030617,9,20-06-2026,Bank Term Deposit
SYN-030617,10,30-06-2026,Bank Term Deposit
SYN-030617,11,10-07-2026,Bank Term Deposit
SYN-030617,12,20-07-2026,Bank Term Deposit
SYN-030617,13,30-07-2026,Bank Term Deposit
SYN-030617,14,10-08-2026,Bank Term Deposit
SYN-030617,15,20-08-2026,Payment Reminder / Collections Resolution
SYN-030617,16,30-08-2026,Payment Reminder / Collections Resolution
SYN-030617,17,10-09-2026,Payment Reminder / Collections Resolution
SYN-030617,18,20-09-2026,Payment Reminder / Collections Resolution
SYN-011700,1,30-03-2026,Insurance Cross-Sell
SYN-011700,2,10-04-2026,Insurance Cross-Sell
SYN-011700,3,20-04-2026,Payment Reminder / Collections Resolution
SYN-011700,4,30-04-2026,Payment Reminder / Collections Resolution
SYN-011700,5,10-05-2026,Payment Reminder / Collections Resolution
SYN-011700,6,20-05-2026,Payment Reminder / Collections Resolution
SYN-011700,7,30-05-2026,Bank Term Deposit
SYN-011700,8,10-06-2026,Bank Term Deposit
SYN-011700,9,20-06-2026,Payment Reminder / Collections Resolution
SYN-011700,10,30-06-2026,Payment Reminder / Collections Resolution
SYN-011700,11,10-07-2026,Payment Reminder / Collections Resolution
SYN-011700,12,20-07-2026,Bank Term Deposit
SYN-011700,13,30-07-2026,Bank Term Deposit
SYN-011700,14,10-08-2026,Bank Term Deposit
SYN-011700,15,20-08-2026,Bank Term Deposit
SYN-011700,16,30-08-2026,Bank Term Deposit
SYN-011700,17,10-09-2026,Service Intervention (Low NPS)
SYN-011700,18,20-09-2026,Service Intervention (Low NPS)
SYN-001130,1,30-03-2026,Retention Action
SYN-001130,2,10-04-2026,Bank Term Deposit
SYN-001130,3,20-04-2026,Bank Term Deposit
SYN-001130,4,30-04-2026,Bank Term Deposit
SYN-001130,5,10-05-2026,Insurance Cross-Sell
SYN-001130,6,20-05-2026,Insurance Cross-Sell
SYN-001130,7,30-05-2026,Payment Reminder / Collections Resolution
SYN-001130,8,10-06-2026,Insurance Cross-Sell
SYN-001130,9,20-06-2026,Insurance Cross-Sell
SYN-001130,10,30-06-2026,Insurance Cross-Sell
SYN-001130,11,10-07-2026,Insurance Cross-Sell
SYN-001130,12,20-07-2026,Insurance Cross-Sell
SYN-001130,13,30-07-2026,Insurance Cross-Sell
SYN-001130,14,10-08-2026,Insurance Cross-Sell
SYN-001130,15,20-08-2026,Bank Term Deposit
SYN-001130,16,30-08-2026,Bank Term Deposit
SYN-001130,17,10-09-2026,Bank Term Deposit
SYN-001130,18,20-09-2026,Bank Term Deposit
SYN-016735,1,30-03-2026,Insurance Cross-Sell
SYN-016735,2,10-04-2026,Insurance Cross-Sell
SYN-016735,3,20-04-2026,Insurance Cross-Sell
SYN-016735,4,30-04-2026,Insurance Cross-Sell
SYN-016735,5,10-05-2026,Insurance Cross-Sell
SYN-016735,6,20-05-2026,Insurance Cross-Sell
SYN-016735,7,30-05-2026,Insurance Cross-Sell
SYN-016735,8,10-06-2026,Insurance Cross-Sell
SYN-016735,9,20-06-2026,Insurance Cross-Sell
SYN-016735,10,30-06-2026,Insurance Cross-Sell
SYN-016735,11,10-07-2026,Insurance Cross-Sell
SYN-016735,12,20-07-2026,Insurance Cross-Sell
SYN-016735,13,30-07-2026,Bank Term Deposit
SYN-016735,14,10-08-2026,No Marketing Action (Consent Withheld)
SYN-016735,15,20-08-2026,No Marketing Action (Consent Withheld)
SYN-016735,16,30-08-2026,No Marketing Action (Consent Withheld)
SYN-016735,17,10-09-2026,No Marketing Action (Consent Withheld)
SYN-016735,18,20-09-2026,No Marketing Action (Consent Withheld)
SYN-017201,1,30-03-2026,Insurance Cross-Sell
SYN-017201,2,10-04-2026,Insurance Cross-Sell
SYN-017201,3,20-04-2026,Insurance Cross-Sell
SYN-017201,4,30-04-2026,Insurance Cross-Sell
SYN-017201,5,10-05-2026,Insurance Cross-Sell
SYN-017201,6,20-05-2026,Insurance Cross-Sell
SYN-017201,7,30-05-2026,Insurance Cross-Sell
SYN-017201,8,10-06-2026,Insurance Cross-Sell
SYN-017201,9,20-06-2026,Insurance Cross-Sell
SYN-017201,10,30-06-2026,Insurance Cross-Sell
SYN-017201,11,10-07-2026,Bank Term Deposit
SYN-017201,12,20-07-2026,Bank Term Deposit
SYN-017201,13,30-07-2026,Bank Term Deposit
SYN-017201,14,10-08-2026,Bank Term Deposit
SYN-017201,15,20-08-2026,Insurance Cross-Sell
SYN-017201,16,30-08-2026,Insurance Cross-Sell
SYN-017201,17,10-09-2026,Insurance Cross-Sell
SYN-017201,18,20-09-2026,Insurance Cross-Sell
SYN-015001,1,30-03-2026,Bank Term Deposit
SYN-015001,2,10-04-2026,Insurance Cross-Sell
SYN-015001,3,20-04-2026,Insurance Cross-Sell
SYN-015001,4,30-04-2026,Insurance Cross-Sell
SYN-015001,5,10-05-2026,Bank Term Deposit
SYN-015001,6,20-05-2026,Bank Term Deposit
SYN-015001,7,30-05-2026,Bank Term Deposit
SYN-015001,8,10-06-2026,Bank Term Deposit
SYN-015001,9,20-06-2026,Bank Term Deposit
SYN-015001,10,30-06-2026,Bank Term Deposit
SYN-015001,11,10-07-2026,Bank Term Deposit
SYN-015001,12,20-07-2026,Payment Reminder / Collections Resolution
SYN-015001,13,30-07-2026,Payment Reminder / Collections Resolution
SYN-015001,14,10-08-2026,Payment Reminder / Collections Resolution
SYN-015001,15,20-08-2026,Payment Reminder / Collections Resolution
SYN-015001,16,30-08-2026,Payment Reminder / Collections Resolution
SYN-015001,17,10-09-2026,Payment Reminder / Collections Resolution
SYN-015001,18,20-09-2026,Payment Reminder / Collections Resolution
SYN-039764,1,30-03-2026,Insurance Cross-Sell
SYN-039764,2,10-04-2026,Insurance Cross-Sell
SYN-039764,3,20-04-2026,Service Resolution
SYN-039764,4,30-04-2026,Service Resolution
SYN-039764,5,10-05-2026,Insurance Cross-Sell
SYN-039764,6,20-05-2026,Insurance Cross-Sell
SYN-039764,7,30-05-2026,Insurance Cross-Sell
SYN-039764,8,10-06-2026,Insurance Cross-Sell
SYN-039764,9,20-06-2026,Service Resolution
SYN-039764,10,30-06-2026,Insurance Cross-Sell
SYN-039764,11,10-07-2026,Service Intervention (Low NPS)
SYN-039764,12,20-07-2026,Insurance Cross-Sell
SYN-039764,13,30-07-2026,Insurance Cross-Sell
SYN-039764,14,10-08-2026,Insurance Cross-Sell
SYN-039764,15,20-08-2026,Bank Term Deposit
SYN-039764,16,30-08-2026,Bank Term Deposit
SYN-039764,17,10-09-2026,Bank Term Deposit
SYN-039764,18,20-09-2026,Bank Term Deposit
SYN-008397,1,30-03-2026,Bank Term Deposit
SYN-008397,2,10-04-2026,Bank Term Deposit
SYN-008397,3,20-04-2026,Bank Term Deposit
SYN-008397,4,30-04-2026,Bank Term Deposit
SYN-008397,5,10-05-2026,Bank Term Deposit
SYN-008397,6,20-05-2026,Bank Term Deposit
SYN-008397,7,30-05-2026,Bank Term Deposit
SYN-008397,8,10-06-2026,Bank Term Deposit
SYN-008397,9,20-06-2026,Bank Term Deposit
SYN-008397,10,30-06-2026,Bank Term Deposit
SYN-008397,11,10-07-2026,Bank Term Deposit
SYN-008397,12,20-07-2026,Bank Term Deposit
SYN-008397,13,30-07-2026,Bank Term Deposit
SYN-008397,14,10-08-2026,Bank Term Deposit
SYN-008397,15,20-08-2026,Bank Term Deposit
SYN-008397,16,30-08-2026,Bank Term Deposit
SYN-008397,17,10-09-2026,Bank Term Deposit
SYN-008397,18,20-09-2026,Bank Term Deposit
SYN-028400,1,30-03-2026,Insurance Cross-Sell
SYN-028400,2,10-04-2026,Bank Term Deposit
SYN-028400,3,20-04-2026,Bank Term Deposit
SYN-028400,4,30-04-2026,Bank Term Deposit
SYN-028400,5,10-05-2026,Bank Term Deposit
SYN-028400,6,20-05-2026,Bank Term Deposit
SYN-028400,7,30-05-2026,Bank Term Deposit
SYN-028400,8,10-06-2026,Service Resolution
SYN-028400,9,20-06-2026,Service Resolution
SYN-028400,10,30-06-2026,Service Resolution
SYN-028400,11,10-07-2026,Bank Term Deposit
SYN-028400,12,20-07-2026,Bank Term Deposit
SYN-028400,13,30-07-2026,Insurance Cross-Sell
SYN-028400,14,10-08-2026,Insurance Cross-Sell
SYN-028400,15,20-08-2026,Insurance Cross-Sell
SYN-028400,16,30-08-2026,Bank Term Deposit
SYN-028400,17,10-09-2026,Insurance Cross-Sell
SYN-028400,18,20-09-2026,Insurance Cross-Sell
SYN-025805,1,30-03-2026,Insurance Cross-Sell
SYN-025805,2,10-04-2026,Bank Term Deposit
SYN-025805,3,20-04-2026,Bank Term Deposit
SYN-025805,4,30-04-2026,Bank Term Deposit
SYN-025805,5,10-05-2026,Bank Term Deposit
SYN-025805,6,20-05-2026,Bank Term Deposit
SYN-025805,7,30-05-2026,Bank Term Deposit
SYN-025805,8,10-06-2026,Bank Term Deposit
SYN-025805,9,20-06-2026,Bank Term Deposit
SYN-025805,10,30-06-2026,Bank Term Deposit
SYN-025805,11,10-07-2026,Service Resolution
SYN-025805,12,20-07-2026,Insurance Cross-Sell
SYN-025805,13,30-07-2026,Insurance Cross-Sell
SYN-025805,14,10-08-2026,Insurance Cross-Sell
SYN-025805,15,20-08-2026,Insurance Cross-Sell
SYN-025805,16,30-08-2026,Insurance Cross-Sell
SYN-025805,17,10-09-2026,Insurance Cross-Sell
SYN-025805,18,20-09-2026,Insurance Cross-Sell
SYN-034276,1,30-03-2026,Insurance Cross-Sell
SYN-034276,2,10-04-2026,Retention Action
SYN-034276,3,20-04-2026,Retention Action
SYN-034276,4,30-04-2026,Retention Action
SYN-034276,5,10-05-2026,Bank Term Deposit
SYN-034276,6,20-05-2026,Bank Term Deposit
SYN-034276,7,30-05-2026,No Marketing Action (Consent Withheld)
SYN-034276,8,10-06-2026,No Marketing Action (Consent Withheld)
SYN-034276,9,20-06-2026,No Marketing Action (Consent Withheld)
SYN-034276,10,30-06-2026,No Marketing Action (Consent Withheld)
SYN-034276,11,10-07-2026,No Marketing Action (Consent Withheld)
SYN-034276,12,20-07-2026,No Marketing Action (Consent Withheld)
SYN-034276,13,30-07-2026,No Marketing Action (Consent Withheld)
SYN-034276,14,10-08-2026,No Marketing Action (Consent Withheld)
SYN-034276,15,20-08-2026,No Marketing Action (Consent Withheld)
SYN-034276,16,30-08-2026,No Marketing Action (Consent Withheld)
SYN-034276,17,10-09-2026,No Marketing Action (Consent Withheld)
SYN-034276,18,20-09-2026,No Marketing Action (Consent Withheld)
SYN-002535,1,30-03-2026,Bank Term Deposit
SYN-002535,2,10-04-2026,Bank Term Deposit
SYN-002535,3,20-04-2026,Bank Term Deposit
SYN-002535,4,30-04-2026,Bank Term Deposit
SYN-002535,5,10-05-2026,Bank Term Deposit
SYN-002535,6,20-05-2026,Retention Action
SYN-002535,7,30-05-2026,Bank Term Deposit
SYN-002535,8,10-06-2026,Insurance Cross-Sell
SYN-002535,9,20-06-2026,Bank Term Deposit
SYN-002535,10,30-06-2026,Bank Term Deposit
SYN-002535,11,10-07-2026,Bank Term Deposit
SYN-002535,12,20-07-2026,Bank Term Deposit
SYN-002535,13,30-07-2026,Bank Term Deposit
SYN-002535,14,10-08-2026,Bank Term Deposit
SYN-002535,15,20-08-2026,Service Intervention (Low NPS)
SYN-002535,16,30-08-2026,Service Intervention (Low NPS)
SYN-002535,17,10-09-2026,Bank Term Deposit
SYN-002535,18,20-09-2026,Bank Term Deposit
SYN-013971,1,30-03-2026,Insurance Cross-Sell
SYN-013971,2,10-04-2026,Insurance Cross-Sell
SYN-013971,3,20-04-2026,Payment Reminder / Collections Resolution
SYN-013971,4,30-04-2026,Payment Reminder / Collections Resolution
SYN-013971,5,10-05-2026,Payment Reminder / Collections Resolution
SYN-013971,6,20-05-2026,Insurance Cross-Sell
SYN-013971,7,30-05-2026,Insurance Cross-Sell
SYN-013971,8,10-06-2026,Insurance Cross-Sell
SYN-013971,9,20-06-2026,Insurance Cross-Sell
SYN-013971,10,30-06-2026,Insurance Cross-Sell
SYN-013971,11,10-07-2026,Insurance Cross-Sell
SYN-013971,12,20-07-2026,Insurance Cross-Sell
SYN-013971,13,30-07-2026,No Marketing Action (Consent Withheld)
SYN-013971,14,10-08-2026,No Marketing Action (Consent Withheld)
SYN-013971,15,20-08-2026,No Marketing Action (Consent Withheld)
SYN-013971,16,30-08-2026,No Marketing Action (Consent Withheld)
SYN-013971,17,10-09-2026,No Marketing Action (Consent Withheld)
SYN-013971,18,20-09-2026,No Marketing Action (Consent Withheld)
SYN-037168,1,30-03-2026,Bank Term Deposit
SYN-037168,2,10-04-2026,Bank Term Deposit
SYN-037168,3,20-04-2026,Bank Term Deposit
SYN-037168,4,30-04-2026,Bank Term Deposit
SYN-037168,5,10-05-2026,Bank Term Deposit
SYN-037168,6,20-05-2026,Bank Term Deposit
SYN-037168,7,30-05-2026,Bank Term Deposit
SYN-037168,8,10-06-2026,Bank Term Deposit
SYN-037168,9,20-06-2026,Bank Term Deposit
SYN-037168,10,30-06-2026,Bank Term Deposit
SYN-037168,11,10-07-2026,Bank Term Deposit
SYN-037168,12,20-07-2026,Bank Term Deposit
SYN-037168,13,30-07-2026,Bank Term Deposit
SYN-037168,14,10-08-2026,Bank Term Deposit
SYN-037168,15,20-08-2026,Insurance Cross-Sell
SYN-037168,16,30-08-2026,Insurance Cross-Sell
SYN-037168,17,10-09-2026,Insurance Cross-Sell
SYN-037168,18,20-09-2026,Insurance Cross-Sell
SYN-009229,1,30-03-2026,Insurance Cross-Sell
SYN-009229,2,10-04-2026,Bank Term Deposit
SYN-009229,3,20-04-2026,Bank Term Deposit
SYN-009229,4,30-04-2026,Bank Term Deposit
SYN-009229,5,10-05-2026,Bank Term Deposit
SYN-009229,6,20-05-2026,Bank Term Deposit
SYN-009229,7,30-05-2026,Bank Term Deposit
SYN-009229,8,10-06-2026,Bank Term Deposit
SYN-009229,9,20-06-2026,Bank Term Deposit
SYN-009229,10,30-06-2026,Bank Term Deposit
SYN-009229,11,10-07-2026,Insurance Cross-Sell
SYN-009229,12,20-07-2026,Insurance Cross-Sell
SYN-009229,13,30-07-2026,Insurance Cross-Sell
SYN-009229,14,10-08-2026,Insurance Cross-Sell
SYN-009229,15,20-08-2026,Insurance Cross-Sell
SYN-009229,16,30-08-2026,Insurance Cross-Sell
SYN-009229,17,10-09-2026,Insurance Cross-Sell
SYN-009229,18,20-09-2026,Insurance Cross-Sell
SYN-012065,1,30-03-2026,Bank Term Deposit
SYN-012065,2,10-04-2026,Insurance Cross-Sell
SYN-012065,3,20-04-2026,Bank Term Deposit
SYN-012065,4,30-04-2026,Bank Term Deposit
SYN-012065,5,10-05-2026,Bank Term Deposit
SYN-012065,6,20-05-2026,Bank Term Deposit
SYN-012065,7,30-05-2026,Bank Term Deposit
SYN-012065,8,10-06-2026,Bank Term Deposit
SYN-012065,9,20-06-2026,Bank Term Deposit
SYN-012065,10,30-06-2026,Bank Term Deposit
SYN-012065,11,10-07-2026,Bank Term Deposit
SYN-012065,12,20-07-2026,Bank Term Deposit
SYN-012065,13,30-07-2026,Retention Action
SYN-012065,14,10-08-2026,Retention Action
SYN-012065,15,20-08-2026,Bank Term Deposit
SYN-012065,16,30-08-2026,Bank Term Deposit
SYN-012065,17,10-09-2026,Bank Term Deposit
SYN-012065,18,20-09-2026,Bank Term Deposit
SYN-001128,1,30-03-2026,Bank Term Deposit
SYN-001128,2,10-04-2026,Bank Term Deposit
SYN-001128,3,20-04-2026,Insurance Cross-Sell
SYN-001128,4,30-04-2026,Insurance Cross-Sell
SYN-001128,5,10-05-2026,Insurance Cross-Sell
SYN-001128,6,20-05-2026,Insurance Cross-Sell
SYN-001128,7,30-05-2026,Insurance Cross-Sell
SYN-001128,8,10-06-2026,Payment Reminder / Collections Resolution
SYN-001128,9,20-06-2026,Insurance Cross-Sell
SYN-001128,10,30-06-2026,Insurance Cross-Sell
SYN-001128,11,10-07-2026,Insurance Cross-Sell
SYN-001128,12,20-07-2026,Insurance Cross-Sell
SYN-001128,13,30-07-2026,Insurance Cross-Sell
SYN-001128,14,10-08-2026,Insurance Cross-Sell
SYN-001128,15,20-08-2026,Insurance Cross-Sell
SYN-001128,16,30-08-2026,Insurance Cross-Sell
SYN-001128,17,10-09-2026,Insurance Cross-Sell
SYN-001128,18,20-09-2026,Insurance Cross-Sell
SYN-029350,1,30-03-2026,Bank Term Deposit
SYN-029350,2,10-04-2026,Bank Term Deposit
SYN-029350,3,20-04-2026,Bank Term Deposit
SYN-029350,4,30-04-2026,Bank Term Deposit
SYN-029350,5,10-05-2026,Bank Term Deposit
SYN-029350,6,20-05-2026,Bank Term Deposit
SYN-029350,7,30-05-2026,Bank Term Deposit
SYN-029350,8,10-06-2026,Bank Term Deposit
SYN-029350,9,20-06-2026,Bank Term Deposit
SYN-029350,10,30-06-2026,Bank Term Deposit
SYN-029350,11,10-07-2026,Bank Term Deposit
SYN-029350,12,20-07-2026,Bank Term Deposit
SYN-029350,13,30-07-2026,Bank Term Deposit
SYN-029350,14,10-08-2026,Bank Term Deposit
SYN-029350,15,20-08-2026,Bank Term Deposit
SYN-029350,16,30-08-2026,Bank Term Deposit
SYN-029350,17,10-09-2026,Bank Term Deposit
SYN-029350,18,20-09-2026,Bank Term Deposit
SYN-039472,1,30-03-2026,Bank Term Deposit
SYN-039472,2,10-04-2026,Bank Term Deposit
SYN-039472,3,20-04-2026,Bank Term Deposit
SYN-039472,4,30-04-2026,Bank Term Deposit
SYN-039472,5,10-05-2026,Bank Term Deposit
SYN-039472,6,20-05-2026,Bank Term Deposit
SYN-039472,7,30-05-2026,Bank Term Deposit
SYN-039472,8,10-06-2026,Insurance Cross-Sell
SYN-039472,9,20-06-2026,Insurance Cross-Sell
SYN-039472,10,30-06-2026,Insurance Cross-Sell
SYN-039472,11,10-07-2026,Insurance Cross-Sell
SYN-039472,12,20-07-2026,Insurance Cross-Sell
SYN-039472,13,30-07-2026,Insurance Cross-Sell
SYN-039472,14,10-08-2026,Service Intervention (Low NPS)
SYN-039472,15,20-08-2026,Service Intervention (Low NPS)
SYN-039472,16,30-08-2026,Service Intervention (Low NPS)
SYN-039472,17,10-09-2026,Insurance Cross-Sell
SYN-039472,18,20-09-2026,Insurance Cross-Sell
SYN-023115,1,30-03-2026,Insurance Cross-Sell
SYN-023115,2,10-04-2026,Insurance Cross-Sell
SYN-023115,3,20-04-2026,Insurance Cross-Sell
SYN-023115,4,30-04-2026,Insurance Cross-Sell
SYN-023115,5,10-05-2026,Payment Reminder / Collections Resolution
SYN-023115,6,20-05-2026,Insurance Cross-Sell
SYN-023115,7,30-05-2026,Insurance Cross-Sell
SYN-023115,8,10-06-2026,Insurance Cross-Sell
SYN-023115,9,20-06-2026,Insurance Cross-Sell
SYN-023115,10,30-06-2026,Insurance Cross-Sell
SYN-023115,11,10-07-2026,Insurance Cross-Sell
SYN-023115,12,20-07-2026,Insurance Cross-Sell
SYN-023115,13,30-07-2026,Insurance Cross-Sell
SYN-023115,14,10-08-2026,Insurance Cross-Sell
SYN-023115,15,20-08-2026,Insurance Cross-Sell
SYN-023115,16,30-08-2026,Insurance Cross-Sell
SYN-023115,17,10-09-2026,Insurance Cross-Sell
SYN-023115,18,20-09-2026,Insurance Cross-Sell
SYN-007006,1,30-03-2026,Insurance Cross-Sell
SYN-007006,2,10-04-2026,Insurance Cross-Sell
SYN-007006,3,20-04-2026,Insurance Cross-Sell
SYN-007006,4,30-04-2026,Insurance Cross-Sell
SYN-007006,5,10-05-2026,Insurance Cross-Sell
SYN-007006,6,20-05-2026,Insurance Cross-Sell
SYN-007006,7,30-05-2026,Insurance Cross-Sell
SYN-007006,8,10-06-2026,Insurance Cross-Sell
SYN-007006,9,20-06-2026,No Marketing Action (Consent Withheld)
SYN-007006,10,30-06-2026,No Marketing Action (Consent Withheld)
SYN-007006,11,10-07-2026,No Marketing Action (Consent Withheld)
SYN-007006,12,20-07-2026,No Marketing Action (Consent Withheld)
SYN-007006,13,30-07-2026,No Marketing Action (Consent Withheld)
SYN-007006,14,10-08-2026,No Marketing Action (Consent Withheld)
SYN-007006,15,20-08-2026,No Marketing Action (Consent Withheld)
SYN-007006,16,30-08-2026,No Marketing Action (Consent Withheld)
SYN-007006,17,10-09-2026,No Marketing Action (Consent Withheld)
SYN-007006,18,20-09-2026,No Marketing Action (Consent Withheld)
SYN-012377,1,30-03-2026,Insurance Cross-Sell
SYN-012377,2,10-04-2026,Insurance Cross-Sell
SYN-012377,3,20-04-2026,Insurance Cross-Sell
SYN-012377,4,30-04-2026,Insurance Cross-Sell
SYN-012377,5,10-05-2026,Bank Term Deposit
SYN-012377,6,20-05-2026,Bank Term Deposit
SYN-012377,7,30-05-2026,Bank Term Deposit
SYN-012377,8,10-06-2026,Bank Term Deposit
SYN-012377,9,20-06-2026,Bank Term Deposit
SYN-012377,10,30-06-2026,Bank Term Deposit
SYN-012377,11,10-07-2026,Complete KYC
SYN-012377,12,20-07-2026,Complete KYC
SYN-012377,13,30-07-2026,Complete KYC
SYN-012377,14,10-08-2026,Complete KYC
SYN-012377,15,20-08-2026,Complete KYC
SYN-012377,16,30-08-2026,Complete KYC
SYN-012377,17,10-09-2026,Complete KYC
SYN-012377,18,20-09-2026,Complete KYC
SYN-006718,1,30-03-2026,Insurance Cross-Sell
SYN-006718,2,10-04-2026,Insurance Cross-Sell
SYN-006718,3,20-04-2026,Insurance Cross-Sell
SYN-006718,4,30-04-2026,Insurance Cross-Sell
SYN-006718,5,10-05-2026,Insurance Cross-Sell
SYN-006718,6,20-05-2026,Insurance Cross-Sell
SYN-006718,7,30-05-2026,Insurance Cross-Sell
SYN-006718,8,10-06-2026,Insurance Cross-Sell
SYN-006718,9,20-06-2026,Insurance Cross-Sell
SYN-006718,10,30-06-2026,Insurance Cross-Sell
SYN-006718,11,10-07-2026,Insurance Cross-Sell
SYN-006718,12,20-07-2026,Insurance Cross-Sell
SYN-006718,13,30-07-2026,Insurance Cross-Sell
SYN-006718,14,10-08-2026,Insurance Cross-Sell
SYN-006718,15,20-08-2026,Insurance Cross-Sell
SYN-006718,16,30-08-2026,Insurance Cross-Sell
SYN-006718,17,10-09-2026,Retention Action
SYN-006718,18,20-09-2026,Retention Action
SYN-004659,1,30-03-2026,No Marketing Action (Consent Withheld)
SYN-004659,2,10-04-2026,No Marketing Action (Consent Withheld)
SYN-004659,3,20-04-2026,No Marketing Action (Consent Withheld)
SYN-004659,4,30-04-2026,No Marketing Action (Consent Withheld)
SYN-004659,5,10-05-2026,No Marketing Action (Consent Withheld)
SYN-004659,6,20-05-2026,No Marketing Action (Consent Withheld)
SYN-004659,7,30-05-2026,No Marketing Action (Consent Withheld)
SYN-004659,8,10-06-2026,No Marketing Action (Consent Withheld)
SYN-004659,9,20-06-2026,No Marketing Action (Consent Withheld)
SYN-004659,10,30-06-2026,No Marketing Action (Consent Withheld)
SYN-004659,11,10-07-2026,No Marketing Action (Consent Withheld)
SYN-004659,12,20-07-2026,No Marketing Action (Consent Withheld)
SYN-004659,13,30-07-2026,No Marketing Action (Consent Withheld)
SYN-004659,14,10-08-2026,No Marketing Action (Consent Withheld)
SYN-004659,15,20-08-2026,No Marketing Action (Consent Withheld)
SYN-004659,16,30-08-2026,No Marketing Action (Consent Withheld)
SYN-004659,17,10-09-2026,No Marketing Action (Consent Withheld)
SYN-004659,18,20-09-2026,No Marketing Action (Consent Withheld)
SYN-005791,1,30-03-2026,Insurance Cross-Sell
SYN-005791,2,10-04-2026,Insurance Cross-Sell
SYN-005791,3,20-04-2026,Bank Term Deposit
SYN-005791,4,30-04-2026,Bank Term Deposit
SYN-005791,5,10-05-2026,Bank Term Deposit
SYN-005791,6,20-05-2026,Bank Term Deposit
SYN-005791,7,30-05-2026,Bank Term Deposit
SYN-005791,8,10-06-2026,Bank Term Deposit
SYN-005791,9,20-06-2026,Bank Term Deposit
SYN-005791,10,30-06-2026,Bank Term Deposit
SYN-005791,11,10-07-2026,Bank Term Deposit
SYN-005791,12,20-07-2026,Bank Term Deposit
SYN-005791,13,30-07-2026,Bank Term Deposit
SYN-005791,14,10-08-2026,Bank Term Deposit
SYN-005791,15,20-08-2026,Bank Term Deposit
SYN-005791,16,30-08-2026,Bank Term Deposit
SYN-005791,17,10-09-2026,Bank Term Deposit
SYN-005791,18,20-09-2026,Bank Term Deposit
SYN-003331,1,30-03-2026,Insurance Cross-Sell
SYN-003331,2,10-04-2026,Insurance Cross-Sell
SYN-003331,3,20-04-2026,Insurance Cross-Sell
SYN-003331,4,30-04-2026,Retention Action
SYN-003331,5,10-05-2026,Retention Action
SYN-003331,6,20-05-2026,Retention Action
SYN-003331,7,30-05-2026,Insurance Cross-Sell
SYN-003331,8,10-06-2026,Insurance Cross-Sell
SYN-003331,9,20-06-2026,Insurance Cross-Sell
SYN-003331,10,30-06-2026,Insurance Cross-Sell
SYN-003331,11,10-07-2026,Insurance Cross-Sell
SYN-003331,12,20-07-2026,Insurance Cross-Sell
SYN-003331,13,30-07-2026,Insurance Cross-Sell
SYN-003331,14,10-08-2026,Insurance Cross-Sell
SYN-003331,15,20-08-2026,Insurance Cross-Sell
SYN-003331,16,30-08-2026,Service Intervention (Low NPS)
SYN-003331,17,10-09-2026,Service Intervention (Low NPS)
SYN-003331,18,20-09-2026,Service Intervention (Low NPS)
SYN-044287,1,30-03-2026,Insurance Cross-Sell
SYN-044287,2,10-04-2026,Insurance Cross-Sell
SYN-044287,3,20-04-2026,Insurance Cross-Sell
SYN-044287,4,30-04-2026,Insurance Cross-Sell
SYN-044287,5,10-05-2026,Insurance Cross-Sell
SYN-044287,6,20-05-2026,Insurance Cross-Sell
SYN-044287,7,30-05-2026,Insurance Cross-Sell
SYN-044287,8,10-06-2026,Insurance Cross-Sell
SYN-044287,9,20-06-2026,Bank Term Deposit
SYN-044287,10,30-06-2026,Bank Term Deposit
SYN-044287,11,10-07-2026,Bank Term Deposit
SYN-044287,12,20-07-2026,Bank Term Deposit
SYN-044287,13,30-07-2026,Bank Term Deposit
SYN-044287,14,10-08-2026,Bank Term Deposit
SYN-044287,15,20-08-2026,Bank Term Deposit
SYN-044287,16,30-08-2026,Service Intervention (Low NPS)
SYN-044287,17,10-09-2026,Bank Term Deposit
SYN-044287,18,20-09-2026,Bank Term Deposit
SYN-042271,1,30-03-2026,Bank Term Deposit
SYN-042271,2,10-04-2026,Bank Term Deposit
SYN-042271,3,20-04-2026,Bank Term Deposit
SYN-042271,4,30-04-2026,Bank Term Deposit
SYN-042271,5,10-05-2026,Bank Term Deposit
SYN-042271,6,20-05-2026,Bank Term Deposit
SYN-042271,7,30-05-2026,Bank Term Deposit
SYN-042271,8,10-06-2026,Service Intervention (Low NPS)
SYN-042271,9,20-06-2026,Service Intervention (Low NPS)
SYN-042271,10,30-06-2026,Insurance Cross-Sell
SYN-042271,11,10-07-2026,Insurance Cross-Sell
SYN-042271,12,20-07-2026,Insurance Cross-Sell
SYN-042271,13,30-07-2026,Insurance Cross-Sell
SYN-042271,14,10-08-2026,Insurance Cross-Sell
SYN-042271,15,20-08-2026,Bank Term Deposit
SYN-042271,16,30-08-2026,Insurance Cross-Sell
SYN-042271,17,10-09-2026,Insurance Cross-Sell
SYN-042271,18,20-09-2026,Insurance Cross-Sell
SYN-037480,1,30-03-2026,Insurance Cross-Sell
SYN-037480,2,10-04-2026,Insurance Cross-Sell
SYN-037480,3,20-04-2026,Insurance Cross-Sell
SYN-037480,4,30-04-2026,Insurance Cross-Sell
SYN-037480,5,10-05-2026,Insurance Cross-Sell
SYN-037480,6,20-05-2026,Insurance Cross-Sell
SYN-037480,7,30-05-2026,Insurance Cross-Sell
SYN-037480,8,10-06-2026,Insurance Cross-Sell
SYN-037480,9,20-06-2026,Payment Reminder / Collections Resolution
SYN-037480,10,30-06-2026,Payment Reminder / Collections Resolution
SYN-037480,11,10-07-2026,Insurance Cross-Sell
SYN-037480,12,20-07-2026,Insurance Cross-Sell
SYN-037480,13,30-07-2026,Insurance Cross-Sell
SYN-037480,14,10-08-2026,Insurance Cross-Sell
SYN-037480,15,20-08-2026,Insurance Cross-Sell
SYN-037480,16,30-08-2026,Insurance Cross-Sell
SYN-037480,17,10-09-2026,Insurance Cross-Sell
SYN-037480,18,20-09-2026,Insurance Cross-Sell
SYN-004256,1,30-03-2026,Insurance Cross-Sell
SYN-004256,2,10-04-2026,Service Resolution
SYN-004256,3,20-04-2026,Insurance Cross-Sell
SYN-004256,4,30-04-2026,Service Intervention (Low NPS)
SYN-004256,5,10-05-2026,Insurance Cross-Sell
SYN-004256,6,20-05-2026,Insurance Cross-Sell
SYN-004256,7,30-05-2026,Payment Reminder / Collections Resolution
SYN-004256,8,10-06-2026,Payment Reminder / Collections Resolution
SYN-004256,9,20-06-2026,Insurance Cross-Sell
SYN-004256,10,30-06-2026,Insurance Cross-Sell
SYN-004256,11,10-07-2026,Insurance Cross-Sell
SYN-004256,12,20-07-2026,Complete KYC
SYN-004256,13,30-07-2026,Complete KYC
SYN-004256,14,10-08-2026,Complete KYC
SYN-004256,15,20-08-2026,Complete KYC
SYN-004256,16,30-08-2026,Complete KYC
SYN-004256,17,10-09-2026,Complete KYC
SYN-004256,18,20-09-2026,Complete KYC
SYN-007648,1,30-03-2026,Insurance Cross-Sell
SYN-007648,2,10-04-2026,Insurance Cross-Sell
SYN-007648,3,20-04-2026,Insurance Cross-Sell
SYN-007648,4,30-04-2026,Insurance Cross-Sell
SYN-007648,5,10-05-2026,Insurance Cross-Sell
SYN-007648,6,20-05-2026,Insurance Cross-Sell
SYN-007648,7,30-05-2026,Insurance Cross-Sell
SYN-007648,8,10-06-2026,Insurance Cross-Sell
SYN-007648,9,20-06-2026,Insurance Cross-Sell
SYN-007648,10,30-06-2026,Insurance Cross-Sell
SYN-007648,11,10-07-2026,Service Intervention (Low NPS)
SYN-007648,12,20-07-2026,Bank Term Deposit
SYN-007648,13,30-07-2026,Bank Term Deposit
SYN-007648,14,10-08-2026,Bank Term Deposit
SYN-007648,15,20-08-2026,Bank Term Deposit
SYN-007648,16,30-08-2026,Insurance Cross-Sell
SYN-007648,17,10-09-2026,Insurance Cross-Sell
SYN-007648,18,20-09-2026,Insurance Cross-Sell
SYN-039810,1,30-03-2026,Insurance Cross-Sell
SYN-039810,2,10-04-2026,Bank Term Deposit
SYN-039810,3,20-04-2026,Bank Term Deposit
SYN-039810,4,30-04-2026,Bank Term Deposit
SYN-039810,5,10-05-2026,Insurance Cross-Sell
SYN-039810,6,20-05-2026,Insurance Cross-Sell
SYN-039810,7,30-05-2026,Insurance Cross-Sell
SYN-039810,8,10-06-2026,Bank Term Deposit
SYN-039810,9,20-06-2026,Bank Term Deposit
SYN-039810,10,30-06-2026,Bank Term Deposit
SYN-039810,11,10-07-2026,Insurance Cross-Sell
SYN-039810,12,20-07-2026,Insurance Cross-Sell
SYN-039810,13,30-07-2026,Payment Reminder / Collections Resolution
SYN-039810,14,10-08-2026,Payment Reminder / Collections Resolution
SYN-039810,15,20-08-2026,Insurance Cross-Sell
SYN-039810,16,30-08-2026,Insurance Cross-Sell
SYN-039810,17,10-09-2026,Insurance Cross-Sell
SYN-039810,18,20-09-2026,Insurance Cross-Sell
SYN-015829,1,30-03-2026,Insurance Cross-Sell
SYN-015829,2,10-04-2026,Insurance Cross-Sell
SYN-015829,3,20-04-2026,Insurance Cross-Sell
SYN-015829,4,30-04-2026,Insurance Cross-Sell
SYN-015829,5,10-05-2026,Insurance Cross-Sell
SYN-015829,6,20-05-2026,Bank Term Deposit
SYN-015829,7,30-05-2026,Bank Term Deposit
SYN-015829,8,10-06-2026,Bank Term Deposit
SYN-015829,9,20-06-2026,Insurance Cross-Sell
SYN-015829,10,30-06-2026,Insurance Cross-Sell
SYN-015829,11,10-07-2026,Insurance Cross-Sell
SYN-015829,12,20-07-2026,Insurance Cross-Sell
SYN-015829,13,30-07-2026,Insurance Cross-Sell
SYN-015829,14,10-08-2026,Insurance Cross-Sell
SYN-015829,15,20-08-2026,Bank Term Deposit
SYN-015829,16,30-08-2026,Bank Term Deposit
SYN-015829,17,10-09-2026,Bank Term Deposit
SYN-015829,18,20-09-2026,Bank Term Deposit
SYN-029412,1,30-03-2026,Insurance Cross-Sell
SYN-029412,2,10-04-2026,Insurance Cross-Sell
SYN-029412,3,20-04-2026,Insurance Cross-Sell
SYN-029412,4,30-04-2026,Insurance Cross-Sell
SYN-029412,5,10-05-2026,Insurance Cross-Sell
SYN-029412,6,20-05-2026,Insurance Cross-Sell
SYN-029412,7,30-05-2026,Insurance Cross-Sell
SYN-029412,8,10-06-2026,Insurance Cross-Sell
SYN-029412,9,20-06-2026,Insurance Cross-Sell
SYN-029412,10,30-06-2026,Insurance Cross-Sell
SYN-029412,11,10-07-2026,Insurance Cross-Sell
SYN-029412,12,20-07-2026,Insurance Cross-Sell
SYN-029412,13,30-07-2026,Bank Term Deposit
SYN-029412,14,10-08-2026,Insurance Cross-Sell
SYN-029412,15,20-08-2026,Insurance Cross-Sell
SYN-029412,16,30-08-2026,Insurance Cross-Sell
SYN-029412,17,10-09-2026,Payment Reminder / Collections Resolution
SYN-029412,18,20-09-2026,Payment Reminder / Collections Resolution
SYN-010457,1,30-03-2026,Insurance Cross-Sell
SYN-010457,2,10-04-2026,Insurance Cross-Sell
SYN-010457,3,20-04-2026,Insurance Cross-Sell
SYN-010457,4,30-04-2026,Service Resolution
SYN-010457,5,10-05-2026,Insurance Cross-Sell
SYN-010457,6,20-05-2026,Insurance Cross-Sell
SYN-010457,7,30-05-2026,Service Resolution
SYN-010457,8,10-06-2026,Service Resolution
SYN-010457,9,20-06-2026,Service Resolution
SYN-010457,10,30-06-2026,Insurance Cross-Sell
SYN-010457,11,10-07-2026,Insurance Cross-Sell
SYN-010457,12,20-07-2026,Insurance Cross-Sell
SYN-010457,13,30-07-2026,Bank Term Deposit
SYN-010457,14,10-08-2026,Bank Term Deposit
SYN-010457,15,20-08-2026,Bank Term Deposit
SYN-010457,16,30-08-2026,Bank Term Deposit
SYN-010457,17,10-09-2026,Compliance Hold - No Sales Offer
SYN-010457,18,20-09-2026,Compliance Hold - No Sales Offer
SYN-027754,1,30-03-2026,Service Resolution
SYN-027754,2,10-04-2026,Bank Term Deposit
SYN-027754,3,20-04-2026,Bank Term Deposit
SYN-027754,4,30-04-2026,Payment Reminder / Collections Resolution
SYN-027754,5,10-05-2026,Payment Reminder / Collections Resolution
SYN-027754,6,20-05-2026,Bank Term Deposit
SYN-027754,7,30-05-2026,Bank Term Deposit
SYN-027754,8,10-06-2026,Bank Term Deposit
SYN-027754,9,20-06-2026,Payment Reminder / Collections Resolution
SYN-027754,10,30-06-2026,Bank Term Deposit
SYN-027754,11,10-07-2026,Bank Term Deposit
SYN-027754,12,20-07-2026,Complete KYC
SYN-027754,13,30-07-2026,Complete KYC
SYN-027754,14,10-08-2026,Complete KYC
SYN-027754,15,20-08-2026,Complete KYC
SYN-027754,16,30-08-2026,Complete KYC
SYN-027754,17,10-09-2026,Complete KYC
SYN-027754,18,20-09-2026,Complete KYC
SYN-004571,1,30-03-2026,Bank Term Deposit
SYN-004571,2,10-04-2026,Bank Term Deposit
SYN-004571,3,20-04-2026,Bank Term Deposit
SYN-004571,4,30-04-2026,Bank Term Deposit
SYN-004571,5,10-05-2026,Bank Term Deposit
SYN-004571,6,20-05-2026,Bank Term Deposit
SYN-004571,7,30-05-2026,Bank Term Deposit
SYN-004571,8,10-06-2026,Bank Term Deposit
SYN-004571,9,20-06-2026,Bank Term Deposit
SYN-004571,10,30-06-2026,Bank Term Deposit
SYN-004571,11,10-07-2026,Bank Term Deposit
SYN-004571,12,20-07-2026,Insurance Cross-Sell
SYN-004571,13,30-07-2026,Insurance Cross-Sell
SYN-004571,14,10-08-2026,Bank Term Deposit
SYN-004571,15,20-08-2026,Insurance Cross-Sell
SYN-004571,16,30-08-2026,Insurance Cross-Sell
SYN-004571,17,10-09-2026,Insurance Cross-Sell
SYN-004571,18,20-09-2026,Insurance Cross-Sell
SYN-020574,1,30-03-2026,Retention Action
SYN-020574,2,10-04-2026,Retention Action
SYN-020574,3,20-04-2026,Bank Term Deposit
SYN-020574,4,30-04-2026,Bank Term Deposit
SYN-020574,5,10-05-2026,Bank Term Deposit
SYN-020574,6,20-05-2026,Bank Term Deposit
SYN-020574,7,30-05-2026,Bank Term Deposit
SYN-020574,8,10-06-2026,Bank Term Deposit
SYN-020574,9,20-06-2026,Bank Term Deposit
SYN-020574,10,30-06-2026,Insurance Cross-Sell
SYN-020574,11,10-07-2026,Insurance Cross-Sell
SYN-020574,12,20-07-2026,Insurance Cross-Sell
SYN-020574,13,30-07-2026,Insurance Cross-Sell
SYN-020574,14,10-08-2026,Bank Term Deposit
SYN-020574,15,20-08-2026,Bank Term Deposit
SYN-020574,16,30-08-2026,Bank Term Deposit
SYN-020574,17,10-09-2026,Insurance Cross-Sell
SYN-020574,18,20-09-2026,Insurance Cross-Sell
SYN-002354,1,30-03-2026,Bank Term Deposit
SYN-002354,2,10-04-2026,Bank Term Deposit
SYN-002354,3,20-04-2026,Bank Term Deposit
SYN-002354,4,30-04-2026,Bank Term Deposit
SYN-002354,5,10-05-2026,Retention Action
SYN-002354,6,20-05-2026,Retention Action
SYN-002354,7,30-05-2026,Bank Term Deposit
SYN-002354,8,10-06-2026,Insurance Cross-Sell
SYN-002354,9,20-06-2026,Bank Term Deposit
SYN-002354,10,30-06-2026,Bank Term Deposit
SYN-002354,11,10-07-2026,Bank Term Deposit
SYN-002354,12,20-07-2026,Bank Term Deposit
SYN-002354,13,30-07-2026,Insurance Cross-Sell
SYN-002354,14,10-08-2026,Insurance Cross-Sell
SYN-002354,15,20-08-2026,Insurance Cross-Sell
SYN-002354,16,30-08-2026,Retention Action
SYN-002354,17,10-09-2026,Retention Action
SYN-002354,18,20-09-2026,Retention Action
SYN-023629,1,30-03-2026,Insurance Cross-Sell
SYN-023629,2,10-04-2026,Insurance Cross-Sell
SYN-023629,3,20-04-2026,Insurance Cross-Sell
SYN-023629,4,30-04-2026,Insurance Cross-Sell
SYN-023629,5,10-05-2026,Insurance Cross-Sell
SYN-023629,6,20-05-2026,Insurance Cross-Sell
SYN-023629,7,30-05-2026,Insurance Cross-Sell
SYN-023629,8,10-06-2026,Insurance Cross-Sell
SYN-023629,9,20-06-2026,Insurance Cross-Sell
SYN-023629,10,30-06-2026,Insurance Cross-Sell
SYN-023629,11,10-07-2026,Insurance Cross-Sell
SYN-023629,12,20-07-2026,Insurance Cross-Sell
SYN-023629,13,30-07-2026,Payment Reminder / Collections Resolution
SYN-023629,14,10-08-2026,Payment Reminder / Collections Resolution
SYN-023629,15,20-08-2026,Payment Reminder / Collections Resolution
SYN-023629,16,30-08-2026,Payment Reminder / Collections Resolution
SYN-023629,17,10-09-2026,Payment Reminder / Collections Resolution
SYN-023629,18,20-09-2026,Payment Reminder / Collections Resolution
SYN-025803,1,30-03-2026,Insurance Cross-Sell
SYN-025803,2,10-04-2026,Insurance Cross-Sell
SYN-025803,3,20-04-2026,Insurance Cross-Sell
SYN-025803,4,30-04-2026,Insurance Cross-Sell
SYN-025803,5,10-05-2026,Bank Term Deposit
SYN-025803,6,20-05-2026,Bank Term Deposit
SYN-025803,7,30-05-2026,Insurance Cross-Sell
SYN-025803,8,10-06-2026,Insurance Cross-Sell
SYN-025803,9,20-06-2026,Insurance Cross-Sell
SYN-025803,10,30-06-2026,Insurance Cross-Sell
SYN-025803,11,10-07-2026,Bank Term Deposit
SYN-025803,12,20-07-2026,Bank Term Deposit
SYN-025803,13,30-07-2026,Bank Term Deposit
SYN-025803,14,10-08-2026,Bank Term Deposit
SYN-025803,15,20-08-2026,Retention Action
SYN-025803,16,30-08-2026,Bank Term Deposit
SYN-025803,17,10-09-2026,Bank Term Deposit
SYN-025803,18,20-09-2026,Bank Term Deposit
SYN-037414,1,30-03-2026,Insurance Cross-Sell
SYN-037414,2,10-04-2026,Insurance Cross-Sell
SYN-037414,3,20-04-2026,Insurance Cross-Sell
SYN-037414,4,30-04-2026,Bank Term Deposit
SYN-037414,5,10-05-2026,Bank Term Deposit
SYN-037414,6,20-05-2026,Bank Term Deposit
SYN-037414,7,30-05-2026,Bank Term Deposit
SYN-037414,8,10-06-2026,Bank Term Deposit
SYN-037414,9,20-06-2026,Bank Term Deposit
SYN-037414,10,30-06-2026,Bank Term Deposit
SYN-037414,11,10-07-2026,Bank Term Deposit
SYN-037414,12,20-07-2026,Insurance Cross-Sell
SYN-037414,13,30-07-2026,Insurance Cross-Sell
SYN-037414,14,10-08-2026,Insurance Cross-Sell
SYN-037414,15,20-08-2026,Insurance Cross-Sell
SYN-037414,16,30-08-2026,Insurance Cross-Sell
SYN-037414,17,10-09-2026,Insurance Cross-Sell
SYN-037414,18,20-09-2026,Insurance Cross-Sell
SYN-036895,1,30-03-2026,Bank Term Deposit
SYN-036895,2,10-04-2026,Insurance Cross-Sell
SYN-036895,3,20-04-2026,Insurance Cross-Sell
SYN-036895,4,30-04-2026,Insurance Cross-Sell
SYN-036895,5,10-05-2026,Insurance Cross-Sell
SYN-036895,6,20-05-2026,Insurance Cross-Sell
SYN-036895,7,30-05-2026,Insurance Cross-Sell
SYN-036895,8,10-06-2026,Insurance Cross-Sell
SYN-036895,9,20-06-2026,Insurance Cross-Sell
SYN-036895,10,30-06-2026,Insurance Cross-Sell
SYN-036895,11,10-07-2026,Insurance Cross-Sell
SYN-036895,12,20-07-2026,Insurance Cross-Sell
SYN-036895,13,30-07-2026,Insurance Cross-Sell
SYN-036895,14,10-08-2026,Insurance Cross-Sell
SYN-036895,15,20-08-2026,Insurance Cross-Sell
SYN-036895,16,30-08-2026,Insurance Cross-Sell
SYN-036895,17,10-09-2026,Payment Reminder / Collections Resolution
SYN-036895,18,20-09-2026,Payment Reminder / Collections Resolution
SYN-023153,1,30-03-2026,Insurance Cross-Sell
SYN-023153,2,10-04-2026,Bank Term Deposit
SYN-023153,3,20-04-2026,Bank Term Deposit
SYN-023153,4,30-04-2026,Bank Term Deposit
SYN-023153,5,10-05-2026,Service Intervention (Low NPS)
SYN-023153,6,20-05-2026,Bank Term Deposit
SYN-023153,7,30-05-2026,Bank Term Deposit
SYN-023153,8,10-06-2026,Payment Reminder / Collections Resolution
SYN-023153,9,20-06-2026,Payment Reminder / Collections Resolution
SYN-023153,10,30-06-2026,Bank Term Deposit
SYN-023153,11,10-07-2026,Insurance Cross-Sell
SYN-023153,12,20-07-2026,Insurance Cross-Sell
SYN-023153,13,30-07-2026,Insurance Cross-Sell
SYN-023153,14,10-08-2026,Insurance Cross-Sell
SYN-023153,15,20-08-2026,Insurance Cross-Sell
SYN-023153,16,30-08-2026,Insurance Cross-Sell
SYN-023153,17,10-09-2026,Payment Reminder / Collections Resolution
SYN-023153,18,20-09-2026,Payment Reminder / Collections Resolution
SYN-022952,1,30-03-2026,Insurance Cross-Sell
SYN-022952,2,10-04-2026,Insurance Cross-Sell
SYN-022952,3,20-04-2026,Insurance Cross-Sell
SYN-022952,4,30-04-2026,Insurance Cross-Sell
SYN-022952,5,10-05-2026,Insurance Cross-Sell
SYN-022952,6,20-05-2026,Insurance Cross-Sell
SYN-022952,7,30-05-2026,Insurance Cross-Sell
SYN-022952,8,10-06-2026,Insurance Cross-Sell
SYN-022952,9,20-06-2026,Insurance Cross-Sell
SYN-022952,10,30-06-2026,Insurance Cross-Sell
SYN-022952,11,10-07-2026,Insurance Cross-Sell
SYN-022952,12,20-07-2026,Insurance Cross-Sell
SYN-022952,13,30-07-2026,Insurance Cross-Sell
SYN-022952,14,10-08-2026,Bank Term Deposit
SYN-022952,15,20-08-2026,Bank Term Deposit
SYN-022952,16,30-08-2026,Payment Reminder / Collections Resolution
SYN-022952,17,10-09-2026,Payment Reminder / Collections Resolution
SYN-022952,18,20-09-2026,Payment Reminder / Collections Resolution
SYN-001743,1,30-03-2026,Insurance Cross-Sell
SYN-001743,2,10-04-2026,Insurance Cross-Sell
SYN-001743,3,20-04-2026,Insurance Cross-Sell
SYN-001743,4,30-04-2026,Insurance Cross-Sell
SYN-001743,5,10-05-2026,Insurance Cross-Sell
SYN-001743,6,20-05-2026,Insurance Cross-Sell
SYN-001743,7,30-05-2026,Insurance Cross-Sell
SYN-001743,8,10-06-2026,Retention Action
SYN-001743,9,20-06-2026,Insurance Cross-Sell
SYN-001743,10,30-06-2026,Complete KYC
SYN-001743,11,10-07-2026,Complete KYC
SYN-001743,12,20-07-2026,Complete KYC
SYN-001743,13,30-07-2026,Complete KYC
SYN-001743,14,10-08-2026,Complete KYC
SYN-001743,15,20-08-2026,Complete KYC
SYN-001743,16,30-08-2026,Complete KYC
SYN-001743,17,10-09-2026,Complete KYC
SYN-001743,18,20-09-2026,Complete KYC
SYN-031219,1,30-03-2026,Insurance Cross-Sell
SYN-031219,2,10-04-2026,Insurance Cross-Sell
SYN-031219,3,20-04-2026,Bank Term Deposit
SYN-031219,4,30-04-2026,Bank Term Deposit
SYN-031219,5,10-05-2026,Service Resolution
SYN-031219,6,20-05-2026,Bank Term Deposit
SYN-031219,7,30-05-2026,Bank Term Deposit
SYN-031219,8,10-06-2026,Bank Term Deposit
SYN-031219,9,20-06-2026,Bank Term Deposit
SYN-031219,10,30-06-2026,Bank Term Deposit
SYN-031219,11,10-07-2026,Bank Term Deposit
SYN-031219,12,20-07-2026,Bank Term Deposit
SYN-031219,13,30-07-2026,Service Intervention (Low NPS)
SYN-031219,14,10-08-2026,Bank Term Deposit
SYN-031219,15,20-08-2026,Bank Term Deposit
SYN-031219,16,30-08-2026,Service Intervention (Low NPS)
SYN-031219,17,10-09-2026,Bank Term Deposit
SYN-031219,18,20-09-2026,Bank Term Deposit
SYN-013141,1,30-03-2026,Insurance Cross-Sell
SYN-013141,2,10-04-2026,Insurance Cross-Sell
SYN-013141,3,20-04-2026,Insurance Cross-Sell
SYN-013141,4,30-04-2026,Bank Term Deposit
SYN-013141,5,10-05-2026,Bank Term Deposit
SYN-013141,6,20-05-2026,Bank Term Deposit
SYN-013141,7,30-05-2026,Bank Term Deposit
SYN-013141,8,10-06-2026,Retention Action
SYN-013141,9,20-06-2026,Bank Term Deposit
SYN-013141,10,30-06-2026,Bank Term Deposit
SYN-013141,11,10-07-2026,Bank Term Deposit
SYN-013141,12,20-07-2026,Bank Term Deposit
SYN-013141,13,30-07-2026,Bank Term Deposit
SYN-013141,14,10-08-2026,Bank Term Deposit
SYN-013141,15,20-08-2026,Bank Term Deposit
SYN-013141,16,30-08-2026,Bank Term Deposit
SYN-013141,17,10-09-2026,Bank Term Deposit
SYN-013141,18,20-09-2026,Bank Term Deposit
SYN-010656,1,30-03-2026,Insurance Cross-Sell
SYN-010656,2,10-04-2026,Bank Term Deposit
SYN-010656,3,20-04-2026,Bank Term Deposit
SYN-010656,4,30-04-2026,Bank Term Deposit
SYN-010656,5,10-05-2026,Bank Term Deposit
SYN-010656,6,20-05-2026,Bank Term Deposit
SYN-010656,7,30-05-2026,Bank Term Deposit
SYN-010656,8,10-06-2026,Insurance Cross-Sell
SYN-010656,9,20-06-2026,Insurance Cross-Sell
SYN-010656,10,30-06-2026,Insurance Cross-Sell
SYN-010656,11,10-07-2026,Insurance Cross-Sell
SYN-010656,12,20-07-2026,Insurance Cross-Sell
SYN-010656,13,30-07-2026,Insurance Cross-Sell
SYN-010656,14,10-08-2026,Insurance Cross-Sell
SYN-010656,15,20-08-2026,Insurance Cross-Sell
SYN-010656,16,30-08-2026,Insurance Cross-Sell
SYN-010656,17,10-09-2026,Insurance Cross-Sell
SYN-010656,18,20-09-2026,Insurance Cross-Sell
SYN-040975,1,30-03-2026,Insurance Cross-Sell
SYN-040975,2,10-04-2026,Insurance Cross-Sell
SYN-040975,3,20-04-2026,Bank Term Deposit
SYN-040975,4,30-04-2026,Insurance Cross-Sell
SYN-040975,5,10-05-2026,Insurance Cross-Sell
SYN-040975,6,20-05-2026,Payment Reminder / Collections Resolution
SYN-040975,7,30-05-2026,Insurance Cross-Sell
SYN-040975,8,10-06-2026,Insurance Cross-Sell
SYN-040975,9,20-06-2026,Bank Term Deposit
SYN-040975,10,30-06-2026,Bank Term Deposit
SYN-040975,11,10-07-2026,Bank Term Deposit
SYN-040975,12,20-07-2026,Bank Term Deposit
SYN-040975,13,30-07-2026,Bank Term Deposit
SYN-040975,14,10-08-2026,Bank Term Deposit
SYN-040975,15,20-08-2026,Bank Term Deposit
SYN-040975,16,30-08-2026,Bank Term Deposit
SYN-040975,17,10-09-2026,Payment Reminder / Collections Resolution
SYN-040975,18,20-09-2026,Payment Reminder / Collections Resolution
SYN-003968,1,30-03-2026,Bank Term Deposit
SYN-003968,2,10-04-2026,Bank Term Deposit
SYN-003968,3,20-04-2026,Bank Term Deposit
SYN-003968,4,30-04-2026,Bank Term Deposit
SYN-003968,5,10-05-2026,Bank Term Deposit
SYN-003968,6,20-05-2026,Bank Term Deposit
SYN-003968,7,30-05-2026,Bank Term Deposit
SYN-003968,8,10-06-2026,Bank Term Deposit
SYN-003968,9,20-06-2026,Insurance Cross-Sell
SYN-003968,10,30-06-2026,Insurance Cross-Sell
SYN-003968,11,10-07-2026,Insurance Cross-Sell
SYN-003968,12,20-07-2026,Insurance Cross-Sell
SYN-003968,13,30-07-2026,No Marketing Action (Consent Withheld)
SYN-003968,14,10-08-2026,No Marketing Action (Consent Withheld)
SYN-003968,15,20-08-2026,No Marketing Action (Consent Withheld)
SYN-003968,16,30-08-2026,No Marketing Action (Consent Withheld)
SYN-003968,17,10-09-2026,No Marketing Action (Consent Withheld)
SYN-003968,18,20-09-2026,No Marketing Action (Consent Withheld)
SYN-019537,1,30-03-2026,Insurance Cross-Sell
SYN-019537,2,10-04-2026,Insurance Cross-Sell
SYN-019537,3,20-04-2026,Insurance Cross-Sell
SYN-019537,4,30-04-2026,Insurance Cross-Sell
SYN-019537,5,10-05-2026,Insurance Cross-Sell
SYN-019537,6,20-05-2026,Insurance Cross-Sell
SYN-019537,7,30-05-2026,Insurance Cross-Sell
SYN-019537,8,10-06-2026,Insurance Cross-Sell
SYN-019537,9,20-06-2026,Insurance Cross-Sell
SYN-019537,10,30-06-2026,Insurance Cross-Sell
SYN-019537,11,10-07-2026,Insurance Cross-Sell
SYN-019537,12,20-07-2026,Insurance Cross-Sell
SYN-019537,13,30-07-2026,Bank Term Deposit
SYN-019537,14,10-08-2026,Bank Term Deposit
SYN-019537,15,20-08-2026,Bank Term Deposit
SYN-019537,16,30-08-2026,Service Resolution
SYN-019537,17,10-09-2026,Service Resolution
SYN-019537,18,20-09-2026,Service Resolution
SYN-030667,1,30-03-2026,Insurance Cross-Sell
SYN-030667,2,10-04-2026,Insurance Cross-Sell
SYN-030667,3,20-04-2026,Payment Reminder / Collections Resolution
SYN-030667,4,30-04-2026,Payment Reminder / Collections Resolution
SYN-030667,5,10-05-2026,Insurance Cross-Sell
SYN-030667,6,20-05-2026,Insurance Cross-Sell
SYN-030667,7,30-05-2026,Insurance Cross-Sell
SYN-030667,8,10-06-2026,Insurance Cross-Sell
SYN-030667,9,20-06-2026,Insurance Cross-Sell
SYN-030667,10,30-06-2026,Complete KYC
SYN-030667,11,10-07-2026,Complete KYC
SYN-030667,12,20-07-2026,Complete KYC
SYN-030667,13,30-07-2026,Complete KYC
SYN-030667,14,10-08-2026,Complete KYC
SYN-030667,15,20-08-2026,Complete KYC
SYN-030667,16,30-08-2026,Complete KYC
SYN-030667,17,10-09-2026,Complete KYC
SYN-030667,18,20-09-2026,Complete KYC
SYN-044189,1,30-03-2026,Insurance Cross-Sell
SYN-044189,2,10-04-2026,Insurance Cross-Sell
SYN-044189,3,20-04-2026,Insurance Cross-Sell
SYN-044189,4,30-04-2026,Insurance Cross-Sell
SYN-044189,5,10-05-2026,Payment Reminder / Collections Resolution
SYN-044189,6,20-05-2026,Insurance Cross-Sell
SYN-044189,7,30-05-2026,Insurance Cross-Sell
SYN-044189,8,10-06-2026,Insurance Cross-Sell
SYN-044189,9,20-06-2026,Insurance Cross-Sell
SYN-044189,10,30-06-2026,Insurance Cross-Sell
SYN-044189,11,10-07-2026,Bank Term Deposit
SYN-044189,12,20-07-2026,Bank Term Deposit
SYN-044189,13,30-07-2026,Insurance Cross-Sell
SYN-044189,14,10-08-2026,Insurance Cross-Sell
SYN-044189,15,20-08-2026,Bank Term Deposit
SYN-044189,16,30-08-2026,Bank Term Deposit
SYN-044189,17,10-09-2026,Payment Reminder / Collections Resolution
SYN-044189,18,20-09-2026,Payment Reminder / Collections Resolution
SYN-034612,1,30-03-2026,Insurance Cross-Sell
SYN-034612,2,10-04-2026,Insurance Cross-Sell
SYN-034612,3,20-04-2026,Insurance Cross-Sell
SYN-034612,4,30-04-2026,Insurance Cross-Sell
SYN-034612,5,10-05-2026,Bank Term Deposit
SYN-034612,6,20-05-2026,Insurance Cross-Sell
SYN-034612,7,30-05-2026,Insurance Cross-Sell
SYN-034612,8,10-06-2026,Insurance Cross-Sell
SYN-034612,9,20-06-2026,Insurance Cross-Sell
SYN-034612,10,30-06-2026,Insurance Cross-Sell
SYN-034612,11,10-07-2026,Insurance Cross-Sell
SYN-034612,12,20-07-2026,Insurance Cross-Sell
SYN-034612,13,30-07-2026,Insurance Cross-Sell
SYN-034612,14,10-08-2026,Bank Term Deposit
SYN-034612,15,20-08-2026,Bank Term Deposit
SYN-034612,16,30-08-2026,Bank Term Deposit
SYN-034612,17,10-09-2026,Bank Term Deposit
SYN-034612,18,20-09-2026,Bank Term Deposit
SYN-009187,1,30-03-2026,Insurance Cross-Sell
SYN-009187,2,10-04-2026,No Marketing Action (Consent Withheld)
SYN-009187,3,20-04-2026,No Marketing Action (Consent Withheld)
SYN-009187,4,30-04-2026,No Marketing Action (Consent Withheld)
SYN-009187,5,10-05-2026,No Marketing Action (Consent Withheld)
SYN-009187,6,20-05-2026,No Marketing Action (Consent Withheld)
SYN-009187,7,30-05-2026,No Marketing Action (Consent Withheld)
SYN-009187,8,10-06-2026,No Marketing Action (Consent Withheld)
SYN-009187,9,20-06-2026,No Marketing Action (Consent Withheld)
SYN-009187,10,30-06-2026,No Marketing Action (Consent Withheld)
SYN-009187,11,10-07-2026,No Marketing Action (Consent Withheld)
SYN-009187,12,20-07-2026,No Marketing Action (Consent Withheld)
SYN-009187,13,30-07-2026,No Marketing Action (Consent Withheld)
SYN-009187,14,10-08-2026,No Marketing Action (Consent Withheld)
SYN-009187,15,20-08-2026,No Marketing Action (Consent Withheld)
SYN-009187,16,30-08-2026,No Marketing Action (Consent Withheld)
SYN-009187,17,10-09-2026,No Marketing Action (Consent Withheld)
SYN-009187,18,20-09-2026,No Marketing Action (Consent Withheld)
SYN-037255,1,30-03-2026,Insurance Cross-Sell
SYN-037255,2,10-04-2026,Insurance Cross-Sell
SYN-037255,3,20-04-2026,Service Intervention (Low NPS)
SYN-037255,4,30-04-2026,Insurance Cross-Sell
SYN-037255,5,10-05-2026,Retention Action
SYN-037255,6,20-05-2026,Retention Action
SYN-037255,7,30-05-2026,Insurance Cross-Sell
SYN-037255,8,10-06-2026,Insurance Cross-Sell
SYN-037255,9,20-06-2026,Insurance Cross-Sell
SYN-037255,10,30-06-2026,Insurance Cross-Sell
SYN-037255,11,10-07-2026,Insurance Cross-Sell
SYN-037255,12,20-07-2026,Service Intervention (Low NPS)
SYN-037255,13,30-07-2026,Insurance Cross-Sell
SYN-037255,14,10-08-2026,Insurance Cross-Sell
SYN-037255,15,20-08-2026,No Marketing Action (Consent Withheld)
SYN-037255,16,30-08-2026,No Marketing Action (Consent Withheld)
SYN-037255,17,10-09-2026,No Marketing Action (Consent Withheld)
SYN-037255,18,20-09-2026,No Marketing Action (Consent Withheld)
SYN-031155,1,30-03-2026,Retention Action
SYN-031155,2,10-04-2026,Retention Action
SYN-031155,3,20-04-2026,Retention Action
SYN-031155,4,30-04-2026,Bank Term Deposit
SYN-031155,5,10-05-2026,Insurance Cross-Sell
SYN-031155,6,20-05-2026,Insurance Cross-Sell
SYN-031155,7,30-05-2026,Insurance Cross-Sell
SYN-031155,8,10-06-2026,Insurance Cross-Sell
SYN-031155,9,20-06-2026,Insurance Cross-Sell
SYN-031155,10,30-06-2026,Insurance Cross-Sell
SYN-031155,11,10-07-2026,Insurance Cross-Sell
SYN-031155,12,20-07-2026,Insurance Cross-Sell
SYN-031155,13,30-07-2026,Insurance Cross-Sell
SYN-031155,14,10-08-2026,Insurance Cross-Sell
SYN-031155,15,20-08-2026,Bank Term Deposit
SYN-031155,16,30-08-2026,Bank Term Deposit
SYN-031155,17,10-09-2026,Bank Term Deposit
SYN-031155,18,20-09-2026,Bank Term Deposit
SYN-025919,1,30-03-2026,Insurance Cross-Sell
SYN-025919,2,10-04-2026,Insurance Cross-Sell
SYN-025919,3,20-04-2026,Insurance Cross-Sell
SYN-025919,4,30-04-2026,Bank Term Deposit
SYN-025919,5,10-05-2026,Bank Term Deposit
SYN-025919,6,20-05-2026,Retention Action
SYN-025919,7,30-05-2026,Retention Action
SYN-025919,8,10-06-2026,Retention Action
SYN-025919,9,20-06-2026,Bank Term Deposit
SYN-025919,10,30-06-2026,Insurance Cross-Sell
SYN-025919,11,10-07-2026,Insurance Cross-Sell
SYN-025919,12,20-07-2026,Insurance Cross-Sell
SYN-025919,13,30-07-2026,Insurance Cross-Sell
SYN-025919,14,10-08-2026,Insurance Cross-Sell
SYN-025919,15,20-08-2026,Insurance Cross-Sell
SYN-025919,16,30-08-2026,Bank Term Deposit
SYN-025919,17,10-09-2026,Bank Term Deposit
SYN-025919,18,20-09-2026,Bank Term Deposit
SYN-037581,1,30-03-2026,Insurance Cross-Sell
SYN-037581,2,10-04-2026,Insurance Cross-Sell
SYN-037581,3,20-04-2026,Insurance Cross-Sell
SYN-037581,4,30-04-2026,Insurance Cross-Sell
SYN-037581,5,10-05-2026,Insurance Cross-Sell
SYN-037581,6,20-05-2026,Insurance Cross-Sell
SYN-037581,7,30-05-2026,Insurance Cross-Sell
SYN-037581,8,10-06-2026,Insurance Cross-Sell
SYN-037581,9,20-06-2026,Complete KYC
SYN-037581,10,30-06-2026,Complete KYC
SYN-037581,11,10-07-2026,Complete KYC
SYN-037581,12,20-07-2026,Complete KYC
SYN-037581,13,30-07-2026,Complete KYC
SYN-037581,14,10-08-2026,Complete KYC
SYN-037581,15,20-08-2026,Complete KYC
SYN-037581,16,30-08-2026,Complete KYC
SYN-037581,17,10-09-2026,Complete KYC
SYN-037581,18,20-09-2026,Complete KYC
SYN-038024,1,30-03-2026,Bank Term Deposit
SYN-038024,2,10-04-2026,Bank Term Deposit
SYN-038024,3,20-04-2026,Payment Reminder / Collections Resolution
SYN-038024,4,30-04-2026,Insurance Cross-Sell
SYN-038024,5,10-05-2026,Insurance Cross-Sell
SYN-038024,6,20-05-2026,Insurance Cross-Sell
SYN-038024,7,30-05-2026,Bank Term Deposit
SYN-038024,8,10-06-2026,Insurance Cross-Sell
SYN-038024,9,20-06-2026,Insurance Cross-Sell
SYN-038024,10,30-06-2026,Insurance Cross-Sell
SYN-038024,11,10-07-2026,Insurance Cross-Sell
SYN-038024,12,20-07-2026,Insurance Cross-Sell
SYN-038024,13,30-07-2026,Complete KYC
SYN-038024,14,10-08-2026,Complete KYC
SYN-038024,15,20-08-2026,Complete KYC
SYN-038024,16,30-08-2026,Complete KYC
SYN-038024,17,10-09-2026,Complete KYC
SYN-038024,18,20-09-2026,Complete KYC
SYN-021472,1,30-03-2026,Bank Term Deposit
SYN-021472,2,10-04-2026,Bank Term Deposit
SYN-021472,3,20-04-2026,Bank Term Deposit
SYN-021472,4,30-04-2026,Bank Term Deposit
SYN-021472,5,10-05-2026,Bank Term Deposit
SYN-021472,6,20-05-2026,Bank Term Deposit
SYN-021472,7,30-05-2026,Service Resolution
SYN-021472,8,10-06-2026,Bank Term Deposit
SYN-021472,9,20-06-2026,Bank Term Deposit
SYN-021472,10,30-06-2026,Bank Term Deposit
SYN-021472,11,10-07-2026,Bank Term Deposit
SYN-021472,12,20-07-2026,Insurance Cross-Sell
SYN-021472,13,30-07-2026,Insurance Cross-Sell
SYN-021472,14,10-08-2026,Bank Term Deposit
SYN-021472,15,20-08-2026,Payment Reminder / Collections Resolution
SYN-021472,16,30-08-2026,Payment Reminder / Collections Resolution
SYN-021472,17,10-09-2026,Payment Reminder / Collections Resolution
SYN-021472,18,20-09-2026,Payment Reminder / Collections Resolution
SYN-005837,1,30-03-2026,Bank Term Deposit
SYN-005837,2,10-04-2026,Bank Term Deposit
SYN-005837,3,20-04-2026,Bank Term Deposit
SYN-005837,4,30-04-2026,Bank Term Deposit
SYN-005837,5,10-05-2026,Bank Term Deposit
SYN-005837,6,20-05-2026,Bank Term Deposit
SYN-005837,7,30-05-2026,Bank Term Deposit
SYN-005837,8,10-06-2026,Bank Term Deposit
SYN-005837,9,20-06-2026,Bank Term Deposit
SYN-005837,10,30-06-2026,Bank Term Deposit
SYN-005837,11,10-07-2026,Insurance Cross-Sell
SYN-005837,12,20-07-2026,Insurance Cross-Sell
SYN-005837,13,30-07-2026,Insurance Cross-Sell
SYN-005837,14,10-08-2026,Insurance Cross-Sell
SYN-005837,15,20-08-2026,Insurance Cross-Sell
SYN-005837,16,30-08-2026,Insurance Cross-Sell
SYN-005837,17,10-09-2026,No Marketing Action (Consent Withheld)
SYN-005837,18,20-09-2026,No Marketing Action (Consent Withheld)
SYN-042121,1,30-03-2026,Bank Term Deposit
SYN-042121,2,10-04-2026,Bank Term Deposit
SYN-042121,3,20-04-2026,Bank Term Deposit
SYN-042121,4,30-04-2026,Bank Term Deposit
SYN-042121,5,10-05-2026,Bank Term Deposit
SYN-042121,6,20-05-2026,Bank Term Deposit
SYN-042121,7,30-05-2026,Bank Term Deposit
SYN-042121,8,10-06-2026,Bank Term Deposit
SYN-042121,9,20-06-2026,Bank Term Deposit
SYN-042121,10,30-06-2026,Bank Term Deposit
SYN-042121,11,10-07-2026,Payment Reminder / Collections Resolution
SYN-042121,12,20-07-2026,Payment Reminder / Collections Resolution
SYN-042121,13,30-07-2026,Bank Term Deposit
SYN-042121,14,10-08-2026,Retention Action
SYN-042121,15,20-08-2026,Retention Action
SYN-042121,16,30-08-2026,Bank Term Deposit
SYN-042121,17,10-09-2026,Bank Term Deposit
SYN-042121,18,20-09-2026,Bank Term Deposit
SYN-033787,1,30-03-2026,Retention Action
SYN-033787,2,10-04-2026,Insurance Cross-Sell
SYN-033787,3,20-04-2026,Bank Term Deposit
SYN-033787,4,30-04-2026,Insurance Cross-Sell
SYN-033787,5,10-05-2026,Insurance Cross-Sell
SYN-033787,6,20-05-2026,Insurance Cross-Sell
SYN-033787,7,30-05-2026,Insurance Cross-Sell
SYN-033787,8,10-06-2026,Bank Term Deposit
SYN-033787,9,20-06-2026,Bank Term Deposit
SYN-033787,10,30-06-2026,Service Resolution
SYN-033787,11,10-07-2026,Insurance Cross-Sell
SYN-033787,12,20-07-2026,Insurance Cross-Sell
SYN-033787,13,30-07-2026,Insurance Cross-Sell
SYN-033787,14,10-08-2026,Insurance Cross-Sell
SYN-033787,15,20-08-2026,Insurance Cross-Sell
SYN-033787,16,30-08-2026,Insurance Cross-Sell
SYN-033787,17,10-09-2026,Payment Reminder / Collections Resolution
SYN-033787,18,20-09-2026,Payment Reminder / Collections Resolution
SYN-012579,1,30-03-2026,Bank Term Deposit
SYN-012579,2,10-04-2026,Bank Term Deposit
SYN-012579,3,20-04-2026,Bank Term Deposit
SYN-012579,4,30-04-2026,Bank Term Deposit
SYN-012579,5,10-05-2026,Bank Term Deposit
SYN-012579,6,20-05-2026,Bank Term Deposit
SYN-012579,7,30-05-2026,Bank Term Deposit
SYN-012579,8,10-06-2026,Insurance Cross-Sell
SYN-012579,9,20-06-2026,Insurance Cross-Sell
SYN-012579,10,30-06-2026,Insurance Cross-Sell
SYN-012579,11,10-07-2026,Insurance Cross-Sell
SYN-012579,12,20-07-2026,Insurance Cross-Sell
SYN-012579,13,30-07-2026,Insurance Cross-Sell
SYN-012579,14,10-08-2026,Insurance Cross-Sell
SYN-012579,15,20-08-2026,Bank Term Deposit
SYN-012579,16,30-08-2026,Bank Term Deposit
SYN-012579,17,10-09-2026,Bank Term Deposit
SYN-012579,18,20-09-2026,Bank Term Deposit
SYN-000951,1,30-03-2026,Insurance Cross-Sell
SYN-000951,2,10-04-2026,Insurance Cross-Sell
SYN-000951,3,20-04-2026,Insurance Cross-Sell
SYN-000951,4,30-04-2026,Bank Term Deposit
SYN-000951,5,10-05-2026,Insurance Cross-Sell
SYN-000951,6,20-05-2026,Insurance Cross-Sell
SYN-000951,7,30-05-2026,Insurance Cross-Sell
SYN-000951,8,10-06-2026,Insurance Cross-Sell
SYN-000951,9,20-06-2026,Insurance Cross-Sell
SYN-000951,10,30-06-2026,Insurance Cross-Sell
SYN-000951,11,10-07-2026,Insurance Cross-Sell
SYN-000951,12,20-07-2026,Insurance Cross-Sell
SYN-000951,13,30-07-2026,Insurance Cross-Sell
SYN-000951,14,10-08-2026,Insurance Cross-Sell
SYN-000951,15,20-08-2026,Insurance Cross-Sell
SYN-000951,16,30-08-2026,Bank Term Deposit
SYN-000951,17,10-09-2026,Bank Term Deposit
SYN-000951,18,20-09-2026,Bank Term Deposit
SYN-011458,1,30-03-2026,Insurance Cross-Sell
SYN-011458,2,10-04-2026,Insurance Cross-Sell
SYN-011458,3,20-04-2026,Bank Term Deposit
SYN-011458,4,30-04-2026,Bank Term Deposit
SYN-011458,5,10-05-2026,Bank Term Deposit
SYN-011458,6,20-05-2026,Insurance Cross-Sell
SYN-011458,7,30-05-2026,Insurance Cross-Sell
SYN-011458,8,10-06-2026,Insurance Cross-Sell
SYN-011458,9,20-06-2026,Insurance Cross-Sell
SYN-011458,10,30-06-2026,Insurance Cross-Sell
SYN-011458,11,10-07-2026,Insurance Cross-Sell
SYN-011458,12,20-07-2026,Insurance Cross-Sell
SYN-011458,13,30-07-2026,Insurance Cross-Sell
SYN-011458,14,10-08-2026,Bank Term Deposit
SYN-011458,15,20-08-2026,Insurance Cross-Sell
SYN-011458,16,30-08-2026,Complete KYC
SYN-011458,17,10-09-2026,Complete KYC
SYN-011458,18,20-09-2026,Complete KYC
SYN-026134,1,30-03-2026,Insurance Cross-Sell
SYN-026134,2,10-04-2026,Insurance Cross-Sell
SYN-026134,3,20-04-2026,Insurance Cross-Sell
SYN-026134,4,30-04-2026,Insurance Cross-Sell
SYN-026134,5,10-05-2026,Insurance Cross-Sell
SYN-026134,6,20-05-2026,Bank Term Deposit
SYN-026134,7,30-05-2026,Insurance Cross-Sell
SYN-026134,8,10-06-2026,Insurance Cross-Sell
SYN-026134,9,20-06-2026,Insurance Cross-Sell
SYN-026134,10,30-06-2026,Insurance Cross-Sell
SYN-026134,11,10-07-2026,Insurance Cross-Sell
SYN-026134,12,20-07-2026,Insurance Cross-Sell
SYN-026134,13,30-07-2026,Insurance Cross-Sell
SYN-026134,14,10-08-2026,Insurance Cross-Sell
SYN-026134,15,20-08-2026,Insurance Cross-Sell
SYN-026134,16,30-08-2026,Insurance Cross-Sell
SYN-026134,17,10-09-2026,Payment Reminder / Collections Resolution
SYN-026134,18,20-09-2026,Payment Reminder / Collections Resolution
SYN-004145,1,30-03-2026,Bank Term Deposit
SYN-004145,2,10-04-2026,Bank Term Deposit
SYN-004145,3,20-04-2026,Bank Term Deposit
SYN-004145,4,30-04-2026,Service Intervention (Low NPS)
SYN-004145,5,10-05-2026,Bank Term Deposit
SYN-004145,6,20-05-2026,Bank Term Deposit
SYN-004145,7,30-05-2026,Bank Term Deposit
SYN-004145,8,10-06-2026,Bank Term Deposit
SYN-004145,9,20-06-2026,Bank Term Deposit
SYN-004145,10,30-06-2026,Bank Term Deposit
SYN-004145,11,10-07-2026,Insurance Cross-Sell
SYN-004145,12,20-07-2026,Insurance Cross-Sell
SYN-004145,13,30-07-2026,Bank Term Deposit
SYN-004145,14,10-08-2026,Bank Term Deposit
SYN-004145,15,20-08-2026,Bank Term Deposit
SYN-004145,16,30-08-2026,Bank Term Deposit
SYN-004145,17,10-09-2026,Bank Term Deposit
SYN-004145,18,20-09-2026,Bank Term Deposit
SYN-040328,1,30-03-2026,Insurance Cross-Sell
SYN-040328,2,10-04-2026,Insurance Cross-Sell
SYN-040328,3,20-04-2026,Bank Term Deposit
SYN-040328,4,30-04-2026,Bank Term Deposit
SYN-040328,5,10-05-2026,Insurance Cross-Sell
SYN-040328,6,20-05-2026,Insurance Cross-Sell
SYN-040328,7,30-05-2026,Insurance Cross-Sell
SYN-040328,8,10-06-2026,Bank Term Deposit
SYN-040328,9,20-06-2026,Bank Term Deposit
SYN-040328,10,30-06-2026,Bank Term Deposit
SYN-040328,11,10-07-2026,Bank Term Deposit
SYN-040328,12,20-07-2026,Bank Term Deposit
SYN-040328,13,30-07-2026,Bank Term Deposit
SYN-040328,14,10-08-2026,Payment Reminder / Collections Resolution
SYN-040328,15,20-08-2026,Payment Reminder / Collections Resolution
SYN-040328,16,30-08-2026,Payment Reminder / Collections Resolution
SYN-040328,17,10-09-2026,Payment Reminder / Collections Resolution
SYN-040328,18,20-09-2026,Payment Reminder / Collections Resolution
SYN-024404,1,30-03-2026,Bank Term Deposit
SYN-024404,2,10-04-2026,Bank Term Deposit
SYN-024404,3,20-04-2026,Bank Term Deposit
SYN-024404,4,30-04-2026,Bank Term Deposit
SYN-024404,5,10-05-2026,Bank Term Deposit
SYN-024404,6,20-05-2026,Insurance Cross-Sell
SYN-024404,7,30-05-2026,Insurance Cross-Sell
SYN-024404,8,10-06-2026,Insurance Cross-Sell
SYN-024404,9,20-06-2026,Insurance Cross-Sell
SYN-024404,10,30-06-2026,Insurance Cross-Sell
SYN-024404,11,10-07-2026,Insurance Cross-Sell
SYN-024404,12,20-07-2026,Insurance Cross-Sell
SYN-024404,13,30-07-2026,Insurance Cross-Sell
SYN-024404,14,10-08-2026,Insurance Cross-Sell
SYN-024404,15,20-08-2026,Insurance Cross-Sell
SYN-024404,16,30-08-2026,Insurance Cross-Sell
SYN-024404,17,10-09-2026,No Marketing Action (Consent Withheld)
SYN-024404,18,20-09-2026,No Marketing Action (Consent Withheld)
SYN-027839,1,30-03-2026,Insurance Cross-Sell
SYN-027839,2,10-04-2026,Insurance Cross-Sell
SYN-027839,3,20-04-2026,Insurance Cross-Sell
SYN-027839,4,30-04-2026,Insurance Cross-Sell
SYN-027839,5,10-05-2026,Insurance Cross-Sell
SYN-027839,6,20-05-2026,Insurance Cross-Sell
SYN-027839,7,30-05-2026,Insurance Cross-Sell
SYN-027839,8,10-06-2026,Bank Term Deposit
SYN-027839,9,20-06-2026,Bank Term Deposit
SYN-027839,10,30-06-2026,Bank Term Deposit
SYN-027839,11,10-07-2026,Bank Term Deposit
SYN-027839,12,20-07-2026,Bank Term Deposit
SYN-027839,13,30-07-2026,Bank Term Deposit
SYN-027839,14,10-08-2026,Insurance Cross-Sell
SYN-027839,15,20-08-2026,Payment Reminder / Collections Resolution
SYN-027839,16,30-08-2026,Insurance Cross-Sell
SYN-027839,17,10-09-2026,Insurance Cross-Sell
SYN-027839,18,20-09-2026,Insurance Cross-Sell
SYN-003553,1,30-03-2026,Bank Term Deposit
SYN-003553,2,10-04-2026,Bank Term Deposit
SYN-003553,3,20-04-2026,Bank Term Deposit
SYN-003553,4,30-04-2026,Bank Term Deposit
SYN-003553,5,10-05-2026,Insurance Cross-Sell
SYN-003553,6,20-05-2026,Insurance Cross-Sell
SYN-003553,7,30-05-2026,Insurance Cross-Sell
SYN-003553,8,10-06-2026,Bank Term Deposit
SYN-003553,9,20-06-2026,Bank Term Deposit
SYN-003553,10,30-06-2026,Bank Term Deposit
SYN-003553,11,10-07-2026,Bank Term Deposit
SYN-003553,12,20-07-2026,Bank Term Deposit
SYN-003553,13,30-07-2026,Bank Term Deposit
SYN-003553,14,10-08-2026,Service Resolution
SYN-003553,15,20-08-2026,Bank Term Deposit
SYN-003553,16,30-08-2026,Bank Term Deposit
SYN-003553,17,10-09-2026,Bank Term Deposit
SYN-003553,18,20-09-2026,Bank Term Deposit
SYN-008716,1,30-03-2026,Insurance Cross-Sell
SYN-008716,2,10-04-2026,Insurance Cross-Sell
SYN-008716,3,20-04-2026,Insurance Cross-Sell
SYN-008716,4,30-04-2026,Insurance Cross-Sell
SYN-008716,5,10-05-2026,Insurance Cross-Sell
SYN-008716,6,20-05-2026,Bank Term Deposit
SYN-008716,7,30-05-2026,Bank Term Deposit
SYN-008716,8,10-06-2026,Bank Term Deposit
SYN-008716,9,20-06-2026,Bank Term Deposit
SYN-008716,10,30-06-2026,Bank Term Deposit
SYN-008716,11,10-07-2026,Bank Term Deposit
SYN-008716,12,20-07-2026,Bank Term Deposit
SYN-008716,13,30-07-2026,Bank Term Deposit
SYN-008716,14,10-08-2026,Bank Term Deposit
SYN-008716,15,20-08-2026,Bank Term Deposit
SYN-008716,16,30-08-2026,Complete KYC
SYN-008716,17,10-09-2026,Complete KYC
SYN-008716,18,20-09-2026,Complete KYC
SYN-005729,1,30-03-2026,Bank Term Deposit
SYN-005729,2,10-04-2026,Bank Term Deposit
SYN-005729,3,20-04-2026,Payment Reminder / Collections Resolution
SYN-005729,4,30-04-2026,Bank Term Deposit
SYN-005729,5,10-05-2026,Bank Term Deposit
SYN-005729,6,20-05-2026,Bank Term Deposit
SYN-005729,7,30-05-2026,Insurance Cross-Sell
SYN-005729,8,10-06-2026,Insurance Cross-Sell
SYN-005729,9,20-06-2026,Insurance Cross-Sell
SYN-005729,10,30-06-2026,Insurance Cross-Sell
SYN-005729,11,10-07-2026,Bank Term Deposit
SYN-005729,12,20-07-2026,Bank Term Deposit
SYN-005729,13,30-07-2026,Bank Term Deposit
SYN-005729,14,10-08-2026,Insurance Cross-Sell
SYN-005729,15,20-08-2026,Insurance Cross-Sell
SYN-005729,16,30-08-2026,Insurance Cross-Sell
SYN-005729,17,10-09-2026,Insurance Cross-Sell
SYN-005729,18,20-09-2026,Insurance Cross-Sell
SYN-040729,1,30-03-2026,Bank Term Deposit
SYN-040729,2,10-04-2026,Bank Term Deposit
SYN-040729,3,20-04-2026,Bank Term Deposit
SYN-040729,4,30-04-2026,Bank Term Deposit
SYN-040729,5,10-05-2026,Bank Term Deposit
SYN-040729,6,20-05-2026,Bank Term Deposit
SYN-040729,7,30-05-2026,Insurance Cross-Sell
SYN-040729,8,10-06-2026,Insurance Cross-Sell
SYN-040729,9,20-06-2026,Insurance Cross-Sell
SYN-040729,10,30-06-2026,Insurance Cross-Sell
SYN-040729,11,10-07-2026,Insurance Cross-Sell
SYN-040729,12,20-07-2026,Insurance Cross-Sell
SYN-040729,13,30-07-2026,Insurance Cross-Sell
SYN-040729,14,10-08-2026,Insurance Cross-Sell
SYN-040729,15,20-08-2026,Insurance Cross-Sell
SYN-040729,16,30-08-2026,Insurance Cross-Sell
SYN-040729,17,10-09-2026,Insurance Cross-Sell
SYN-040729,18,20-09-2026,Insurance Cross-Sell
SYN-003305,1,30-03-2026,Bank Term Deposit
SYN-003305,2,10-04-2026,Service Intervention (Low NPS)
SYN-003305,3,20-04-2026,Service Intervention (Low NPS)
SYN-003305,4,30-04-2026,Bank Term Deposit
SYN-003305,5,10-05-2026,Bank Term Deposit
SYN-003305,6,20-05-2026,Bank Term Deposit
SYN-003305,7,30-05-2026,Bank Term Deposit
SYN-003305,8,10-06-2026,Bank Term Deposit
SYN-003305,9,20-06-2026,Bank Term Deposit
SYN-003305,10,30-06-2026,Bank Term Deposit
SYN-003305,11,10-07-2026,Bank Term Deposit
SYN-003305,12,20-07-2026,Bank Term Deposit
SYN-003305,13,30-07-2026,Bank Term Deposit
SYN-003305,14,10-08-2026,Bank Term Deposit
SYN-003305,15,20-08-2026,Insurance Cross-Sell
SYN-003305,16,30-08-2026,Insurance Cross-Sell
SYN-003305,17,10-09-2026,Insurance Cross-Sell
SYN-003305,18,20-09-2026,Insurance Cross-Sell
SYN-007603,1,30-03-2026,Insurance Cross-Sell
SYN-007603,2,10-04-2026,Insurance Cross-Sell
SYN-007603,3,20-04-2026,Insurance Cross-Sell
SYN-007603,4,30-04-2026,Insurance Cross-Sell
SYN-007603,5,10-05-2026,Insurance Cross-Sell
SYN-007603,6,20-05-2026,Insurance Cross-Sell
SYN-007603,7,30-05-2026,Insurance Cross-Sell
SYN-007603,8,10-06-2026,Insurance Cross-Sell
SYN-007603,9,20-06-2026,Insurance Cross-Sell
SYN-007603,10,30-06-2026,Insurance Cross-Sell
SYN-007603,11,10-07-2026,Insurance Cross-Sell
SYN-007603,12,20-07-2026,Insurance Cross-Sell
SYN-007603,13,30-07-2026,No Marketing Action (Consent Withheld)
SYN-007603,14,10-08-2026,No Marketing Action (Consent Withheld)
SYN-007603,15,20-08-2026,No Marketing Action (Consent Withheld)
SYN-007603,16,30-08-2026,No Marketing Action (Consent Withheld)
SYN-007603,17,10-09-2026,No Marketing Action (Consent Withheld)
SYN-007603,18,20-09-2026,No Marketing Action (Consent Withheld)
SYN-017874,1,30-03-2026,Insurance Cross-Sell
SYN-017874,2,10-04-2026,Bank Term Deposit
SYN-017874,3,20-04-2026,Bank Term Deposit
SYN-017874,4,30-04-2026,Payment Reminder / Collections Resolution
SYN-017874,5,10-05-2026,Bank Term Deposit
SYN-017874,6,20-05-2026,Bank Term Deposit
SYN-017874,7,30-05-2026,Bank Term Deposit
SYN-017874,8,10-06-2026,Service Resolution
SYN-017874,9,20-06-2026,Service Resolution
SYN-017874,10,30-06-2026,Bank Term Deposit
SYN-017874,11,10-07-2026,Bank Term Deposit
SYN-017874,12,20-07-2026,Bank Term Deposit
SYN-017874,13,30-07-2026,Bank Term Deposit
SYN-017874,14,10-08-2026,Bank Term Deposit
SYN-017874,15,20-08-2026,Bank Term Deposit
SYN-017874,16,30-08-2026,Bank Term Deposit
SYN-017874,17,10-09-2026,Bank Term Deposit
SYN-017874,18,20-09-2026,Bank Term Deposit
SYN-001772,1,30-03-2026,Insurance Cross-Sell
SYN-001772,2,10-04-2026,Insurance Cross-Sell
SYN-001772,3,20-04-2026,Insurance Cross-Sell
SYN-001772,4,30-04-2026,Insurance Cross-Sell
SYN-001772,5,10-05-2026,Insurance Cross-Sell
SYN-001772,6,20-05-2026,Insurance Cross-Sell
SYN-001772,7,30-05-2026,Insurance Cross-Sell
SYN-001772,8,10-06-2026,Insurance Cross-Sell
SYN-001772,9,20-06-2026,Service Resolution
SYN-001772,10,30-06-2026,Insurance Cross-Sell
SYN-001772,11,10-07-2026,Insurance Cross-Sell
SYN-001772,12,20-07-2026,Insurance Cross-Sell
SYN-001772,13,30-07-2026,Insurance Cross-Sell
SYN-001772,14,10-08-2026,Bank Term Deposit
SYN-001772,15,20-08-2026,Bank Term Deposit
SYN-001772,16,30-08-2026,Bank Term Deposit
SYN-001772,17,10-09-2026,Bank Term Deposit
SYN-001772,18,20-09-2026,Bank Term Deposit
SYN-013315,1,30-03-2026,Payment Reminder / Collections Resolution
SYN-013315,2,10-04-2026,Payment Reminder / Collections Resolution
SYN-013315,3,20-04-2026,Payment Reminder / Collections Resolution
SYN-013315,4,30-04-2026,Payment Reminder / Collections Resolution
SYN-013315,5,10-05-2026,Payment Reminder / Collections Resolution
SYN-013315,6,20-05-2026,Payment Reminder / Collections Resolution
SYN-013315,7,30-05-2026,Payment Reminder / Collections Resolution
SYN-013315,8,10-06-2026,Bank Term Deposit
SYN-013315,9,20-06-2026,Bank Term Deposit
SYN-013315,10,30-06-2026,Bank Term Deposit
SYN-013315,11,10-07-2026,Retention Action
SYN-013315,12,20-07-2026,Bank Term Deposit
SYN-013315,13,30-07-2026,Bank Term Deposit
SYN-013315,14,10-08-2026,Bank Term Deposit
SYN-013315,15,20-08-2026,Bank Term Deposit
SYN-013315,16,30-08-2026,Bank Term Deposit
SYN-013315,17,10-09-2026,Service Resolution
SYN-013315,18,20-09-2026,Service Resolution
SYN-037861,1,30-03-2026,Bank Term Deposit
SYN-037861,2,10-04-2026,Bank Term Deposit
SYN-037861,3,20-04-2026,Bank Term Deposit
SYN-037861,4,30-04-2026,Bank Term Deposit
SYN-037861,5,10-05-2026,Bank Term Deposit
SYN-037861,6,20-05-2026,Bank Term Deposit
SYN-037861,7,30-05-2026,Bank Term Deposit
SYN-037861,8,10-06-2026,Insurance Cross-Sell
SYN-037861,9,20-06-2026,Insurance Cross-Sell
SYN-037861,10,30-06-2026,Insurance Cross-Sell
SYN-037861,11,10-07-2026,Bank Term Deposit
SYN-037861,12,20-07-2026,Bank Term Deposit
SYN-037861,13,30-07-2026,Insurance Cross-Sell
SYN-037861,14,10-08-2026,Bank Term Deposit
SYN-037861,15,20-08-2026,Bank Term Deposit
SYN-037861,16,30-08-2026,Bank Term Deposit
SYN-037861,17,10-09-2026,Bank Term Deposit
SYN-037861,18,20-09-2026,Bank Term Deposit
SYN-028775,1,30-03-2026,Bank Term Deposit
SYN-028775,2,10-04-2026,Bank Term Deposit
SYN-028775,3,20-04-2026,Bank Term Deposit
SYN-028775,4,30-04-2026,Bank Term Deposit
SYN-028775,5,10-05-2026,Bank Term Deposit
SYN-028775,6,20-05-2026,Bank Term Deposit
SYN-028775,7,30-05-2026,Bank Term Deposit
SYN-028775,8,10-06-2026,Bank Term Deposit
SYN-028775,9,20-06-2026,No Marketing Action (Consent Withheld)
SYN-028775,10,30-06-2026,No Marketing Action (Consent Withheld)
SYN-028775,11,10-07-2026,No Marketing Action (Consent Withheld)
SYN-028775,12,20-07-2026,No Marketing Action (Consent Withheld)
SYN-028775,13,30-07-2026,No Marketing Action (Consent Withheld)
SYN-028775,14,10-08-2026,No Marketing Action (Consent Withheld)
SYN-028775,15,20-08-2026,No Marketing Action (Consent Withheld)
SYN-028775,16,30-08-2026,No Marketing Action (Consent Withheld)
SYN-028775,17,10-09-2026,No Marketing Action (Consent Withheld)
SYN-028775,18,20-09-2026,No Marketing Action (Consent Withheld)
SYN-027792,1,30-03-2026,Insurance Cross-Sell
SYN-027792,2,10-04-2026,Insurance Cross-Sell
SYN-027792,3,20-04-2026,Insurance Cross-Sell
SYN-027792,4,30-04-2026,Insurance Cross-Sell
SYN-027792,5,10-05-2026,Insurance Cross-Sell
SYN-027792,6,20-05-2026,Insurance Cross-Sell
SYN-027792,7,30-05-2026,Insurance Cross-Sell
SYN-027792,8,10-06-2026,Insurance Cross-Sell
SYN-027792,9,20-06-2026,Insurance Cross-Sell
SYN-027792,10,30-06-2026,Insurance Cross-Sell
SYN-027792,11,10-07-2026,Bank Term Deposit
SYN-027792,12,20-07-2026,Bank Term Deposit
SYN-027792,13,30-07-2026,Bank Term Deposit
SYN-027792,14,10-08-2026,Insurance Cross-Sell
SYN-027792,15,20-08-2026,Insurance Cross-Sell
SYN-027792,16,30-08-2026,Insurance Cross-Sell
SYN-027792,17,10-09-2026,Insurance Cross-Sell
SYN-027792,18,20-09-2026,Insurance Cross-Sell
SYN-042651,1,30-03-2026,Service Intervention (Low NPS)
SYN-042651,2,10-04-2026,Insurance Cross-Sell
SYN-042651,3,20-04-2026,Insurance Cross-Sell
SYN-042651,4,30-04-2026,Insurance Cross-Sell
SYN-042651,5,10-05-2026,Bank Term Deposit
SYN-042651,6,20-05-2026,Bank Term Deposit
SYN-042651,7,30-05-2026,Bank Term Deposit
SYN-042651,8,10-06-2026,Bank Term Deposit
SYN-042651,9,20-06-2026,Bank Term Deposit
SYN-042651,10,30-06-2026,Bank Term Deposit
SYN-042651,11,10-07-2026,Bank Term Deposit
SYN-042651,12,20-07-2026,Bank Term Deposit
SYN-042651,13,30-07-2026,Insurance Cross-Sell
SYN-042651,14,10-08-2026,Bank Term Deposit
SYN-042651,15,20-08-2026,Bank Term Deposit
SYN-042651,16,30-08-2026,Insurance Cross-Sell
SYN-042651,17,10-09-2026,Payment Reminder / Collections Resolution
SYN-042651,18,20-09-2026,Payment Reminder / Collections Resolution
SYN-026979,1,30-03-2026,Insurance Cross-Sell
SYN-026979,2,10-04-2026,Insurance Cross-Sell
SYN-026979,3,20-04-2026,Bank Term Deposit
SYN-026979,4,30-04-2026,Payment Reminder / Collections Resolution
SYN-026979,5,10-05-2026,Payment Reminder / Collections Resolution
SYN-026979,6,20-05-2026,Payment Reminder / Collections Resolution
SYN-026979,7,30-05-2026,Payment Reminder / Collections Resolution
SYN-026979,8,10-06-2026,Payment Reminder / Collections Resolution
SYN-026979,9,20-06-2026,Payment Reminder / Collections Resolution
SYN-026979,10,30-06-2026,Bank Term Deposit
SYN-026979,11,10-07-2026,Bank Term Deposit
SYN-026979,12,20-07-2026,Insurance Cross-Sell
SYN-026979,13,30-07-2026,Insurance Cross-Sell
SYN-026979,14,10-08-2026,Insurance Cross-Sell
SYN-026979,15,20-08-2026,Insurance Cross-Sell
SYN-026979,16,30-08-2026,Insurance Cross-Sell
SYN-026979,17,10-09-2026,Insurance Cross-Sell
SYN-026979,18,20-09-2026,Insurance Cross-Sell
SYN-022357,1,30-03-2026,Bank Term Deposit
SYN-022357,2,10-04-2026,Bank Term Deposit
SYN-022357,3,20-04-2026,Bank Term Deposit
SYN-022357,4,30-04-2026,Bank Term Deposit
SYN-022357,5,10-05-2026,Bank Term Deposit
SYN-022357,6,20-05-2026,Bank Term Deposit
SYN-022357,7,30-05-2026,Bank Term Deposit
SYN-022357,8,10-06-2026,Bank Term Deposit
SYN-022357,9,20-06-2026,Bank Term Deposit
SYN-022357,10,30-06-2026,Bank Term Deposit
SYN-022357,11,10-07-2026,Bank Term Deposit
SYN-022357,12,20-07-2026,Bank Term Deposit
SYN-022357,13,30-07-2026,Bank Term Deposit
SYN-022357,14,10-08-2026,Bank Term Deposit
SYN-022357,15,20-08-2026,Bank Term Deposit
SYN-022357,16,30-08-2026,Bank Term Deposit
SYN-022357,17,10-09-2026,Insurance Cross-Sell
SYN-022357,18,20-09-2026,Insurance Cross-Sell
SYN-005772,1,30-03-2026,Insurance Cross-Sell
SYN-005772,2,10-04-2026,Insurance Cross-Sell
SYN-005772,3,20-04-2026,Insurance Cross-Sell
SYN-005772,4,30-04-2026,Bank Term Deposit
SYN-005772,5,10-05-2026,Insurance Cross-Sell
SYN-005772,6,20-05-2026,Insurance Cross-Sell
SYN-005772,7,30-05-2026,Insurance Cross-Sell
SYN-005772,8,10-06-2026,Bank Term Deposit
SYN-005772,9,20-06-2026,Bank Term Deposit
SYN-005772,10,30-06-2026,Bank Term Deposit
SYN-005772,11,10-07-2026,Bank Term Deposit
SYN-005772,12,20-07-2026,Bank Term Deposit
SYN-005772,13,30-07-2026,Bank Term Deposit
SYN-005772,14,10-08-2026,Insurance Cross-Sell
SYN-005772,15,20-08-2026,Insurance Cross-Sell
SYN-005772,16,30-08-2026,Insurance Cross-Sell
SYN-005772,17,10-09-2026,Insurance Cross-Sell
SYN-005772,18,20-09-2026,Insurance Cross-Sell
SYN-030930,1,30-03-2026,Bank Term Deposit
SYN-030930,2,10-04-2026,Bank Term Deposit
SYN-030930,3,20-04-2026,Bank Term Deposit
SYN-030930,4,30-04-2026,Bank Term Deposit
SYN-030930,5,10-05-2026,Insurance Cross-Sell
SYN-030930,6,20-05-2026,Insurance Cross-Sell
SYN-030930,7,30-05-2026,Insurance Cross-Sell
SYN-030930,8,10-06-2026,Insurance Cross-Sell
SYN-030930,9,20-06-2026,Insurance Cross-Sell
SYN-030930,10,30-06-2026,Insurance Cross-Sell
SYN-030930,11,10-07-2026,Insurance Cross-Sell
SYN-030930,12,20-07-2026,Insurance Cross-Sell
SYN-030930,13,30-07-2026,Bank Term Deposit
SYN-030930,14,10-08-2026,Bank Term Deposit
SYN-030930,15,20-08-2026,Bank Term Deposit
SYN-030930,16,30-08-2026,Bank Term Deposit
SYN-030930,17,10-09-2026,Bank Term Deposit
SYN-030930,18,20-09-2026,Bank Term Deposit
SYN-023426,1,30-03-2026,Payment Reminder / Collections Resolution
SYN-023426,2,10-04-2026,Payment Reminder / Collections Resolution
SYN-023426,3,20-04-2026,Bank Term Deposit
SYN-023426,4,30-04-2026,Bank Term Deposit
SYN-023426,5,10-05-2026,Bank Term Deposit
SYN-023426,6,20-05-2026,Bank Term Deposit
SYN-023426,7,30-05-2026,Bank Term Deposit
SYN-023426,8,10-06-2026,Bank Term Deposit
SYN-023426,9,20-06-2026,Bank Term Deposit
SYN-023426,10,30-06-2026,Bank Term Deposit
SYN-023426,11,10-07-2026,Insurance Cross-Sell
SYN-023426,12,20-07-2026,Insurance Cross-Sell
SYN-023426,13,30-07-2026,Insurance Cross-Sell
SYN-023426,14,10-08-2026,Insurance Cross-Sell
SYN-023426,15,20-08-2026,Insurance Cross-Sell
SYN-023426,16,30-08-2026,Insurance Cross-Sell
SYN-023426,17,10-09-2026,Payment Reminder / Collections Resolution
SYN-023426,18,20-09-2026,Payment Reminder / Collections Resolution
SYN-010499,1,30-03-2026,Bank Term Deposit
SYN-010499,2,10-04-2026,Retention Action
SYN-010499,3,20-04-2026,Retention Action
SYN-010499,4,30-04-2026,Retention Action
SYN-010499,5,10-05-2026,Retention Action
SYN-010499,6,20-05-2026,Retention Action
SYN-010499,7,30-05-2026,Insurance Cross-Sell
SYN-010499,8,10-06-2026,Insurance Cross-Sell
SYN-010499,9,20-06-2026,Insurance Cross-Sell
SYN-010499,10,30-06-2026,Insurance Cross-Sell
SYN-010499,11,10-07-2026,Insurance Cross-Sell
SYN-010499,12,20-07-2026,Insurance Cross-Sell
SYN-010499,13,30-07-2026,Insurance Cross-Sell
SYN-010499,14,10-08-2026,Insurance Cross-Sell
SYN-010499,15,20-08-2026,Insurance Cross-Sell
SYN-010499,16,30-08-2026,Service Resolution
SYN-010499,17,10-09-2026,Service Resolution
SYN-010499,18,20-09-2026,Service Resolution
SYN-008508,1,30-03-2026,Insurance Cross-Sell
SYN-008508,2,10-04-2026,Insurance Cross-Sell
SYN-008508,3,20-04-2026,Insurance Cross-Sell
SYN-008508,4,30-04-2026,Insurance Cross-Sell
SYN-008508,5,10-05-2026,Insurance Cross-Sell
SYN-008508,6,20-05-2026,Insurance Cross-Sell
SYN-008508,7,30-05-2026,Bank Term Deposit
SYN-008508,8,10-06-2026,Bank Term Deposit
SYN-008508,9,20-06-2026,Bank Term Deposit
SYN-008508,10,30-06-2026,Bank Term Deposit
SYN-008508,11,10-07-2026,Bank Term Deposit
SYN-008508,12,20-07-2026,Insurance Cross-Sell
SYN-008508,13,30-07-2026,Insurance Cross-Sell
SYN-008508,14,10-08-2026,Insurance Cross-Sell
SYN-008508,15,20-08-2026,Insurance Cross-Sell
SYN-008508,16,30-08-2026,Bank Term Deposit
SYN-008508,17,10-09-2026,Bank Term Deposit
SYN-008508,18,20-09-2026,Bank Term Deposit
SYN-042454,1,30-03-2026,Bank Term Deposit
SYN-042454,2,10-04-2026,Service Intervention (Low NPS)
SYN-042454,3,20-04-2026,Bank Term Deposit
SYN-042454,4,30-04-2026,Bank Term Deposit
SYN-042454,5,10-05-2026,Bank Term Deposit
SYN-042454,6,20-05-2026,Payment Reminder / Collections Resolution
SYN-042454,7,30-05-2026,Payment Reminder / Collections Resolution
SYN-042454,8,10-06-2026,Bank Term Deposit
SYN-042454,9,20-06-2026,Insurance Cross-Sell
SYN-042454,10,30-06-2026,Insurance Cross-Sell
SYN-042454,11,10-07-2026,Insurance Cross-Sell
SYN-042454,12,20-07-2026,Insurance Cross-Sell
SYN-042454,13,30-07-2026,Insurance Cross-Sell
SYN-042454,14,10-08-2026,Complete KYC
SYN-042454,15,20-08-2026,Complete KYC
SYN-042454,16,30-08-2026,Complete KYC
SYN-042454,17,10-09-2026,Complete KYC
SYN-042454,18,20-09-2026,Complete KYC
SYN-006193,1,30-03-2026,Bank Term Deposit
SYN-006193,2,10-04-2026,Bank Term Deposit
SYN-006193,3,20-04-2026,Bank Term Deposit
SYN-006193,4,30-04-2026,Bank Term Deposit
SYN-006193,5,10-05-2026,Bank Term Deposit
SYN-006193,6,20-05-2026,Bank Term Deposit
SYN-006193,7,30-05-2026,Service Intervention (Low NPS)
SYN-006193,8,10-06-2026,Bank Term Deposit
SYN-006193,9,20-06-2026,Bank Term Deposit
SYN-006193,10,30-06-2026,Bank Term Deposit
SYN-006193,11,10-07-2026,Bank Term Deposit
SYN-006193,12,20-07-2026,Service Intervention (Low NPS)
SYN-006193,13,30-07-2026,Service Intervention (Low NPS)
SYN-006193,14,10-08-2026,Service Intervention (Low NPS)
SYN-006193,15,20-08-2026,Bank Term Deposit
SYN-006193,16,30-08-2026,Bank Term Deposit
SYN-006193,17,10-09-2026,Insurance Cross-Sell
SYN-006193,18,20-09-2026,Insurance Cross-Sell
SYN-012739,1,30-03-2026,Insurance Cross-Sell
SYN-012739,2,10-04-2026,Payment Reminder / Collections Resolution
SYN-012739,3,20-04-2026,Payment Reminder / Collections Resolution
SYN-012739,4,30-04-2026,Insurance Cross-Sell
SYN-012739,5,10-05-2026,Insurance Cross-Sell
SYN-012739,6,20-05-2026,Insurance Cross-Sell
SYN-012739,7,30-05-2026,Insurance Cross-Sell
SYN-012739,8,10-06-2026,Insurance Cross-Sell
SYN-012739,9,20-06-2026,Insurance Cross-Sell
SYN-012739,10,30-06-2026,Insurance Cross-Sell
SYN-012739,11,10-07-2026,Bank Term Deposit
SYN-012739,12,20-07-2026,Insurance Cross-Sell
SYN-012739,13,30-07-2026,Insurance Cross-Sell
SYN-012739,14,10-08-2026,Insurance Cross-Sell
SYN-012739,15,20-08-2026,Retention Action
SYN-012739,16,30-08-2026,Insurance Cross-Sell
SYN-012739,17,10-09-2026,Insurance Cross-Sell
SYN-012739,18,20-09-2026,Insurance Cross-Sell
SYN-043676,1,30-03-2026,Insurance Cross-Sell
SYN-043676,2,10-04-2026,Insurance Cross-Sell
SYN-043676,3,20-04-2026,Insurance Cross-Sell
SYN-043676,4,30-04-2026,Service Resolution
SYN-043676,5,10-05-2026,Bank Term Deposit
SYN-043676,6,20-05-2026,Bank Term Deposit
SYN-043676,7,30-05-2026,Bank Term Deposit
SYN-043676,8,10-06-2026,Bank Term Deposit
SYN-043676,9,20-06-2026,Bank Term Deposit
SYN-043676,10,30-06-2026,Bank Term Deposit
SYN-043676,11,10-07-2026,Bank Term Deposit
SYN-043676,12,20-07-2026,Bank Term Deposit
SYN-043676,13,30-07-2026,Bank Term Deposit
SYN-043676,14,10-08-2026,Insurance Cross-Sell
SYN-043676,15,20-08-2026,Insurance Cross-Sell
SYN-043676,16,30-08-2026,Service Intervention (Low NPS)
SYN-043676,17,10-09-2026,Bank Term Deposit
SYN-043676,18,20-09-2026,Bank Term Deposit
SYN-015205,1,30-03-2026,Insurance Cross-Sell
SYN-015205,2,10-04-2026,Insurance Cross-Sell
SYN-015205,3,20-04-2026,Insurance Cross-Sell
SYN-015205,4,30-04-2026,Insurance Cross-Sell
SYN-015205,5,10-05-2026,Insurance Cross-Sell
SYN-015205,6,20-05-2026,Insurance Cross-Sell
SYN-015205,7,30-05-2026,Insurance Cross-Sell
SYN-015205,8,10-06-2026,Insurance Cross-Sell
SYN-015205,9,20-06-2026,Insurance Cross-Sell
SYN-015205,10,30-06-2026,Payment Reminder / Collections Resolution
SYN-015205,11,10-07-2026,Payment Reminder / Collections Resolution
SYN-015205,12,20-07-2026,Payment Reminder / Collections Resolution
SYN-015205,13,30-07-2026,Insurance Cross-Sell
SYN-015205,14,10-08-2026,Insurance Cross-Sell
SYN-015205,15,20-08-2026,Insurance Cross-Sell
SYN-015205,16,30-08-2026,Payment Reminder / Collections Resolution
SYN-015205,17,10-09-2026,Payment Reminder / Collections Resolution
SYN-015205,18,20-09-2026,Payment Reminder / Collections Resolution
SYN-003376,1,30-03-2026,Insurance Cross-Sell
SYN-003376,2,10-04-2026,Service Intervention (Low NPS)
SYN-003376,3,20-04-2026,Service Intervention (Low NPS)
SYN-003376,4,30-04-2026,Insurance Cross-Sell
SYN-003376,5,10-05-2026,Insurance Cross-Sell
SYN-003376,6,20-05-2026,Insurance Cross-Sell
SYN-003376,7,30-05-2026,Insurance Cross-Sell
SYN-003376,8,10-06-2026,Insurance Cross-Sell
SYN-003376,9,20-06-2026,Insurance Cross-Sell
SYN-003376,10,30-06-2026,Insurance Cross-Sell
SYN-003376,11,10-07-2026,Insurance Cross-Sell
SYN-003376,12,20-07-2026,Insurance Cross-Sell
SYN-003376,13,30-07-2026,Insurance Cross-Sell
SYN-003376,14,10-08-2026,Insurance Cross-Sell
SYN-003376,15,20-08-2026,Insurance Cross-Sell
SYN-003376,16,30-08-2026,Insurance Cross-Sell
SYN-003376,17,10-09-2026,Insurance Cross-Sell
SYN-003376,18,20-09-2026,Insurance Cross-Sell
SYN-000621,1,30-03-2026,Insurance Cross-Sell
SYN-000621,2,10-04-2026,Insurance Cross-Sell
SYN-000621,3,20-04-2026,Insurance Cross-Sell
SYN-000621,4,30-04-2026,Insurance Cross-Sell
SYN-000621,5,10-05-2026,Insurance Cross-Sell
SYN-000621,6,20-05-2026,Bank Term Deposit
SYN-000621,7,30-05-2026,Retention Action
SYN-000621,8,10-06-2026,Bank Term Deposit
SYN-000621,9,20-06-2026,Bank Term Deposit
SYN-000621,10,30-06-2026,Bank Term Deposit
SYN-000621,11,10-07-2026,Bank Term Deposit
SYN-000621,12,20-07-2026,Bank Term Deposit
SYN-000621,13,30-07-2026,Bank Term Deposit
SYN-000621,14,10-08-2026,Service Intervention (Low NPS)
SYN-000621,15,20-08-2026,Bank Term Deposit
SYN-000621,16,30-08-2026,Bank Term Deposit
SYN-000621,17,10-09-2026,Service Resolution
SYN-000621,18,20-09-2026,Service Resolution
SYN-018943,1,30-03-2026,Insurance Cross-Sell
SYN-018943,2,10-04-2026,Insurance Cross-Sell
SYN-018943,3,20-04-2026,Insurance Cross-Sell
SYN-018943,4,30-04-2026,Insurance Cross-Sell
SYN-018943,5,10-05-2026,Insurance Cross-Sell
SYN-018943,6,20-05-2026,Insurance Cross-Sell
SYN-018943,7,30-05-2026,Insurance Cross-Sell
SYN-018943,8,10-06-2026,Insurance Cross-Sell
SYN-018943,9,20-06-2026,Insurance Cross-Sell
SYN-018943,10,30-06-2026,Retention Action
SYN-018943,11,10-07-2026,Retention Action
SYN-018943,12,20-07-2026,Insurance Cross-Sell
SYN-018943,13,30-07-2026,Insurance Cross-Sell
SYN-018943,14,10-08-2026,Bank Term Deposit
SYN-018943,15,20-08-2026,Service Intervention (Low NPS)
SYN-018943,16,30-08-2026,Bank Term Deposit
SYN-018943,17,10-09-2026,Bank Term Deposit
SYN-018943,18,20-09-2026,Bank Term Deposit
SYN-015593,1,30-03-2026,Insurance Cross-Sell
SYN-015593,2,10-04-2026,Retention Action
SYN-015593,3,20-04-2026,Insurance Cross-Sell
SYN-015593,4,30-04-2026,Insurance Cross-Sell
SYN-015593,5,10-05-2026,Retention Action
SYN-015593,6,20-05-2026,Insurance Cross-Sell
SYN-015593,7,30-05-2026,Insurance Cross-Sell
SYN-015593,8,10-06-2026,Insurance Cross-Sell
SYN-015593,9,20-06-2026,Insurance Cross-Sell
SYN-015593,10,30-06-2026,Insurance Cross-Sell
SYN-015593,11,10-07-2026,Insurance Cross-Sell
SYN-015593,12,20-07-2026,Insurance Cross-Sell
SYN-015593,13,30-07-2026,Bank Term Deposit
SYN-015593,14,10-08-2026,Bank Term Deposit
SYN-015593,15,20-08-2026,Bank Term Deposit
SYN-015593,16,30-08-2026,Bank Term Deposit
SYN-015593,17,10-09-2026,Bank Term Deposit
SYN-015593,18,20-09-2026,Bank Term Deposit
SYN-031598,1,30-03-2026,Retention Action
SYN-031598,2,10-04-2026,Bank Term Deposit
SYN-031598,3,20-04-2026,Bank Term Deposit
SYN-031598,4,30-04-2026,Bank Term Deposit
SYN-031598,5,10-05-2026,Bank Term Deposit
SYN-031598,6,20-05-2026,Bank Term Deposit
SYN-031598,7,30-05-2026,Bank Term Deposit
SYN-031598,8,10-06-2026,Bank Term Deposit
SYN-031598,9,20-06-2026,Bank Term Deposit
SYN-031598,10,30-06-2026,Bank Term Deposit
SYN-031598,11,10-07-2026,Insurance Cross-Sell
SYN-031598,12,20-07-2026,Insurance Cross-Sell
SYN-031598,13,30-07-2026,Insurance Cross-Sell
SYN-031598,14,10-08-2026,Insurance Cross-Sell
SYN-031598,15,20-08-2026,Insurance Cross-Sell
SYN-031598,16,30-08-2026,Insurance Cross-Sell
SYN-031598,17,10-09-2026,Insurance Cross-Sell
SYN-031598,18,20-09-2026,Insurance Cross-Sell
SYN-020296,1,30-03-2026,Insurance Cross-Sell
SYN-020296,2,10-04-2026,Service Intervention (Low NPS)
SYN-020296,3,20-04-2026,Insurance Cross-Sell
SYN-020296,4,30-04-2026,Insurance Cross-Sell
SYN-020296,5,10-05-2026,Insurance Cross-Sell
SYN-020296,6,20-05-2026,Insurance Cross-Sell
SYN-020296,7,30-05-2026,Insurance Cross-Sell
SYN-020296,8,10-06-2026,Insurance Cross-Sell
SYN-020296,9,20-06-2026,Insurance Cross-Sell
SYN-020296,10,30-06-2026,Insurance Cross-Sell
SYN-020296,11,10-07-2026,Insurance Cross-Sell
SYN-020296,12,20-07-2026,Service Intervention (Low NPS)
SYN-020296,13,30-07-2026,Insurance Cross-Sell
SYN-020296,14,10-08-2026,Insurance Cross-Sell
SYN-020296,15,20-08-2026,Bank Term Deposit
SYN-020296,16,30-08-2026,No Marketing Action (Consent Withheld)
SYN-020296,17,10-09-2026,No Marketing Action (Consent Withheld)
SYN-020296,18,20-09-2026,No Marketing Action (Consent Withheld)
SYN-017079,1,30-03-2026,Insurance Cross-Sell
SYN-017079,2,10-04-2026,Insurance Cross-Sell
SYN-017079,3,20-04-2026,Insurance Cross-Sell
SYN-017079,4,30-04-2026,Insurance Cross-Sell
SYN-017079,5,10-05-2026,Insurance Cross-Sell
SYN-017079,6,20-05-2026,Bank Term Deposit
SYN-017079,7,30-05-2026,Bank Term Deposit
SYN-017079,8,10-06-2026,Bank Term Deposit
SYN-017079,9,20-06-2026,Bank Term Deposit
SYN-017079,10,30-06-2026,Bank Term Deposit
SYN-017079,11,10-07-2026,Bank Term Deposit
SYN-017079,12,20-07-2026,Bank Term Deposit
SYN-017079,13,30-07-2026,Bank Term Deposit
SYN-017079,14,10-08-2026,No Marketing Action (Consent Withheld)
SYN-017079,15,20-08-2026,No Marketing Action (Consent Withheld)
SYN-017079,16,30-08-2026,No Marketing Action (Consent Withheld)
SYN-017079,17,10-09-2026,No Marketing Action (Consent Withheld)
SYN-017079,18,20-09-2026,No Marketing Action (Consent Withheld)
SYN-003901,1,30-03-2026,Service Resolution
SYN-003901,2,10-04-2026,Bank Term Deposit
SYN-003901,3,20-04-2026,Bank Term Deposit
SYN-003901,4,30-04-2026,Bank Term Deposit
SYN-003901,5,10-05-2026,Bank Term Deposit
SYN-003901,6,20-05-2026,Bank Term Deposit
SYN-003901,7,30-05-2026,Bank Term Deposit
SYN-003901,8,10-06-2026,Service Intervention (Low NPS)
SYN-003901,9,20-06-2026,Bank Term Deposit
SYN-003901,10,30-06-2026,Service Intervention (Low NPS)
SYN-003901,11,10-07-2026,Service Intervention (Low NPS)
SYN-003901,12,20-07-2026,Bank Term Deposit
SYN-003901,13,30-07-2026,Bank Term Deposit
SYN-003901,14,10-08-2026,Bank Term Deposit
SYN-003901,15,20-08-2026,Bank Term Deposit
SYN-003901,16,30-08-2026,Bank Term Deposit
SYN-003901,17,10-09-2026,Bank Term Deposit
SYN-003901,18,20-09-2026,Bank Term Deposit
SYN-028506,1,30-03-2026,Bank Term Deposit
SYN-028506,2,10-04-2026,Bank Term Deposit
SYN-028506,3,20-04-2026,Bank Term Deposit
SYN-028506,4,30-04-2026,Bank Term Deposit
SYN-028506,5,10-05-2026,Insurance Cross-Sell
SYN-028506,6,20-05-2026,Insurance Cross-Sell
SYN-028506,7,30-05-2026,Insurance Cross-Sell
SYN-028506,8,10-06-2026,Insurance Cross-Sell
SYN-028506,9,20-06-2026,Insurance Cross-Sell
SYN-028506,10,30-06-2026,Insurance Cross-Sell
SYN-028506,11,10-07-2026,Insurance Cross-Sell
SYN-028506,12,20-07-2026,Bank Term Deposit
SYN-028506,13,30-07-2026,Bank Term Deposit
SYN-028506,14,10-08-2026,Insurance Cross-Sell
SYN-028506,15,20-08-2026,Insurance Cross-Sell
SYN-028506,16,30-08-2026,Insurance Cross-Sell
SYN-028506,17,10-09-2026,Insurance Cross-Sell
SYN-028506,18,20-09-2026,Insurance Cross-Sell
SYN-027292,1,30-03-2026,Bank Term Deposit
SYN-027292,2,10-04-2026,Bank Term Deposit
SYN-027292,3,20-04-2026,Bank Term Deposit
SYN-027292,4,30-04-2026,Bank Term Deposit
SYN-027292,5,10-05-2026,Bank Term Deposit
SYN-027292,6,20-05-2026,Bank Term Deposit
SYN-027292,7,30-05-2026,Bank Term Deposit
SYN-027292,8,10-06-2026,Bank Term Deposit
SYN-027292,9,20-06-2026,Service Intervention (Low NPS)
SYN-027292,10,30-06-2026,Bank Term Deposit
SYN-027292,11,10-07-2026,Bank Term Deposit
SYN-027292,12,20-07-2026,Bank Term Deposit
SYN-027292,13,30-07-2026,Bank Term Deposit
SYN-027292,14,10-08-2026,Bank Term Deposit
SYN-027292,15,20-08-2026,Bank Term Deposit
SYN-027292,16,30-08-2026,Bank Term Deposit
SYN-027292,17,10-09-2026,Bank Term Deposit
SYN-027292,18,20-09-2026,Bank Term Deposit
SYN-026595,1,30-03-2026,Retention Action
SYN-026595,2,10-04-2026,Retention Action
SYN-026595,3,20-04-2026,Bank Term Deposit
SYN-026595,4,30-04-2026,Bank Term Deposit
SYN-026595,5,10-05-2026,Bank Term Deposit
SYN-026595,6,20-05-2026,Bank Term Deposit
SYN-026595,7,30-05-2026,Bank Term Deposit
SYN-026595,8,10-06-2026,Insurance Cross-Sell
SYN-026595,9,20-06-2026,Insurance Cross-Sell
SYN-026595,10,30-06-2026,Retention Action
SYN-026595,11,10-07-2026,Retention Action
SYN-026595,12,20-07-2026,Retention Action
SYN-026595,13,30-07-2026,Insurance Cross-Sell
SYN-026595,14,10-08-2026,Bank Term Deposit
SYN-026595,15,20-08-2026,Bank Term Deposit
SYN-026595,16,30-08-2026,Bank Term Deposit
SYN-026595,17,10-09-2026,Retention Action
SYN-026595,18,20-09-2026,Retention Action
SYN-009632,1,30-03-2026,Insurance Cross-Sell
SYN-009632,2,10-04-2026,Insurance Cross-Sell
SYN-009632,3,20-04-2026,Insurance Cross-Sell
SYN-009632,4,30-04-2026,Insurance Cross-Sell
SYN-009632,5,10-05-2026,Insurance Cross-Sell
SYN-009632,6,20-05-2026,Insurance Cross-Sell
SYN-009632,7,30-05-2026,Insurance Cross-Sell
SYN-009632,8,10-06-2026,Insurance Cross-Sell
SYN-009632,9,20-06-2026,Insurance Cross-Sell
SYN-009632,10,30-06-2026,Insurance Cross-Sell
SYN-009632,11,10-07-2026,Insurance Cross-Sell
SYN-009632,12,20-07-2026,Insurance Cross-Sell
SYN-009632,13,30-07-2026,Insurance Cross-Sell
SYN-009632,14,10-08-2026,Insurance Cross-Sell
SYN-009632,15,20-08-2026,Insurance Cross-Sell
SYN-009632,16,30-08-2026,Insurance Cross-Sell
SYN-009632,17,10-09-2026,Service Resolution
SYN-009632,18,20-09-2026,Service Resolution
SYN-032985,1,30-03-2026,Insurance Cross-Sell
SYN-032985,2,10-04-2026,Insurance Cross-Sell
SYN-032985,3,20-04-2026,Insurance Cross-Sell
SYN-032985,4,30-04-2026,Insurance Cross-Sell
SYN-032985,5,10-05-2026,Insurance Cross-Sell
SYN-032985,6,20-05-2026,Insurance Cross-Sell
SYN-032985,7,30-05-2026,Insurance Cross-Sell
SYN-032985,8,10-06-2026,Insurance Cross-Sell
SYN-032985,9,20-06-2026,Insurance Cross-Sell
SYN-032985,10,30-06-2026,Insurance Cross-Sell
SYN-032985,11,10-07-2026,Insurance Cross-Sell
SYN-032985,12,20-07-2026,Insurance Cross-Sell
SYN-032985,13,30-07-2026,Insurance Cross-Sell
SYN-032985,14,10-08-2026,Insurance Cross-Sell
SYN-032985,15,20-08-2026,Insurance Cross-Sell
SYN-032985,16,30-08-2026,Complete KYC
SYN-032985,17,10-09-2026,Complete KYC
SYN-032985,18,20-09-2026,Complete KYC
SYN-042744,1,30-03-2026,Insurance Cross-Sell
SYN-042744,2,10-04-2026,Service Intervention (Low NPS)
SYN-042744,3,20-04-2026,Insurance Cross-Sell
SYN-042744,4,30-04-2026,Insurance Cross-Sell
SYN-042744,5,10-05-2026,Insurance Cross-Sell
SYN-042744,6,20-05-2026,Insurance Cross-Sell
SYN-042744,7,30-05-2026,Insurance Cross-Sell
SYN-042744,8,10-06-2026,Bank Term Deposit
SYN-042744,9,20-06-2026,Bank Term Deposit
SYN-042744,10,30-06-2026,Bank Term Deposit
SYN-042744,11,10-07-2026,Bank Term Deposit
SYN-042744,12,20-07-2026,Bank Term Deposit
SYN-042744,13,30-07-2026,Bank Term Deposit
SYN-042744,14,10-08-2026,Bank Term Deposit
SYN-042744,15,20-08-2026,Bank Term Deposit
SYN-042744,16,30-08-2026,Bank Term Deposit
SYN-042744,17,10-09-2026,Bank Term Deposit
SYN-042744,18,20-09-2026,Bank Term Deposit
SYN-044697,1,30-03-2026,Insurance Cross-Sell
SYN-044697,2,10-04-2026,Service Intervention (Low NPS)
SYN-044697,3,20-04-2026,Insurance Cross-Sell
SYN-044697,4,30-04-2026,Insurance Cross-Sell
SYN-044697,5,10-05-2026,Insurance Cross-Sell
SYN-044697,6,20-05-2026,Insurance Cross-Sell
SYN-044697,7,30-05-2026,Insurance Cross-Sell
SYN-044697,8,10-06-2026,Insurance Cross-Sell
SYN-044697,9,20-06-2026,Insurance Cross-Sell
SYN-044697,10,30-06-2026,Insurance Cross-Sell
SYN-044697,11,10-07-2026,Bank Term Deposit
SYN-044697,12,20-07-2026,Bank Term Deposit
SYN-044697,13,30-07-2026,Bank Term Deposit
SYN-044697,14,10-08-2026,Bank Term Deposit
SYN-044697,15,20-08-2026,Bank Term Deposit
SYN-044697,16,30-08-2026,Service Resolution
SYN-044697,17,10-09-2026,Service Resolution
SYN-044697,18,20-09-2026,Service Resolution
SYN-032897,1,30-03-2026,Insurance Cross-Sell
SYN-032897,2,10-04-2026,Insurance Cross-Sell
SYN-032897,3,20-04-2026,Insurance Cross-Sell
SYN-032897,4,30-04-2026,Insurance Cross-Sell
SYN-032897,5,10-05-2026,Retention Action
SYN-032897,6,20-05-2026,Insurance Cross-Sell
SYN-032897,7,30-05-2026,Insurance Cross-Sell
SYN-032897,8,10-06-2026,Service Resolution
SYN-032897,9,20-06-2026,Insurance Cross-Sell
SYN-032897,10,30-06-2026,Insurance Cross-Sell
SYN-032897,11,10-07-2026,Insurance Cross-Sell
SYN-032897,12,20-07-2026,Insurance Cross-Sell
SYN-032897,13,30-07-2026,Insurance Cross-Sell
SYN-032897,14,10-08-2026,Insurance Cross-Sell
SYN-032897,15,20-08-2026,Insurance Cross-Sell
SYN-032897,16,30-08-2026,Insurance Cross-Sell
SYN-032897,17,10-09-2026,Payment Reminder / Collections Resolution
SYN-032897,18,20-09-2026,Payment Reminder / Collections Resolution
SYN-043218,1,30-03-2026,Insurance Cross-Sell
SYN-043218,2,10-04-2026,Insurance Cross-Sell
SYN-043218,3,20-04-2026,Insurance Cross-Sell
SYN-043218,4,30-04-2026,Insurance Cross-Sell
SYN-043218,5,10-05-2026,Insurance Cross-Sell
SYN-043218,6,20-05-2026,Insurance Cross-Sell
SYN-043218,7,30-05-2026,Insurance Cross-Sell
SYN-043218,8,10-06-2026,Insurance Cross-Sell
SYN-043218,9,20-06-2026,Insurance Cross-Sell
SYN-043218,10,30-06-2026,Insurance Cross-Sell
SYN-043218,11,10-07-2026,Insurance Cross-Sell
SYN-043218,12,20-07-2026,Insurance Cross-Sell
SYN-043218,13,30-07-2026,Insurance Cross-Sell
SYN-043218,14,10-08-2026,Insurance Cross-Sell
SYN-043218,15,20-08-2026,Payment Reminder / Collections Resolution
SYN-043218,16,30-08-2026,Payment Reminder / Collections Resolution
SYN-043218,17,10-09-2026,Payment Reminder / Collections Resolution
SYN-043218,18,20-09-2026,Payment Reminder / Collections Resolution
SYN-003413,1,30-03-2026,Insurance Cross-Sell
SYN-003413,2,10-04-2026,Insurance Cross-Sell
SYN-003413,3,20-04-2026,Insurance Cross-Sell
SYN-003413,4,30-04-2026,Insurance Cross-Sell
SYN-003413,5,10-05-2026,Insurance Cross-Sell
SYN-003413,6,20-05-2026,Insurance Cross-Sell
SYN-003413,7,30-05-2026,Insurance Cross-Sell
SYN-003413,8,10-06-2026,Insurance Cross-Sell
SYN-003413,9,20-06-2026,Insurance Cross-Sell
SYN-003413,10,30-06-2026,Insurance Cross-Sell
SYN-003413,11,10-07-2026,Insurance Cross-Sell
SYN-003413,12,20-07-2026,Insurance Cross-Sell
SYN-003413,13,30-07-2026,Insurance Cross-Sell
SYN-003413,14,10-08-2026,Payment Reminder / Collections Resolution
SYN-003413,15,20-08-2026,Payment Reminder / Collections Resolution
SYN-003413,16,30-08-2026,Payment Reminder / Collections Resolution
SYN-003413,17,10-09-2026,Payment Reminder / Collections Resolution
SYN-003413,18,20-09-2026,Payment Reminder / Collections Resolution
SYN-010917,1,30-03-2026,Service Intervention (Low NPS)
SYN-010917,2,10-04-2026,Bank Term Deposit
SYN-010917,3,20-04-2026,Bank Term Deposit
SYN-010917,4,30-04-2026,Bank Term Deposit
SYN-010917,5,10-05-2026,Service Intervention (Low NPS)
SYN-010917,6,20-05-2026,Service Intervention (Low NPS)
SYN-010917,7,30-05-2026,Bank Term Deposit
SYN-010917,8,10-06-2026,Bank Term Deposit
SYN-010917,9,20-06-2026,Bank Term Deposit
SYN-010917,10,30-06-2026,Bank Term Deposit
SYN-010917,11,10-07-2026,Bank Term Deposit
SYN-010917,12,20-07-2026,Bank Term Deposit
SYN-010917,13,30-07-2026,Bank Term Deposit
SYN-010917,14,10-08-2026,Bank Term Deposit
SYN-010917,15,20-08-2026,Bank Term Deposit
SYN-010917,16,30-08-2026,Bank Term Deposit
SYN-010917,17,10-09-2026,Bank Term Deposit
SYN-010917,18,20-09-2026,Bank Term Deposit
SYN-004288,1,30-03-2026,Bank Term Deposit
SYN-004288,2,10-04-2026,Insurance Cross-Sell
SYN-004288,3,20-04-2026,Insurance Cross-Sell
SYN-004288,4,30-04-2026,Payment Reminder / Collections Resolution
SYN-004288,5,10-05-2026,Insurance Cross-Sell
SYN-004288,6,20-05-2026,Insurance Cross-Sell
SYN-004288,7,30-05-2026,Insurance Cross-Sell
SYN-004288,8,10-06-2026,Service Resolution
SYN-004288,9,20-06-2026,Service Resolution
SYN-004288,10,30-06-2026,Insurance Cross-Sell
SYN-004288,11,10-07-2026,Insurance Cross-Sell
SYN-004288,12,20-07-2026,Insurance Cross-Sell
SYN-004288,13,30-07-2026,Insurance Cross-Sell
SYN-004288,14,10-08-2026,Bank Term Deposit
SYN-004288,15,20-08-2026,Bank Term Deposit
SYN-004288,16,30-08-2026,Bank Term Deposit
SYN-004288,17,10-09-2026,Bank Term Deposit
SYN-004288,18,20-09-2026,Bank Term Deposit
SYN-041121,1,30-03-2026,Bank Term Deposit
SYN-041121,2,10-04-2026,Bank Term Deposit
SYN-041121,3,20-04-2026,Insurance Cross-Sell
SYN-041121,4,30-04-2026,Insurance Cross-Sell
SYN-041121,5,10-05-2026,Insurance Cross-Sell
SYN-041121,6,20-05-2026,Insurance Cross-Sell
SYN-041121,7,30-05-2026,Insurance Cross-Sell
SYN-041121,8,10-06-2026,Service Intervention (Low NPS)
SYN-041121,9,20-06-2026,Service Intervention (Low NPS)
SYN-041121,10,30-06-2026,Insurance Cross-Sell
SYN-041121,11,10-07-2026,Insurance Cross-Sell
SYN-041121,12,20-07-2026,Insurance Cross-Sell
SYN-041121,13,30-07-2026,Insurance Cross-Sell
SYN-041121,14,10-08-2026,Complete KYC
SYN-041121,15,20-08-2026,Complete KYC
SYN-041121,16,30-08-2026,Complete KYC
SYN-041121,17,10-09-2026,Complete KYC
SYN-041121,18,20-09-2026,Complete KYC
SYN-036273,1,30-03-2026,Insurance Cross-Sell
SYN-036273,2,10-04-2026,Insurance Cross-Sell
SYN-036273,3,20-04-2026,Insurance Cross-Sell
SYN-036273,4,30-04-2026,Insurance Cross-Sell
SYN-036273,5,10-05-2026,Insurance Cross-Sell
SYN-036273,6,20-05-2026,Insurance Cross-Sell
SYN-036273,7,30-05-2026,Insurance Cross-Sell
SYN-036273,8,10-06-2026,Service Resolution
SYN-036273,9,20-06-2026,Insurance Cross-Sell
SYN-036273,10,30-06-2026,Payment Reminder / Collections Resolution
SYN-036273,11,10-07-2026,Insurance Cross-Sell
SYN-036273,12,20-07-2026,Insurance Cross-Sell
SYN-036273,13,30-07-2026,Insurance Cross-Sell
SYN-036273,14,10-08-2026,Bank Term Deposit
SYN-036273,15,20-08-2026,Bank Term Deposit
SYN-036273,16,30-08-2026,No Marketing Action (Consent Withheld)
SYN-036273,17,10-09-2026,No Marketing Action (Consent Withheld)
SYN-036273,18,20-09-2026,No Marketing Action (Consent Withheld)
SYN-009362,1,30-03-2026,Bank Term Deposit
SYN-009362,2,10-04-2026,Bank Term Deposit
SYN-009362,3,20-04-2026,Bank Term Deposit
SYN-009362,4,30-04-2026,Bank Term Deposit
SYN-009362,5,10-05-2026,Bank Term Deposit
SYN-009362,6,20-05-2026,Bank Term Deposit
SYN-009362,7,30-05-2026,Bank Term Deposit
SYN-009362,8,10-06-2026,Retention Action
SYN-009362,9,20-06-2026,Bank Term Deposit
SYN-009362,10,30-06-2026,Bank Term Deposit
SYN-009362,11,10-07-2026,Bank Term Deposit
SYN-009362,12,20-07-2026,Bank Term Deposit
SYN-009362,13,30-07-2026,Bank Term Deposit
SYN-009362,14,10-08-2026,Insurance Cross-Sell
SYN-009362,15,20-08-2026,Insurance Cross-Sell
SYN-009362,16,30-08-2026,Insurance Cross-Sell
SYN-009362,17,10-09-2026,Insurance Cross-Sell
SYN-009362,18,20-09-2026,Insurance Cross-Sell
SYN-043699,1,30-03-2026,Bank Term Deposit
SYN-043699,2,10-04-2026,Bank Term Deposit
SYN-043699,3,20-04-2026,Bank Term Deposit
SYN-043699,4,30-04-2026,Bank Term Deposit
SYN-043699,5,10-05-2026,Bank Term Deposit
SYN-043699,6,20-05-2026,Payment Reminder / Collections Resolution
SYN-043699,7,30-05-2026,Payment Reminder / Collections Resolution
SYN-043699,8,10-06-2026,Bank Term Deposit
SYN-043699,9,20-06-2026,Bank Term Deposit
SYN-043699,10,30-06-2026,Bank Term Deposit
SYN-043699,11,10-07-2026,Bank Term Deposit
SYN-043699,12,20-07-2026,Insurance Cross-Sell
SYN-043699,13,30-07-2026,Insurance Cross-Sell
SYN-043699,14,10-08-2026,Bank Term Deposit
SYN-043699,15,20-08-2026,Payment Reminder / Collections Resolution
SYN-043699,16,30-08-2026,Payment Reminder / Collections Resolution
SYN-043699,17,10-09-2026,Payment Reminder / Collections Resolution
SYN-043699,18,20-09-2026,Payment Reminder / Collections Resolution
SYN-028925,1,30-03-2026,Insurance Cross-Sell
SYN-028925,2,10-04-2026,Insurance Cross-Sell
SYN-028925,3,20-04-2026,Insurance Cross-Sell
SYN-028925,4,30-04-2026,Insurance Cross-Sell
SYN-028925,5,10-05-2026,Insurance Cross-Sell
SYN-028925,6,20-05-2026,Insurance Cross-Sell
SYN-028925,7,30-05-2026,Insurance Cross-Sell
SYN-028925,8,10-06-2026,Bank Term Deposit
SYN-028925,9,20-06-2026,Bank Term Deposit
SYN-028925,10,30-06-2026,Bank Term Deposit
SYN-028925,11,10-07-2026,Bank Term Deposit
SYN-028925,12,20-07-2026,Bank Term Deposit
SYN-028925,13,30-07-2026,Bank Term Deposit
SYN-028925,14,10-08-2026,Bank Term Deposit
SYN-028925,15,20-08-2026,Bank Term Deposit
SYN-028925,16,30-08-2026,Bank Term Deposit
SYN-028925,17,10-09-2026,Bank Term Deposit
SYN-028925,18,20-09-2026,Bank Term Deposit
SYN-043826,1,30-03-2026,Insurance Cross-Sell
SYN-043826,2,10-04-2026,Insurance Cross-Sell
SYN-043826,3,20-04-2026,Insurance Cross-Sell
SYN-043826,4,30-04-2026,Insurance Cross-Sell
SYN-043826,5,10-05-2026,Insurance Cross-Sell
SYN-043826,6,20-05-2026,Insurance Cross-Sell
SYN-043826,7,30-05-2026,Insurance Cross-Sell
SYN-043826,8,10-06-2026,Insurance Cross-Sell
SYN-043826,9,20-06-2026,Insurance Cross-Sell
SYN-043826,10,30-06-2026,Insurance Cross-Sell
SYN-043826,11,10-07-2026,Insurance Cross-Sell
SYN-043826,12,20-07-2026,Insurance Cross-Sell
SYN-043826,13,30-07-2026,Insurance Cross-Sell
SYN-043826,14,10-08-2026,Insurance Cross-Sell
SYN-043826,15,20-08-2026,Insurance Cross-Sell
SYN-043826,16,30-08-2026,Insurance Cross-Sell
SYN-043826,17,10-09-2026,Insurance Cross-Sell
SYN-043826,18,20-09-2026,Insurance Cross-Sell
SYN-024906,1,30-03-2026,Service Intervention (Low NPS)
SYN-024906,2,10-04-2026,Service Intervention (Low NPS)
SYN-024906,3,20-04-2026,Insurance Cross-Sell
SYN-024906,4,30-04-2026,Insurance Cross-Sell
SYN-024906,5,10-05-2026,Service Resolution
SYN-024906,6,20-05-2026,Insurance Cross-Sell
SYN-024906,7,30-05-2026,Bank Term Deposit
SYN-024906,8,10-06-2026,Bank Term Deposit
SYN-024906,9,20-06-2026,Bank Term Deposit
SYN-024906,10,30-06-2026,Bank Term Deposit
SYN-024906,11,10-07-2026,Bank Term Deposit
SYN-024906,12,20-07-2026,Bank Term Deposit
SYN-024906,13,30-07-2026,Bank Term Deposit
SYN-024906,14,10-08-2026,Bank Term Deposit
SYN-024906,15,20-08-2026,Insurance Cross-Sell
SYN-024906,16,30-08-2026,Bank Term Deposit
SYN-024906,17,10-09-2026,Insurance Cross-Sell
SYN-024906,18,20-09-2026,Insurance Cross-Sell
SYN-033171,1,30-03-2026,Bank Term Deposit
SYN-033171,2,10-04-2026,Bank Term Deposit
SYN-033171,3,20-04-2026,Bank Term Deposit
SYN-033171,4,30-04-2026,Bank Term Deposit
SYN-033171,5,10-05-2026,Bank Term Deposit
SYN-033171,6,20-05-2026,Bank Term Deposit
SYN-033171,7,30-05-2026,Bank Term Deposit
SYN-033171,8,10-06-2026,Bank Term Deposit
SYN-033171,9,20-06-2026,Bank Term Deposit
SYN-033171,10,30-06-2026,Bank Term Deposit
SYN-033171,11,10-07-2026,Bank Term Deposit
SYN-033171,12,20-07-2026,Bank Term Deposit
SYN-033171,13,30-07-2026,Bank Term Deposit
SYN-033171,14,10-08-2026,No Marketing Action (Consent Withheld)
SYN-033171,15,20-08-2026,No Marketing Action (Consent Withheld)
SYN-033171,16,30-08-2026,No Marketing Action (Consent Withheld)
SYN-033171,17,10-09-2026,No Marketing Action (Consent Withheld)
SYN-033171,18,20-09-2026,No Marketing Action (Consent Withheld)
SYN-017696,1,30-03-2026,Bank Term Deposit
SYN-017696,2,10-04-2026,Bank Term Deposit
SYN-017696,3,20-04-2026,Bank Term Deposit
SYN-017696,4,30-04-2026,Bank Term Deposit
SYN-017696,5,10-05-2026,Bank Term Deposit
SYN-017696,6,20-05-2026,Bank Term Deposit
SYN-017696,7,30-05-2026,Bank Term Deposit
SYN-017696,8,10-06-2026,Insurance Cross-Sell
SYN-017696,9,20-06-2026,Insurance Cross-Sell
SYN-017696,10,30-06-2026,Insurance Cross-Sell
SYN-017696,11,10-07-2026,Insurance Cross-Sell
SYN-017696,12,20-07-2026,Insurance Cross-Sell
SYN-017696,13,30-07-2026,Insurance Cross-Sell
SYN-017696,14,10-08-2026,Insurance Cross-Sell
SYN-017696,15,20-08-2026,Insurance Cross-Sell
SYN-017696,16,30-08-2026,Insurance Cross-Sell
SYN-017696,17,10-09-2026,Insurance Cross-Sell
SYN-017696,18,20-09-2026,Insurance Cross-Sell
SYN-003649,1,30-03-2026,Bank Term Deposit
SYN-003649,2,10-04-2026,Bank Term Deposit
SYN-003649,3,20-04-2026,Bank Term Deposit
SYN-003649,4,30-04-2026,Payment Reminder / Collections Resolution
SYN-003649,5,10-05-2026,Bank Term Deposit
SYN-003649,6,20-05-2026,Bank Term Deposit
SYN-003649,7,30-05-2026,Bank Term Deposit
SYN-003649,8,10-06-2026,Bank Term Deposit
SYN-003649,9,20-06-2026,Insurance Cross-Sell
SYN-003649,10,30-06-2026,Insurance Cross-Sell
SYN-003649,11,10-07-2026,Insurance Cross-Sell
SYN-003649,12,20-07-2026,Insurance Cross-Sell
SYN-003649,13,30-07-2026,Insurance Cross-Sell
SYN-003649,14,10-08-2026,Retention Action
SYN-003649,15,20-08-2026,Insurance Cross-Sell
SYN-003649,16,30-08-2026,Insurance Cross-Sell
SYN-003649,17,10-09-2026,Insurance Cross-Sell
SYN-003649,18,20-09-2026,Insurance Cross-Sell
SYN-007226,1,30-03-2026,No Marketing Action (Consent Withheld)
SYN-007226,2,10-04-2026,No Marketing Action (Consent Withheld)
SYN-007226,3,20-04-2026,No Marketing Action (Consent Withheld)
SYN-007226,4,30-04-2026,No Marketing Action (Consent Withheld)
SYN-007226,5,10-05-2026,No Marketing Action (Consent Withheld)
SYN-007226,6,20-05-2026,No Marketing Action (Consent Withheld)
SYN-007226,7,30-05-2026,No Marketing Action (Consent Withheld)
SYN-007226,8,10-06-2026,No Marketing Action (Consent Withheld)
SYN-007226,9,20-06-2026,No Marketing Action (Consent Withheld)
SYN-007226,10,30-06-2026,No Marketing Action (Consent Withheld)
SYN-007226,11,10-07-2026,No Marketing Action (Consent Withheld)
SYN-007226,12,20-07-2026,No Marketing Action (Consent Withheld)
SYN-007226,13,30-07-2026,No Marketing Action (Consent Withheld)
SYN-007226,14,10-08-2026,No Marketing Action (Consent Withheld)
SYN-007226,15,20-08-2026,No Marketing Action (Consent Withheld)
SYN-007226,16,30-08-2026,No Marketing Action (Consent Withheld)
SYN-007226,17,10-09-2026,No Marketing Action (Consent Withheld)
SYN-007226,18,20-09-2026,No Marketing Action (Consent Withheld)
SYN-012173,1,30-03-2026,Insurance Cross-Sell
SYN-012173,2,10-04-2026,Insurance Cross-Sell
SYN-012173,3,20-04-2026,Insurance Cross-Sell
SYN-012173,4,30-04-2026,Bank Term Deposit
SYN-012173,5,10-05-2026,Bank Term Deposit
SYN-012173,6,20-05-2026,Bank Term Deposit
SYN-012173,7,30-05-2026,Bank Term Deposit
SYN-012173,8,10-06-2026,Bank Term Deposit
SYN-012173,9,20-06-2026,Bank Term Deposit
SYN-012173,10,30-06-2026,Bank Term Deposit
SYN-012173,11,10-07-2026,Bank Term Deposit
SYN-012173,12,20-07-2026,Bank Term Deposit
SYN-012173,13,30-07-2026,Complete KYC
SYN-012173,14,10-08-2026,Complete KYC
SYN-012173,15,20-08-2026,Complete KYC
SYN-012173,16,30-08-2026,Complete KYC
SYN-012173,17,10-09-2026,Complete KYC
SYN-012173,18,20-09-2026,Complete KYC
SYN-007074,1,30-03-2026,Insurance Cross-Sell
SYN-007074,2,10-04-2026,Insurance Cross-Sell
SYN-007074,3,20-04-2026,Insurance Cross-Sell
SYN-007074,4,30-04-2026,Payment Reminder / Collections Resolution
SYN-007074,5,10-05-2026,Insurance Cross-Sell
SYN-007074,6,20-05-2026,Insurance Cross-Sell
SYN-007074,7,30-05-2026,Insurance Cross-Sell
SYN-007074,8,10-06-2026,Insurance Cross-Sell
SYN-007074,9,20-06-2026,Insurance Cross-Sell
SYN-007074,10,30-06-2026,Insurance Cross-Sell
SYN-007074,11,10-07-2026,Insurance Cross-Sell
SYN-007074,12,20-07-2026,Insurance Cross-Sell
SYN-007074,13,30-07-2026,Insurance Cross-Sell
SYN-007074,14,10-08-2026,Insurance Cross-Sell
SYN-007074,15,20-08-2026,Bank Term Deposit
SYN-007074,16,30-08-2026,Insurance Cross-Sell
SYN-007074,17,10-09-2026,Service Resolution
SYN-007074,18,20-09-2026,Service Resolution
SYN-031768,1,30-03-2026,Insurance Cross-Sell
SYN-031768,2,10-04-2026,Insurance Cross-Sell
SYN-031768,3,20-04-2026,Insurance Cross-Sell
SYN-031768,4,30-04-2026,Insurance Cross-Sell
SYN-031768,5,10-05-2026,Insurance Cross-Sell
SYN-031768,6,20-05-2026,Insurance Cross-Sell
SYN-031768,7,30-05-2026,Insurance Cross-Sell
SYN-031768,8,10-06-2026,Insurance Cross-Sell
SYN-031768,9,20-06-2026,Insurance Cross-Sell
SYN-031768,10,30-06-2026,Insurance Cross-Sell
SYN-031768,11,10-07-2026,Insurance Cross-Sell
SYN-031768,12,20-07-2026,Insurance Cross-Sell
SYN-031768,13,30-07-2026,Insurance Cross-Sell
SYN-031768,14,10-08-2026,Insurance Cross-Sell
SYN-031768,15,20-08-2026,Insurance Cross-Sell
SYN-031768,16,30-08-2026,Insurance Cross-Sell
SYN-031768,17,10-09-2026,Insurance Cross-Sell
SYN-031768,18,20-09-2026,Insurance Cross-Sell
SYN-020883,1,30-03-2026,Payment Reminder / Collections Resolution
SYN-020883,2,10-04-2026,Bank Term Deposit
SYN-020883,3,20-04-2026,Bank Term Deposit
SYN-020883,4,30-04-2026,Bank Term Deposit
SYN-020883,5,10-05-2026,Bank Term Deposit
SYN-020883,6,20-05-2026,Bank Term Deposit
SYN-020883,7,30-05-2026,Bank Term Deposit
SYN-020883,8,10-06-2026,Bank Term Deposit
SYN-020883,9,20-06-2026,Bank Term Deposit
SYN-020883,10,30-06-2026,Bank Term Deposit
SYN-020883,11,10-07-2026,Bank Term Deposit
SYN-020883,12,20-07-2026,Bank Term Deposit
SYN-020883,13,30-07-2026,Payment Reminder / Collections Resolution
SYN-020883,14,10-08-2026,Payment Reminder / Collections Resolution
SYN-020883,15,20-08-2026,Payment Reminder / Collections Resolution
SYN-020883,16,30-08-2026,Payment Reminder / Collections Resolution
SYN-020883,17,10-09-2026,Payment Reminder / Collections Resolution
SYN-020883,18,20-09-2026,Payment Reminder / Collections Resolution
SYN-003039,1,30-03-2026,Bank Term Deposit
SYN-003039,2,10-04-2026,Bank Term Deposit
SYN-003039,3,20-04-2026,Bank Term Deposit
SYN-003039,4,30-04-2026,Bank Term Deposit
SYN-003039,5,10-05-2026,Bank Term Deposit
SYN-003039,6,20-05-2026,Insurance Cross-Sell
SYN-003039,7,30-05-2026,Insurance Cross-Sell
SYN-003039,8,10-06-2026,Service Intervention (Low NPS)
SYN-003039,9,20-06-2026,Insurance Cross-Sell
SYN-003039,10,30-06-2026,Bank Term Deposit
SYN-003039,11,10-07-2026,Bank Term Deposit
SYN-003039,12,20-07-2026,Bank Term Deposit
SYN-003039,13,30-07-2026,Bank Term Deposit
SYN-003039,14,10-08-2026,Bank Term Deposit
SYN-003039,15,20-08-2026,Bank Term Deposit
SYN-003039,16,30-08-2026,Insurance Cross-Sell
SYN-003039,17,10-09-2026,Insurance Cross-Sell
SYN-003039,18,20-09-2026,Insurance Cross-Sell
SYN-040549,1,30-03-2026,Bank Term Deposit
SYN-040549,2,10-04-2026,Bank Term Deposit
SYN-040549,3,20-04-2026,Bank Term Deposit
SYN-040549,4,30-04-2026,Insurance Cross-Sell
SYN-040549,5,10-05-2026,Insurance Cross-Sell
SYN-040549,6,20-05-2026,No Marketing Action (Consent Withheld)
SYN-040549,7,30-05-2026,No Marketing Action (Consent Withheld)
SYN-040549,8,10-06-2026,No Marketing Action (Consent Withheld)
SYN-040549,9,20-06-2026,No Marketing Action (Consent Withheld)
SYN-040549,10,30-06-2026,No Marketing Action (Consent Withheld)
SYN-040549,11,10-07-2026,No Marketing Action (Consent Withheld)
SYN-040549,12,20-07-2026,No Marketing Action (Consent Withheld)
SYN-040549,13,30-07-2026,No Marketing Action (Consent Withheld)
SYN-040549,14,10-08-2026,No Marketing Action (Consent Withheld)
SYN-040549,15,20-08-2026,No Marketing Action (Consent Withheld)
SYN-040549,16,30-08-2026,No Marketing Action (Consent Withheld)
SYN-040549,17,10-09-2026,No Marketing Action (Consent Withheld)
SYN-040549,18,20-09-2026,No Marketing Action (Consent Withheld)
SYN-037210,1,30-03-2026,Retention Action
SYN-037210,2,10-04-2026,Insurance Cross-Sell
SYN-037210,3,20-04-2026,Insurance Cross-Sell
SYN-037210,4,30-04-2026,Insurance Cross-Sell
SYN-037210,5,10-05-2026,Insurance Cross-Sell
SYN-037210,6,20-05-2026,Insurance Cross-Sell
SYN-037210,7,30-05-2026,Insurance Cross-Sell
SYN-037210,8,10-06-2026,Insurance Cross-Sell
SYN-037210,9,20-06-2026,Insurance Cross-Sell
SYN-037210,10,30-06-2026,Insurance Cross-Sell
SYN-037210,11,10-07-2026,Bank Term Deposit
SYN-037210,12,20-07-2026,Bank Term Deposit
SYN-037210,13,30-07-2026,Bank Term Deposit
SYN-037210,14,10-08-2026,Bank Term Deposit
SYN-037210,15,20-08-2026,Bank Term Deposit
SYN-037210,16,30-08-2026,Bank Term Deposit
SYN-037210,17,10-09-2026,Insurance Cross-Sell
SYN-037210,18,20-09-2026,Insurance Cross-Sell
SYN-030722,1,30-03-2026,Insurance Cross-Sell
SYN-030722,2,10-04-2026,Insurance Cross-Sell
SYN-030722,3,20-04-2026,Insurance Cross-Sell
SYN-030722,4,30-04-2026,Insurance Cross-Sell
SYN-030722,5,10-05-2026,Insurance Cross-Sell
SYN-030722,6,20-05-2026,Insurance Cross-Sell
SYN-030722,7,30-05-2026,Bank Term Deposit
SYN-030722,8,10-06-2026,Insurance Cross-Sell
SYN-030722,9,20-06-2026,Insurance Cross-Sell
SYN-030722,10,30-06-2026,Insurance Cross-Sell
SYN-030722,11,10-07-2026,Bank Term Deposit
SYN-030722,12,20-07-2026,Complete KYC
SYN-030722,13,30-07-2026,Complete KYC
SYN-030722,14,10-08-2026,Complete KYC
SYN-030722,15,20-08-2026,Complete KYC
SYN-030722,16,30-08-2026,Complete KYC
SYN-030722,17,10-09-2026,Complete KYC
SYN-030722,18,20-09-2026,Complete KYC
SYN-003360,1,30-03-2026,Bank Term Deposit
SYN-003360,2,10-04-2026,Bank Term Deposit
SYN-003360,3,20-04-2026,Insurance Cross-Sell
SYN-003360,4,30-04-2026,Insurance Cross-Sell
SYN-003360,5,10-05-2026,Insurance Cross-Sell
SYN-003360,6,20-05-2026,Insurance Cross-Sell
SYN-003360,7,30-05-2026,Insurance Cross-Sell
SYN-003360,8,10-06-2026,Retention Action
SYN-003360,9,20-06-2026,Retention Action
SYN-003360,10,30-06-2026,Retention Action
SYN-003360,11,10-07-2026,Insurance Cross-Sell
SYN-003360,12,20-07-2026,Insurance Cross-Sell
SYN-003360,13,30-07-2026,Bank Term Deposit
SYN-003360,14,10-08-2026,Bank Term Deposit
SYN-003360,15,20-08-2026,Insurance Cross-Sell
SYN-003360,16,30-08-2026,Bank Term Deposit
SYN-003360,17,10-09-2026,Bank Term Deposit
SYN-003360,18,20-09-2026,Bank Term Deposit
SYN-003353,1,30-03-2026,Bank Term Deposit
SYN-003353,2,10-04-2026,Insurance Cross-Sell
SYN-003353,3,20-04-2026,Insurance Cross-Sell
SYN-003353,4,30-04-2026,Bank Term Deposit
SYN-003353,5,10-05-2026,Bank Term Deposit
SYN-003353,6,20-05-2026,Bank Term Deposit
SYN-003353,7,30-05-2026,Bank Term Deposit
SYN-003353,8,10-06-2026,Bank Term Deposit
SYN-003353,9,20-06-2026,Bank Term Deposit
SYN-003353,10,30-06-2026,Bank Term Deposit
SYN-003353,11,10-07-2026,Insurance Cross-Sell
SYN-003353,12,20-07-2026,Insurance Cross-Sell
SYN-003353,13,30-07-2026,Complete KYC
SYN-003353,14,10-08-2026,Complete KYC
SYN-003353,15,20-08-2026,Complete KYC
SYN-003353,16,30-08-2026,Complete KYC
SYN-003353,17,10-09-2026,Complete KYC
SYN-003353,18,20-09-2026,Complete KYC
SYN-043079,1,30-03-2026,Insurance Cross-Sell
SYN-043079,2,10-04-2026,Insurance Cross-Sell
SYN-043079,3,20-04-2026,Insurance Cross-Sell
SYN-043079,4,30-04-2026,Service Intervention (Low NPS)
SYN-043079,5,10-05-2026,Insurance Cross-Sell
SYN-043079,6,20-05-2026,Insurance Cross-Sell
SYN-043079,7,30-05-2026,Insurance Cross-Sell
SYN-043079,8,10-06-2026,Insurance Cross-Sell
SYN-043079,9,20-06-2026,Bank Term Deposit
SYN-043079,10,30-06-2026,Bank Term Deposit
SYN-043079,11,10-07-2026,Bank Term Deposit
SYN-043079,12,20-07-2026,Bank Term Deposit
SYN-043079,13,30-07-2026,Bank Term Deposit
SYN-043079,14,10-08-2026,Bank Term Deposit
SYN-043079,15,20-08-2026,Bank Term Deposit
SYN-043079,16,30-08-2026,Bank Term Deposit
SYN-043079,17,10-09-2026,Bank Term Deposit
SYN-043079,18,20-09-2026,Bank Term Deposit
SYN-024582,1,30-03-2026,Bank Term Deposit
SYN-024582,2,10-04-2026,Bank Term Deposit
SYN-024582,3,20-04-2026,Insurance Cross-Sell
SYN-024582,4,30-04-2026,Insurance Cross-Sell
SYN-024582,5,10-05-2026,Bank Term Deposit
SYN-024582,6,20-05-2026,Bank Term Deposit
SYN-024582,7,30-05-2026,Bank Term Deposit
SYN-024582,8,10-06-2026,Bank Term Deposit
SYN-024582,9,20-06-2026,Bank Term Deposit
SYN-024582,10,30-06-2026,Bank Term Deposit
SYN-024582,11,10-07-2026,Bank Term Deposit
SYN-024582,12,20-07-2026,Insurance Cross-Sell
SYN-024582,13,30-07-2026,Insurance Cross-Sell
SYN-024582,14,10-08-2026,Insurance Cross-Sell
SYN-024582,15,20-08-2026,Insurance Cross-Sell
SYN-024582,16,30-08-2026,Insurance Cross-Sell
SYN-024582,17,10-09-2026,Retention Action
SYN-024582,18,20-09-2026,Retention Action
SYN-001647,1,30-03-2026,Insurance Cross-Sell
SYN-001647,2,10-04-2026,Insurance Cross-Sell
SYN-001647,3,20-04-2026,Insurance Cross-Sell
SYN-001647,4,30-04-2026,Bank Term Deposit
SYN-001647,5,10-05-2026,Bank Term Deposit
SYN-001647,6,20-05-2026,Bank Term Deposit
SYN-001647,7,30-05-2026,Bank Term Deposit
SYN-001647,8,10-06-2026,Bank Term Deposit
SYN-001647,9,20-06-2026,Bank Term Deposit
SYN-001647,10,30-06-2026,Bank Term Deposit
SYN-001647,11,10-07-2026,Bank Term Deposit
SYN-001647,12,20-07-2026,Bank Term Deposit
SYN-001647,13,30-07-2026,Bank Term Deposit
SYN-001647,14,10-08-2026,Bank Term Deposit
SYN-001647,15,20-08-2026,Service Intervention (Low NPS)
SYN-001647,16,30-08-2026,Bank Term Deposit
SYN-001647,17,10-09-2026,Bank Term Deposit
SYN-001647,18,20-09-2026,Bank Term Deposit
SYN-035860,1,30-03-2026,Bank Term Deposit
SYN-035860,2,10-04-2026,Bank Term Deposit
SYN-035860,3,20-04-2026,Bank Term Deposit
SYN-035860,4,30-04-2026,Bank Term Deposit
SYN-035860,5,10-05-2026,Service Intervention (Low NPS)
SYN-035860,6,20-05-2026,Bank Term Deposit
SYN-035860,7,30-05-2026,Retention Action
SYN-035860,8,10-06-2026,Retention Action
SYN-035860,9,20-06-2026,Bank Term Deposit
SYN-035860,10,30-06-2026,Bank Term Deposit
SYN-035860,11,10-07-2026,Bank Term Deposit
SYN-035860,12,20-07-2026,Bank Term Deposit
SYN-035860,13,30-07-2026,Bank Term Deposit
SYN-035860,14,10-08-2026,Retention Action
SYN-035860,15,20-08-2026,Retention Action
SYN-035860,16,30-08-2026,Retention Action
SYN-035860,17,10-09-2026,Retention Action
SYN-035860,18,20-09-2026,Retention Action
SYN-011201,1,30-03-2026,Insurance Cross-Sell
SYN-011201,2,10-04-2026,Retention Action
SYN-011201,3,20-04-2026,Retention Action
SYN-011201,4,30-04-2026,Insurance Cross-Sell
SYN-011201,5,10-05-2026,Bank Term Deposit
SYN-011201,6,20-05-2026,Bank Term Deposit
SYN-011201,7,30-05-2026,Insurance Cross-Sell
SYN-011201,8,10-06-2026,Bank Term Deposit
SYN-011201,9,20-06-2026,Bank Term Deposit
SYN-011201,10,30-06-2026,Bank Term Deposit
SYN-011201,11,10-07-2026,Bank Term Deposit
SYN-011201,12,20-07-2026,Bank Term Deposit
SYN-011201,13,30-07-2026,Bank Term Deposit
SYN-011201,14,10-08-2026,Bank Term Deposit
SYN-011201,15,20-08-2026,Bank Term Deposit
SYN-011201,16,30-08-2026,Insurance Cross-Sell
SYN-011201,17,10-09-2026,Insurance Cross-Sell
SYN-011201,18,20-09-2026,Insurance Cross-Sell
SYN-031996,1,30-03-2026,Insurance Cross-Sell
SYN-031996,2,10-04-2026,Insurance Cross-Sell
SYN-031996,3,20-04-2026,Retention Action
SYN-031996,4,30-04-2026,Retention Action
SYN-031996,5,10-05-2026,Retention Action
SYN-031996,6,20-05-2026,Retention Action
SYN-031996,7,30-05-2026,Retention Action
SYN-031996,8,10-06-2026,Insurance Cross-Sell
SYN-031996,9,20-06-2026,Insurance Cross-Sell
SYN-031996,10,30-06-2026,Bank Term Deposit
SYN-031996,11,10-07-2026,Bank Term Deposit
SYN-031996,12,20-07-2026,Bank Term Deposit
SYN-031996,13,30-07-2026,Bank Term Deposit
SYN-031996,14,10-08-2026,Bank Term Deposit
SYN-031996,15,20-08-2026,Bank Term Deposit
SYN-031996,16,30-08-2026,Bank Term Deposit
SYN-031996,17,10-09-2026,Bank Term Deposit
SYN-031996,18,20-09-2026,Bank Term Deposit
SYN-044896,1,30-03-2026,Bank Term Deposit
SYN-044896,2,10-04-2026,Bank Term Deposit
SYN-044896,3,20-04-2026,Bank Term Deposit
SYN-044896,4,30-04-2026,Bank Term Deposit
SYN-044896,5,10-05-2026,Payment Reminder / Collections Resolution
SYN-044896,6,20-05-2026,Payment Reminder / Collections Resolution
SYN-044896,7,30-05-2026,Payment Reminder / Collections Resolution
SYN-044896,8,10-06-2026,Payment Reminder / Collections Resolution
SYN-044896,9,20-06-2026,Payment Reminder / Collections Resolution
SYN-044896,10,30-06-2026,Payment Reminder / Collections Resolution
SYN-044896,11,10-07-2026,Bank Term Deposit
SYN-044896,12,20-07-2026,Insurance Cross-Sell
SYN-044896,13,30-07-2026,Insurance Cross-Sell
SYN-044896,14,10-08-2026,Payment Reminder / Collections Resolution
SYN-044896,15,20-08-2026,Payment Reminder / Collections Resolution
SYN-044896,16,30-08-2026,Payment Reminder / Collections Resolution
SYN-044896,17,10-09-2026,Payment Reminder / Collections Resolution
SYN-044896,18,20-09-2026,Payment Reminder / Collections Resolution
SYN-036854,1,30-03-2026,Insurance Cross-Sell
SYN-036854,2,10-04-2026,Insurance Cross-Sell
SYN-036854,3,20-04-2026,Insurance Cross-Sell
SYN-036854,4,30-04-2026,Insurance Cross-Sell
SYN-036854,5,10-05-2026,Retention Action
SYN-036854,6,20-05-2026,Insurance Cross-Sell
SYN-036854,7,30-05-2026,Insurance Cross-Sell
SYN-036854,8,10-06-2026,Insurance Cross-Sell
SYN-036854,9,20-06-2026,Bank Term Deposit
SYN-036854,10,30-06-2026,Bank Term Deposit
SYN-036854,11,10-07-2026,Bank Term Deposit
SYN-036854,12,20-07-2026,Bank Term Deposit
SYN-036854,13,30-07-2026,Service Intervention (Low NPS)
SYN-036854,14,10-08-2026,Bank Term Deposit
SYN-036854,15,20-08-2026,Bank Term Deposit
SYN-036854,16,30-08-2026,Bank Term Deposit
SYN-036854,17,10-09-2026,Bank Term Deposit
SYN-036854,18,20-09-2026,Bank Term Deposit
SYN-030018,1,30-03-2026,Insurance Cross-Sell
SYN-030018,2,10-04-2026,Insurance Cross-Sell
SYN-030018,3,20-04-2026,Bank Term Deposit
SYN-030018,4,30-04-2026,Bank Term Deposit
SYN-030018,5,10-05-2026,Bank Term Deposit
SYN-030018,6,20-05-2026,Bank Term Deposit
SYN-030018,7,30-05-2026,Bank Term Deposit
SYN-030018,8,10-06-2026,Bank Term Deposit
SYN-030018,9,20-06-2026,Bank Term Deposit
SYN-030018,10,30-06-2026,Bank Term Deposit
SYN-030018,11,10-07-2026,Retention Action
SYN-030018,12,20-07-2026,Bank Term Deposit
SYN-030018,13,30-07-2026,Bank Term Deposit
SYN-030018,14,10-08-2026,Complete KYC
SYN-030018,15,20-08-2026,Complete KYC
SYN-030018,16,30-08-2026,Complete KYC
SYN-030018,17,10-09-2026,Complete KYC
SYN-030018,18,20-09-2026,Complete KYC
SYN-036132,1,30-03-2026,Bank Term Deposit
SYN-036132,2,10-04-2026,Bank Term Deposit
SYN-036132,3,20-04-2026,Bank Term Deposit
SYN-036132,4,30-04-2026,Bank Term Deposit
SYN-036132,5,10-05-2026,Bank Term Deposit
SYN-036132,6,20-05-2026,Bank Term Deposit
SYN-036132,7,30-05-2026,Bank Term Deposit
SYN-036132,8,10-06-2026,Bank Term Deposit
SYN-036132,9,20-06-2026,Bank Term Deposit
SYN-036132,10,30-06-2026,Payment Reminder / Collections Resolution
SYN-036132,11,10-07-2026,Bank Term Deposit
SYN-036132,12,20-07-2026,No Marketing Action (Consent Withheld)
SYN-036132,13,30-07-2026,No Marketing Action (Consent Withheld)
SYN-036132,14,10-08-2026,No Marketing Action (Consent Withheld)
SYN-036132,15,20-08-2026,No Marketing Action (Consent Withheld)
SYN-036132,16,30-08-2026,No Marketing Action (Consent Withheld)
SYN-036132,17,10-09-2026,No Marketing Action (Consent Withheld)
SYN-036132,18,20-09-2026,No Marketing Action (Consent Withheld)
SYN-028594,1,30-03-2026,Insurance Cross-Sell
SYN-028594,2,10-04-2026,Bank Term Deposit
SYN-028594,3,20-04-2026,Bank Term Deposit
SYN-028594,4,30-04-2026,Bank Term Deposit
SYN-028594,5,10-05-2026,Bank Term Deposit
SYN-028594,6,20-05-2026,Bank Term Deposit
SYN-028594,7,30-05-2026,Insurance Cross-Sell
SYN-028594,8,10-06-2026,Insurance Cross-Sell
SYN-028594,9,20-06-2026,Retention Action
SYN-028594,10,30-06-2026,Insurance Cross-Sell
SYN-028594,11,10-07-2026,Insurance Cross-Sell
SYN-028594,12,20-07-2026,Insurance Cross-Sell
SYN-028594,13,30-07-2026,Insurance Cross-Sell
SYN-028594,14,10-08-2026,Bank Term Deposit
SYN-028594,15,20-08-2026,Bank Term Deposit
SYN-028594,16,30-08-2026,Bank Term Deposit
SYN-028594,17,10-09-2026,Payment Reminder / Collections Resolution
SYN-028594,18,20-09-2026,Payment Reminder / Collections Resolution
SYN-022413,1,30-03-2026,Bank Term Deposit
SYN-022413,2,10-04-2026,Bank Term Deposit
SYN-022413,3,20-04-2026,Bank Term Deposit
SYN-022413,4,30-04-2026,Insurance Cross-Sell
SYN-022413,5,10-05-2026,Insurance Cross-Sell
SYN-022413,6,20-05-2026,Insurance Cross-Sell
SYN-022413,7,30-05-2026,Bank Term Deposit
SYN-022413,8,10-06-2026,Bank Term Deposit
SYN-022413,9,20-06-2026,Bank Term Deposit
SYN-022413,10,30-06-2026,Bank Term Deposit
SYN-022413,11,10-07-2026,Bank Term Deposit
SYN-022413,12,20-07-2026,Bank Term Deposit
SYN-022413,13,30-07-2026,Bank Term Deposit
SYN-022413,14,10-08-2026,Bank Term Deposit
SYN-022413,15,20-08-2026,Bank Term Deposit
SYN-022413,16,30-08-2026,Bank Term Deposit
SYN-022413,17,10-09-2026,Bank Term Deposit
SYN-022413,18,20-09-2026,Bank Term Deposit
SYN-029445,1,30-03-2026,Insurance Cross-Sell
SYN-029445,2,10-04-2026,Bank Term Deposit
SYN-029445,3,20-04-2026,Bank Term Deposit
SYN-029445,4,30-04-2026,Bank Term Deposit
SYN-029445,5,10-05-2026,Bank Term Deposit
SYN-029445,6,20-05-2026,Bank Term Deposit
SYN-029445,7,30-05-2026,Bank Term Deposit
SYN-029445,8,10-06-2026,Bank Term Deposit
SYN-029445,9,20-06-2026,Bank Term Deposit
SYN-029445,10,30-06-2026,Bank Term Deposit
SYN-029445,11,10-07-2026,Bank Term Deposit
SYN-029445,12,20-07-2026,Service Resolution
SYN-029445,13,30-07-2026,Service Resolution
SYN-029445,14,10-08-2026,Service Resolution
SYN-029445,15,20-08-2026,Bank Term Deposit
SYN-029445,16,30-08-2026,Bank Term Deposit
SYN-029445,17,10-09-2026,Bank Term Deposit
SYN-029445,18,20-09-2026,Bank Term Deposit
SYN-035668,1,30-03-2026,Insurance Cross-Sell
SYN-035668,2,10-04-2026,Insurance Cross-Sell
SYN-035668,3,20-04-2026,Payment Reminder / Collections Resolution
SYN-035668,4,30-04-2026,Insurance Cross-Sell
SYN-035668,5,10-05-2026,Insurance Cross-Sell
SYN-035668,6,20-05-2026,Insurance Cross-Sell
SYN-035668,7,30-05-2026,Insurance Cross-Sell
SYN-035668,8,10-06-2026,Insurance Cross-Sell
SYN-035668,9,20-06-2026,Insurance Cross-Sell
SYN-035668,10,30-06-2026,Insurance Cross-Sell
SYN-035668,11,10-07-2026,Insurance Cross-Sell
SYN-035668,12,20-07-2026,Insurance Cross-Sell
SYN-035668,13,30-07-2026,Service Intervention (Low NPS)
SYN-035668,14,10-08-2026,Service Intervention (Low NPS)
SYN-035668,15,20-08-2026,Service Intervention (Low NPS)
SYN-035668,16,30-08-2026,Insurance Cross-Sell
SYN-035668,17,10-09-2026,Insurance Cross-Sell
SYN-035668,18,20-09-2026,Insurance Cross-Sell
SYN-024530,1,30-03-2026,Bank Term Deposit
SYN-024530,2,10-04-2026,Bank Term Deposit
SYN-024530,3,20-04-2026,Bank Term Deposit
SYN-024530,4,30-04-2026,Bank Term Deposit
SYN-024530,5,10-05-2026,Bank Term Deposit
SYN-024530,6,20-05-2026,Service Resolution
SYN-024530,7,30-05-2026,Bank Term Deposit
SYN-024530,8,10-06-2026,Payment Reminder / Collections Resolution
SYN-024530,9,20-06-2026,Payment Reminder / Collections Resolution
SYN-024530,10,30-06-2026,Payment Reminder / Collections Resolution
SYN-024530,11,10-07-2026,Bank Term Deposit
SYN-024530,12,20-07-2026,Bank Term Deposit
SYN-024530,13,30-07-2026,Bank Term Deposit
SYN-024530,14,10-08-2026,Bank Term Deposit
SYN-024530,15,20-08-2026,Bank Term Deposit
SYN-024530,16,30-08-2026,Bank Term Deposit
SYN-024530,17,10-09-2026,Retention Action
SYN-024530,18,20-09-2026,Retention Action
SYN-025937,1,30-03-2026,Insurance Cross-Sell
SYN-025937,2,10-04-2026,Insurance Cross-Sell
SYN-025937,3,20-04-2026,Insurance Cross-Sell
SYN-025937,4,30-04-2026,Insurance Cross-Sell
SYN-025937,5,10-05-2026,Insurance Cross-Sell
SYN-025937,6,20-05-2026,Bank Term Deposit
SYN-025937,7,30-05-2026,Bank Term Deposit
SYN-025937,8,10-06-2026,Bank Term Deposit
SYN-025937,9,20-06-2026,Bank Term Deposit
SYN-025937,10,30-06-2026,Bank Term Deposit
SYN-025937,11,10-07-2026,Bank Term Deposit
SYN-025937,12,20-07-2026,Bank Term Deposit
SYN-025937,13,30-07-2026,Bank Term Deposit
SYN-025937,14,10-08-2026,Insurance Cross-Sell
SYN-025937,15,20-08-2026,Insurance Cross-Sell
SYN-025937,16,30-08-2026,Insurance Cross-Sell
SYN-025937,17,10-09-2026,Insurance Cross-Sell
SYN-025937,18,20-09-2026,Insurance Cross-Sell
SYN-009490,1,30-03-2026,Insurance Cross-Sell
SYN-009490,2,10-04-2026,Insurance Cross-Sell
SYN-009490,3,20-04-2026,Insurance Cross-Sell
SYN-009490,4,30-04-2026,Insurance Cross-Sell
SYN-009490,5,10-05-2026,Bank Term Deposit
SYN-009490,6,20-05-2026,Bank Term Deposit
SYN-009490,7,30-05-2026,Bank Term Deposit
SYN-009490,8,10-06-2026,Bank Term Deposit
SYN-009490,9,20-06-2026,Bank Term Deposit
SYN-009490,10,30-06-2026,Bank Term Deposit
SYN-009490,11,10-07-2026,Insurance Cross-Sell
SYN-009490,12,20-07-2026,Insurance Cross-Sell
SYN-009490,13,30-07-2026,Insurance Cross-Sell
SYN-009490,14,10-08-2026,Insurance Cross-Sell
SYN-009490,15,20-08-2026,Insurance Cross-Sell
SYN-009490,16,30-08-2026,Insurance Cross-Sell
SYN-009490,17,10-09-2026,Insurance Cross-Sell
SYN-009490,18,20-09-2026,Insurance Cross-Sell
SYN-026961,1,30-03-2026,Bank Term Deposit
SYN-026961,2,10-04-2026,Bank Term Deposit
SYN-026961,3,20-04-2026,Bank Term Deposit
SYN-026961,4,30-04-2026,Bank Term Deposit
SYN-026961,5,10-05-2026,Bank Term Deposit
SYN-026961,6,20-05-2026,Bank Term Deposit
SYN-026961,7,30-05-2026,Bank Term Deposit
SYN-026961,8,10-06-2026,Bank Term Deposit
SYN-026961,9,20-06-2026,Bank Term Deposit
SYN-026961,10,30-06-2026,Bank Term Deposit
SYN-026961,11,10-07-2026,Bank Term Deposit
SYN-026961,12,20-07-2026,Bank Term Deposit
SYN-026961,13,30-07-2026,Bank Term Deposit
SYN-026961,14,10-08-2026,Bank Term Deposit
SYN-026961,15,20-08-2026,Retention Action
SYN-026961,16,30-08-2026,Retention Action
SYN-026961,17,10-09-2026,Bank Term Deposit
SYN-026961,18,20-09-2026,Bank Term Deposit
SYN-021195,1,30-03-2026,Insurance Cross-Sell
SYN-021195,2,10-04-2026,Insurance Cross-Sell
SYN-021195,3,20-04-2026,Insurance Cross-Sell
SYN-021195,4,30-04-2026,Insurance Cross-Sell
SYN-021195,5,10-05-2026,Insurance Cross-Sell
SYN-021195,6,20-05-2026,Insurance Cross-Sell
SYN-021195,7,30-05-2026,Insurance Cross-Sell
SYN-021195,8,10-06-2026,Bank Term Deposit
SYN-021195,9,20-06-2026,Insurance Cross-Sell
SYN-021195,10,30-06-2026,Insurance Cross-Sell
SYN-021195,11,10-07-2026,Insurance Cross-Sell
SYN-021195,12,20-07-2026,Insurance Cross-Sell
SYN-021195,13,30-07-2026,Insurance Cross-Sell
SYN-021195,14,10-08-2026,No Marketing Action (Consent Withheld)
SYN-021195,15,20-08-2026,No Marketing Action (Consent Withheld)
SYN-021195,16,30-08-2026,No Marketing Action (Consent Withheld)
SYN-021195,17,10-09-2026,No Marketing Action (Consent Withheld)
SYN-021195,18,20-09-2026,No Marketing Action (Consent Withheld)
SYN-009913,1,30-03-2026,Insurance Cross-Sell
SYN-009913,2,10-04-2026,Insurance Cross-Sell
SYN-009913,3,20-04-2026,Insurance Cross-Sell
SYN-009913,4,30-04-2026,Insurance Cross-Sell
SYN-009913,5,10-05-2026,Insurance Cross-Sell
SYN-009913,6,20-05-2026,Insurance Cross-Sell
SYN-009913,7,30-05-2026,Insurance Cross-Sell
SYN-009913,8,10-06-2026,Insurance Cross-Sell
SYN-009913,9,20-06-2026,Insurance Cross-Sell
SYN-009913,10,30-06-2026,Retention Action
SYN-009913,11,10-07-2026,Retention Action
SYN-009913,12,20-07-2026,Insurance Cross-Sell
SYN-009913,13,30-07-2026,Insurance Cross-Sell
SYN-009913,14,10-08-2026,Insurance Cross-Sell
SYN-009913,15,20-08-2026,Insurance Cross-Sell
SYN-009913,16,30-08-2026,Insurance Cross-Sell
SYN-009913,17,10-09-2026,Insurance Cross-Sell
SYN-009913,18,20-09-2026,Insurance Cross-Sell
SYN-006661,1,30-03-2026,Insurance Cross-Sell
SYN-006661,2,10-04-2026,Insurance Cross-Sell
SYN-006661,3,20-04-2026,Insurance Cross-Sell
SYN-006661,4,30-04-2026,Insurance Cross-Sell
SYN-006661,5,10-05-2026,Insurance Cross-Sell
SYN-006661,6,20-05-2026,Insurance Cross-Sell
SYN-006661,7,30-05-2026,Insurance Cross-Sell
SYN-006661,8,10-06-2026,Insurance Cross-Sell
SYN-006661,9,20-06-2026,Insurance Cross-Sell
SYN-006661,10,30-06-2026,Bank Term Deposit
SYN-006661,11,10-07-2026,Bank Term Deposit
SYN-006661,12,20-07-2026,Insurance Cross-Sell
SYN-006661,13,30-07-2026,Payment Reminder / Collections Resolution
SYN-006661,14,10-08-2026,Payment Reminder / Collections Resolution
SYN-006661,15,20-08-2026,Payment Reminder / Collections Resolution
SYN-006661,16,30-08-2026,Insurance Cross-Sell
SYN-006661,17,10-09-2026,Insurance Cross-Sell
SYN-006661,18,20-09-2026,Insurance Cross-Sell
SYN-044601,1,30-03-2026,Bank Term Deposit
SYN-044601,2,10-04-2026,Bank Term Deposit
SYN-044601,3,20-04-2026,Bank Term Deposit
SYN-044601,4,30-04-2026,Bank Term Deposit
SYN-044601,5,10-05-2026,Insurance Cross-Sell
SYN-044601,6,20-05-2026,Bank Term Deposit
SYN-044601,7,30-05-2026,Insurance Cross-Sell
SYN-044601,8,10-06-2026,Insurance Cross-Sell
SYN-044601,9,20-06-2026,Retention Action
SYN-044601,10,30-06-2026,Insurance Cross-Sell
SYN-044601,11,10-07-2026,Insurance Cross-Sell
SYN-044601,12,20-07-2026,Insurance Cross-Sell
SYN-044601,13,30-07-2026,Payment Reminder / Collections Resolution
SYN-044601,14,10-08-2026,Payment Reminder / Collections Resolution
SYN-044601,15,20-08-2026,Payment Reminder / Collections Resolution
SYN-044601,16,30-08-2026,Payment Reminder / Collections Resolution
SYN-044601,17,10-09-2026,Payment Reminder / Collections Resolution
SYN-044601,18,20-09-2026,Payment Reminder / Collections Resolution
SYN-018785,1,30-03-2026,Service Intervention (Low NPS)
SYN-018785,2,10-04-2026,Service Intervention (Low NPS)
SYN-018785,3,20-04-2026,Insurance Cross-Sell
SYN-018785,4,30-04-2026,Insurance Cross-Sell
SYN-018785,5,10-05-2026,Insurance Cross-Sell
SYN-018785,6,20-05-2026,No Marketing Action (Consent Withheld)
SYN-018785,7,30-05-2026,No Marketing Action (Consent Withheld)
SYN-018785,8,10-06-2026,No Marketing Action (Consent Withheld)
SYN-018785,9,20-06-2026,No Marketing Action (Consent Withheld)
SYN-018785,10,30-06-2026,No Marketing Action (Consent Withheld)
SYN-018785,11,10-07-2026,No Marketing Action (Consent Withheld)
SYN-018785,12,20-07-2026,No Marketing Action (Consent Withheld)
SYN-018785,13,30-07-2026,No Marketing Action (Consent Withheld)
SYN-018785,14,10-08-2026,No Marketing Action (Consent Withheld)
SYN-018785,15,20-08-2026,No Marketing Action (Consent Withheld)
SYN-018785,16,30-08-2026,No Marketing Action (Consent Withheld)
SYN-018785,17,10-09-2026,No Marketing Action (Consent Withheld)
SYN-018785,18,20-09-2026,No Marketing Action (Consent Withheld)
SYN-043133,1,30-03-2026,Bank Term Deposit
SYN-043133,2,10-04-2026,Bank Term Deposit
SYN-043133,3,20-04-2026,Bank Term Deposit
SYN-043133,4,30-04-2026,Bank Term Deposit
SYN-043133,5,10-05-2026,Insurance Cross-Sell
SYN-043133,6,20-05-2026,Insurance Cross-Sell
SYN-043133,7,30-05-2026,Insurance Cross-Sell
SYN-043133,8,10-06-2026,Bank Term Deposit
SYN-043133,9,20-06-2026,Bank Term Deposit
SYN-043133,10,30-06-2026,Insurance Cross-Sell
SYN-043133,11,10-07-2026,Insurance Cross-Sell
SYN-043133,12,20-07-2026,Insurance Cross-Sell
SYN-043133,13,30-07-2026,Insurance Cross-Sell
SYN-043133,14,10-08-2026,Insurance Cross-Sell
SYN-043133,15,20-08-2026,Bank Term Deposit
SYN-043133,16,30-08-2026,Bank Term Deposit
SYN-043133,17,10-09-2026,Bank Term Deposit
SYN-043133,18,20-09-2026,Bank Term Deposit
SYN-035225,1,30-03-2026,Bank Term Deposit
SYN-035225,2,10-04-2026,Bank Term Deposit
SYN-035225,3,20-04-2026,Bank Term Deposit
SYN-035225,4,30-04-2026,Insurance Cross-Sell
SYN-035225,5,10-05-2026,Insurance Cross-Sell
SYN-035225,6,20-05-2026,Insurance Cross-Sell
SYN-035225,7,30-05-2026,Insurance Cross-Sell
SYN-035225,8,10-06-2026,Bank Term Deposit
SYN-035225,9,20-06-2026,Bank Term Deposit
SYN-035225,10,30-06-2026,Insurance Cross-Sell
SYN-035225,11,10-07-2026,Insurance Cross-Sell
SYN-035225,12,20-07-2026,Insurance Cross-Sell
SYN-035225,13,30-07-2026,Insurance Cross-Sell
SYN-035225,14,10-08-2026,Complete KYC
SYN-035225,15,20-08-2026,Complete KYC
SYN-035225,16,30-08-2026,Complete KYC
SYN-035225,17,10-09-2026,Complete KYC
SYN-035225,18,20-09-2026,Complete KYC
SYN-031896,1,30-03-2026,Insurance Cross-Sell
SYN-031896,2,10-04-2026,Insurance Cross-Sell
SYN-031896,3,20-04-2026,Insurance Cross-Sell
SYN-031896,4,30-04-2026,Insurance Cross-Sell
SYN-031896,5,10-05-2026,Insurance Cross-Sell
SYN-031896,6,20-05-2026,Insurance Cross-Sell
SYN-031896,7,30-05-2026,Insurance Cross-Sell
SYN-031896,8,10-06-2026,Insurance Cross-Sell
SYN-031896,9,20-06-2026,Insurance Cross-Sell
SYN-031896,10,30-06-2026,Payment Reminder / Collections Resolution
SYN-031896,11,10-07-2026,Payment Reminder / Collections Resolution
SYN-031896,12,20-07-2026,Payment Reminder / Collections Resolution
SYN-031896,13,30-07-2026,Insurance Cross-Sell
SYN-031896,14,10-08-2026,Complete KYC
SYN-031896,15,20-08-2026,Complete KYC
SYN-031896,16,30-08-2026,Complete KYC
SYN-031896,17,10-09-2026,Complete KYC
SYN-031896,18,20-09-2026,Complete KYC
SYN-007231,1,30-03-2026,Payment Reminder / Collections Resolution
SYN-007231,2,10-04-2026,Bank Term Deposit
SYN-007231,3,20-04-2026,Payment Reminder / Collections Resolution
SYN-007231,4,30-04-2026,Payment Reminder / Collections Resolution
SYN-007231,5,10-05-2026,Payment Reminder / Collections Resolution
SYN-007231,6,20-05-2026,Bank Term Deposit
SYN-007231,7,30-05-2026,Bank Term Deposit
SYN-007231,8,10-06-2026,Bank Term Deposit
SYN-007231,9,20-06-2026,Bank Term Deposit
SYN-007231,10,30-06-2026,Bank Term Deposit
SYN-007231,11,10-07-2026,Insurance Cross-Sell
SYN-007231,12,20-07-2026,Insurance Cross-Sell
SYN-007231,13,30-07-2026,Insurance Cross-Sell
SYN-007231,14,10-08-2026,Insurance Cross-Sell
SYN-007231,15,20-08-2026,Insurance Cross-Sell
SYN-007231,16,30-08-2026,Insurance Cross-Sell
SYN-007231,17,10-09-2026,Payment Reminder / Collections Resolution
SYN-007231,18,20-09-2026,Payment Reminder / Collections Resolution
SYN-019944,1,30-03-2026,Service Resolution
SYN-019944,2,10-04-2026,Bank Term Deposit
SYN-019944,3,20-04-2026,Bank Term Deposit
SYN-019944,4,30-04-2026,Bank Term Deposit
SYN-019944,5,10-05-2026,Insurance Cross-Sell
SYN-019944,6,20-05-2026,Insurance Cross-Sell
SYN-019944,7,30-05-2026,Payment Reminder / Collections Resolution
SYN-019944,8,10-06-2026,Insurance Cross-Sell
SYN-019944,9,20-06-2026,Service Intervention (Low NPS)
SYN-019944,10,30-06-2026,Service Intervention (Low NPS)
SYN-019944,11,10-07-2026,Service Intervention (Low NPS)
SYN-019944,12,20-07-2026,Service Intervention (Low NPS)
SYN-019944,13,30-07-2026,Insurance Cross-Sell
SYN-019944,14,10-08-2026,Insurance Cross-Sell
SYN-019944,15,20-08-2026,Insurance Cross-Sell
SYN-019944,16,30-08-2026,Insurance Cross-Sell
SYN-019944,17,10-09-2026,Service Resolution
SYN-019944,18,20-09-2026,Service Resolution
SYN-028022,1,30-03-2026,Insurance Cross-Sell
SYN-028022,2,10-04-2026,Insurance Cross-Sell
SYN-028022,3,20-04-2026,Insurance Cross-Sell
SYN-028022,4,30-04-2026,Insurance Cross-Sell
SYN-028022,5,10-05-2026,Service Intervention (Low NPS)
SYN-028022,6,20-05-2026,Service Intervention (Low NPS)
SYN-028022,7,30-05-2026,Service Intervention (Low NPS)
SYN-028022,8,10-06-2026,Insurance Cross-Sell
SYN-028022,9,20-06-2026,Insurance Cross-Sell
SYN-028022,10,30-06-2026,Insurance Cross-Sell
SYN-028022,11,10-07-2026,Insurance Cross-Sell
SYN-028022,12,20-07-2026,Insurance Cross-Sell
SYN-028022,13,30-07-2026,Insurance Cross-Sell
SYN-028022,14,10-08-2026,Insurance Cross-Sell
SYN-028022,15,20-08-2026,Insurance Cross-Sell
SYN-028022,16,30-08-2026,Insurance Cross-Sell
SYN-028022,17,10-09-2026,Service Intervention (Low NPS)
SYN-028022,18,20-09-2026,Service Intervention (Low NPS)
SYN-029178,1,30-03-2026,Insurance Cross-Sell
SYN-029178,2,10-04-2026,Insurance Cross-Sell
SYN-029178,3,20-04-2026,Insurance Cross-Sell
SYN-029178,4,30-04-2026,Insurance Cross-Sell
SYN-029178,5,10-05-2026,Insurance Cross-Sell
SYN-029178,6,20-05-2026,Insurance Cross-Sell
SYN-029178,7,30-05-2026,Insurance Cross-Sell
SYN-029178,8,10-06-2026,Insurance Cross-Sell
SYN-029178,9,20-06-2026,Insurance Cross-Sell
SYN-029178,10,30-06-2026,Insurance Cross-Sell
SYN-029178,11,10-07-2026,Insurance Cross-Sell
SYN-029178,12,20-07-2026,Insurance Cross-Sell
SYN-029178,13,30-07-2026,Insurance Cross-Sell
SYN-029178,14,10-08-2026,Insurance Cross-Sell
SYN-029178,15,20-08-2026,Insurance Cross-Sell
SYN-029178,16,30-08-2026,Insurance Cross-Sell
SYN-029178,17,10-09-2026,Payment Reminder / Collections Resolution
SYN-029178,18,20-09-2026,Payment Reminder / Collections Resolution
SYN-041630,1,30-03-2026,Bank Term Deposit
SYN-041630,2,10-04-2026,Bank Term Deposit
SYN-041630,3,20-04-2026,Bank Term Deposit
SYN-041630,4,30-04-2026,Bank Term Deposit
SYN-041630,5,10-05-2026,Insurance Cross-Sell
SYN-041630,6,20-05-2026,Insurance Cross-Sell
SYN-041630,7,30-05-2026,Insurance Cross-Sell
SYN-041630,8,10-06-2026,Insurance Cross-Sell
SYN-041630,9,20-06-2026,Insurance Cross-Sell
SYN-041630,10,30-06-2026,Bank Term Deposit
SYN-041630,11,10-07-2026,Bank Term Deposit
SYN-041630,12,20-07-2026,Bank Term Deposit
SYN-041630,13,30-07-2026,Bank Term Deposit
SYN-041630,14,10-08-2026,Bank Term Deposit
SYN-041630,15,20-08-2026,Bank Term Deposit
SYN-041630,16,30-08-2026,Bank Term Deposit
SYN-041630,17,10-09-2026,Bank Term Deposit
SYN-041630,18,20-09-2026,Bank Term Deposit
SYN-002426,1,30-03-2026,Bank Term Deposit
SYN-002426,2,10-04-2026,Insurance Cross-Sell
SYN-002426,3,20-04-2026,Insurance Cross-Sell
SYN-002426,4,30-04-2026,Insurance Cross-Sell
SYN-002426,5,10-05-2026,Insurance Cross-Sell
SYN-002426,6,20-05-2026,Insurance Cross-Sell
SYN-002426,7,30-05-2026,Payment Reminder / Collections Resolution
SYN-002426,8,10-06-2026,Payment Reminder / Collections Resolution
SYN-002426,9,20-06-2026,Payment Reminder / Collections Resolution
SYN-002426,10,30-06-2026,Payment Reminder / Collections Resolution
SYN-002426,11,10-07-2026,Insurance Cross-Sell
SYN-002426,12,20-07-2026,Service Resolution
SYN-002426,13,30-07-2026,Insurance Cross-Sell
SYN-002426,14,10-08-2026,Insurance Cross-Sell
SYN-002426,15,20-08-2026,Bank Term Deposit
SYN-002426,16,30-08-2026,Insurance Cross-Sell
SYN-002426,17,10-09-2026,Service Resolution
SYN-002426,18,20-09-2026,Service Resolution
SYN-017742,1,30-03-2026,Insurance Cross-Sell
SYN-017742,2,10-04-2026,Insurance Cross-Sell
SYN-017742,3,20-04-2026,Insurance Cross-Sell
SYN-017742,4,30-04-2026,Bank Term Deposit
SYN-017742,5,10-05-2026,Insurance Cross-Sell
SYN-017742,6,20-05-2026,Insurance Cross-Sell
SYN-017742,7,30-05-2026,Insurance Cross-Sell
SYN-017742,8,10-06-2026,Insurance Cross-Sell
SYN-017742,9,20-06-2026,Insurance Cross-Sell
SYN-017742,10,30-06-2026,Insurance Cross-Sell
SYN-017742,11,10-07-2026,Insurance Cross-Sell
SYN-017742,12,20-07-2026,Insurance Cross-Sell
SYN-017742,13,30-07-2026,Insurance Cross-Sell
SYN-017742,14,10-08-2026,Insurance Cross-Sell
SYN-017742,15,20-08-2026,Bank Term Deposit
SYN-017742,16,30-08-2026,Service Resolution
SYN-017742,17,10-09-2026,Service Resolution
SYN-017742,18,20-09-2026,Service Resolution
SYN-034963,1,30-03-2026,Bank Term Deposit
SYN-034963,2,10-04-2026,Bank Term Deposit
SYN-034963,3,20-04-2026,Bank Term Deposit
SYN-034963,4,30-04-2026,Bank Term Deposit
SYN-034963,5,10-05-2026,Bank Term Deposit
SYN-034963,6,20-05-2026,Bank Term Deposit
SYN-034963,7,30-05-2026,Bank Term Deposit
SYN-034963,8,10-06-2026,Bank Term Deposit
SYN-034963,9,20-06-2026,Bank Term Deposit
SYN-034963,10,30-06-2026,Bank Term Deposit
SYN-034963,11,10-07-2026,Bank Term Deposit
SYN-034963,12,20-07-2026,Bank Term Deposit
SYN-034963,13,30-07-2026,Bank Term Deposit
SYN-034963,14,10-08-2026,Bank Term Deposit
SYN-034963,15,20-08-2026,Bank Term Deposit
SYN-034963,16,30-08-2026,Bank Term Deposit
SYN-034963,17,10-09-2026,Bank Term Deposit
SYN-034963,18,20-09-2026,Bank Term Deposit
SYN-039654,1,30-03-2026,Retention Action
SYN-039654,2,10-04-2026,Insurance Cross-Sell
SYN-039654,3,20-04-2026,Insurance Cross-Sell
SYN-039654,4,30-04-2026,Insurance Cross-Sell
SYN-039654,5,10-05-2026,Insurance Cross-Sell
SYN-039654,6,20-05-2026,Insurance Cross-Sell
SYN-039654,7,30-05-2026,Payment Reminder / Collections Resolution
SYN-039654,8,10-06-2026,Insurance Cross-Sell
SYN-039654,9,20-06-2026,Insurance Cross-Sell
SYN-039654,10,30-06-2026,Insurance Cross-Sell
SYN-039654,11,10-07-2026,Payment Reminder / Collections Resolution
SYN-039654,12,20-07-2026,Payment Reminder / Collections Resolution
SYN-039654,13,30-07-2026,Payment Reminder / Collections Resolution
SYN-039654,14,10-08-2026,Payment Reminder / Collections Resolution
SYN-039654,15,20-08-2026,Payment Reminder / Collections Resolution
SYN-039654,16,30-08-2026,Payment Reminder / Collections Resolution
SYN-039654,17,10-09-2026,Payment Reminder / Collections Resolution
SYN-039654,18,20-09-2026,Payment Reminder / Collections Resolution
SYN-037504,1,30-03-2026,Insurance Cross-Sell
SYN-037504,2,10-04-2026,Bank Term Deposit
SYN-037504,3,20-04-2026,Service Intervention (Low NPS)
SYN-037504,4,30-04-2026,Service Intervention (Low NPS)
SYN-037504,5,10-05-2026,Service Intervention (Low NPS)
SYN-037504,6,20-05-2026,Bank Term Deposit
SYN-037504,7,30-05-2026,Bank Term Deposit
SYN-037504,8,10-06-2026,Bank Term Deposit
SYN-037504,9,20-06-2026,Bank Term Deposit
SYN-037504,10,30-06-2026,Bank Term Deposit
SYN-037504,11,10-07-2026,Bank Term Deposit
SYN-037504,12,20-07-2026,Payment Reminder / Collections Resolution
SYN-037504,13,30-07-2026,Payment Reminder / Collections Resolution
SYN-037504,14,10-08-2026,Payment Reminder / Collections Resolution
SYN-037504,15,20-08-2026,Insurance Cross-Sell
SYN-037504,16,30-08-2026,Insurance Cross-Sell
SYN-037504,17,10-09-2026,Payment Reminder / Collections Resolution
SYN-037504,18,20-09-2026,Payment Reminder / Collections Resolution
SYN-014717,1,30-03-2026,Service Intervention (Low NPS)
SYN-014717,2,10-04-2026,Bank Term Deposit
SYN-014717,3,20-04-2026,Insurance Cross-Sell
SYN-014717,4,30-04-2026,Insurance Cross-Sell
SYN-014717,5,10-05-2026,Insurance Cross-Sell
SYN-014717,6,20-05-2026,Insurance Cross-Sell
SYN-014717,7,30-05-2026,Insurance Cross-Sell
SYN-014717,8,10-06-2026,Insurance Cross-Sell
SYN-014717,9,20-06-2026,Insurance Cross-Sell
SYN-014717,10,30-06-2026,Insurance Cross-Sell
SYN-014717,11,10-07-2026,Insurance Cross-Sell
SYN-014717,12,20-07-2026,Insurance Cross-Sell
SYN-014717,13,30-07-2026,Insurance Cross-Sell
SYN-014717,14,10-08-2026,Insurance Cross-Sell
SYN-014717,15,20-08-2026,Insurance Cross-Sell
SYN-014717,16,30-08-2026,Insurance Cross-Sell
SYN-014717,17,10-09-2026,Insurance Cross-Sell
SYN-014717,18,20-09-2026,Insurance Cross-Sell
SYN-025268,1,30-03-2026,Bank Term Deposit
SYN-025268,2,10-04-2026,Bank Term Deposit
SYN-025268,3,20-04-2026,Insurance Cross-Sell
SYN-025268,4,30-04-2026,Insurance Cross-Sell
SYN-025268,5,10-05-2026,Insurance Cross-Sell
SYN-025268,6,20-05-2026,Insurance Cross-Sell
SYN-025268,7,30-05-2026,Bank Term Deposit
SYN-025268,8,10-06-2026,Insurance Cross-Sell
SYN-025268,9,20-06-2026,Insurance Cross-Sell
SYN-025268,10,30-06-2026,Payment Reminder / Collections Resolution
SYN-025268,11,10-07-2026,Bank Term Deposit
SYN-025268,12,20-07-2026,Bank Term Deposit
SYN-025268,13,30-07-2026,Bank Term Deposit
SYN-025268,14,10-08-2026,Retention Action
SYN-025268,15,20-08-2026,Bank Term Deposit
SYN-025268,16,30-08-2026,Bank Term Deposit
SYN-025268,17,10-09-2026,Bank Term Deposit
SYN-025268,18,20-09-2026,Bank Term Deposit
SYN-025925,1,30-03-2026,Insurance Cross-Sell
SYN-025925,2,10-04-2026,Insurance Cross-Sell
SYN-025925,3,20-04-2026,Insurance Cross-Sell
SYN-025925,4,30-04-2026,Insurance Cross-Sell
SYN-025925,5,10-05-2026,Insurance Cross-Sell
SYN-025925,6,20-05-2026,Bank Term Deposit
SYN-025925,7,30-05-2026,Bank Term Deposit
SYN-025925,8,10-06-2026,Insurance Cross-Sell
SYN-025925,9,20-06-2026,Insurance Cross-Sell
SYN-025925,10,30-06-2026,Bank Term Deposit
SYN-025925,11,10-07-2026,Bank Term Deposit
SYN-025925,12,20-07-2026,Insurance Cross-Sell
SYN-025925,13,30-07-2026,Bank Term Deposit
SYN-025925,14,10-08-2026,Bank Term Deposit
SYN-025925,15,20-08-2026,Bank Term Deposit
SYN-025925,16,30-08-2026,Bank Term Deposit
SYN-025925,17,10-09-2026,Payment Reminder / Collections Resolution
SYN-025925,18,20-09-2026,Payment Reminder / Collections Resolution
SYN-044690,1,30-03-2026,Insurance Cross-Sell
SYN-044690,2,10-04-2026,Insurance Cross-Sell
SYN-044690,3,20-04-2026,Insurance Cross-Sell
SYN-044690,4,30-04-2026,Insurance Cross-Sell
SYN-044690,5,10-05-2026,Retention Action
SYN-044690,6,20-05-2026,Insurance Cross-Sell
SYN-044690,7,30-05-2026,Insurance Cross-Sell
SYN-044690,8,10-06-2026,Insurance Cross-Sell
SYN-044690,9,20-06-2026,Insurance Cross-Sell
SYN-044690,10,30-06-2026,Insurance Cross-Sell
SYN-044690,11,10-07-2026,Insurance Cross-Sell
SYN-044690,12,20-07-2026,Insurance Cross-Sell
SYN-044690,13,30-07-2026,Insurance Cross-Sell
SYN-044690,14,10-08-2026,Retention Action
SYN-044690,15,20-08-2026,Retention Action
SYN-044690,16,30-08-2026,Retention Action
SYN-044690,17,10-09-2026,Insurance Cross-Sell
SYN-044690,18,20-09-2026,Insurance Cross-Sell
SYN-034320,1,30-03-2026,Insurance Cross-Sell
SYN-034320,2,10-04-2026,Insurance Cross-Sell
SYN-034320,3,20-04-2026,Insurance Cross-Sell
SYN-034320,4,30-04-2026,Insurance Cross-Sell
SYN-034320,5,10-05-2026,Service Intervention (Low NPS)
SYN-034320,6,20-05-2026,Insurance Cross-Sell
SYN-034320,7,30-05-2026,Insurance Cross-Sell
SYN-034320,8,10-06-2026,Insurance Cross-Sell
SYN-034320,9,20-06-2026,Insurance Cross-Sell
SYN-034320,10,30-06-2026,Payment Reminder / Collections Resolution
SYN-034320,11,10-07-2026,Insurance Cross-Sell
SYN-034320,12,20-07-2026,Insurance Cross-Sell
SYN-034320,13,30-07-2026,Insurance Cross-Sell
SYN-034320,14,10-08-2026,Insurance Cross-Sell
SYN-034320,15,20-08-2026,Insurance Cross-Sell
SYN-034320,16,30-08-2026,Service Resolution
SYN-034320,17,10-09-2026,Service Resolution
SYN-034320,18,20-09-2026,Service Resolution
SYN-002098,1,30-03-2026,Bank Term Deposit
SYN-002098,2,10-04-2026,Bank Term Deposit
SYN-002098,3,20-04-2026,Bank Term Deposit
SYN-002098,4,30-04-2026,Bank Term Deposit
SYN-002098,5,10-05-2026,Bank Term Deposit
SYN-002098,6,20-05-2026,Bank Term Deposit
SYN-002098,7,30-05-2026,Bank Term Deposit
SYN-002098,8,10-06-2026,Insurance Cross-Sell
SYN-002098,9,20-06-2026,Insurance Cross-Sell
SYN-002098,10,30-06-2026,Insurance Cross-Sell
SYN-002098,11,10-07-2026,Insurance Cross-Sell
SYN-002098,12,20-07-2026,Insurance Cross-Sell
SYN-002098,13,30-07-2026,Insurance Cross-Sell
SYN-002098,14,10-08-2026,Insurance Cross-Sell
SYN-002098,15,20-08-2026,Insurance Cross-Sell
SYN-002098,16,30-08-2026,Insurance Cross-Sell
SYN-002098,17,10-09-2026,Insurance Cross-Sell
SYN-002098,18,20-09-2026,Insurance Cross-Sell
SYN-023530,1,30-03-2026,Insurance Cross-Sell
SYN-023530,2,10-04-2026,Insurance Cross-Sell
SYN-023530,3,20-04-2026,Insurance Cross-Sell
SYN-023530,4,30-04-2026,Insurance Cross-Sell
SYN-023530,5,10-05-2026,Insurance Cross-Sell
SYN-023530,6,20-05-2026,Insurance Cross-Sell
SYN-023530,7,30-05-2026,Insurance Cross-Sell
SYN-023530,8,10-06-2026,Insurance Cross-Sell
SYN-023530,9,20-06-2026,Insurance Cross-Sell
SYN-023530,10,30-06-2026,Insurance Cross-Sell
SYN-023530,11,10-07-2026,Insurance Cross-Sell
SYN-023530,12,20-07-2026,Insurance Cross-Sell
SYN-023530,13,30-07-2026,No Marketing Action (Consent Withheld)
SYN-023530,14,10-08-2026,No Marketing Action (Consent Withheld)
SYN-023530,15,20-08-2026,No Marketing Action (Consent Withheld)
SYN-023530,16,30-08-2026,No Marketing Action (Consent Withheld)
SYN-023530,17,10-09-2026,No Marketing Action (Consent Withheld)
SYN-023530,18,20-09-2026,No Marketing Action (Consent Withheld)
SYN-005082,1,30-03-2026,Bank Term Deposit
SYN-005082,2,10-04-2026,Bank Term Deposit
SYN-005082,3,20-04-2026,Bank Term Deposit
SYN-005082,4,30-04-2026,Bank Term Deposit
SYN-005082,5,10-05-2026,Bank Term Deposit
SYN-005082,6,20-05-2026,Bank Term Deposit
SYN-005082,7,30-05-2026,Bank Term Deposit
SYN-005082,8,10-06-2026,Insurance Cross-Sell
SYN-005082,9,20-06-2026,Bank Term Deposit
SYN-005082,10,30-06-2026,Bank Term Deposit
SYN-005082,11,10-07-2026,Bank Term Deposit
SYN-005082,12,20-07-2026,Bank Term Deposit
SYN-005082,13,30-07-2026,Bank Term Deposit
SYN-005082,14,10-08-2026,Bank Term Deposit
SYN-005082,15,20-08-2026,Bank Term Deposit
SYN-005082,16,30-08-2026,Bank Term Deposit
SYN-005082,17,10-09-2026,Bank Term Deposit
SYN-005082,18,20-09-2026,Bank Term Deposit
SYN-014621,1,30-03-2026,Retention Action
SYN-014621,2,10-04-2026,Retention Action
SYN-014621,3,20-04-2026,Retention Action
SYN-014621,4,30-04-2026,Insurance Cross-Sell
SYN-014621,5,10-05-2026,Insurance Cross-Sell
SYN-014621,6,20-05-2026,Insurance Cross-Sell
SYN-014621,7,30-05-2026,Insurance Cross-Sell
SYN-014621,8,10-06-2026,Insurance Cross-Sell
SYN-014621,9,20-06-2026,Insurance Cross-Sell
SYN-014621,10,30-06-2026,Insurance Cross-Sell
SYN-014621,11,10-07-2026,Insurance Cross-Sell
SYN-014621,12,20-07-2026,Insurance Cross-Sell
SYN-014621,13,30-07-2026,Insurance Cross-Sell
SYN-014621,14,10-08-2026,Service Intervention (Low NPS)
SYN-014621,15,20-08-2026,Insurance Cross-Sell
SYN-014621,16,30-08-2026,Insurance Cross-Sell
SYN-014621,17,10-09-2026,Insurance Cross-Sell
SYN-014621,18,20-09-2026,Insurance Cross-Sell
SYN-012542,1,30-03-2026,Insurance Cross-Sell
SYN-012542,2,10-04-2026,Insurance Cross-Sell
SYN-012542,3,20-04-2026,Insurance Cross-Sell
SYN-012542,4,30-04-2026,Insurance Cross-Sell
SYN-012542,5,10-05-2026,Insurance Cross-Sell
SYN-012542,6,20-05-2026,Insurance Cross-Sell
SYN-012542,7,30-05-2026,Insurance Cross-Sell
SYN-012542,8,10-06-2026,Insurance Cross-Sell
SYN-012542,9,20-06-2026,Insurance Cross-Sell
SYN-012542,10,30-06-2026,Insurance Cross-Sell
SYN-012542,11,10-07-2026,Insurance Cross-Sell
SYN-012542,12,20-07-2026,Insurance Cross-Sell
SYN-012542,13,30-07-2026,Insurance Cross-Sell
SYN-012542,14,10-08-2026,Insurance Cross-Sell
SYN-012542,15,20-08-2026,Insurance Cross-Sell
SYN-012542,16,30-08-2026,Insurance Cross-Sell
SYN-012542,17,10-09-2026,Service Resolution
SYN-012542,18,20-09-2026,Service Resolution
SYN-030363,1,30-03-2026,Bank Term Deposit
SYN-030363,2,10-04-2026,Bank Term Deposit
SYN-030363,3,20-04-2026,Bank Term Deposit
SYN-030363,4,30-04-2026,Bank Term Deposit
SYN-030363,5,10-05-2026,Bank Term Deposit
SYN-030363,6,20-05-2026,Insurance Cross-Sell
SYN-030363,7,30-05-2026,Insurance Cross-Sell
SYN-030363,8,10-06-2026,Insurance Cross-Sell
SYN-030363,9,20-06-2026,Insurance Cross-Sell
SYN-030363,10,30-06-2026,Bank Term Deposit
SYN-030363,11,10-07-2026,Bank Term Deposit
SYN-030363,12,20-07-2026,Bank Term Deposit
SYN-030363,13,30-07-2026,Service Intervention (Low NPS)
SYN-030363,14,10-08-2026,Insurance Cross-Sell
SYN-030363,15,20-08-2026,Payment Reminder / Collections Resolution
SYN-030363,16,30-08-2026,Payment Reminder / Collections Resolution
SYN-030363,17,10-09-2026,Payment Reminder / Collections Resolution
SYN-030363,18,20-09-2026,Payment Reminder / Collections Resolution
SYN-019458,1,30-03-2026,Insurance Cross-Sell
SYN-019458,2,10-04-2026,Insurance Cross-Sell
SYN-019458,3,20-04-2026,Insurance Cross-Sell
SYN-019458,4,30-04-2026,Insurance Cross-Sell
SYN-019458,5,10-05-2026,Insurance Cross-Sell
SYN-019458,6,20-05-2026,Insurance Cross-Sell
SYN-019458,7,30-05-2026,Insurance Cross-Sell
SYN-019458,8,10-06-2026,Insurance Cross-Sell
SYN-019458,9,20-06-2026,Insurance Cross-Sell
SYN-019458,10,30-06-2026,Bank Term Deposit
SYN-019458,11,10-07-2026,Insurance Cross-Sell
SYN-019458,12,20-07-2026,Insurance Cross-Sell
SYN-019458,13,30-07-2026,Payment Reminder / Collections Resolution
SYN-019458,14,10-08-2026,Insurance Cross-Sell
SYN-019458,15,20-08-2026,Bank Term Deposit
SYN-019458,16,30-08-2026,Bank Term Deposit
SYN-019458,17,10-09-2026,Bank Term Deposit
SYN-019458,18,20-09-2026,Bank Term Deposit
SYN-015226,1,30-03-2026,Insurance Cross-Sell
SYN-015226,2,10-04-2026,Insurance Cross-Sell
SYN-015226,3,20-04-2026,Insurance Cross-Sell
SYN-015226,4,30-04-2026,Insurance Cross-Sell
SYN-015226,5,10-05-2026,Insurance Cross-Sell
SYN-015226,6,20-05-2026,Insurance Cross-Sell
SYN-015226,7,30-05-2026,Retention Action
SYN-015226,8,10-06-2026,Retention Action
SYN-015226,9,20-06-2026,Retention Action
SYN-015226,10,30-06-2026,Insurance Cross-Sell
SYN-015226,11,10-07-2026,Insurance Cross-Sell
SYN-015226,12,20-07-2026,Insurance Cross-Sell
SYN-015226,13,30-07-2026,Insurance Cross-Sell
SYN-015226,14,10-08-2026,Insurance Cross-Sell
SYN-015226,15,20-08-2026,Insurance Cross-Sell
SYN-015226,16,30-08-2026,Payment Reminder / Collections Resolution
SYN-015226,17,10-09-2026,Payment Reminder / Collections Resolution
SYN-015226,18,20-09-2026,Payment Reminder / Collections Resolution
SYN-015327,1,30-03-2026,Insurance Cross-Sell
SYN-015327,2,10-04-2026,Insurance Cross-Sell
SYN-015327,3,20-04-2026,Insurance Cross-Sell
SYN-015327,4,30-04-2026,Bank Term Deposit
SYN-015327,5,10-05-2026,Insurance Cross-Sell
SYN-015327,6,20-05-2026,Insurance Cross-Sell
SYN-015327,7,30-05-2026,Insurance Cross-Sell
SYN-015327,8,10-06-2026,Insurance Cross-Sell
SYN-015327,9,20-06-2026,Bank Term Deposit
SYN-015327,10,30-06-2026,Bank Term Deposit
SYN-015327,11,10-07-2026,Bank Term Deposit
SYN-015327,12,20-07-2026,Insurance Cross-Sell
SYN-015327,13,30-07-2026,Insurance Cross-Sell
SYN-015327,14,10-08-2026,Insurance Cross-Sell
SYN-015327,15,20-08-2026,Insurance Cross-Sell
SYN-015327,16,30-08-2026,Insurance Cross-Sell
SYN-015327,17,10-09-2026,Bank Term Deposit
SYN-015327,18,20-09-2026,Bank Term Deposit
SYN-018020,1,30-03-2026,Bank Term Deposit
SYN-018020,2,10-04-2026,Bank Term Deposit
SYN-018020,3,20-04-2026,Bank Term Deposit
SYN-018020,4,30-04-2026,Bank Term Deposit
SYN-018020,5,10-05-2026,Bank Term Deposit
SYN-018020,6,20-05-2026,Bank Term Deposit
SYN-018020,7,30-05-2026,Bank Term Deposit
SYN-018020,8,10-06-2026,Bank Term Deposit
SYN-018020,9,20-06-2026,Bank Term Deposit
SYN-018020,10,30-06-2026,Bank Term Deposit
SYN-018020,11,10-07-2026,Bank Term Deposit
SYN-018020,12,20-07-2026,Bank Term Deposit
SYN-018020,13,30-07-2026,Bank Term Deposit
SYN-018020,14,10-08-2026,Bank Term Deposit
SYN-018020,15,20-08-2026,Insurance Cross-Sell
SYN-018020,16,30-08-2026,Retention Action
SYN-018020,17,10-09-2026,Insurance Cross-Sell
SYN-018020,18,20-09-2026,Insurance Cross-Sell
SYN-033591,1,30-03-2026,Bank Term Deposit
SYN-033591,2,10-04-2026,Bank Term Deposit
SYN-033591,3,20-04-2026,Bank Term Deposit
SYN-033591,4,30-04-2026,Bank Term Deposit
SYN-033591,5,10-05-2026,Bank Term Deposit
SYN-033591,6,20-05-2026,Bank Term Deposit
SYN-033591,7,30-05-2026,Bank Term Deposit
SYN-033591,8,10-06-2026,Bank Term Deposit
SYN-033591,9,20-06-2026,Bank Term Deposit
SYN-033591,10,30-06-2026,Complete KYC
SYN-033591,11,10-07-2026,Complete KYC
SYN-033591,12,20-07-2026,Complete KYC
SYN-033591,13,30-07-2026,Complete KYC
SYN-033591,14,10-08-2026,Complete KYC
SYN-033591,15,20-08-2026,Complete KYC
SYN-033591,16,30-08-2026,Complete KYC
SYN-033591,17,10-09-2026,Complete KYC
SYN-033591,18,20-09-2026,Complete KYC
SYN-011246,1,30-03-2026,Insurance Cross-Sell
SYN-011246,2,10-04-2026,Service Intervention (Low NPS)
SYN-011246,3,20-04-2026,Insurance Cross-Sell
SYN-011246,4,30-04-2026,Bank Term Deposit
SYN-011246,5,10-05-2026,Bank Term Deposit
SYN-011246,6,20-05-2026,Retention Action
SYN-011246,7,30-05-2026,Bank Term Deposit
SYN-011246,8,10-06-2026,Bank Term Deposit
SYN-011246,9,20-06-2026,Bank Term Deposit
SYN-011246,10,30-06-2026,Bank Term Deposit
SYN-011246,11,10-07-2026,Bank Term Deposit
SYN-011246,12,20-07-2026,Insurance Cross-Sell
SYN-011246,13,30-07-2026,Insurance Cross-Sell
SYN-011246,14,10-08-2026,Insurance Cross-Sell
SYN-011246,15,20-08-2026,Service Resolution
SYN-011246,16,30-08-2026,Service Resolution
SYN-011246,17,10-09-2026,Insurance Cross-Sell
SYN-011246,18,20-09-2026,Insurance Cross-Sell
SYN-022306,1,30-03-2026,Insurance Cross-Sell
SYN-022306,2,10-04-2026,Bank Term Deposit
SYN-022306,3,20-04-2026,Bank Term Deposit
SYN-022306,4,30-04-2026,Bank Term Deposit
SYN-022306,5,10-05-2026,Bank Term Deposit
SYN-022306,6,20-05-2026,Bank Term Deposit
SYN-022306,7,30-05-2026,Bank Term Deposit
SYN-022306,8,10-06-2026,Bank Term Deposit
SYN-022306,9,20-06-2026,Bank Term Deposit
SYN-022306,10,30-06-2026,Bank Term Deposit
SYN-022306,11,10-07-2026,Bank Term Deposit
SYN-022306,12,20-07-2026,Bank Term Deposit
SYN-022306,13,30-07-2026,Bank Term Deposit
SYN-022306,14,10-08-2026,Bank Term Deposit
SYN-022306,15,20-08-2026,Bank Term Deposit
SYN-022306,16,30-08-2026,Bank Term Deposit
SYN-022306,17,10-09-2026,Insurance Cross-Sell
SYN-022306,18,20-09-2026,Insurance Cross-Sell
SYN-008944,1,30-03-2026,Payment Reminder / Collections Resolution
SYN-008944,2,10-04-2026,Payment Reminder / Collections Resolution
SYN-008944,3,20-04-2026,Payment Reminder / Collections Resolution
SYN-008944,4,30-04-2026,Payment Reminder / Collections Resolution
SYN-008944,5,10-05-2026,Insurance Cross-Sell
SYN-008944,6,20-05-2026,Bank Term Deposit
SYN-008944,7,30-05-2026,Insurance Cross-Sell
SYN-008944,8,10-06-2026,Insurance Cross-Sell
SYN-008944,9,20-06-2026,Insurance Cross-Sell
SYN-008944,10,30-06-2026,Insurance Cross-Sell
SYN-008944,11,10-07-2026,Insurance Cross-Sell
SYN-008944,12,20-07-2026,Bank Term Deposit
SYN-008944,13,30-07-2026,Bank Term Deposit
SYN-008944,14,10-08-2026,Bank Term Deposit
SYN-008944,15,20-08-2026,Bank Term Deposit
SYN-008944,16,30-08-2026,Bank Term Deposit
SYN-008944,17,10-09-2026,Payment Reminder / Collections Resolution
SYN-008944,18,20-09-2026,Payment Reminder / Collections Resolution
SYN-038365,1,30-03-2026,Insurance Cross-Sell
SYN-038365,2,10-04-2026,Insurance Cross-Sell
SYN-038365,3,20-04-2026,Insurance Cross-Sell
SYN-038365,4,30-04-2026,Insurance Cross-Sell
SYN-038365,5,10-05-2026,Insurance Cross-Sell
SYN-038365,6,20-05-2026,Insurance Cross-Sell
SYN-038365,7,30-05-2026,Insurance Cross-Sell
SYN-038365,8,10-06-2026,Insurance Cross-Sell
SYN-038365,9,20-06-2026,Insurance Cross-Sell
SYN-038365,10,30-06-2026,Insurance Cross-Sell
SYN-038365,11,10-07-2026,Insurance Cross-Sell
SYN-038365,12,20-07-2026,Insurance Cross-Sell
SYN-038365,13,30-07-2026,Insurance Cross-Sell
SYN-038365,14,10-08-2026,Complete KYC
SYN-038365,15,20-08-2026,Complete KYC
SYN-038365,16,30-08-2026,Complete KYC
SYN-038365,17,10-09-2026,Complete KYC
SYN-038365,18,20-09-2026,Complete KYC
SYN-014453,1,30-03-2026,Bank Term Deposit
SYN-014453,2,10-04-2026,Bank Term Deposit
SYN-014453,3,20-04-2026,Bank Term Deposit
SYN-014453,4,30-04-2026,Bank Term Deposit
SYN-014453,5,10-05-2026,Bank Term Deposit
SYN-014453,6,20-05-2026,Bank Term Deposit
SYN-014453,7,30-05-2026,Bank Term Deposit
SYN-014453,8,10-06-2026,Bank Term Deposit
SYN-014453,9,20-06-2026,Bank Term Deposit
SYN-014453,10,30-06-2026,Bank Term Deposit
SYN-014453,11,10-07-2026,Complete KYC
SYN-014453,12,20-07-2026,Complete KYC
SYN-014453,13,30-07-2026,Complete KYC
SYN-014453,14,10-08-2026,Complete KYC
SYN-014453,15,20-08-2026,Complete KYC
SYN-014453,16,30-08-2026,Complete KYC
SYN-014453,17,10-09-2026,Complete KYC
SYN-014453,18,20-09-2026,Complete KYC
SYN-043572,1,30-03-2026,Bank Term Deposit
SYN-043572,2,10-04-2026,Bank Term Deposit
SYN-043572,3,20-04-2026,Bank Term Deposit
SYN-043572,4,30-04-2026,Bank Term Deposit
SYN-043572,5,10-05-2026,Bank Term Deposit
SYN-043572,6,20-05-2026,Bank Term Deposit
SYN-043572,7,30-05-2026,Bank Term Deposit
SYN-043572,8,10-06-2026,Bank Term Deposit
SYN-043572,9,20-06-2026,Insurance Cross-Sell
SYN-043572,10,30-06-2026,Insurance Cross-Sell
SYN-043572,11,10-07-2026,Insurance Cross-Sell
SYN-043572,12,20-07-2026,Insurance Cross-Sell
SYN-043572,13,30-07-2026,Insurance Cross-Sell
SYN-043572,14,10-08-2026,Insurance Cross-Sell
SYN-043572,15,20-08-2026,Bank Term Deposit
SYN-043572,16,30-08-2026,Bank Term Deposit
SYN-043572,17,10-09-2026,Insurance Cross-Sell
SYN-043572,18,20-09-2026,Insurance Cross-Sell
SYN-020970,1,30-03-2026,Retention Action
SYN-020970,2,10-04-2026,Insurance Cross-Sell
SYN-020970,3,20-04-2026,Insurance Cross-Sell
SYN-020970,4,30-04-2026,Insurance Cross-Sell
SYN-020970,5,10-05-2026,Insurance Cross-Sell
SYN-020970,6,20-05-2026,Insurance Cross-Sell
SYN-020970,7,30-05-2026,Payment Reminder / Collections Resolution
SYN-020970,8,10-06-2026,Payment Reminder / Collections Resolution
SYN-020970,9,20-06-2026,Insurance Cross-Sell
SYN-020970,10,30-06-2026,Insurance Cross-Sell
SYN-020970,11,10-07-2026,Insurance Cross-Sell
SYN-020970,12,20-07-2026,Complete KYC
SYN-020970,13,30-07-2026,Complete KYC
SYN-020970,14,10-08-2026,Complete KYC
SYN-020970,15,20-08-2026,Complete KYC
SYN-020970,16,30-08-2026,Complete KYC
SYN-020970,17,10-09-2026,Complete KYC
SYN-020970,18,20-09-2026,Complete KYC
SYN-038328,1,30-03-2026,Bank Term Deposit
SYN-038328,2,10-04-2026,Bank Term Deposit
SYN-038328,3,20-04-2026,Bank Term Deposit
SYN-038328,4,30-04-2026,Bank Term Deposit
SYN-038328,5,10-05-2026,Bank Term Deposit
SYN-038328,6,20-05-2026,Bank Term Deposit
SYN-038328,7,30-05-2026,Insurance Cross-Sell
SYN-038328,8,10-06-2026,Insurance Cross-Sell
SYN-038328,9,20-06-2026,Bank Term Deposit
SYN-038328,10,30-06-2026,Bank Term Deposit
SYN-038328,11,10-07-2026,Complete KYC
SYN-038328,12,20-07-2026,Complete KYC
SYN-038328,13,30-07-2026,Complete KYC
SYN-038328,14,10-08-2026,Complete KYC
SYN-038328,15,20-08-2026,Complete KYC
SYN-038328,16,30-08-2026,Complete KYC
SYN-038328,17,10-09-2026,Complete KYC
SYN-038328,18,20-09-2026,Complete KYC
SYN-032573,1,30-03-2026,Insurance Cross-Sell
SYN-032573,2,10-04-2026,Insurance Cross-Sell
SYN-032573,3,20-04-2026,Retention Action
SYN-032573,4,30-04-2026,Retention Action
SYN-032573,5,10-05-2026,Retention Action
SYN-032573,6,20-05-2026,Insurance Cross-Sell
SYN-032573,7,30-05-2026,Insurance Cross-Sell
SYN-032573,8,10-06-2026,Insurance Cross-Sell
SYN-032573,9,20-06-2026,Insurance Cross-Sell
SYN-032573,10,30-06-2026,Insurance Cross-Sell
SYN-032573,11,10-07-2026,Insurance Cross-Sell
SYN-032573,12,20-07-2026,Insurance Cross-Sell
SYN-032573,13,30-07-2026,Insurance Cross-Sell
SYN-032573,14,10-08-2026,Service Resolution
SYN-032573,15,20-08-2026,Service Resolution
SYN-032573,16,30-08-2026,Insurance Cross-Sell
SYN-032573,17,10-09-2026,Insurance Cross-Sell
SYN-032573,18,20-09-2026,Insurance Cross-Sell
SYN-015786,1,30-03-2026,Insurance Cross-Sell
SYN-015786,2,10-04-2026,Insurance Cross-Sell
SYN-015786,3,20-04-2026,Service Resolution
SYN-015786,4,30-04-2026,Bank Term Deposit
SYN-015786,5,10-05-2026,Insurance Cross-Sell
SYN-015786,6,20-05-2026,Insurance Cross-Sell
SYN-015786,7,30-05-2026,Insurance Cross-Sell
SYN-015786,8,10-06-2026,Bank Term Deposit
SYN-015786,9,20-06-2026,Bank Term Deposit
SYN-015786,10,30-06-2026,Bank Term Deposit
SYN-015786,11,10-07-2026,Insurance Cross-Sell
SYN-015786,12,20-07-2026,Insurance Cross-Sell
SYN-015786,13,30-07-2026,Insurance Cross-Sell
SYN-015786,14,10-08-2026,Bank Term Deposit
SYN-015786,15,20-08-2026,Bank Term Deposit
SYN-015786,16,30-08-2026,Bank Term Deposit
SYN-015786,17,10-09-2026,Complete KYC
SYN-015786,18,20-09-2026,Complete KYC
SYN-016086,1,30-03-2026,Insurance Cross-Sell
SYN-016086,2,10-04-2026,Insurance Cross-Sell
SYN-016086,3,20-04-2026,Insurance Cross-Sell
SYN-016086,4,30-04-2026,Insurance Cross-Sell
SYN-016086,5,10-05-2026,Insurance Cross-Sell
SYN-016086,6,20-05-2026,Insurance Cross-Sell
SYN-016086,7,30-05-2026,Insurance Cross-Sell
SYN-016086,8,10-06-2026,Bank Term Deposit
SYN-016086,9,20-06-2026,Bank Term Deposit
SYN-016086,10,30-06-2026,Insurance Cross-Sell
SYN-016086,11,10-07-2026,Insurance Cross-Sell
SYN-016086,12,20-07-2026,Insurance Cross-Sell
SYN-016086,13,30-07-2026,Insurance Cross-Sell
SYN-016086,14,10-08-2026,Insurance Cross-Sell
SYN-016086,15,20-08-2026,Insurance Cross-Sell
SYN-016086,16,30-08-2026,Insurance Cross-Sell
SYN-016086,17,10-09-2026,Insurance Cross-Sell
SYN-016086,18,20-09-2026,Insurance Cross-Sell
SYN-034066,1,30-03-2026,Insurance Cross-Sell
SYN-034066,2,10-04-2026,Bank Term Deposit
SYN-034066,3,20-04-2026,Insurance Cross-Sell
SYN-034066,4,30-04-2026,Insurance Cross-Sell
SYN-034066,5,10-05-2026,Insurance Cross-Sell
SYN-034066,6,20-05-2026,Complete KYC
SYN-034066,7,30-05-2026,Complete KYC
SYN-034066,8,10-06-2026,Complete KYC
SYN-034066,9,20-06-2026,Complete KYC
SYN-034066,10,30-06-2026,Complete KYC
SYN-034066,11,10-07-2026,Complete KYC
SYN-034066,12,20-07-2026,Complete KYC
SYN-034066,13,30-07-2026,Complete KYC
SYN-034066,14,10-08-2026,Complete KYC
SYN-034066,15,20-08-2026,Complete KYC
SYN-034066,16,30-08-2026,Complete KYC
SYN-034066,17,10-09-2026,Complete KYC
SYN-034066,18,20-09-2026,Complete KYC
SYN-020999,1,30-03-2026,Insurance Cross-Sell
SYN-020999,2,10-04-2026,Insurance Cross-Sell
SYN-020999,3,20-04-2026,Insurance Cross-Sell
SYN-020999,4,30-04-2026,Insurance Cross-Sell
SYN-020999,5,10-05-2026,Insurance Cross-Sell
SYN-020999,6,20-05-2026,Insurance Cross-Sell
SYN-020999,7,30-05-2026,Insurance Cross-Sell
SYN-020999,8,10-06-2026,Insurance Cross-Sell
SYN-020999,9,20-06-2026,Insurance Cross-Sell
SYN-020999,10,30-06-2026,Insurance Cross-Sell
SYN-020999,11,10-07-2026,Insurance Cross-Sell
SYN-020999,12,20-07-2026,No Marketing Action (Consent Withheld)
SYN-020999,13,30-07-2026,No Marketing Action (Consent Withheld)
SYN-020999,14,10-08-2026,No Marketing Action (Consent Withheld)
SYN-020999,15,20-08-2026,No Marketing Action (Consent Withheld)
SYN-020999,16,30-08-2026,No Marketing Action (Consent Withheld)
SYN-020999,17,10-09-2026,No Marketing Action (Consent Withheld)
SYN-020999,18,20-09-2026,No Marketing Action (Consent Withheld)
SYN-015345,1,30-03-2026,Insurance Cross-Sell
SYN-015345,2,10-04-2026,Bank Term Deposit
SYN-015345,3,20-04-2026,Bank Term Deposit
SYN-015345,4,30-04-2026,Bank Term Deposit
SYN-015345,5,10-05-2026,Bank Term Deposit
SYN-015345,6,20-05-2026,Bank Term Deposit
SYN-015345,7,30-05-2026,Bank Term Deposit
SYN-015345,8,10-06-2026,Bank Term Deposit
SYN-015345,9,20-06-2026,Insurance Cross-Sell
SYN-015345,10,30-06-2026,Insurance Cross-Sell
SYN-015345,11,10-07-2026,Insurance Cross-Sell
SYN-015345,12,20-07-2026,Insurance Cross-Sell
SYN-015345,13,30-07-2026,Insurance Cross-Sell
SYN-015345,14,10-08-2026,Insurance Cross-Sell
SYN-015345,15,20-08-2026,Insurance Cross-Sell
SYN-015345,16,30-08-2026,Insurance Cross-Sell
SYN-015345,17,10-09-2026,Bank Term Deposit
SYN-015345,18,20-09-2026,Bank Term Deposit
SYN-002178,1,30-03-2026,Insurance Cross-Sell
SYN-002178,2,10-04-2026,Insurance Cross-Sell
SYN-002178,3,20-04-2026,Insurance Cross-Sell
SYN-002178,4,30-04-2026,Bank Term Deposit
SYN-002178,5,10-05-2026,Bank Term Deposit
SYN-002178,6,20-05-2026,Insurance Cross-Sell
SYN-002178,7,30-05-2026,Insurance Cross-Sell
SYN-002178,8,10-06-2026,Insurance Cross-Sell
SYN-002178,9,20-06-2026,Insurance Cross-Sell
SYN-002178,10,30-06-2026,Insurance Cross-Sell
SYN-002178,11,10-07-2026,Insurance Cross-Sell
SYN-002178,12,20-07-2026,Insurance Cross-Sell
SYN-002178,13,30-07-2026,Bank Term Deposit
SYN-002178,14,10-08-2026,Insurance Cross-Sell
SYN-002178,15,20-08-2026,Insurance Cross-Sell
SYN-002178,16,30-08-2026,Insurance Cross-Sell
SYN-002178,17,10-09-2026,Insurance Cross-Sell
SYN-002178,18,20-09-2026,Insurance Cross-Sell
SYN-030440,1,30-03-2026,Insurance Cross-Sell
SYN-030440,2,10-04-2026,Bank Term Deposit
SYN-030440,3,20-04-2026,Bank Term Deposit
SYN-030440,4,30-04-2026,Bank Term Deposit
SYN-030440,5,10-05-2026,Bank Term Deposit
SYN-030440,6,20-05-2026,Bank Term Deposit
SYN-030440,7,30-05-2026,Bank Term Deposit
SYN-030440,8,10-06-2026,Bank Term Deposit
SYN-030440,9,20-06-2026,Service Intervention (Low NPS)
SYN-030440,10,30-06-2026,Service Intervention (Low NPS)
SYN-030440,11,10-07-2026,Bank Term Deposit
SYN-030440,12,20-07-2026,Bank Term Deposit
SYN-030440,13,30-07-2026,Bank Term Deposit
SYN-030440,14,10-08-2026,Bank Term Deposit
SYN-030440,15,20-08-2026,Bank Term Deposit
SYN-030440,16,30-08-2026,Bank Term Deposit
SYN-030440,17,10-09-2026,Service Resolution
SYN-030440,18,20-09-2026,Service Resolution
SYN-019463,1,30-03-2026,Insurance Cross-Sell
SYN-019463,2,10-04-2026,Bank Term Deposit
SYN-019463,3,20-04-2026,Insurance Cross-Sell
SYN-019463,4,30-04-2026,Payment Reminder / Collections Resolution
SYN-019463,5,10-05-2026,Insurance Cross-Sell
SYN-019463,6,20-05-2026,Insurance Cross-Sell
SYN-019463,7,30-05-2026,Insurance Cross-Sell
SYN-019463,8,10-06-2026,Insurance Cross-Sell
SYN-019463,9,20-06-2026,Retention Action
SYN-019463,10,30-06-2026,Insurance Cross-Sell
SYN-019463,11,10-07-2026,Insurance Cross-Sell
SYN-019463,12,20-07-2026,Insurance Cross-Sell
SYN-019463,13,30-07-2026,Insurance Cross-Sell
SYN-019463,14,10-08-2026,Bank Term Deposit
SYN-019463,15,20-08-2026,Bank Term Deposit
SYN-019463,16,30-08-2026,Insurance Cross-Sell
SYN-019463,17,10-09-2026,Payment Reminder / Collections Resolution
SYN-019463,18,20-09-2026,Payment Reminder / Collections Resolution
SYN-019763,1,30-03-2026,Insurance Cross-Sell
SYN-019763,2,10-04-2026,Insurance Cross-Sell
SYN-019763,3,20-04-2026,Insurance Cross-Sell
SYN-019763,4,30-04-2026,Insurance Cross-Sell
SYN-019763,5,10-05-2026,Bank Term Deposit
SYN-019763,6,20-05-2026,Bank Term Deposit
SYN-019763,7,30-05-2026,Bank Term Deposit
SYN-019763,8,10-06-2026,Bank Term Deposit
SYN-019763,9,20-06-2026,Bank Term Deposit
SYN-019763,10,30-06-2026,Bank Term Deposit
SYN-019763,11,10-07-2026,Bank Term Deposit
SYN-019763,12,20-07-2026,Bank Term Deposit
SYN-019763,13,30-07-2026,Bank Term Deposit
SYN-019763,14,10-08-2026,Bank Term Deposit
SYN-019763,15,20-08-2026,Bank Term Deposit
SYN-019763,16,30-08-2026,Bank Term Deposit
SYN-019763,17,10-09-2026,Bank Term Deposit
SYN-019763,18,20-09-2026,Bank Term Deposit
SYN-034444,1,30-03-2026,Bank Term Deposit
SYN-034444,2,10-04-2026,Bank Term Deposit
SYN-034444,3,20-04-2026,Bank Term Deposit
SYN-034444,4,30-04-2026,Insurance Cross-Sell
SYN-034444,5,10-05-2026,Insurance Cross-Sell
SYN-034444,6,20-05-2026,Service Intervention (Low NPS)
SYN-034444,7,30-05-2026,Service Intervention (Low NPS)
SYN-034444,8,10-06-2026,Service Intervention (Low NPS)
SYN-034444,9,20-06-2026,Insurance Cross-Sell
SYN-034444,10,30-06-2026,Insurance Cross-Sell
SYN-034444,11,10-07-2026,Bank Term Deposit
SYN-034444,12,20-07-2026,Bank Term Deposit
SYN-034444,13,30-07-2026,Bank Term Deposit
SYN-034444,14,10-08-2026,Bank Term Deposit
SYN-034444,15,20-08-2026,Bank Term Deposit
SYN-034444,16,30-08-2026,Bank Term Deposit
SYN-034444,17,10-09-2026,Bank Term Deposit
SYN-034444,18,20-09-2026,Bank Term Deposit
SYN-019505,1,30-03-2026,Bank Term Deposit
SYN-019505,2,10-04-2026,Service Intervention (Low NPS)
SYN-019505,3,20-04-2026,Bank Term Deposit
SYN-019505,4,30-04-2026,Insurance Cross-Sell
SYN-019505,5,10-05-2026,Bank Term Deposit
SYN-019505,6,20-05-2026,Bank Term Deposit
SYN-019505,7,30-05-2026,Bank Term Deposit
SYN-019505,8,10-06-2026,Insurance Cross-Sell
SYN-019505,9,20-06-2026,Insurance Cross-Sell
SYN-019505,10,30-06-2026,Insurance Cross-Sell
SYN-019505,11,10-07-2026,Insurance Cross-Sell
SYN-019505,12,20-07-2026,Insurance Cross-Sell
SYN-019505,13,30-07-2026,Insurance Cross-Sell
SYN-019505,14,10-08-2026,Insurance Cross-Sell
SYN-019505,15,20-08-2026,Insurance Cross-Sell
SYN-019505,16,30-08-2026,Insurance Cross-Sell
SYN-019505,17,10-09-2026,Insurance Cross-Sell
SYN-019505,18,20-09-2026,Insurance Cross-Sell
SYN-017847,1,30-03-2026,Insurance Cross-Sell
SYN-017847,2,10-04-2026,Insurance Cross-Sell
SYN-017847,3,20-04-2026,Insurance Cross-Sell
SYN-017847,4,30-04-2026,Insurance Cross-Sell
SYN-017847,5,10-05-2026,Insurance Cross-Sell
SYN-017847,6,20-05-2026,Insurance Cross-Sell
SYN-017847,7,30-05-2026,Insurance Cross-Sell
SYN-017847,8,10-06-2026,Insurance Cross-Sell
SYN-017847,9,20-06-2026,Insurance Cross-Sell
SYN-017847,10,30-06-2026,Insurance Cross-Sell
SYN-017847,11,10-07-2026,Insurance Cross-Sell
SYN-017847,12,20-07-2026,Bank Term Deposit
SYN-017847,13,30-07-2026,Bank Term Deposit
SYN-017847,14,10-08-2026,Bank Term Deposit
SYN-017847,15,20-08-2026,Bank Term Deposit
SYN-017847,16,30-08-2026,Bank Term Deposit
SYN-017847,17,10-09-2026,Bank Term Deposit
SYN-017847,18,20-09-2026,Bank Term Deposit
SYN-034621,1,30-03-2026,Bank Term Deposit
SYN-034621,2,10-04-2026,Bank Term Deposit
SYN-034621,3,20-04-2026,Bank Term Deposit
SYN-034621,4,30-04-2026,Bank Term Deposit
SYN-034621,5,10-05-2026,Bank Term Deposit
SYN-034621,6,20-05-2026,Bank Term Deposit
SYN-034621,7,30-05-2026,Bank Term Deposit
SYN-034621,8,10-06-2026,Bank Term Deposit
SYN-034621,9,20-06-2026,Insurance Cross-Sell
SYN-034621,10,30-06-2026,Insurance Cross-Sell
SYN-034621,11,10-07-2026,Insurance Cross-Sell
SYN-034621,12,20-07-2026,Insurance Cross-Sell
SYN-034621,13,30-07-2026,Insurance Cross-Sell
SYN-034621,14,10-08-2026,Service Intervention (Low NPS)
SYN-034621,15,20-08-2026,Insurance Cross-Sell
SYN-034621,16,30-08-2026,Insurance Cross-Sell
SYN-034621,17,10-09-2026,Insurance Cross-Sell
SYN-034621,18,20-09-2026,Insurance Cross-Sell
SYN-014327,1,30-03-2026,Insurance Cross-Sell
SYN-014327,2,10-04-2026,Insurance Cross-Sell
SYN-014327,3,20-04-2026,Bank Term Deposit
SYN-014327,4,30-04-2026,Bank Term Deposit
SYN-014327,5,10-05-2026,Bank Term Deposit
SYN-014327,6,20-05-2026,Bank Term Deposit
SYN-014327,7,30-05-2026,Bank Term Deposit
SYN-014327,8,10-06-2026,Bank Term Deposit
SYN-014327,9,20-06-2026,Bank Term Deposit
SYN-014327,10,30-06-2026,Bank Term Deposit
SYN-014327,11,10-07-2026,Bank Term Deposit
SYN-014327,12,20-07-2026,Bank Term Deposit
SYN-014327,13,30-07-2026,Payment Reminder / Collections Resolution
SYN-014327,14,10-08-2026,Payment Reminder / Collections Resolution
SYN-014327,15,20-08-2026,Payment Reminder / Collections Resolution
SYN-014327,16,30-08-2026,Payment Reminder / Collections Resolution
SYN-014327,17,10-09-2026,Payment Reminder / Collections Resolution
SYN-014327,18,20-09-2026,Payment Reminder / Collections Resolution
SYN-034326,1,30-03-2026,Bank Term Deposit
SYN-034326,2,10-04-2026,Bank Term Deposit
SYN-034326,3,20-04-2026,Bank Term Deposit
SYN-034326,4,30-04-2026,Bank Term Deposit
SYN-034326,5,10-05-2026,Bank Term Deposit
SYN-034326,6,20-05-2026,Bank Term Deposit
SYN-034326,7,30-05-2026,Service Intervention (Low NPS)
SYN-034326,8,10-06-2026,Insurance Cross-Sell
SYN-034326,9,20-06-2026,Bank Term Deposit
SYN-034326,10,30-06-2026,Bank Term Deposit
SYN-034326,11,10-07-2026,Insurance Cross-Sell
SYN-034326,12,20-07-2026,Insurance Cross-Sell
SYN-034326,13,30-07-2026,Insurance Cross-Sell
SYN-034326,14,10-08-2026,Insurance Cross-Sell
SYN-034326,15,20-08-2026,Insurance Cross-Sell
SYN-034326,16,30-08-2026,Insurance Cross-Sell
SYN-034326,17,10-09-2026,Service Intervention (Low NPS)
SYN-034326,18,20-09-2026,Service Intervention (Low NPS)
SYN-015644,1,30-03-2026,Insurance Cross-Sell
SYN-015644,2,10-04-2026,Insurance Cross-Sell
SYN-015644,3,20-04-2026,Retention Action
SYN-015644,4,30-04-2026,Insurance Cross-Sell
SYN-015644,5,10-05-2026,Insurance Cross-Sell
SYN-015644,6,20-05-2026,Bank Term Deposit
SYN-015644,7,30-05-2026,Bank Term Deposit
SYN-015644,8,10-06-2026,Bank Term Deposit
SYN-015644,9,20-06-2026,Bank Term Deposit
SYN-015644,10,30-06-2026,Bank Term Deposit
SYN-015644,11,10-07-2026,Bank Term Deposit
SYN-015644,12,20-07-2026,Bank Term Deposit
SYN-015644,13,30-07-2026,Bank Term Deposit
SYN-015644,14,10-08-2026,Bank Term Deposit
SYN-015644,15,20-08-2026,Bank Term Deposit
SYN-015644,16,30-08-2026,Bank Term Deposit
SYN-015644,17,10-09-2026,Complete KYC
SYN-015644,18,20-09-2026,Complete KYC
SYN-038895,1,30-03-2026,Bank Term Deposit
SYN-038895,2,10-04-2026,Bank Term Deposit
SYN-038895,3,20-04-2026,Bank Term Deposit
SYN-038895,4,30-04-2026,Bank Term Deposit
SYN-038895,5,10-05-2026,Bank Term Deposit
SYN-038895,6,20-05-2026,Bank Term Deposit
SYN-038895,7,30-05-2026,Bank Term Deposit
SYN-038895,8,10-06-2026,Service Resolution
SYN-038895,9,20-06-2026,Bank Term Deposit
SYN-038895,10,30-06-2026,Bank Term Deposit
SYN-038895,11,10-07-2026,Insurance Cross-Sell
SYN-038895,12,20-07-2026,Bank Term Deposit
SYN-038895,13,30-07-2026,Bank Term Deposit
SYN-038895,14,10-08-2026,Bank Term Deposit
SYN-038895,15,20-08-2026,Bank Term Deposit
SYN-038895,16,30-08-2026,Service Intervention (Low NPS)
SYN-038895,17,10-09-2026,Bank Term Deposit
SYN-038895,18,20-09-2026,Bank Term Deposit
SYN-017532,1,30-03-2026,Bank Term Deposit
SYN-017532,2,10-04-2026,Bank Term Deposit
SYN-017532,3,20-04-2026,Bank Term Deposit
SYN-017532,4,30-04-2026,Bank Term Deposit
SYN-017532,5,10-05-2026,Bank Term Deposit
SYN-017532,6,20-05-2026,Bank Term Deposit
SYN-017532,7,30-05-2026,Service Resolution
SYN-017532,8,10-06-2026,Insurance Cross-Sell
SYN-017532,9,20-06-2026,Insurance Cross-Sell
SYN-017532,10,30-06-2026,Insurance Cross-Sell
SYN-017532,11,10-07-2026,Insurance Cross-Sell
SYN-017532,12,20-07-2026,Insurance Cross-Sell
SYN-017532,13,30-07-2026,Insurance Cross-Sell
SYN-017532,14,10-08-2026,Insurance Cross-Sell
SYN-017532,15,20-08-2026,Insurance Cross-Sell
SYN-017532,16,30-08-2026,Insurance Cross-Sell
SYN-017532,17,10-09-2026,Insurance Cross-Sell
SYN-017532,18,20-09-2026,Insurance Cross-Sell
SYN-017176,1,30-03-2026,Service Intervention (Low NPS)
SYN-017176,2,10-04-2026,Insurance Cross-Sell
SYN-017176,3,20-04-2026,Insurance Cross-Sell
SYN-017176,4,30-04-2026,Insurance Cross-Sell
SYN-017176,5,10-05-2026,Insurance Cross-Sell
SYN-017176,6,20-05-2026,Bank Term Deposit
SYN-017176,7,30-05-2026,Retention Action
SYN-017176,8,10-06-2026,Retention Action
SYN-017176,9,20-06-2026,Retention Action
SYN-017176,10,30-06-2026,Bank Term Deposit
SYN-017176,11,10-07-2026,Bank Term Deposit
SYN-017176,12,20-07-2026,Bank Term Deposit
SYN-017176,13,30-07-2026,No Marketing Action (Consent Withheld)
SYN-017176,14,10-08-2026,No Marketing Action (Consent Withheld)
SYN-017176,15,20-08-2026,No Marketing Action (Consent Withheld)
SYN-017176,16,30-08-2026,No Marketing Action (Consent Withheld)
SYN-017176,17,10-09-2026,No Marketing Action (Consent Withheld)
SYN-017176,18,20-09-2026,No Marketing Action (Consent Withheld)
SYN-022780,1,30-03-2026,Bank Term Deposit
SYN-022780,2,10-04-2026,Bank Term Deposit
SYN-022780,3,20-04-2026,Bank Term Deposit
SYN-022780,4,30-04-2026,Service Intervention (Low NPS)
SYN-022780,5,10-05-2026,Bank Term Deposit
SYN-022780,6,20-05-2026,Bank Term Deposit
SYN-022780,7,30-05-2026,Bank Term Deposit
SYN-022780,8,10-06-2026,Service Resolution
SYN-022780,9,20-06-2026,Insurance Cross-Sell
SYN-022780,10,30-06-2026,Insurance Cross-Sell
SYN-022780,11,10-07-2026,Insurance Cross-Sell
SYN-022780,12,20-07-2026,Insurance Cross-Sell
SYN-022780,13,30-07-2026,Insurance Cross-Sell
SYN-022780,14,10-08-2026,Insurance Cross-Sell
SYN-022780,15,20-08-2026,Payment Reminder / Collections Resolution
SYN-022780,16,30-08-2026,Payment Reminder / Collections Resolution
SYN-022780,17,10-09-2026,Payment Reminder / Collections Resolution
SYN-022780,18,20-09-2026,Payment Reminder / Collections Resolution
SYN-011993,1,30-03-2026,Bank Term Deposit
SYN-011993,2,10-04-2026,Bank Term Deposit
SYN-011993,3,20-04-2026,Bank Term Deposit
SYN-011993,4,30-04-2026,Service Resolution
SYN-011993,5,10-05-2026,Insurance Cross-Sell
SYN-011993,6,20-05-2026,Insurance Cross-Sell
SYN-011993,7,30-05-2026,Insurance Cross-Sell
SYN-011993,8,10-06-2026,Retention Action
SYN-011993,9,20-06-2026,Insurance Cross-Sell
SYN-011993,10,30-06-2026,Insurance Cross-Sell
SYN-011993,11,10-07-2026,Bank Term Deposit
SYN-011993,12,20-07-2026,Service Intervention (Low NPS)
SYN-011993,13,30-07-2026,Bank Term Deposit
SYN-011993,14,10-08-2026,Bank Term Deposit
SYN-011993,15,20-08-2026,Bank Term Deposit
SYN-011993,16,30-08-2026,Insurance Cross-Sell
SYN-011993,17,10-09-2026,Service Intervention (Low NPS)
SYN-011993,18,20-09-2026,Service Intervention (Low NPS)
SYN-024874,1,30-03-2026,Bank Term Deposit
SYN-024874,2,10-04-2026,Bank Term Deposit
SYN-024874,3,20-04-2026,Bank Term Deposit
SYN-024874,4,30-04-2026,Bank Term Deposit
SYN-024874,5,10-05-2026,Bank Term Deposit
SYN-024874,6,20-05-2026,Bank Term Deposit
SYN-024874,7,30-05-2026,Bank Term Deposit
SYN-024874,8,10-06-2026,Insurance Cross-Sell
SYN-024874,9,20-06-2026,Service Resolution
SYN-024874,10,30-06-2026,Service Resolution
SYN-024874,11,10-07-2026,Insurance Cross-Sell
SYN-024874,12,20-07-2026,Insurance Cross-Sell
SYN-024874,13,30-07-2026,Insurance Cross-Sell
SYN-024874,14,10-08-2026,Insurance Cross-Sell
SYN-024874,15,20-08-2026,Insurance Cross-Sell
SYN-024874,16,30-08-2026,Insurance Cross-Sell
SYN-024874,17,10-09-2026,Bank Term Deposit
SYN-024874,18,20-09-2026,Bank Term Deposit
SYN-033342,1,30-03-2026,Insurance Cross-Sell
SYN-033342,2,10-04-2026,Insurance Cross-Sell
SYN-033342,3,20-04-2026,Insurance Cross-Sell
SYN-033342,4,30-04-2026,Insurance Cross-Sell
SYN-033342,5,10-05-2026,Insurance Cross-Sell
SYN-033342,6,20-05-2026,Insurance Cross-Sell
SYN-033342,7,30-05-2026,Insurance Cross-Sell
SYN-033342,8,10-06-2026,Insurance Cross-Sell
SYN-033342,9,20-06-2026,Insurance Cross-Sell
SYN-033342,10,30-06-2026,Bank Term Deposit
SYN-033342,11,10-07-2026,Bank Term Deposit
SYN-033342,12,20-07-2026,Bank Term Deposit
SYN-033342,13,30-07-2026,Payment Reminder / Collections Resolution
SYN-033342,14,10-08-2026,Payment Reminder / Collections Resolution
SYN-033342,15,20-08-2026,Payment Reminder / Collections Resolution
SYN-033342,16,30-08-2026,Insurance Cross-Sell
SYN-033342,17,10-09-2026,Complete KYC
SYN-033342,18,20-09-2026,Complete KYC
SYN-005422,1,30-03-2026,Service Intervention (Low NPS)
SYN-005422,2,10-04-2026,Insurance Cross-Sell
SYN-005422,3,20-04-2026,Bank Term Deposit
SYN-005422,4,30-04-2026,Bank Term Deposit
SYN-005422,5,10-05-2026,Bank Term Deposit
SYN-005422,6,20-05-2026,Bank Term Deposit
SYN-005422,7,30-05-2026,Retention Action
SYN-005422,8,10-06-2026,Retention Action
SYN-005422,9,20-06-2026,Bank Term Deposit
SYN-005422,10,30-06-2026,Bank Term Deposit
SYN-005422,11,10-07-2026,Bank Term Deposit
SYN-005422,12,20-07-2026,Bank Term Deposit
SYN-005422,13,30-07-2026,Bank Term Deposit
SYN-005422,14,10-08-2026,Bank Term Deposit
SYN-005422,15,20-08-2026,Bank Term Deposit
SYN-005422,16,30-08-2026,Bank Term Deposit
SYN-005422,17,10-09-2026,Bank Term Deposit
SYN-005422,18,20-09-2026,Bank Term Deposit
SYN-000485,1,30-03-2026,Insurance Cross-Sell
SYN-000485,2,10-04-2026,Insurance Cross-Sell
SYN-000485,3,20-04-2026,Insurance Cross-Sell
SYN-000485,4,30-04-2026,Insurance Cross-Sell
SYN-000485,5,10-05-2026,Retention Action
SYN-000485,6,20-05-2026,Bank Term Deposit
SYN-000485,7,30-05-2026,Bank Term Deposit
SYN-000485,8,10-06-2026,Insurance Cross-Sell
SYN-000485,9,20-06-2026,Insurance Cross-Sell
SYN-000485,10,30-06-2026,Service Intervention (Low NPS)
SYN-000485,11,10-07-2026,Service Intervention (Low NPS)
SYN-000485,12,20-07-2026,Insurance Cross-Sell
SYN-000485,13,30-07-2026,Insurance Cross-Sell
SYN-000485,14,10-08-2026,Insurance Cross-Sell
SYN-000485,15,20-08-2026,Bank Term Deposit
SYN-000485,16,30-08-2026,Bank Term Deposit
SYN-000485,17,10-09-2026,Complete KYC
SYN-000485,18,20-09-2026,Complete KYC
SYN-040633,1,30-03-2026,Retention Action
SYN-040633,2,10-04-2026,Insurance Cross-Sell
SYN-040633,3,20-04-2026,Insurance Cross-Sell
SYN-040633,4,30-04-2026,Insurance Cross-Sell
SYN-040633,5,10-05-2026,Service Intervention (Low NPS)
SYN-040633,6,20-05-2026,Insurance Cross-Sell
SYN-040633,7,30-05-2026,Insurance Cross-Sell
SYN-040633,8,10-06-2026,Insurance Cross-Sell
SYN-040633,9,20-06-2026,Insurance Cross-Sell
SYN-040633,10,30-06-2026,Insurance Cross-Sell
SYN-040633,11,10-07-2026,Service Intervention (Low NPS)
SYN-040633,12,20-07-2026,Insurance Cross-Sell
SYN-040633,13,30-07-2026,Insurance Cross-Sell
SYN-040633,14,10-08-2026,Insurance Cross-Sell
SYN-040633,15,20-08-2026,Insurance Cross-Sell
SYN-040633,16,30-08-2026,Insurance Cross-Sell
SYN-040633,17,10-09-2026,Retention Action
SYN-040633,18,20-09-2026,Retention Action
SYN-023113,1,30-03-2026,Bank Term Deposit
SYN-023113,2,10-04-2026,Retention Action
SYN-023113,3,20-04-2026,Retention Action
SYN-023113,4,30-04-2026,Bank Term Deposit
SYN-023113,5,10-05-2026,Insurance Cross-Sell
SYN-023113,6,20-05-2026,Insurance Cross-Sell
SYN-023113,7,30-05-2026,Insurance Cross-Sell
SYN-023113,8,10-06-2026,Insurance Cross-Sell
SYN-023113,9,20-06-2026,Insurance Cross-Sell
SYN-023113,10,30-06-2026,Insurance Cross-Sell
SYN-023113,11,10-07-2026,Insurance Cross-Sell
SYN-023113,12,20-07-2026,Insurance Cross-Sell
SYN-023113,13,30-07-2026,Insurance Cross-Sell
SYN-023113,14,10-08-2026,Insurance Cross-Sell
SYN-023113,15,20-08-2026,Bank Term Deposit
SYN-023113,16,30-08-2026,Insurance Cross-Sell
SYN-023113,17,10-09-2026,Service Resolution
SYN-023113,18,20-09-2026,Service Resolution
SYN-044291,1,30-03-2026,Bank Term Deposit
SYN-044291,2,10-04-2026,Insurance Cross-Sell
SYN-044291,3,20-04-2026,Insurance Cross-Sell
SYN-044291,4,30-04-2026,Bank Term Deposit
SYN-044291,5,10-05-2026,Bank Term Deposit
SYN-044291,6,20-05-2026,Bank Term Deposit
SYN-044291,7,30-05-2026,Bank Term Deposit
SYN-044291,8,10-06-2026,Bank Term Deposit
SYN-044291,9,20-06-2026,Bank Term Deposit
SYN-044291,10,30-06-2026,Bank Term Deposit
SYN-044291,11,10-07-2026,Bank Term Deposit
SYN-044291,12,20-07-2026,Bank Term Deposit
SYN-044291,13,30-07-2026,Bank Term Deposit
SYN-044291,14,10-08-2026,Insurance Cross-Sell
SYN-044291,15,20-08-2026,Complete KYC
SYN-044291,16,30-08-2026,Complete KYC
SYN-044291,17,10-09-2026,Complete KYC
SYN-044291,18,20-09-2026,Complete KYC
SYN-024080,1,30-03-2026,Bank Term Deposit
SYN-024080,2,10-04-2026,Bank Term Deposit
SYN-024080,3,20-04-2026,Bank Term Deposit
SYN-024080,4,30-04-2026,Bank Term Deposit
SYN-024080,5,10-05-2026,Bank Term Deposit
SYN-024080,6,20-05-2026,Bank Term Deposit
SYN-024080,7,30-05-2026,Bank Term Deposit
SYN-024080,8,10-06-2026,Bank Term Deposit
SYN-024080,9,20-06-2026,Insurance Cross-Sell
SYN-024080,10,30-06-2026,Insurance Cross-Sell
SYN-024080,11,10-07-2026,Insurance Cross-Sell
SYN-024080,12,20-07-2026,Bank Term Deposit
SYN-024080,13,30-07-2026,Bank Term Deposit
SYN-024080,14,10-08-2026,Service Resolution
SYN-024080,15,20-08-2026,Service Resolution
SYN-024080,16,30-08-2026,Service Resolution
SYN-024080,17,10-09-2026,Service Resolution
SYN-024080,18,20-09-2026,Service Resolution
SYN-008564,1,30-03-2026,Payment Reminder / Collections Resolution
SYN-008564,2,10-04-2026,Payment Reminder / Collections Resolution
SYN-008564,3,20-04-2026,Payment Reminder / Collections Resolution
SYN-008564,4,30-04-2026,Payment Reminder / Collections Resolution
SYN-008564,5,10-05-2026,Insurance Cross-Sell
SYN-008564,6,20-05-2026,Insurance Cross-Sell
SYN-008564,7,30-05-2026,Insurance Cross-Sell
SYN-008564,8,10-06-2026,Insurance Cross-Sell
SYN-008564,9,20-06-2026,Insurance Cross-Sell
SYN-008564,10,30-06-2026,Insurance Cross-Sell
SYN-008564,11,10-07-2026,Insurance Cross-Sell
SYN-008564,12,20-07-2026,Bank Term Deposit
SYN-008564,13,30-07-2026,Bank Term Deposit
SYN-008564,14,10-08-2026,Bank Term Deposit
SYN-008564,15,20-08-2026,Payment Reminder / Collections Resolution
SYN-008564,16,30-08-2026,Payment Reminder / Collections Resolution
SYN-008564,17,10-09-2026,Payment Reminder / Collections Resolution
SYN-008564,18,20-09-2026,Payment Reminder / Collections Resolution
SYN-044075,1,30-03-2026,Insurance Cross-Sell
SYN-044075,2,10-04-2026,Insurance Cross-Sell
SYN-044075,3,20-04-2026,Insurance Cross-Sell
SYN-044075,4,30-04-2026,Insurance Cross-Sell
SYN-044075,5,10-05-2026,Bank Term Deposit
SYN-044075,6,20-05-2026,Insurance Cross-Sell
SYN-044075,7,30-05-2026,Insurance Cross-Sell
SYN-044075,8,10-06-2026,No Marketing Action (Consent Withheld)
SYN-044075,9,20-06-2026,No Marketing Action (Consent Withheld)
SYN-044075,10,30-06-2026,No Marketing Action (Consent Withheld)
SYN-044075,11,10-07-2026,No Marketing Action (Consent Withheld)
SYN-044075,12,20-07-2026,No Marketing Action (Consent Withheld)
SYN-044075,13,30-07-2026,No Marketing Action (Consent Withheld)
SYN-044075,14,10-08-2026,No Marketing Action (Consent Withheld)
SYN-044075,15,20-08-2026,No Marketing Action (Consent Withheld)
SYN-044075,16,30-08-2026,No Marketing Action (Consent Withheld)
SYN-044075,17,10-09-2026,No Marketing Action (Consent Withheld)
SYN-044075,18,20-09-2026,No Marketing Action (Consent Withheld)
SYN-020773,1,30-03-2026,Bank Term Deposit
SYN-020773,2,10-04-2026,Bank Term Deposit
SYN-020773,3,20-04-2026,Payment Reminder / Collections Resolution
SYN-020773,4,30-04-2026,Bank Term Deposit
SYN-020773,5,10-05-2026,Bank Term Deposit
SYN-020773,6,20-05-2026,Bank Term Deposit
SYN-020773,7,30-05-2026,Bank Term Deposit
SYN-020773,8,10-06-2026,Bank Term Deposit
SYN-020773,9,20-06-2026,Bank Term Deposit
SYN-020773,10,30-06-2026,Bank Term Deposit
SYN-020773,11,10-07-2026,Bank Term Deposit
SYN-020773,12,20-07-2026,Bank Term Deposit
SYN-020773,13,30-07-2026,Bank Term Deposit
SYN-020773,14,10-08-2026,Bank Term Deposit
SYN-020773,15,20-08-2026,Bank Term Deposit
SYN-020773,16,30-08-2026,Bank Term Deposit
SYN-020773,17,10-09-2026,Bank Term Deposit
SYN-020773,18,20-09-2026,Bank Term Deposit
SYN-004059,1,30-03-2026,Retention Action
SYN-004059,2,10-04-2026,Retention Action
SYN-004059,3,20-04-2026,Retention Action
SYN-004059,4,30-04-2026,Retention Action
SYN-004059,5,10-05-2026,Insurance Cross-Sell
SYN-004059,6,20-05-2026,Insurance Cross-Sell
SYN-004059,7,30-05-2026,Insurance Cross-Sell
SYN-004059,8,10-06-2026,Insurance Cross-Sell
SYN-004059,9,20-06-2026,Bank Term Deposit
SYN-004059,10,30-06-2026,Bank Term Deposit
SYN-004059,11,10-07-2026,Insurance Cross-Sell
SYN-004059,12,20-07-2026,Insurance Cross-Sell
SYN-004059,13,30-07-2026,Insurance Cross-Sell
SYN-004059,14,10-08-2026,Insurance Cross-Sell
SYN-004059,15,20-08-2026,Insurance Cross-Sell
SYN-004059,16,30-08-2026,Service Intervention (Low NPS)
SYN-004059,17,10-09-2026,Insurance Cross-Sell
SYN-004059,18,20-09-2026,Insurance Cross-Sell
SYN-007151,1,30-03-2026,Insurance Cross-Sell
SYN-007151,2,10-04-2026,Insurance Cross-Sell
SYN-007151,3,20-04-2026,Insurance Cross-Sell
SYN-007151,4,30-04-2026,Insurance Cross-Sell
SYN-007151,5,10-05-2026,Insurance Cross-Sell
SYN-007151,6,20-05-2026,Insurance Cross-Sell
SYN-007151,7,30-05-2026,Insurance Cross-Sell
SYN-007151,8,10-06-2026,Insurance Cross-Sell
SYN-007151,9,20-06-2026,Insurance Cross-Sell
SYN-007151,10,30-06-2026,Insurance Cross-Sell
SYN-007151,11,10-07-2026,Insurance Cross-Sell
SYN-007151,12,20-07-2026,Insurance Cross-Sell
SYN-007151,13,30-07-2026,Insurance Cross-Sell
SYN-007151,14,10-08-2026,Insurance Cross-Sell
SYN-007151,15,20-08-2026,Insurance Cross-Sell
SYN-007151,16,30-08-2026,Insurance Cross-Sell
SYN-007151,17,10-09-2026,Insurance Cross-Sell
SYN-007151,18,20-09-2026,Insurance Cross-Sell
SYN-042275,1,30-03-2026,Insurance Cross-Sell
SYN-042275,2,10-04-2026,Insurance Cross-Sell
SYN-042275,3,20-04-2026,Insurance Cross-Sell
SYN-042275,4,30-04-2026,Insurance Cross-Sell
SYN-042275,5,10-05-2026,Insurance Cross-Sell
SYN-042275,6,20-05-2026,Bank Term Deposit
SYN-042275,7,30-05-2026,Bank Term Deposit
SYN-042275,8,10-06-2026,Insurance Cross-Sell
SYN-042275,9,20-06-2026,Insurance Cross-Sell
SYN-042275,10,30-06-2026,Bank Term Deposit
SYN-042275,11,10-07-2026,Bank Term Deposit
SYN-042275,12,20-07-2026,Bank Term Deposit
SYN-042275,13,30-07-2026,Bank Term Deposit
SYN-042275,14,10-08-2026,Insurance Cross-Sell
SYN-042275,15,20-08-2026,Retention Action
SYN-042275,16,30-08-2026,Insurance Cross-Sell
SYN-042275,17,10-09-2026,Bank Term Deposit
SYN-042275,18,20-09-2026,Bank Term Deposit
SYN-020578,1,30-03-2026,Payment Reminder / Collections Resolution
SYN-020578,2,10-04-2026,Bank Term Deposit
SYN-020578,3,20-04-2026,Bank Term Deposit
SYN-020578,4,30-04-2026,Bank Term Deposit
SYN-020578,5,10-05-2026,Bank Term Deposit
SYN-020578,6,20-05-2026,Bank Term Deposit
SYN-020578,7,30-05-2026,Service Resolution
SYN-020578,8,10-06-2026,Service Resolution
SYN-020578,9,20-06-2026,Insurance Cross-Sell
SYN-020578,10,30-06-2026,Insurance Cross-Sell
SYN-020578,11,10-07-2026,Insurance Cross-Sell
SYN-020578,12,20-07-2026,Bank Term Deposit
SYN-020578,13,30-07-2026,Service Resolution
SYN-020578,14,10-08-2026,Service Resolution
SYN-020578,15,20-08-2026,Bank Term Deposit
SYN-020578,16,30-08-2026,Bank Term Deposit
SYN-020578,17,10-09-2026,Service Resolution
SYN-020578,18,20-09-2026,Service Resolution
SYN-031203,1,30-03-2026,Bank Term Deposit
SYN-031203,2,10-04-2026,Bank Term Deposit
SYN-031203,3,20-04-2026,Bank Term Deposit
SYN-031203,4,30-04-2026,Bank Term Deposit
SYN-031203,5,10-05-2026,Retention Action
SYN-031203,6,20-05-2026,Retention Action
SYN-031203,7,30-05-2026,Retention Action
SYN-031203,8,10-06-2026,Bank Term Deposit
SYN-031203,9,20-06-2026,Bank Term Deposit
SYN-031203,10,30-06-2026,Bank Term Deposit
SYN-031203,11,10-07-2026,Bank Term Deposit
SYN-031203,12,20-07-2026,Bank Term Deposit
SYN-031203,13,30-07-2026,Bank Term Deposit
SYN-031203,14,10-08-2026,Insurance Cross-Sell
SYN-031203,15,20-08-2026,Insurance Cross-Sell
SYN-031203,16,30-08-2026,Retention Action
SYN-031203,17,10-09-2026,Insurance Cross-Sell
SYN-031203,18,20-09-2026,Insurance Cross-Sell
SYN-040921,1,30-03-2026,Bank Term Deposit
SYN-040921,2,10-04-2026,Bank Term Deposit
SYN-040921,3,20-04-2026,Bank Term Deposit
SYN-040921,4,30-04-2026,Service Intervention (Low NPS)
SYN-040921,5,10-05-2026,Bank Term Deposit
SYN-040921,6,20-05-2026,Bank Term Deposit
SYN-040921,7,30-05-2026,Bank Term Deposit
SYN-040921,8,10-06-2026,Insurance Cross-Sell
SYN-040921,9,20-06-2026,Insurance Cross-Sell
SYN-040921,10,30-06-2026,Bank Term Deposit
SYN-040921,11,10-07-2026,Bank Term Deposit
SYN-040921,12,20-07-2026,Bank Term Deposit
SYN-040921,13,30-07-2026,Bank Term Deposit
SYN-040921,14,10-08-2026,Bank Term Deposit
SYN-040921,15,20-08-2026,Bank Term Deposit
SYN-040921,16,30-08-2026,Service Resolution
SYN-040921,17,10-09-2026,Bank Term Deposit
SYN-040921,18,20-09-2026,Bank Term Deposit
SYN-032819,1,30-03-2026,Bank Term Deposit
SYN-032819,2,10-04-2026,Bank Term Deposit
SYN-032819,3,20-04-2026,Bank Term Deposit
SYN-032819,4,30-04-2026,Bank Term Deposit
SYN-032819,5,10-05-2026,Bank Term Deposit
SYN-032819,6,20-05-2026,Bank Term Deposit
SYN-032819,7,30-05-2026,Bank Term Deposit
SYN-032819,8,10-06-2026,Bank Term Deposit
SYN-032819,9,20-06-2026,Bank Term Deposit
SYN-032819,10,30-06-2026,Bank Term Deposit
SYN-032819,11,10-07-2026,Bank Term Deposit
SYN-032819,12,20-07-2026,Bank Term Deposit
SYN-032819,13,30-07-2026,Bank Term Deposit
SYN-032819,14,10-08-2026,Bank Term Deposit
SYN-032819,15,20-08-2026,Bank Term Deposit
SYN-032819,16,30-08-2026,Bank Term Deposit
SYN-032819,17,10-09-2026,Payment Reminder / Collections Resolution
SYN-032819,18,20-09-2026,Payment Reminder / Collections Resolution
SYN-032982,1,30-03-2026,Insurance Cross-Sell
SYN-032982,2,10-04-2026,Insurance Cross-Sell
SYN-032982,3,20-04-2026,Insurance Cross-Sell
SYN-032982,4,30-04-2026,Insurance Cross-Sell
SYN-032982,5,10-05-2026,Insurance Cross-Sell
SYN-032982,6,20-05-2026,Insurance Cross-Sell
SYN-032982,7,30-05-2026,Insurance Cross-Sell
SYN-032982,8,10-06-2026,Insurance Cross-Sell
SYN-032982,9,20-06-2026,Insurance Cross-Sell
SYN-032982,10,30-06-2026,Insurance Cross-Sell
SYN-032982,11,10-07-2026,Insurance Cross-Sell
SYN-032982,12,20-07-2026,Insurance Cross-Sell
SYN-032982,13,30-07-2026,Insurance Cross-Sell
SYN-032982,14,10-08-2026,Bank Term Deposit
SYN-032982,15,20-08-2026,Bank Term Deposit
SYN-032982,16,30-08-2026,Bank Term Deposit
SYN-032982,17,10-09-2026,Payment Reminder / Collections Resolution
SYN-032982,18,20-09-2026,Payment Reminder / Collections Resolution
SYN-030079,1,30-03-2026,Bank Term Deposit
SYN-030079,2,10-04-2026,Bank Term Deposit
SYN-030079,3,20-04-2026,Bank Term Deposit
SYN-030079,4,30-04-2026,Bank Term Deposit
SYN-030079,5,10-05-2026,Bank Term Deposit
SYN-030079,6,20-05-2026,Retention Action
SYN-030079,7,30-05-2026,Bank Term Deposit
SYN-030079,8,10-06-2026,Bank Term Deposit
SYN-030079,9,20-06-2026,Insurance Cross-Sell
SYN-030079,10,30-06-2026,Insurance Cross-Sell
SYN-030079,11,10-07-2026,Insurance Cross-Sell
SYN-030079,12,20-07-2026,Insurance Cross-Sell
SYN-030079,13,30-07-2026,Insurance Cross-Sell
SYN-030079,14,10-08-2026,Insurance Cross-Sell
SYN-030079,15,20-08-2026,Insurance Cross-Sell
SYN-030079,16,30-08-2026,Payment Reminder / Collections Resolution
SYN-030079,17,10-09-2026,Payment Reminder / Collections Resolution
SYN-030079,18,20-09-2026,Payment Reminder / Collections Resolution
SYN-039385,1,30-03-2026,Bank Term Deposit
SYN-039385,2,10-04-2026,Bank Term Deposit
SYN-039385,3,20-04-2026,Bank Term Deposit
SYN-039385,4,30-04-2026,Insurance Cross-Sell
SYN-039385,5,10-05-2026,Insurance Cross-Sell
SYN-039385,6,20-05-2026,Insurance Cross-Sell
SYN-039385,7,30-05-2026,Bank Term Deposit
SYN-039385,8,10-06-2026,Bank Term Deposit
SYN-039385,9,20-06-2026,Bank Term Deposit
SYN-039385,10,30-06-2026,Bank Term Deposit
SYN-039385,11,10-07-2026,Retention Action
SYN-039385,12,20-07-2026,Retention Action
SYN-039385,13,30-07-2026,Retention Action
SYN-039385,14,10-08-2026,Retention Action
SYN-039385,15,20-08-2026,Bank Term Deposit
SYN-039385,16,30-08-2026,Bank Term Deposit
SYN-039385,17,10-09-2026,Bank Term Deposit
SYN-039385,18,20-09-2026,Bank Term Deposit
SYN-027108,1,30-03-2026,Insurance Cross-Sell
SYN-027108,2,10-04-2026,Insurance Cross-Sell
SYN-027108,3,20-04-2026,Insurance Cross-Sell
SYN-027108,4,30-04-2026,Insurance Cross-Sell
SYN-027108,5,10-05-2026,Insurance Cross-Sell
SYN-027108,6,20-05-2026,Insurance Cross-Sell
SYN-027108,7,30-05-2026,Insurance Cross-Sell
SYN-027108,8,10-06-2026,Insurance Cross-Sell
SYN-027108,9,20-06-2026,Insurance Cross-Sell
SYN-027108,10,30-06-2026,Insurance Cross-Sell
SYN-027108,11,10-07-2026,Insurance Cross-Sell
SYN-027108,12,20-07-2026,Insurance Cross-Sell
SYN-027108,13,30-07-2026,Insurance Cross-Sell
SYN-027108,14,10-08-2026,Insurance Cross-Sell
SYN-027108,15,20-08-2026,Insurance Cross-Sell
SYN-027108,16,30-08-2026,Insurance Cross-Sell
SYN-027108,17,10-09-2026,Insurance Cross-Sell
SYN-027108,18,20-09-2026,Insurance Cross-Sell
SYN-010479,1,30-03-2026,Bank Term Deposit
SYN-010479,2,10-04-2026,Insurance Cross-Sell
SYN-010479,3,20-04-2026,Insurance Cross-Sell
SYN-010479,4,30-04-2026,Insurance Cross-Sell
SYN-010479,5,10-05-2026,Insurance Cross-Sell
SYN-010479,6,20-05-2026,Insurance Cross-Sell
SYN-010479,7,30-05-2026,Insurance Cross-Sell
SYN-010479,8,10-06-2026,Insurance Cross-Sell
SYN-010479,9,20-06-2026,Insurance Cross-Sell
SYN-010479,10,30-06-2026,Insurance Cross-Sell
SYN-010479,11,10-07-2026,Insurance Cross-Sell
SYN-010479,12,20-07-2026,Insurance Cross-Sell
SYN-010479,13,30-07-2026,Insurance Cross-Sell
SYN-010479,14,10-08-2026,Insurance Cross-Sell
SYN-010479,15,20-08-2026,Insurance Cross-Sell
SYN-010479,16,30-08-2026,No Marketing Action (Consent Withheld)
SYN-010479,17,10-09-2026,No Marketing Action (Consent Withheld)
SYN-010479,18,20-09-2026,No Marketing Action (Consent Withheld)
SYN-004634,1,30-03-2026,Insurance Cross-Sell
SYN-004634,2,10-04-2026,Retention Action
SYN-004634,3,20-04-2026,Insurance Cross-Sell
SYN-004634,4,30-04-2026,Insurance Cross-Sell
SYN-004634,5,10-05-2026,Insurance Cross-Sell
SYN-004634,6,20-05-2026,Insurance Cross-Sell
SYN-004634,7,30-05-2026,Insurance Cross-Sell
SYN-004634,8,10-06-2026,Insurance Cross-Sell
SYN-004634,9,20-06-2026,Insurance Cross-Sell
SYN-004634,10,30-06-2026,Insurance Cross-Sell
SYN-004634,11,10-07-2026,Insurance Cross-Sell
SYN-004634,12,20-07-2026,Bank Term Deposit
SYN-004634,13,30-07-2026,Bank Term Deposit
SYN-004634,14,10-08-2026,Bank Term Deposit
SYN-004634,15,20-08-2026,Complete KYC
SYN-004634,16,30-08-2026,Complete KYC
SYN-004634,17,10-09-2026,Complete KYC
SYN-004634,18,20-09-2026,Complete KYC
SYN-000231,1,30-03-2026,Insurance Cross-Sell
SYN-000231,2,10-04-2026,Service Resolution
SYN-000231,3,20-04-2026,Service Resolution
SYN-000231,4,30-04-2026,Service Resolution
SYN-000231,5,10-05-2026,Insurance Cross-Sell
SYN-000231,6,20-05-2026,Insurance Cross-Sell
SYN-000231,7,30-05-2026,Insurance Cross-Sell
SYN-000231,8,10-06-2026,Insurance Cross-Sell
SYN-000231,9,20-06-2026,Insurance Cross-Sell
SYN-000231,10,30-06-2026,Insurance Cross-Sell
SYN-000231,11,10-07-2026,Insurance Cross-Sell
SYN-000231,12,20-07-2026,Insurance Cross-Sell
SYN-000231,13,30-07-2026,Insurance Cross-Sell
SYN-000231,14,10-08-2026,Insurance Cross-Sell
SYN-000231,15,20-08-2026,Insurance Cross-Sell
SYN-000231,16,30-08-2026,Insurance Cross-Sell
SYN-000231,17,10-09-2026,Insurance Cross-Sell
SYN-000231,18,20-09-2026,Insurance Cross-Sell
SYN-018216,1,30-03-2026,Insurance Cross-Sell
SYN-018216,2,10-04-2026,Insurance Cross-Sell
SYN-018216,3,20-04-2026,Insurance Cross-Sell
SYN-018216,4,30-04-2026,Bank Term Deposit
SYN-018216,5,10-05-2026,Bank Term Deposit
SYN-018216,6,20-05-2026,Bank Term Deposit
SYN-018216,7,30-05-2026,Bank Term Deposit
SYN-018216,8,10-06-2026,Bank Term Deposit
SYN-018216,9,20-06-2026,Bank Term Deposit
SYN-018216,10,30-06-2026,Bank Term Deposit
SYN-018216,11,10-07-2026,Bank Term Deposit
SYN-018216,12,20-07-2026,Bank Term Deposit
SYN-018216,13,30-07-2026,Payment Reminder / Collections Resolution
SYN-018216,14,10-08-2026,Payment Reminder / Collections Resolution
SYN-018216,15,20-08-2026,Payment Reminder / Collections Resolution
SYN-018216,16,30-08-2026,Payment Reminder / Collections Resolution
SYN-018216,17,10-09-2026,Payment Reminder / Collections Resolution
SYN-018216,18,20-09-2026,Payment Reminder / Collections Resolution
SYN-045186,1,30-03-2026,Bank Term Deposit
SYN-045186,2,10-04-2026,Bank Term Deposit
SYN-045186,3,20-04-2026,Bank Term Deposit
SYN-045186,4,30-04-2026,Bank Term Deposit
SYN-045186,5,10-05-2026,Bank Term Deposit
SYN-045186,6,20-05-2026,Bank Term Deposit
SYN-045186,7,30-05-2026,Bank Term Deposit
SYN-045186,8,10-06-2026,Bank Term Deposit
SYN-045186,9,20-06-2026,Bank Term Deposit
SYN-045186,10,30-06-2026,Bank Term Deposit
SYN-045186,11,10-07-2026,Bank Term Deposit
SYN-045186,12,20-07-2026,Bank Term Deposit
SYN-045186,13,30-07-2026,Insurance Cross-Sell
SYN-045186,14,10-08-2026,Insurance Cross-Sell
SYN-045186,15,20-08-2026,Insurance Cross-Sell
SYN-045186,16,30-08-2026,Insurance Cross-Sell
SYN-045186,17,10-09-2026,Insurance Cross-Sell
SYN-045186,18,20-09-2026,Insurance Cross-Sell
SYN-012307,1,30-03-2026,Insurance Cross-Sell
SYN-012307,2,10-04-2026,Payment Reminder / Collections Resolution
SYN-012307,3,20-04-2026,Payment Reminder / Collections Resolution
SYN-012307,4,30-04-2026,Insurance Cross-Sell
SYN-012307,5,10-05-2026,Insurance Cross-Sell
SYN-012307,6,20-05-2026,Insurance Cross-Sell
SYN-012307,7,30-05-2026,Retention Action
SYN-012307,8,10-06-2026,Insurance Cross-Sell
SYN-012307,9,20-06-2026,Insurance Cross-Sell
SYN-012307,10,30-06-2026,Insurance Cross-Sell
SYN-012307,11,10-07-2026,Insurance Cross-Sell
SYN-012307,12,20-07-2026,No Marketing Action (Consent Withheld)
SYN-012307,13,30-07-2026,No Marketing Action (Consent Withheld)
SYN-012307,14,10-08-2026,No Marketing Action (Consent Withheld)
SYN-012307,15,20-08-2026,No Marketing Action (Consent Withheld)
SYN-012307,16,30-08-2026,No Marketing Action (Consent Withheld)
SYN-012307,17,10-09-2026,No Marketing Action (Consent Withheld)
SYN-012307,18,20-09-2026,No Marketing Action (Consent Withheld)
SYN-009932,1,30-03-2026,Bank Term Deposit
SYN-009932,2,10-04-2026,Bank Term Deposit
SYN-009932,3,20-04-2026,Bank Term Deposit
SYN-009932,4,30-04-2026,Bank Term Deposit
SYN-009932,5,10-05-2026,Bank Term Deposit
SYN-009932,6,20-05-2026,Bank Term Deposit
SYN-009932,7,30-05-2026,Bank Term Deposit
SYN-009932,8,10-06-2026,Bank Term Deposit
SYN-009932,9,20-06-2026,Bank Term Deposit
SYN-009932,10,30-06-2026,Bank Term Deposit
SYN-009932,11,10-07-2026,Bank Term Deposit
SYN-009932,12,20-07-2026,Bank Term Deposit
SYN-009932,13,30-07-2026,Insurance Cross-Sell
SYN-009932,14,10-08-2026,Insurance Cross-Sell
SYN-009932,15,20-08-2026,Insurance Cross-Sell
SYN-009932,16,30-08-2026,Insurance Cross-Sell
SYN-009932,17,10-09-2026,Retention Action
SYN-009932,18,20-09-2026,Retention Action
SYN-000310,1,30-03-2026,Insurance Cross-Sell
SYN-000310,2,10-04-2026,Insurance Cross-Sell
SYN-000310,3,20-04-2026,Insurance Cross-Sell
SYN-000310,4,30-04-2026,Insurance Cross-Sell
SYN-000310,5,10-05-2026,Insurance Cross-Sell
SYN-000310,6,20-05-2026,Insurance Cross-Sell
SYN-000310,7,30-05-2026,Insurance Cross-Sell
SYN-000310,8,10-06-2026,Complete KYC
SYN-000310,9,20-06-2026,Complete KYC
SYN-000310,10,30-06-2026,Complete KYC
SYN-000310,11,10-07-2026,Complete KYC
SYN-000310,12,20-07-2026,Complete KYC
SYN-000310,13,30-07-2026,Complete KYC
SYN-000310,14,10-08-2026,Complete KYC
SYN-000310,15,20-08-2026,Complete KYC
SYN-000310,16,30-08-2026,Complete KYC
SYN-000310,17,10-09-2026,Complete KYC
SYN-000310,18,20-09-2026,Complete KYC
SYN-006636,1,30-03-2026,Insurance Cross-Sell
SYN-006636,2,10-04-2026,Insurance Cross-Sell
SYN-006636,3,20-04-2026,Insurance Cross-Sell
SYN-006636,4,30-04-2026,Insurance Cross-Sell
SYN-006636,5,10-05-2026,Insurance Cross-Sell
SYN-006636,6,20-05-2026,Insurance Cross-Sell
SYN-006636,7,30-05-2026,Insurance Cross-Sell
SYN-006636,8,10-06-2026,Insurance Cross-Sell
SYN-006636,9,20-06-2026,Bank Term Deposit
SYN-006636,10,30-06-2026,Bank Term Deposit
SYN-006636,11,10-07-2026,Bank Term Deposit
SYN-006636,12,20-07-2026,Bank Term Deposit
SYN-006636,13,30-07-2026,Bank Term Deposit
SYN-006636,14,10-08-2026,Bank Term Deposit
SYN-006636,15,20-08-2026,Bank Term Deposit
SYN-006636,16,30-08-2026,Complete KYC
SYN-006636,17,10-09-2026,Complete KYC
SYN-006636,18,20-09-2026,Complete KYC
SYN-041389,1,30-03-2026,Bank Term Deposit
SYN-041389,2,10-04-2026,Bank Term Deposit
SYN-041389,3,20-04-2026,Bank Term Deposit
SYN-041389,4,30-04-2026,Bank Term Deposit
SYN-041389,5,10-05-2026,Insurance Cross-Sell
SYN-041389,6,20-05-2026,Insurance Cross-Sell
SYN-041389,7,30-05-2026,Insurance Cross-Sell
SYN-041389,8,10-06-2026,Insurance Cross-Sell
SYN-041389,9,20-06-2026,Insurance Cross-Sell
SYN-041389,10,30-06-2026,Insurance Cross-Sell
SYN-041389,11,10-07-2026,Bank Term Deposit
SYN-041389,12,20-07-2026,Bank Term Deposit
SYN-041389,13,30-07-2026,Retention Action
SYN-041389,14,10-08-2026,Bank Term Deposit
SYN-041389,15,20-08-2026,Bank Term Deposit
SYN-041389,16,30-08-2026,Bank Term Deposit
SYN-041389,17,10-09-2026,Bank Term Deposit
SYN-041389,18,20-09-2026,Bank Term Deposit
SYN-025236,1,30-03-2026,Insurance Cross-Sell
SYN-025236,2,10-04-2026,Insurance Cross-Sell
SYN-025236,3,20-04-2026,Service Resolution
SYN-025236,4,30-04-2026,Service Resolution
SYN-025236,5,10-05-2026,Service Resolution
SYN-025236,6,20-05-2026,Insurance Cross-Sell
SYN-025236,7,30-05-2026,Insurance Cross-Sell
SYN-025236,8,10-06-2026,Insurance Cross-Sell
SYN-025236,9,20-06-2026,Insurance Cross-Sell
SYN-025236,10,30-06-2026,Insurance Cross-Sell
SYN-025236,11,10-07-2026,Insurance Cross-Sell
SYN-025236,12,20-07-2026,Insurance Cross-Sell
SYN-025236,13,30-07-2026,Insurance Cross-Sell
SYN-025236,14,10-08-2026,Insurance Cross-Sell
SYN-025236,15,20-08-2026,Insurance Cross-Sell
SYN-025236,16,30-08-2026,Insurance Cross-Sell
SYN-025236,17,10-09-2026,Insurance Cross-Sell
SYN-025236,18,20-09-2026,Insurance Cross-Sell
SYN-018486,1,30-03-2026,Insurance Cross-Sell
SYN-018486,2,10-04-2026,Retention Action
SYN-018486,3,20-04-2026,Retention Action
SYN-018486,4,30-04-2026,Insurance Cross-Sell
SYN-018486,5,10-05-2026,Insurance Cross-Sell
SYN-018486,6,20-05-2026,Insurance Cross-Sell
SYN-018486,7,30-05-2026,Insurance Cross-Sell
SYN-018486,8,10-06-2026,Insurance Cross-Sell
SYN-018486,9,20-06-2026,Insurance Cross-Sell
SYN-018486,10,30-06-2026,Insurance Cross-Sell
SYN-018486,11,10-07-2026,Bank Term Deposit
SYN-018486,12,20-07-2026,Retention Action
SYN-018486,13,30-07-2026,Retention Action
SYN-018486,14,10-08-2026,Retention Action
SYN-018486,15,20-08-2026,Retention Action
SYN-018486,16,30-08-2026,Bank Term Deposit
SYN-018486,17,10-09-2026,Bank Term Deposit
SYN-018486,18,20-09-2026,Bank Term Deposit
SYN-025653,1,30-03-2026,Insurance Cross-Sell
SYN-025653,2,10-04-2026,Insurance Cross-Sell
SYN-025653,3,20-04-2026,Insurance Cross-Sell
SYN-025653,4,30-04-2026,Retention Action
SYN-025653,5,10-05-2026,Insurance Cross-Sell
SYN-025653,6,20-05-2026,Insurance Cross-Sell
SYN-025653,7,30-05-2026,Insurance Cross-Sell
SYN-025653,8,10-06-2026,Insurance Cross-Sell
SYN-025653,9,20-06-2026,Insurance Cross-Sell
SYN-025653,10,30-06-2026,Payment Reminder / Collections Resolution
SYN-025653,11,10-07-2026,Payment Reminder / Collections Resolution
SYN-025653,12,20-07-2026,Insurance Cross-Sell
SYN-025653,13,30-07-2026,Retention Action
SYN-025653,14,10-08-2026,Insurance Cross-Sell
SYN-025653,15,20-08-2026,Insurance Cross-Sell
SYN-025653,16,30-08-2026,Insurance Cross-Sell
SYN-025653,17,10-09-2026,Payment Reminder / Collections Resolution
SYN-025653,18,20-09-2026,Payment Reminder / Collections Resolution
SYN-014111,1,30-03-2026,Bank Term Deposit
SYN-014111,2,10-04-2026,Bank Term Deposit
SYN-014111,3,20-04-2026,Bank Term Deposit
SYN-014111,4,30-04-2026,Payment Reminder / Collections Resolution
SYN-014111,5,10-05-2026,Bank Term Deposit
SYN-014111,6,20-05-2026,Service Intervention (Low NPS)
SYN-014111,7,30-05-2026,Service Intervention (Low NPS)
SYN-014111,8,10-06-2026,Bank Term Deposit
SYN-014111,9,20-06-2026,Bank Term Deposit
SYN-014111,10,30-06-2026,Bank Term Deposit
SYN-014111,11,10-07-2026,Bank Term Deposit
SYN-014111,12,20-07-2026,Service Intervention (Low NPS)
SYN-014111,13,30-07-2026,Insurance Cross-Sell
SYN-014111,14,10-08-2026,Insurance Cross-Sell
SYN-014111,15,20-08-2026,Insurance Cross-Sell
SYN-014111,16,30-08-2026,Insurance Cross-Sell
SYN-014111,17,10-09-2026,Insurance Cross-Sell
SYN-014111,18,20-09-2026,Insurance Cross-Sell
SYN-025974,1,30-03-2026,Insurance Cross-Sell
SYN-025974,2,10-04-2026,Insurance Cross-Sell
SYN-025974,3,20-04-2026,Insurance Cross-Sell
SYN-025974,4,30-04-2026,Insurance Cross-Sell
SYN-025974,5,10-05-2026,Insurance Cross-Sell
SYN-025974,6,20-05-2026,Service Intervention (Low NPS)
SYN-025974,7,30-05-2026,Service Intervention (Low NPS)
SYN-025974,8,10-06-2026,Service Intervention (Low NPS)
SYN-025974,9,20-06-2026,Service Intervention (Low NPS)
SYN-025974,10,30-06-2026,Service Intervention (Low NPS)
SYN-025974,11,10-07-2026,Insurance Cross-Sell
SYN-025974,12,20-07-2026,Insurance Cross-Sell
SYN-025974,13,30-07-2026,Insurance Cross-Sell
SYN-025974,14,10-08-2026,Insurance Cross-Sell
SYN-025974,15,20-08-2026,Insurance Cross-Sell
SYN-025974,16,30-08-2026,Insurance Cross-Sell
SYN-025974,17,10-09-2026,Insurance Cross-Sell
SYN-025974,18,20-09-2026,Insurance Cross-Sell
SYN-003299,1,30-03-2026,Bank Term Deposit
SYN-003299,2,10-04-2026,Bank Term Deposit
SYN-003299,3,20-04-2026,Bank Term Deposit
SYN-003299,4,30-04-2026,Bank Term Deposit
SYN-003299,5,10-05-2026,Bank Term Deposit
SYN-003299,6,20-05-2026,Bank Term Deposit
SYN-003299,7,30-05-2026,Bank Term Deposit
SYN-003299,8,10-06-2026,Bank Term Deposit
SYN-003299,9,20-06-2026,Bank Term Deposit
SYN-003299,10,30-06-2026,Insurance Cross-Sell
SYN-003299,11,10-07-2026,Insurance Cross-Sell
SYN-003299,12,20-07-2026,Insurance Cross-Sell
SYN-003299,13,30-07-2026,Insurance Cross-Sell
SYN-003299,14,10-08-2026,Insurance Cross-Sell
SYN-003299,15,20-08-2026,Bank Term Deposit
SYN-003299,16,30-08-2026,Bank Term Deposit
SYN-003299,17,10-09-2026,Bank Term Deposit
SYN-003299,18,20-09-2026,Bank Term Deposit
SYN-022559,1,30-03-2026,Insurance Cross-Sell
SYN-022559,2,10-04-2026,Insurance Cross-Sell
SYN-022559,3,20-04-2026,Insurance Cross-Sell
SYN-022559,4,30-04-2026,Insurance Cross-Sell
SYN-022559,5,10-05-2026,Insurance Cross-Sell
SYN-022559,6,20-05-2026,Insurance Cross-Sell
SYN-022559,7,30-05-2026,Payment Reminder / Collections Resolution
SYN-022559,8,10-06-2026,Insurance Cross-Sell
SYN-022559,9,20-06-2026,Insurance Cross-Sell
SYN-022559,10,30-06-2026,Insurance Cross-Sell
SYN-022559,11,10-07-2026,Insurance Cross-Sell
SYN-022559,12,20-07-2026,Insurance Cross-Sell
SYN-022559,13,30-07-2026,Insurance Cross-Sell
SYN-022559,14,10-08-2026,Insurance Cross-Sell
SYN-022559,15,20-08-2026,Insurance Cross-Sell
SYN-022559,16,30-08-2026,Insurance Cross-Sell
SYN-022559,17,10-09-2026,Insurance Cross-Sell
SYN-022559,18,20-09-2026,Insurance Cross-Sell
SYN-034937,1,30-03-2026,Insurance Cross-Sell
SYN-034937,2,10-04-2026,Bank Term Deposit
SYN-034937,3,20-04-2026,Insurance Cross-Sell
SYN-034937,4,30-04-2026,Insurance Cross-Sell
SYN-034937,5,10-05-2026,Bank Term Deposit
SYN-034937,6,20-05-2026,Bank Term Deposit
SYN-034937,7,30-05-2026,Retention Action
SYN-034937,8,10-06-2026,Retention Action
SYN-034937,9,20-06-2026,Retention Action
SYN-034937,10,30-06-2026,Retention Action
SYN-034937,11,10-07-2026,Bank Term Deposit
SYN-034937,12,20-07-2026,Bank Term Deposit
SYN-034937,13,30-07-2026,Bank Term Deposit
SYN-034937,14,10-08-2026,Bank Term Deposit
SYN-034937,15,20-08-2026,Bank Term Deposit
SYN-034937,16,30-08-2026,Bank Term Deposit
SYN-034937,17,10-09-2026,Bank Term Deposit
SYN-034937,18,20-09-2026,Bank Term Deposit
SYN-035026,1,30-03-2026,Insurance Cross-Sell
SYN-035026,2,10-04-2026,Insurance Cross-Sell
SYN-035026,3,20-04-2026,Bank Term Deposit
SYN-035026,4,30-04-2026,Bank Term Deposit
SYN-035026,5,10-05-2026,Bank Term Deposit
SYN-035026,6,20-05-2026,Bank Term Deposit
SYN-035026,7,30-05-2026,Bank Term Deposit
SYN-035026,8,10-06-2026,Bank Term Deposit
SYN-035026,9,20-06-2026,Bank Term Deposit
SYN-035026,10,30-06-2026,Retention Action
SYN-035026,11,10-07-2026,Bank Term Deposit
SYN-035026,12,20-07-2026,Bank Term Deposit
SYN-035026,13,30-07-2026,Bank Term Deposit
SYN-035026,14,10-08-2026,Bank Term Deposit
SYN-035026,15,20-08-2026,Bank Term Deposit
SYN-035026,16,30-08-2026,Payment Reminder / Collections Resolution
SYN-035026,17,10-09-2026,Payment Reminder / Collections Resolution
SYN-035026,18,20-09-2026,Payment Reminder / Collections Resolution
SYN-005274,1,30-03-2026,Insurance Cross-Sell
SYN-005274,2,10-04-2026,Insurance Cross-Sell
SYN-005274,3,20-04-2026,Insurance Cross-Sell
SYN-005274,4,30-04-2026,Insurance Cross-Sell
SYN-005274,5,10-05-2026,Insurance Cross-Sell
SYN-005274,6,20-05-2026,Insurance Cross-Sell
SYN-005274,7,30-05-2026,Insurance Cross-Sell
SYN-005274,8,10-06-2026,Insurance Cross-Sell
SYN-005274,9,20-06-2026,Insurance Cross-Sell
SYN-005274,10,30-06-2026,Insurance Cross-Sell
SYN-005274,11,10-07-2026,Insurance Cross-Sell
SYN-005274,12,20-07-2026,Retention Action
SYN-005274,13,30-07-2026,Retention Action
SYN-005274,14,10-08-2026,Retention Action
SYN-005274,15,20-08-2026,Retention Action
SYN-005274,16,30-08-2026,Retention Action
SYN-005274,17,10-09-2026,Retention Action
SYN-005274,18,20-09-2026,Retention Action
SYN-039415,1,30-03-2026,Bank Term Deposit
SYN-039415,2,10-04-2026,Insurance Cross-Sell
SYN-039415,3,20-04-2026,Insurance Cross-Sell
SYN-039415,4,30-04-2026,Bank Term Deposit
SYN-039415,5,10-05-2026,Insurance Cross-Sell
SYN-039415,6,20-05-2026,Insurance Cross-Sell
SYN-039415,7,30-05-2026,Insurance Cross-Sell
SYN-039415,8,10-06-2026,Insurance Cross-Sell
SYN-039415,9,20-06-2026,Insurance Cross-Sell
SYN-039415,10,30-06-2026,Insurance Cross-Sell
SYN-039415,11,10-07-2026,Insurance Cross-Sell
SYN-039415,12,20-07-2026,Insurance Cross-Sell
SYN-039415,13,30-07-2026,Compliance Hold - No Sales Offer
SYN-039415,14,10-08-2026,Compliance Hold - No Sales Offer
SYN-039415,15,20-08-2026,Compliance Hold - No Sales Offer
SYN-039415,16,30-08-2026,Compliance Hold - No Sales Offer
SYN-039415,17,10-09-2026,Compliance Hold - No Sales Offer
SYN-039415,18,20-09-2026,Compliance Hold - No Sales Offer
SYN-036762,1,30-03-2026,Bank Term Deposit
SYN-036762,2,10-04-2026,Bank Term Deposit
SYN-036762,3,20-04-2026,Bank Term Deposit
SYN-036762,4,30-04-2026,Service Intervention (Low NPS)
SYN-036762,5,10-05-2026,Service Intervention (Low NPS)
SYN-036762,6,20-05-2026,Insurance Cross-Sell
SYN-036762,7,30-05-2026,Insurance Cross-Sell
SYN-036762,8,10-06-2026,Insurance Cross-Sell
SYN-036762,9,20-06-2026,Bank Term Deposit
SYN-036762,10,30-06-2026,Bank Term Deposit
SYN-036762,11,10-07-2026,Bank Term Deposit
SYN-036762,12,20-07-2026,Bank Term Deposit
SYN-036762,13,30-07-2026,Bank Term Deposit
SYN-036762,14,10-08-2026,Bank Term Deposit
SYN-036762,15,20-08-2026,Bank Term Deposit
SYN-036762,16,30-08-2026,Service Intervention (Low NPS)
SYN-036762,17,10-09-2026,Bank Term Deposit
SYN-036762,18,20-09-2026,Bank Term Deposit
SYN-010091,1,30-03-2026,Insurance Cross-Sell
SYN-010091,2,10-04-2026,Insurance Cross-Sell
SYN-010091,3,20-04-2026,Insurance Cross-Sell
SYN-010091,4,30-04-2026,Insurance Cross-Sell
SYN-010091,5,10-05-2026,Bank Term Deposit
SYN-010091,6,20-05-2026,Bank Term Deposit
SYN-010091,7,30-05-2026,No Marketing Action (Consent Withheld)
SYN-010091,8,10-06-2026,No Marketing Action (Consent Withheld)
SYN-010091,9,20-06-2026,No Marketing Action (Consent Withheld)
SYN-010091,10,30-06-2026,No Marketing Action (Consent Withheld)
SYN-010091,11,10-07-2026,No Marketing Action (Consent Withheld)
SYN-010091,12,20-07-2026,No Marketing Action (Consent Withheld)
SYN-010091,13,30-07-2026,No Marketing Action (Consent Withheld)
SYN-010091,14,10-08-2026,No Marketing Action (Consent Withheld)
SYN-010091,15,20-08-2026,No Marketing Action (Consent Withheld)
SYN-010091,16,30-08-2026,No Marketing Action (Consent Withheld)
SYN-010091,17,10-09-2026,No Marketing Action (Consent Withheld)
SYN-010091,18,20-09-2026,No Marketing Action (Consent Withheld)
SYN-038965,1,30-03-2026,Bank Term Deposit
SYN-038965,2,10-04-2026,Bank Term Deposit
SYN-038965,3,20-04-2026,Bank Term Deposit
SYN-038965,4,30-04-2026,Bank Term Deposit
SYN-038965,5,10-05-2026,Bank Term Deposit
SYN-038965,6,20-05-2026,Bank Term Deposit
SYN-038965,7,30-05-2026,Payment Reminder / Collections Resolution
SYN-038965,8,10-06-2026,Insurance Cross-Sell
SYN-038965,9,20-06-2026,Insurance Cross-Sell
SYN-038965,10,30-06-2026,Bank Term Deposit
SYN-038965,11,10-07-2026,Bank Term Deposit
SYN-038965,12,20-07-2026,Bank Term Deposit
SYN-038965,13,30-07-2026,Bank Term Deposit
SYN-038965,14,10-08-2026,Bank Term Deposit
SYN-038965,15,20-08-2026,Bank Term Deposit
SYN-038965,16,30-08-2026,Bank Term Deposit
SYN-038965,17,10-09-2026,Bank Term Deposit
SYN-038965,18,20-09-2026,Bank Term Deposit
SYN-036845,1,30-03-2026,Insurance Cross-Sell
SYN-036845,2,10-04-2026,Insurance Cross-Sell
SYN-036845,3,20-04-2026,Insurance Cross-Sell
SYN-036845,4,30-04-2026,Insurance Cross-Sell
SYN-036845,5,10-05-2026,Insurance Cross-Sell
SYN-036845,6,20-05-2026,Insurance Cross-Sell
SYN-036845,7,30-05-2026,Insurance Cross-Sell
SYN-036845,8,10-06-2026,Insurance Cross-Sell
SYN-036845,9,20-06-2026,Insurance Cross-Sell
SYN-036845,10,30-06-2026,Insurance Cross-Sell
SYN-036845,11,10-07-2026,Service Intervention (Low NPS)
SYN-036845,12,20-07-2026,Service Intervention (Low NPS)
SYN-036845,13,30-07-2026,Insurance Cross-Sell
SYN-036845,14,10-08-2026,Insurance Cross-Sell
SYN-036845,15,20-08-2026,Bank Term Deposit
SYN-036845,16,30-08-2026,Bank Term Deposit
SYN-036845,17,10-09-2026,Bank Term Deposit
SYN-036845,18,20-09-2026,Bank Term Deposit
SYN-021277,1,30-03-2026,Bank Term Deposit
SYN-021277,2,10-04-2026,Bank Term Deposit
SYN-021277,3,20-04-2026,Bank Term Deposit
SYN-021277,4,30-04-2026,Retention Action
SYN-021277,5,10-05-2026,Bank Term Deposit
SYN-021277,6,20-05-2026,Insurance Cross-Sell
SYN-021277,7,30-05-2026,Insurance Cross-Sell
SYN-021277,8,10-06-2026,Insurance Cross-Sell
SYN-021277,9,20-06-2026,Insurance Cross-Sell
SYN-021277,10,30-06-2026,Insurance Cross-Sell
SYN-021277,11,10-07-2026,Insurance Cross-Sell
SYN-021277,12,20-07-2026,Service Intervention (Low NPS)
SYN-021277,13,30-07-2026,Insurance Cross-Sell
SYN-021277,14,10-08-2026,Insurance Cross-Sell
SYN-021277,15,20-08-2026,Insurance Cross-Sell
SYN-021277,16,30-08-2026,Complete KYC
SYN-021277,17,10-09-2026,Complete KYC
SYN-021277,18,20-09-2026,Complete KYC
SYN-040741,1,30-03-2026,Payment Reminder / Collections Resolution
SYN-040741,2,10-04-2026,Payment Reminder / Collections Resolution
SYN-040741,3,20-04-2026,Bank Term Deposit
SYN-040741,4,30-04-2026,Service Intervention (Low NPS)
SYN-040741,5,10-05-2026,Bank Term Deposit
SYN-040741,6,20-05-2026,Bank Term Deposit
SYN-040741,7,30-05-2026,Bank Term Deposit
SYN-040741,8,10-06-2026,Insurance Cross-Sell
SYN-040741,9,20-06-2026,Insurance Cross-Sell
SYN-040741,10,30-06-2026,Insurance Cross-Sell
SYN-040741,11,10-07-2026,Insurance Cross-Sell
SYN-040741,12,20-07-2026,Bank Term Deposit
SYN-040741,13,30-07-2026,Bank Term Deposit
SYN-040741,14,10-08-2026,Insurance Cross-Sell
SYN-040741,15,20-08-2026,Insurance Cross-Sell
SYN-040741,16,30-08-2026,Insurance Cross-Sell
SYN-040741,17,10-09-2026,Complete KYC
SYN-040741,18,20-09-2026,Complete KYC
SYN-024465,1,30-03-2026,Bank Term Deposit
SYN-024465,2,10-04-2026,Insurance Cross-Sell
SYN-024465,3,20-04-2026,Insurance Cross-Sell
SYN-024465,4,30-04-2026,Bank Term Deposit
SYN-024465,5,10-05-2026,Bank Term Deposit
SYN-024465,6,20-05-2026,Bank Term Deposit
SYN-024465,7,30-05-2026,Bank Term Deposit
SYN-024465,8,10-06-2026,Bank Term Deposit
SYN-024465,9,20-06-2026,Bank Term Deposit
SYN-024465,10,30-06-2026,Bank Term Deposit
SYN-024465,11,10-07-2026,Bank Term Deposit
SYN-024465,12,20-07-2026,Bank Term Deposit
SYN-024465,13,30-07-2026,Bank Term Deposit
SYN-024465,14,10-08-2026,Bank Term Deposit
SYN-024465,15,20-08-2026,Insurance Cross-Sell
SYN-024465,16,30-08-2026,Insurance Cross-Sell
SYN-024465,17,10-09-2026,Complete KYC
SYN-024465,18,20-09-2026,Complete KYC
SYN-001329,1,30-03-2026,Insurance Cross-Sell
SYN-001329,2,10-04-2026,Bank Term Deposit
SYN-001329,3,20-04-2026,Insurance Cross-Sell
SYN-001329,4,30-04-2026,Insurance Cross-Sell
SYN-001329,5,10-05-2026,Bank Term Deposit
SYN-001329,6,20-05-2026,Retention Action
SYN-001329,7,30-05-2026,Retention Action
SYN-001329,8,10-06-2026,Retention Action
SYN-001329,9,20-06-2026,Bank Term Deposit
SYN-001329,10,30-06-2026,Bank Term Deposit
SYN-001329,11,10-07-2026,Insurance Cross-Sell
SYN-001329,12,20-07-2026,Insurance Cross-Sell
SYN-001329,13,30-07-2026,Insurance Cross-Sell
SYN-001329,14,10-08-2026,Insurance Cross-Sell
SYN-001329,15,20-08-2026,Insurance Cross-Sell
SYN-001329,16,30-08-2026,Insurance Cross-Sell
SYN-001329,17,10-09-2026,Insurance Cross-Sell
SYN-001329,18,20-09-2026,Insurance Cross-Sell
SYN-037908,1,30-03-2026,Bank Term Deposit
SYN-037908,2,10-04-2026,Bank Term Deposit
SYN-037908,3,20-04-2026,Bank Term Deposit
SYN-037908,4,30-04-2026,Insurance Cross-Sell
SYN-037908,5,10-05-2026,Insurance Cross-Sell
SYN-037908,6,20-05-2026,Payment Reminder / Collections Resolution
SYN-037908,7,30-05-2026,Payment Reminder / Collections Resolution
SYN-037908,8,10-06-2026,Insurance Cross-Sell
SYN-037908,9,20-06-2026,Insurance Cross-Sell
SYN-037908,10,30-06-2026,Insurance Cross-Sell
SYN-037908,11,10-07-2026,Insurance Cross-Sell
SYN-037908,12,20-07-2026,Insurance Cross-Sell
SYN-037908,13,30-07-2026,Insurance Cross-Sell
SYN-037908,14,10-08-2026,Bank Term Deposit
SYN-037908,15,20-08-2026,Bank Term Deposit
SYN-037908,16,30-08-2026,Bank Term Deposit
SYN-037908,17,10-09-2026,Bank Term Deposit
SYN-037908,18,20-09-2026,Bank Term Deposit
SYN-023961,1,30-03-2026,Bank Term Deposit
SYN-023961,2,10-04-2026,Insurance Cross-Sell
SYN-023961,3,20-04-2026,Insurance Cross-Sell
SYN-023961,4,30-04-2026,Insurance Cross-Sell
SYN-023961,5,10-05-2026,Insurance Cross-Sell
SYN-023961,6,20-05-2026,Insurance Cross-Sell
SYN-023961,7,30-05-2026,Insurance Cross-Sell
SYN-023961,8,10-06-2026,Bank Term Deposit
SYN-023961,9,20-06-2026,Service Intervention (Low NPS)
SYN-023961,10,30-06-2026,Bank Term Deposit
SYN-023961,11,10-07-2026,Bank Term Deposit
SYN-023961,12,20-07-2026,Bank Term Deposit
SYN-023961,13,30-07-2026,Bank Term Deposit
SYN-023961,14,10-08-2026,Bank Term Deposit
SYN-023961,15,20-08-2026,Bank Term Deposit
SYN-023961,16,30-08-2026,Bank Term Deposit
SYN-023961,17,10-09-2026,Bank Term Deposit
SYN-023961,18,20-09-2026,Bank Term Deposit
SYN-005785,1,30-03-2026,Insurance Cross-Sell
SYN-005785,2,10-04-2026,Insurance Cross-Sell
SYN-005785,3,20-04-2026,Insurance Cross-Sell
SYN-005785,4,30-04-2026,Insurance Cross-Sell
SYN-005785,5,10-05-2026,Insurance Cross-Sell
SYN-005785,6,20-05-2026,Insurance Cross-Sell
SYN-005785,7,30-05-2026,Insurance Cross-Sell
SYN-005785,8,10-06-2026,Insurance Cross-Sell
SYN-005785,9,20-06-2026,Insurance Cross-Sell
SYN-005785,10,30-06-2026,No Marketing Action (Consent Withheld)
SYN-005785,11,10-07-2026,No Marketing Action (Consent Withheld)
SYN-005785,12,20-07-2026,No Marketing Action (Consent Withheld)
SYN-005785,13,30-07-2026,No Marketing Action (Consent Withheld)
SYN-005785,14,10-08-2026,No Marketing Action (Consent Withheld)
SYN-005785,15,20-08-2026,No Marketing Action (Consent Withheld)
SYN-005785,16,30-08-2026,No Marketing Action (Consent Withheld)
SYN-005785,17,10-09-2026,No Marketing Action (Consent Withheld)
SYN-005785,18,20-09-2026,No Marketing Action (Consent Withheld)
SYN-043485,1,30-03-2026,Bank Term Deposit
SYN-043485,2,10-04-2026,Bank Term Deposit
SYN-043485,3,20-04-2026,Bank Term Deposit
SYN-043485,4,30-04-2026,Bank Term Deposit
SYN-043485,5,10-05-2026,Bank Term Deposit
SYN-043485,6,20-05-2026,Insurance Cross-Sell
SYN-043485,7,30-05-2026,Insurance Cross-Sell
SYN-043485,8,10-06-2026,Insurance Cross-Sell
SYN-043485,9,20-06-2026,Insurance Cross-Sell
SYN-043485,10,30-06-2026,Bank Term Deposit
SYN-043485,11,10-07-2026,Service Intervention (Low NPS)
SYN-043485,12,20-07-2026,Bank Term Deposit
SYN-043485,13,30-07-2026,Bank Term Deposit
SYN-043485,14,10-08-2026,Bank Term Deposit
SYN-043485,15,20-08-2026,Bank Term Deposit
SYN-043485,16,30-08-2026,Bank Term Deposit
SYN-043485,17,10-09-2026,No Marketing Action (Consent Withheld)
SYN-043485,18,20-09-2026,No Marketing Action (Consent Withheld)
SYN-021891,1,30-03-2026,Insurance Cross-Sell
SYN-021891,2,10-04-2026,Retention Action
SYN-021891,3,20-04-2026,Insurance Cross-Sell
SYN-021891,4,30-04-2026,Insurance Cross-Sell
SYN-021891,5,10-05-2026,Insurance Cross-Sell
SYN-021891,6,20-05-2026,Insurance Cross-Sell
SYN-021891,7,30-05-2026,Insurance Cross-Sell
SYN-021891,8,10-06-2026,Bank Term Deposit
SYN-021891,9,20-06-2026,Bank Term Deposit
SYN-021891,10,30-06-2026,Insurance Cross-Sell
SYN-021891,11,10-07-2026,Insurance Cross-Sell
SYN-021891,12,20-07-2026,Insurance Cross-Sell
SYN-021891,13,30-07-2026,Insurance Cross-Sell
SYN-021891,14,10-08-2026,Bank Term Deposit
SYN-021891,15,20-08-2026,Bank Term Deposit
SYN-021891,16,30-08-2026,Payment Reminder / Collections Resolution
SYN-021891,17,10-09-2026,Payment Reminder / Collections Resolution
SYN-021891,18,20-09-2026,Payment Reminder / Collections Resolution
SYN-044387,1,30-03-2026,Insurance Cross-Sell
SYN-044387,2,10-04-2026,Insurance Cross-Sell
SYN-044387,3,20-04-2026,Insurance Cross-Sell
SYN-044387,4,30-04-2026,Insurance Cross-Sell
SYN-044387,5,10-05-2026,Insurance Cross-Sell
SYN-044387,6,20-05-2026,Insurance Cross-Sell
SYN-044387,7,30-05-2026,Insurance Cross-Sell
SYN-044387,8,10-06-2026,Bank Term Deposit
SYN-044387,9,20-06-2026,Bank Term Deposit
SYN-044387,10,30-06-2026,Bank Term Deposit
SYN-044387,11,10-07-2026,Insurance Cross-Sell
SYN-044387,12,20-07-2026,Insurance Cross-Sell
SYN-044387,13,30-07-2026,Insurance Cross-Sell
SYN-044387,14,10-08-2026,Bank Term Deposit
SYN-044387,15,20-08-2026,Bank Term Deposit
SYN-044387,16,30-08-2026,Bank Term Deposit
SYN-044387,17,10-09-2026,No Marketing Action (Consent Withheld)
SYN-044387,18,20-09-2026,No Marketing Action (Consent Withheld)
SYN-025006,1,30-03-2026,Insurance Cross-Sell
SYN-025006,2,10-04-2026,Insurance Cross-Sell
SYN-025006,3,20-04-2026,Insurance Cross-Sell
SYN-025006,4,30-04-2026,Service Resolution
SYN-025006,5,10-05-2026,Insurance Cross-Sell
SYN-025006,6,20-05-2026,Insurance Cross-Sell
SYN-025006,7,30-05-2026,Insurance Cross-Sell
SYN-025006,8,10-06-2026,Insurance Cross-Sell
SYN-025006,9,20-06-2026,Insurance Cross-Sell
SYN-025006,10,30-06-2026,Insurance Cross-Sell
SYN-025006,11,10-07-2026,Insurance Cross-Sell
SYN-025006,12,20-07-2026,Insurance Cross-Sell
SYN-025006,13,30-07-2026,Insurance Cross-Sell
SYN-025006,14,10-08-2026,Insurance Cross-Sell
SYN-025006,15,20-08-2026,Service Resolution
SYN-025006,16,30-08-2026,Service Resolution
SYN-025006,17,10-09-2026,Insurance Cross-Sell
SYN-025006,18,20-09-2026,Insurance Cross-Sell
SYN-015419,1,30-03-2026,Insurance Cross-Sell
SYN-015419,2,10-04-2026,Payment Reminder / Collections Resolution
SYN-015419,3,20-04-2026,Payment Reminder / Collections Resolution
SYN-015419,4,30-04-2026,Payment Reminder / Collections Resolution
SYN-015419,5,10-05-2026,Payment Reminder / Collections Resolution
SYN-015419,6,20-05-2026,Payment Reminder / Collections Resolution
SYN-015419,7,30-05-2026,Payment Reminder / Collections Resolution
SYN-015419,8,10-06-2026,Payment Reminder / Collections Resolution
SYN-015419,9,20-06-2026,Insurance Cross-Sell
SYN-015419,10,30-06-2026,Insurance Cross-Sell
SYN-015419,11,10-07-2026,Insurance Cross-Sell
SYN-015419,12,20-07-2026,Insurance Cross-Sell
SYN-015419,13,30-07-2026,Insurance Cross-Sell
SYN-015419,14,10-08-2026,Insurance Cross-Sell
SYN-015419,15,20-08-2026,Insurance Cross-Sell
SYN-015419,16,30-08-2026,Bank Term Deposit
SYN-015419,17,10-09-2026,Bank Term Deposit
SYN-015419,18,20-09-2026,Bank Term Deposit
SYN-040690,1,30-03-2026,Insurance Cross-Sell
SYN-040690,2,10-04-2026,Bank Term Deposit
SYN-040690,3,20-04-2026,Bank Term Deposit
SYN-040690,4,30-04-2026,Bank Term Deposit
SYN-040690,5,10-05-2026,Insurance Cross-Sell
SYN-040690,6,20-05-2026,Bank Term Deposit
SYN-040690,7,30-05-2026,Bank Term Deposit
SYN-040690,8,10-06-2026,Bank Term Deposit
SYN-040690,9,20-06-2026,Bank Term Deposit
SYN-040690,10,30-06-2026,Insurance Cross-Sell
SYN-040690,11,10-07-2026,Retention Action
SYN-040690,12,20-07-2026,Retention Action
SYN-040690,13,30-07-2026,Retention Action
SYN-040690,14,10-08-2026,Retention Action
SYN-040690,15,20-08-2026,Retention Action
SYN-040690,16,30-08-2026,Retention Action
SYN-040690,17,10-09-2026,Retention Action
SYN-040690,18,20-09-2026,Retention Action
SYN-018483,1,30-03-2026,Bank Term Deposit
SYN-018483,2,10-04-2026,Bank Term Deposit
SYN-018483,3,20-04-2026,Bank Term Deposit
SYN-018483,4,30-04-2026,Bank Term Deposit
SYN-018483,5,10-05-2026,Insurance Cross-Sell
SYN-018483,6,20-05-2026,Insurance Cross-Sell
SYN-018483,7,30-05-2026,Insurance Cross-Sell
SYN-018483,8,10-06-2026,Insurance Cross-Sell
SYN-018483,9,20-06-2026,Insurance Cross-Sell
SYN-018483,10,30-06-2026,Insurance Cross-Sell
SYN-018483,11,10-07-2026,Payment Reminder / Collections Resolution
SYN-018483,12,20-07-2026,Payment Reminder / Collections Resolution
SYN-018483,13,30-07-2026,Payment Reminder / Collections Resolution
SYN-018483,14,10-08-2026,Payment Reminder / Collections Resolution
SYN-018483,15,20-08-2026,Payment Reminder / Collections Resolution
SYN-018483,16,30-08-2026,Payment Reminder / Collections Resolution
SYN-018483,17,10-09-2026,Payment Reminder / Collections Resolution
SYN-018483,18,20-09-2026,Payment Reminder / Collections Resolution
SYN-020892,1,30-03-2026,Insurance Cross-Sell
SYN-020892,2,10-04-2026,Insurance Cross-Sell
SYN-020892,3,20-04-2026,Insurance Cross-Sell
SYN-020892,4,30-04-2026,Insurance Cross-Sell
SYN-020892,5,10-05-2026,Insurance Cross-Sell
SYN-020892,6,20-05-2026,Insurance Cross-Sell
SYN-020892,7,30-05-2026,Insurance Cross-Sell
SYN-020892,8,10-06-2026,Insurance Cross-Sell
SYN-020892,9,20-06-2026,Bank Term Deposit
SYN-020892,10,30-06-2026,Bank Term Deposit
SYN-020892,11,10-07-2026,Bank Term Deposit
SYN-020892,12,20-07-2026,Bank Term Deposit
SYN-020892,13,30-07-2026,Bank Term Deposit
SYN-020892,14,10-08-2026,Bank Term Deposit
SYN-020892,15,20-08-2026,Bank Term Deposit
SYN-020892,16,30-08-2026,Bank Term Deposit
SYN-020892,17,10-09-2026,Bank Term Deposit
SYN-020892,18,20-09-2026,Bank Term Deposit
SYN-030985,1,30-03-2026,Bank Term Deposit
SYN-030985,2,10-04-2026,Bank Term Deposit
SYN-030985,3,20-04-2026,Service Resolution
SYN-030985,4,30-04-2026,Bank Term Deposit
SYN-030985,5,10-05-2026,Bank Term Deposit
SYN-030985,6,20-05-2026,Bank Term Deposit
SYN-030985,7,30-05-2026,Bank Term Deposit
SYN-030985,8,10-06-2026,Service Intervention (Low NPS)
SYN-030985,9,20-06-2026,Service Intervention (Low NPS)
SYN-030985,10,30-06-2026,Bank Term Deposit
SYN-030985,11,10-07-2026,Bank Term Deposit
SYN-030985,12,20-07-2026,Bank Term Deposit
SYN-030985,13,30-07-2026,Bank Term Deposit
SYN-030985,14,10-08-2026,Bank Term Deposit
SYN-030985,15,20-08-2026,Bank Term Deposit
SYN-030985,16,30-08-2026,Service Resolution
SYN-030985,17,10-09-2026,Service Resolution
SYN-030985,18,20-09-2026,Service Resolution
SYN-031397,1,30-03-2026,Insurance Cross-Sell
SYN-031397,2,10-04-2026,Insurance Cross-Sell
SYN-031397,3,20-04-2026,Insurance Cross-Sell
SYN-031397,4,30-04-2026,Insurance Cross-Sell
SYN-031397,5,10-05-2026,Insurance Cross-Sell
SYN-031397,6,20-05-2026,Service Resolution
SYN-031397,7,30-05-2026,Insurance Cross-Sell
SYN-031397,8,10-06-2026,Service Intervention (Low NPS)
SYN-031397,9,20-06-2026,Insurance Cross-Sell
SYN-031397,10,30-06-2026,Insurance Cross-Sell
SYN-031397,11,10-07-2026,Insurance Cross-Sell
SYN-031397,12,20-07-2026,Insurance Cross-Sell
SYN-031397,13,30-07-2026,Insurance Cross-Sell
SYN-031397,14,10-08-2026,Bank Term Deposit
SYN-031397,15,20-08-2026,Bank Term Deposit
SYN-031397,16,30-08-2026,Bank Term Deposit
SYN-031397,17,10-09-2026,Service Resolution
SYN-031397,18,20-09-2026,Service Resolution
SYN-005707,1,30-03-2026,Bank Term Deposit
SYN-005707,2,10-04-2026,Bank Term Deposit
SYN-005707,3,20-04-2026,No Marketing Action (Consent Withheld)
SYN-005707,4,30-04-2026,No Marketing Action (Consent Withheld)
SYN-005707,5,10-05-2026,No Marketing Action (Consent Withheld)
SYN-005707,6,20-05-2026,No Marketing Action (Consent Withheld)
SYN-005707,7,30-05-2026,No Marketing Action (Consent Withheld)
SYN-005707,8,10-06-2026,No Marketing Action (Consent Withheld)
SYN-005707,9,20-06-2026,No Marketing Action (Consent Withheld)
SYN-005707,10,30-06-2026,No Marketing Action (Consent Withheld)
SYN-005707,11,10-07-2026,No Marketing Action (Consent Withheld)
SYN-005707,12,20-07-2026,No Marketing Action (Consent Withheld)
SYN-005707,13,30-07-2026,No Marketing Action (Consent Withheld)
SYN-005707,14,10-08-2026,No Marketing Action (Consent Withheld)
SYN-005707,15,20-08-2026,No Marketing Action (Consent Withheld)
SYN-005707,16,30-08-2026,No Marketing Action (Consent Withheld)
SYN-005707,17,10-09-2026,No Marketing Action (Consent Withheld)
SYN-005707,18,20-09-2026,No Marketing Action (Consent Withheld)
SYN-012633,1,30-03-2026,Insurance Cross-Sell
SYN-012633,2,10-04-2026,Insurance Cross-Sell
SYN-012633,3,20-04-2026,Insurance Cross-Sell
SYN-012633,4,30-04-2026,Bank Term Deposit
SYN-012633,5,10-05-2026,Insurance Cross-Sell
SYN-012633,6,20-05-2026,Insurance Cross-Sell
SYN-012633,7,30-05-2026,Insurance Cross-Sell
SYN-012633,8,10-06-2026,Service Intervention (Low NPS)
SYN-012633,9,20-06-2026,Insurance Cross-Sell
SYN-012633,10,30-06-2026,Service Intervention (Low NPS)
SYN-012633,11,10-07-2026,Insurance Cross-Sell
SYN-012633,12,20-07-2026,Insurance Cross-Sell
SYN-012633,13,30-07-2026,Payment Reminder / Collections Resolution
SYN-012633,14,10-08-2026,Payment Reminder / Collections Resolution
SYN-012633,15,20-08-2026,Payment Reminder / Collections Resolution
SYN-012633,16,30-08-2026,Payment Reminder / Collections Resolution
SYN-012633,17,10-09-2026,Payment Reminder / Collections Resolution
SYN-012633,18,20-09-2026,Payment Reminder / Collections Resolution
SYN-016887,1,30-03-2026,Bank Term Deposit
SYN-016887,2,10-04-2026,Bank Term Deposit
SYN-016887,3,20-04-2026,Bank Term Deposit
SYN-016887,4,30-04-2026,Bank Term Deposit
SYN-016887,5,10-05-2026,Bank Term Deposit
SYN-016887,6,20-05-2026,Bank Term Deposit
SYN-016887,7,30-05-2026,Insurance Cross-Sell
SYN-016887,8,10-06-2026,Insurance Cross-Sell
SYN-016887,9,20-06-2026,Bank Term Deposit
SYN-016887,10,30-06-2026,Bank Term Deposit
SYN-016887,11,10-07-2026,Bank Term Deposit
SYN-016887,12,20-07-2026,Bank Term Deposit
SYN-016887,13,30-07-2026,Bank Term Deposit
SYN-016887,14,10-08-2026,Service Resolution
SYN-016887,15,20-08-2026,Service Resolution
SYN-016887,16,30-08-2026,Service Resolution
SYN-016887,17,10-09-2026,Service Resolution
SYN-016887,18,20-09-2026,Service Resolution
SYN-021286,1,30-03-2026,Bank Term Deposit
SYN-021286,2,10-04-2026,Bank Term Deposit
SYN-021286,3,20-04-2026,Bank Term Deposit
SYN-021286,4,30-04-2026,Bank Term Deposit
SYN-021286,5,10-05-2026,Bank Term Deposit
SYN-021286,6,20-05-2026,Bank Term Deposit
SYN-021286,7,30-05-2026,Bank Term Deposit
SYN-021286,8,10-06-2026,Insurance Cross-Sell
SYN-021286,9,20-06-2026,Service Resolution
SYN-021286,10,30-06-2026,Service Resolution
SYN-021286,11,10-07-2026,Insurance Cross-Sell
SYN-021286,12,20-07-2026,Insurance Cross-Sell
SYN-021286,13,30-07-2026,Insurance Cross-Sell
SYN-021286,14,10-08-2026,Insurance Cross-Sell
SYN-021286,15,20-08-2026,Payment Reminder / Collections Resolution
SYN-021286,16,30-08-2026,Insurance Cross-Sell
SYN-021286,17,10-09-2026,Insurance Cross-Sell
SYN-021286,18,20-09-2026,Insurance Cross-Sell
SYN-033398,1,30-03-2026,Insurance Cross-Sell
SYN-033398,2,10-04-2026,Bank Term Deposit
SYN-033398,3,20-04-2026,Bank Term Deposit
SYN-033398,4,30-04-2026,Bank Term Deposit
SYN-033398,5,10-05-2026,Bank Term Deposit
SYN-033398,6,20-05-2026,Insurance Cross-Sell
SYN-033398,7,30-05-2026,Insurance Cross-Sell
SYN-033398,8,10-06-2026,Insurance Cross-Sell
SYN-033398,9,20-06-2026,Insurance Cross-Sell
SYN-033398,10,30-06-2026,Insurance Cross-Sell
SYN-033398,11,10-07-2026,Insurance Cross-Sell
SYN-033398,12,20-07-2026,Insurance Cross-Sell
SYN-033398,13,30-07-2026,Bank Term Deposit
SYN-033398,14,10-08-2026,No Marketing Action (Consent Withheld)
SYN-033398,15,20-08-2026,No Marketing Action (Consent Withheld)
SYN-033398,16,30-08-2026,No Marketing Action (Consent Withheld)
SYN-033398,17,10-09-2026,No Marketing Action (Consent Withheld)
SYN-033398,18,20-09-2026,No Marketing Action (Consent Withheld)
SYN-012661,1,30-03-2026,Insurance Cross-Sell
SYN-012661,2,10-04-2026,Bank Term Deposit
SYN-012661,3,20-04-2026,Bank Term Deposit
SYN-012661,4,30-04-2026,Bank Term Deposit
SYN-012661,5,10-05-2026,Bank Term Deposit
SYN-012661,6,20-05-2026,Bank Term Deposit
SYN-012661,7,30-05-2026,Insurance Cross-Sell
SYN-012661,8,10-06-2026,Insurance Cross-Sell
SYN-012661,9,20-06-2026,Insurance Cross-Sell
SYN-012661,10,30-06-2026,Bank Term Deposit
SYN-012661,11,10-07-2026,Bank Term Deposit
SYN-012661,12,20-07-2026,Bank Term Deposit
SYN-012661,13,30-07-2026,Bank Term Deposit
SYN-012661,14,10-08-2026,Insurance Cross-Sell
SYN-012661,15,20-08-2026,Insurance Cross-Sell
SYN-012661,16,30-08-2026,Bank Term Deposit
SYN-012661,17,10-09-2026,Payment Reminder / Collections Resolution
SYN-012661,18,20-09-2026,Payment Reminder / Collections Resolution
SYN-002103,1,30-03-2026,Bank Term Deposit
SYN-002103,2,10-04-2026,Bank Term Deposit
SYN-002103,3,20-04-2026,Insurance Cross-Sell
SYN-002103,4,30-04-2026,Service Intervention (Low NPS)
SYN-002103,5,10-05-2026,Insurance Cross-Sell
SYN-002103,6,20-05-2026,Insurance Cross-Sell
SYN-002103,7,30-05-2026,Insurance Cross-Sell
SYN-002103,8,10-06-2026,Insurance Cross-Sell
SYN-002103,9,20-06-2026,Insurance Cross-Sell
SYN-002103,10,30-06-2026,Insurance Cross-Sell
SYN-002103,11,10-07-2026,Insurance Cross-Sell
SYN-002103,12,20-07-2026,Insurance Cross-Sell
SYN-002103,13,30-07-2026,Insurance Cross-Sell
SYN-002103,14,10-08-2026,Insurance Cross-Sell
SYN-002103,15,20-08-2026,Insurance Cross-Sell
SYN-002103,16,30-08-2026,Insurance Cross-Sell
SYN-002103,17,10-09-2026,Insurance Cross-Sell
SYN-002103,18,20-09-2026,Insurance Cross-Sell
SYN-019223,1,30-03-2026,Insurance Cross-Sell
SYN-019223,2,10-04-2026,Service Resolution
SYN-019223,3,20-04-2026,Service Resolution
SYN-019223,4,30-04-2026,Insurance Cross-Sell
SYN-019223,5,10-05-2026,Insurance Cross-Sell
SYN-019223,6,20-05-2026,Insurance Cross-Sell
SYN-019223,7,30-05-2026,Insurance Cross-Sell
SYN-019223,8,10-06-2026,Insurance Cross-Sell
SYN-019223,9,20-06-2026,Insurance Cross-Sell
SYN-019223,10,30-06-2026,Insurance Cross-Sell
SYN-019223,11,10-07-2026,Insurance Cross-Sell
SYN-019223,12,20-07-2026,Insurance Cross-Sell
SYN-019223,13,30-07-2026,Insurance Cross-Sell
SYN-019223,14,10-08-2026,Insurance Cross-Sell
SYN-019223,15,20-08-2026,Insurance Cross-Sell
SYN-019223,16,30-08-2026,Payment Reminder / Collections Resolution
SYN-019223,17,10-09-2026,Payment Reminder / Collections Resolution
SYN-019223,18,20-09-2026,Payment Reminder / Collections Resolution
SYN-027715,1,30-03-2026,Bank Term Deposit
SYN-027715,2,10-04-2026,Bank Term Deposit
SYN-027715,3,20-04-2026,Insurance Cross-Sell
SYN-027715,4,30-04-2026,Insurance Cross-Sell
SYN-027715,5,10-05-2026,Insurance Cross-Sell
SYN-027715,6,20-05-2026,Insurance Cross-Sell
SYN-027715,7,30-05-2026,Insurance Cross-Sell
SYN-027715,8,10-06-2026,Bank Term Deposit
SYN-027715,9,20-06-2026,Bank Term Deposit
SYN-027715,10,30-06-2026,Bank Term Deposit
SYN-027715,11,10-07-2026,Bank Term Deposit
SYN-027715,12,20-07-2026,Bank Term Deposit
SYN-027715,13,30-07-2026,Bank Term Deposit
SYN-027715,14,10-08-2026,Bank Term Deposit
SYN-027715,15,20-08-2026,Bank Term Deposit
SYN-027715,16,30-08-2026,Bank Term Deposit
SYN-027715,17,10-09-2026,Bank Term Deposit
SYN-027715,18,20-09-2026,Bank Term Deposit
SYN-015881,1,30-03-2026,Insurance Cross-Sell
SYN-015881,2,10-04-2026,Insurance Cross-Sell
SYN-015881,3,20-04-2026,Payment Reminder / Collections Resolution
SYN-015881,4,30-04-2026,Payment Reminder / Collections Resolution
SYN-015881,5,10-05-2026,Insurance Cross-Sell
SYN-015881,6,20-05-2026,Insurance Cross-Sell
SYN-015881,7,30-05-2026,Insurance Cross-Sell
SYN-015881,8,10-06-2026,Insurance Cross-Sell
SYN-015881,9,20-06-2026,Insurance Cross-Sell
SYN-015881,10,30-06-2026,Insurance Cross-Sell
SYN-015881,11,10-07-2026,Insurance Cross-Sell
SYN-015881,12,20-07-2026,Insurance Cross-Sell
SYN-015881,13,30-07-2026,Bank Term Deposit
SYN-015881,14,10-08-2026,Bank Term Deposit
SYN-015881,15,20-08-2026,Insurance Cross-Sell
SYN-015881,16,30-08-2026,Insurance Cross-Sell
SYN-015881,17,10-09-2026,Complete KYC
SYN-015881,18,20-09-2026,Complete KYC
SYN-014272,1,30-03-2026,Insurance Cross-Sell
SYN-014272,2,10-04-2026,Insurance Cross-Sell
SYN-014272,3,20-04-2026,Service Resolution
SYN-014272,4,30-04-2026,Insurance Cross-Sell
SYN-014272,5,10-05-2026,Insurance Cross-Sell
SYN-014272,6,20-05-2026,Insurance Cross-Sell
SYN-014272,7,30-05-2026,Insurance Cross-Sell
SYN-014272,8,10-06-2026,Insurance Cross-Sell
SYN-014272,9,20-06-2026,Insurance Cross-Sell
SYN-014272,10,30-06-2026,Insurance Cross-Sell
SYN-014272,11,10-07-2026,Insurance Cross-Sell
SYN-014272,12,20-07-2026,Insurance Cross-Sell
SYN-014272,13,30-07-2026,Insurance Cross-Sell
SYN-014272,14,10-08-2026,Payment Reminder / Collections Resolution
SYN-014272,15,20-08-2026,Insurance Cross-Sell
SYN-014272,16,30-08-2026,Bank Term Deposit
SYN-014272,17,10-09-2026,Bank Term Deposit
SYN-014272,18,20-09-2026,Bank Term Deposit
SYN-031312,1,30-03-2026,Bank Term Deposit
SYN-031312,2,10-04-2026,Bank Term Deposit
SYN-031312,3,20-04-2026,Bank Term Deposit
SYN-031312,4,30-04-2026,Bank Term Deposit
SYN-031312,5,10-05-2026,Insurance Cross-Sell
SYN-031312,6,20-05-2026,Insurance Cross-Sell
SYN-031312,7,30-05-2026,Insurance Cross-Sell
SYN-031312,8,10-06-2026,Insurance Cross-Sell
SYN-031312,9,20-06-2026,Insurance Cross-Sell
SYN-031312,10,30-06-2026,Insurance Cross-Sell
SYN-031312,11,10-07-2026,Insurance Cross-Sell
SYN-031312,12,20-07-2026,Insurance Cross-Sell
SYN-031312,13,30-07-2026,Insurance Cross-Sell
SYN-031312,14,10-08-2026,Insurance Cross-Sell
SYN-031312,15,20-08-2026,Insurance Cross-Sell
SYN-031312,16,30-08-2026,Insurance Cross-Sell
SYN-031312,17,10-09-2026,Payment Reminder / Collections Resolution
SYN-031312,18,20-09-2026,Payment Reminder / Collections Resolution
SYN-042849,1,30-03-2026,Insurance Cross-Sell
SYN-042849,2,10-04-2026,Insurance Cross-Sell
SYN-042849,3,20-04-2026,Insurance Cross-Sell
SYN-042849,4,30-04-2026,Insurance Cross-Sell
SYN-042849,5,10-05-2026,Retention Action
SYN-042849,6,20-05-2026,Retention Action
SYN-042849,7,30-05-2026,Retention Action
SYN-042849,8,10-06-2026,Bank Term Deposit
SYN-042849,9,20-06-2026,Bank Term Deposit
SYN-042849,10,30-06-2026,Bank Term Deposit
SYN-042849,11,10-07-2026,Bank Term Deposit
SYN-042849,12,20-07-2026,Bank Term Deposit
SYN-042849,13,30-07-2026,Bank Term Deposit
SYN-042849,14,10-08-2026,Bank Term Deposit
SYN-042849,15,20-08-2026,Retention Action
SYN-042849,16,30-08-2026,Bank Term Deposit
SYN-042849,17,10-09-2026,Bank Term Deposit
SYN-042849,18,20-09-2026,Bank Term Deposit
SYN-013999,1,30-03-2026,No Marketing Action (Consent Withheld)
SYN-013999,2,10-04-2026,No Marketing Action (Consent Withheld)
SYN-013999,3,20-04-2026,No Marketing Action (Consent Withheld)
SYN-013999,4,30-04-2026,No Marketing Action (Consent Withheld)
SYN-013999,5,10-05-2026,No Marketing Action (Consent Withheld)
SYN-013999,6,20-05-2026,No Marketing Action (Consent Withheld)
SYN-013999,7,30-05-2026,No Marketing Action (Consent Withheld)
SYN-013999,8,10-06-2026,No Marketing Action (Consent Withheld)
SYN-013999,9,20-06-2026,No Marketing Action (Consent Withheld)
SYN-013999,10,30-06-2026,No Marketing Action (Consent Withheld)
SYN-013999,11,10-07-2026,No Marketing Action (Consent Withheld)
SYN-013999,12,20-07-2026,No Marketing Action (Consent Withheld)
SYN-013999,13,30-07-2026,No Marketing Action (Consent Withheld)
SYN-013999,14,10-08-2026,No Marketing Action (Consent Withheld)
SYN-013999,15,20-08-2026,No Marketing Action (Consent Withheld)
SYN-013999,16,30-08-2026,No Marketing Action (Consent Withheld)
SYN-013999,17,10-09-2026,No Marketing Action (Consent Withheld)
SYN-013999,18,20-09-2026,No Marketing Action (Consent Withheld)
SYN-023835,1,30-03-2026,Payment Reminder / Collections Resolution
SYN-023835,2,10-04-2026,Bank Term Deposit
SYN-023835,3,20-04-2026,Insurance Cross-Sell
SYN-023835,4,30-04-2026,Insurance Cross-Sell
SYN-023835,5,10-05-2026,Insurance Cross-Sell
SYN-023835,6,20-05-2026,Insurance Cross-Sell
SYN-023835,7,30-05-2026,Bank Term Deposit
SYN-023835,8,10-06-2026,Insurance Cross-Sell
SYN-023835,9,20-06-2026,Insurance Cross-Sell
SYN-023835,10,30-06-2026,Insurance Cross-Sell
SYN-023835,11,10-07-2026,Insurance Cross-Sell
SYN-023835,12,20-07-2026,Insurance Cross-Sell
SYN-023835,13,30-07-2026,Insurance Cross-Sell
SYN-023835,14,10-08-2026,Insurance Cross-Sell
SYN-023835,15,20-08-2026,Insurance Cross-Sell
SYN-023835,16,30-08-2026,Insurance Cross-Sell
SYN-023835,17,10-09-2026,Insurance Cross-Sell
SYN-023835,18,20-09-2026,Insurance Cross-Sell
SYN-011647,1,30-03-2026,Insurance Cross-Sell
SYN-011647,2,10-04-2026,Insurance Cross-Sell
SYN-011647,3,20-04-2026,Insurance Cross-Sell
SYN-011647,4,30-04-2026,Insurance Cross-Sell
SYN-011647,5,10-05-2026,Insurance Cross-Sell
SYN-011647,6,20-05-2026,Insurance Cross-Sell
SYN-011647,7,30-05-2026,Insurance Cross-Sell
SYN-011647,8,10-06-2026,Insurance Cross-Sell
SYN-011647,9,20-06-2026,Service Intervention (Low NPS)
SYN-011647,10,30-06-2026,Insurance Cross-Sell
SYN-011647,11,10-07-2026,Insurance Cross-Sell
SYN-011647,12,20-07-2026,Insurance Cross-Sell
SYN-011647,13,30-07-2026,Insurance Cross-Sell
SYN-011647,14,10-08-2026,Insurance Cross-Sell
SYN-011647,15,20-08-2026,Insurance Cross-Sell
SYN-011647,16,30-08-2026,Insurance Cross-Sell
SYN-011647,17,10-09-2026,Retention Action
SYN-011647,18,20-09-2026,Retention Action
SYN-036412,1,30-03-2026,Insurance Cross-Sell
SYN-036412,2,10-04-2026,Insurance Cross-Sell
SYN-036412,3,20-04-2026,Insurance Cross-Sell
SYN-036412,4,30-04-2026,Insurance Cross-Sell
SYN-036412,5,10-05-2026,Insurance Cross-Sell
SYN-036412,6,20-05-2026,Insurance Cross-Sell
SYN-036412,7,30-05-2026,Service Resolution
SYN-036412,8,10-06-2026,Insurance Cross-Sell
SYN-036412,9,20-06-2026,Insurance Cross-Sell
SYN-036412,10,30-06-2026,Insurance Cross-Sell
SYN-036412,11,10-07-2026,Insurance Cross-Sell
SYN-036412,12,20-07-2026,Insurance Cross-Sell
SYN-036412,13,30-07-2026,Service Intervention (Low NPS)
SYN-036412,14,10-08-2026,Service Intervention (Low NPS)
SYN-036412,15,20-08-2026,Insurance Cross-Sell
SYN-036412,16,30-08-2026,Insurance Cross-Sell
SYN-036412,17,10-09-2026,Service Resolution
SYN-036412,18,20-09-2026,Service Resolution
SYN-029093,1,30-03-2026,Bank Term Deposit
SYN-029093,2,10-04-2026,Bank Term Deposit
SYN-029093,3,20-04-2026,Bank Term Deposit
SYN-029093,4,30-04-2026,Bank Term Deposit
SYN-029093,5,10-05-2026,Bank Term Deposit
SYN-029093,6,20-05-2026,Bank Term Deposit
SYN-029093,7,30-05-2026,Bank Term Deposit
SYN-029093,8,10-06-2026,Service Resolution
SYN-029093,9,20-06-2026,Service Resolution
SYN-029093,10,30-06-2026,Insurance Cross-Sell
SYN-029093,11,10-07-2026,Insurance Cross-Sell
SYN-029093,12,20-07-2026,Insurance Cross-Sell
SYN-029093,13,30-07-2026,Insurance Cross-Sell
SYN-029093,14,10-08-2026,Insurance Cross-Sell
SYN-029093,15,20-08-2026,Insurance Cross-Sell
SYN-029093,16,30-08-2026,Insurance Cross-Sell
SYN-029093,17,10-09-2026,Insurance Cross-Sell
SYN-029093,18,20-09-2026,Insurance Cross-Sell
SYN-044510,1,30-03-2026,Bank Term Deposit
SYN-044510,2,10-04-2026,Bank Term Deposit
SYN-044510,3,20-04-2026,Bank Term Deposit
SYN-044510,4,30-04-2026,Insurance Cross-Sell
SYN-044510,5,10-05-2026,Insurance Cross-Sell
SYN-044510,6,20-05-2026,Insurance Cross-Sell
SYN-044510,7,30-05-2026,Insurance Cross-Sell
SYN-044510,8,10-06-2026,Insurance Cross-Sell
SYN-044510,9,20-06-2026,Insurance Cross-Sell
SYN-044510,10,30-06-2026,Insurance Cross-Sell
SYN-044510,11,10-07-2026,Insurance Cross-Sell
SYN-044510,12,20-07-2026,Insurance Cross-Sell
SYN-044510,13,30-07-2026,Insurance Cross-Sell
SYN-044510,14,10-08-2026,Payment Reminder / Collections Resolution
SYN-044510,15,20-08-2026,Payment Reminder / Collections Resolution
SYN-044510,16,30-08-2026,Payment Reminder / Collections Resolution
SYN-044510,17,10-09-2026,Payment Reminder / Collections Resolution
SYN-044510,18,20-09-2026,Payment Reminder / Collections Resolution
SYN-004871,1,30-03-2026,Insurance Cross-Sell
SYN-004871,2,10-04-2026,Insurance Cross-Sell
SYN-004871,3,20-04-2026,Insurance Cross-Sell
SYN-004871,4,30-04-2026,Retention Action
SYN-004871,5,10-05-2026,Retention Action
SYN-004871,6,20-05-2026,Retention Action
SYN-004871,7,30-05-2026,Insurance Cross-Sell
SYN-004871,8,10-06-2026,Insurance Cross-Sell
SYN-004871,9,20-06-2026,Insurance Cross-Sell
SYN-004871,10,30-06-2026,Insurance Cross-Sell
SYN-004871,11,10-07-2026,Insurance Cross-Sell
SYN-004871,12,20-07-2026,Insurance Cross-Sell
SYN-004871,13,30-07-2026,Insurance Cross-Sell
SYN-004871,14,10-08-2026,Insurance Cross-Sell
SYN-004871,15,20-08-2026,Insurance Cross-Sell
SYN-004871,16,30-08-2026,Bank Term Deposit
SYN-004871,17,10-09-2026,Bank Term Deposit
SYN-004871,18,20-09-2026,Bank Term Deposit
SYN-018450,1,30-03-2026,Insurance Cross-Sell
SYN-018450,2,10-04-2026,Insurance Cross-Sell
SYN-018450,3,20-04-2026,Insurance Cross-Sell
SYN-018450,4,30-04-2026,Insurance Cross-Sell
SYN-018450,5,10-05-2026,Bank Term Deposit
SYN-018450,6,20-05-2026,Bank Term Deposit
SYN-018450,7,30-05-2026,Bank Term Deposit
SYN-018450,8,10-06-2026,Bank Term Deposit
SYN-018450,9,20-06-2026,Bank Term Deposit
SYN-018450,10,30-06-2026,Bank Term Deposit
SYN-018450,11,10-07-2026,Bank Term Deposit
SYN-018450,12,20-07-2026,Bank Term Deposit
SYN-018450,13,30-07-2026,Bank Term Deposit
SYN-018450,14,10-08-2026,Bank Term Deposit
SYN-018450,15,20-08-2026,Bank Term Deposit
SYN-018450,16,30-08-2026,Service Intervention (Low NPS)
SYN-018450,17,10-09-2026,Bank Term Deposit
SYN-018450,18,20-09-2026,Bank Term Deposit
SYN-013857,1,30-03-2026,Insurance Cross-Sell
SYN-013857,2,10-04-2026,Insurance Cross-Sell
SYN-013857,3,20-04-2026,Insurance Cross-Sell
SYN-013857,4,30-04-2026,Insurance Cross-Sell
SYN-013857,5,10-05-2026,Service Intervention (Low NPS)
SYN-013857,6,20-05-2026,Insurance Cross-Sell
SYN-013857,7,30-05-2026,Insurance Cross-Sell
SYN-013857,8,10-06-2026,Insurance Cross-Sell
SYN-013857,9,20-06-2026,Insurance Cross-Sell
SYN-013857,10,30-06-2026,Insurance Cross-Sell
SYN-013857,11,10-07-2026,Insurance Cross-Sell
SYN-013857,12,20-07-2026,Insurance Cross-Sell
SYN-013857,13,30-07-2026,Bank Term Deposit
SYN-013857,14,10-08-2026,Bank Term Deposit
SYN-013857,15,20-08-2026,Bank Term Deposit
SYN-013857,16,30-08-2026,Bank Term Deposit
SYN-013857,17,10-09-2026,Bank Term Deposit
SYN-013857,18,20-09-2026,Bank Term Deposit
SYN-011525,1,30-03-2026,Insurance Cross-Sell
SYN-011525,2,10-04-2026,Insurance Cross-Sell
SYN-011525,3,20-04-2026,Service Intervention (Low NPS)
SYN-011525,4,30-04-2026,Service Intervention (Low NPS)
SYN-011525,5,10-05-2026,Bank Term Deposit
SYN-011525,6,20-05-2026,Bank Term Deposit
SYN-011525,7,30-05-2026,Bank Term Deposit
SYN-011525,8,10-06-2026,Bank Term Deposit
SYN-011525,9,20-06-2026,Insurance Cross-Sell
SYN-011525,10,30-06-2026,Service Resolution
SYN-011525,11,10-07-2026,Insurance Cross-Sell
SYN-011525,12,20-07-2026,Payment Reminder / Collections Resolution
SYN-011525,13,30-07-2026,Insurance Cross-Sell
SYN-011525,14,10-08-2026,Insurance Cross-Sell
SYN-011525,15,20-08-2026,Bank Term Deposit
SYN-011525,16,30-08-2026,Bank Term Deposit
SYN-011525,17,10-09-2026,Service Resolution
SYN-011525,18,20-09-2026,Service Resolution
SYN-033963,1,30-03-2026,Bank Term Deposit
SYN-033963,2,10-04-2026,Service Intervention (Low NPS)
SYN-033963,3,20-04-2026,Bank Term Deposit
SYN-033963,4,30-04-2026,Bank Term Deposit
SYN-033963,5,10-05-2026,Bank Term Deposit
SYN-033963,6,20-05-2026,Bank Term Deposit
SYN-033963,7,30-05-2026,Bank Term Deposit
SYN-033963,8,10-06-2026,Bank Term Deposit
SYN-033963,9,20-06-2026,Bank Term Deposit
SYN-033963,10,30-06-2026,Bank Term Deposit
SYN-033963,11,10-07-2026,Bank Term Deposit
SYN-033963,12,20-07-2026,Bank Term Deposit
SYN-033963,13,30-07-2026,Bank Term Deposit
SYN-033963,14,10-08-2026,Insurance Cross-Sell
SYN-033963,15,20-08-2026,Insurance Cross-Sell
SYN-033963,16,30-08-2026,Insurance Cross-Sell
SYN-033963,17,10-09-2026,No Marketing Action (Consent Withheld)
SYN-033963,18,20-09-2026,No Marketing Action (Consent Withheld)
SYN-024076,1,30-03-2026,Bank Term Deposit
SYN-024076,2,10-04-2026,Bank Term Deposit
SYN-024076,3,20-04-2026,Insurance Cross-Sell
SYN-024076,4,30-04-2026,Bank Term Deposit
SYN-024076,5,10-05-2026,Insurance Cross-Sell
SYN-024076,6,20-05-2026,Insurance Cross-Sell
SYN-024076,7,30-05-2026,Insurance Cross-Sell
SYN-024076,8,10-06-2026,Insurance Cross-Sell
SYN-024076,9,20-06-2026,Insurance Cross-Sell
SYN-024076,10,30-06-2026,Insurance Cross-Sell
SYN-024076,11,10-07-2026,Insurance Cross-Sell
SYN-024076,12,20-07-2026,Insurance Cross-Sell
SYN-024076,13,30-07-2026,Insurance Cross-Sell
SYN-024076,14,10-08-2026,Insurance Cross-Sell
SYN-024076,15,20-08-2026,Insurance Cross-Sell
SYN-024076,16,30-08-2026,Service Intervention (Low NPS)
SYN-024076,17,10-09-2026,Insurance Cross-Sell
SYN-024076,18,20-09-2026,Insurance Cross-Sell
SYN-004994,1,30-03-2026,Bank Term Deposit
SYN-004994,2,10-04-2026,Bank Term Deposit
SYN-004994,3,20-04-2026,Bank Term Deposit
SYN-004994,4,30-04-2026,Bank Term Deposit
SYN-004994,5,10-05-2026,Bank Term Deposit
SYN-004994,6,20-05-2026,Bank Term Deposit
SYN-004994,7,30-05-2026,Bank Term Deposit
SYN-004994,8,10-06-2026,Bank Term Deposit
SYN-004994,9,20-06-2026,Insurance Cross-Sell
SYN-004994,10,30-06-2026,Insurance Cross-Sell
SYN-004994,11,10-07-2026,Insurance Cross-Sell
SYN-004994,12,20-07-2026,Insurance Cross-Sell
SYN-004994,13,30-07-2026,Insurance Cross-Sell
SYN-004994,14,10-08-2026,Insurance Cross-Sell
SYN-004994,15,20-08-2026,Insurance Cross-Sell
SYN-004994,16,30-08-2026,Payment Reminder / Collections Resolution
SYN-004994,17,10-09-2026,Payment Reminder / Collections Resolution
SYN-004994,18,20-09-2026,Payment Reminder / Collections Resolution
SYN-027830,1,30-03-2026,Insurance Cross-Sell
SYN-027830,2,10-04-2026,Insurance Cross-Sell
SYN-027830,3,20-04-2026,Insurance Cross-Sell
SYN-027830,4,30-04-2026,Insurance Cross-Sell
SYN-027830,5,10-05-2026,Service Resolution
SYN-027830,6,20-05-2026,Insurance Cross-Sell
SYN-027830,7,30-05-2026,Insurance Cross-Sell
SYN-027830,8,10-06-2026,Insurance Cross-Sell
SYN-027830,9,20-06-2026,Insurance Cross-Sell
SYN-027830,10,30-06-2026,Insurance Cross-Sell
SYN-027830,11,10-07-2026,Insurance Cross-Sell
SYN-027830,12,20-07-2026,Insurance Cross-Sell
SYN-027830,13,30-07-2026,Bank Term Deposit
SYN-027830,14,10-08-2026,Bank Term Deposit
SYN-027830,15,20-08-2026,Bank Term Deposit
SYN-027830,16,30-08-2026,Bank Term Deposit
SYN-027830,17,10-09-2026,Payment Reminder / Collections Resolution
SYN-027830,18,20-09-2026,Payment Reminder / Collections Resolution
SYN-024402,1,30-03-2026,Bank Term Deposit
SYN-024402,2,10-04-2026,Bank Term Deposit
SYN-024402,3,20-04-2026,Bank Term Deposit
SYN-024402,4,30-04-2026,Bank Term Deposit
SYN-024402,5,10-05-2026,Bank Term Deposit
SYN-024402,6,20-05-2026,Bank Term Deposit
SYN-024402,7,30-05-2026,Insurance Cross-Sell
SYN-024402,8,10-06-2026,Insurance Cross-Sell
SYN-024402,9,20-06-2026,Insurance Cross-Sell
SYN-024402,10,30-06-2026,Insurance Cross-Sell
SYN-024402,11,10-07-2026,Insurance Cross-Sell
SYN-024402,12,20-07-2026,Insurance Cross-Sell
SYN-024402,13,30-07-2026,Insurance Cross-Sell
SYN-024402,14,10-08-2026,Insurance Cross-Sell
SYN-024402,15,20-08-2026,Insurance Cross-Sell
SYN-024402,16,30-08-2026,Insurance Cross-Sell
SYN-024402,17,10-09-2026,Complete KYC
SYN-024402,18,20-09-2026,Complete KYC
SYN-017459,1,30-03-2026,Bank Term Deposit
SYN-017459,2,10-04-2026,Insurance Cross-Sell
SYN-017459,3,20-04-2026,Bank Term Deposit
SYN-017459,4,30-04-2026,Bank Term Deposit
SYN-017459,5,10-05-2026,Bank Term Deposit
SYN-017459,6,20-05-2026,Bank Term Deposit
SYN-017459,7,30-05-2026,Bank Term Deposit
SYN-017459,8,10-06-2026,Bank Term Deposit
SYN-017459,9,20-06-2026,Bank Term Deposit
SYN-017459,10,30-06-2026,Bank Term Deposit
SYN-017459,11,10-07-2026,Bank Term Deposit
SYN-017459,12,20-07-2026,Bank Term Deposit
SYN-017459,13,30-07-2026,Bank Term Deposit
SYN-017459,14,10-08-2026,Bank Term Deposit
SYN-017459,15,20-08-2026,Bank Term Deposit
SYN-017459,16,30-08-2026,Service Intervention (Low NPS)
SYN-017459,17,10-09-2026,Bank Term Deposit
SYN-017459,18,20-09-2026,Bank Term Deposit
SYN-009755,1,30-03-2026,Insurance Cross-Sell
SYN-009755,2,10-04-2026,Insurance Cross-Sell
SYN-009755,3,20-04-2026,Insurance Cross-Sell
SYN-009755,4,30-04-2026,Insurance Cross-Sell
SYN-009755,5,10-05-2026,Retention Action
SYN-009755,6,20-05-2026,Retention Action
SYN-009755,7,30-05-2026,Insurance Cross-Sell
SYN-009755,8,10-06-2026,Insurance Cross-Sell
SYN-009755,9,20-06-2026,Insurance Cross-Sell
SYN-009755,10,30-06-2026,Insurance Cross-Sell
SYN-009755,11,10-07-2026,Insurance Cross-Sell
SYN-009755,12,20-07-2026,Insurance Cross-Sell
SYN-009755,13,30-07-2026,Insurance Cross-Sell
SYN-009755,14,10-08-2026,Insurance Cross-Sell
SYN-009755,15,20-08-2026,Insurance Cross-Sell
SYN-009755,16,30-08-2026,Insurance Cross-Sell
SYN-009755,17,10-09-2026,Insurance Cross-Sell
SYN-009755,18,20-09-2026,Insurance Cross-Sell
SYN-014952,1,30-03-2026,Bank Term Deposit
SYN-014952,2,10-04-2026,Bank Term Deposit
SYN-014952,3,20-04-2026,Bank Term Deposit
SYN-014952,4,30-04-2026,Bank Term Deposit
SYN-014952,5,10-05-2026,Bank Term Deposit
SYN-014952,6,20-05-2026,Insurance Cross-Sell
SYN-014952,7,30-05-2026,Insurance Cross-Sell
SYN-014952,8,10-06-2026,Insurance Cross-Sell
SYN-014952,9,20-06-2026,Insurance Cross-Sell
SYN-014952,10,30-06-2026,Bank Term Deposit
SYN-014952,11,10-07-2026,Bank Term Deposit
SYN-014952,12,20-07-2026,Bank Term Deposit
SYN-014952,13,30-07-2026,Bank Term Deposit
SYN-014952,14,10-08-2026,Bank Term Deposit
SYN-014952,15,20-08-2026,Bank Term Deposit
SYN-014952,16,30-08-2026,Payment Reminder / Collections Resolution
SYN-014952,17,10-09-2026,Payment Reminder / Collections Resolution
SYN-014952,18,20-09-2026,Payment Reminder / Collections Resolution
SYN-014912,1,30-03-2026,Insurance Cross-Sell
SYN-014912,2,10-04-2026,Insurance Cross-Sell
SYN-014912,3,20-04-2026,Insurance Cross-Sell
SYN-014912,4,30-04-2026,Insurance Cross-Sell
SYN-014912,5,10-05-2026,Insurance Cross-Sell
SYN-014912,6,20-05-2026,Insurance Cross-Sell
SYN-014912,7,30-05-2026,Insurance Cross-Sell
SYN-014912,8,10-06-2026,Insurance Cross-Sell
SYN-014912,9,20-06-2026,Insurance Cross-Sell
SYN-014912,10,30-06-2026,Insurance Cross-Sell
SYN-014912,11,10-07-2026,Insurance Cross-Sell
SYN-014912,12,20-07-2026,Insurance Cross-Sell
SYN-014912,13,30-07-2026,Insurance Cross-Sell
SYN-014912,14,10-08-2026,Insurance Cross-Sell
SYN-014912,15,20-08-2026,Insurance Cross-Sell
SYN-014912,16,30-08-2026,Insurance Cross-Sell
SYN-014912,17,10-09-2026,Bank Term Deposit
SYN-014912,18,20-09-2026,Bank Term Deposit
SYN-028181,1,30-03-2026,Service Intervention (Low NPS)
SYN-028181,2,10-04-2026,Service Intervention (Low NPS)
SYN-028181,3,20-04-2026,Insurance Cross-Sell
SYN-028181,4,30-04-2026,Insurance Cross-Sell
SYN-028181,5,10-05-2026,Insurance Cross-Sell
SYN-028181,6,20-05-2026,Insurance Cross-Sell
SYN-028181,7,30-05-2026,Insurance Cross-Sell
SYN-028181,8,10-06-2026,Insurance Cross-Sell
SYN-028181,9,20-06-2026,Insurance Cross-Sell
SYN-028181,10,30-06-2026,Insurance Cross-Sell
SYN-028181,11,10-07-2026,Insurance Cross-Sell
SYN-028181,12,20-07-2026,Insurance Cross-Sell
SYN-028181,13,30-07-2026,Insurance Cross-Sell
SYN-028181,14,10-08-2026,Bank Term Deposit
SYN-028181,15,20-08-2026,Bank Term Deposit
SYN-028181,16,30-08-2026,Service Intervention (Low NPS)
SYN-028181,17,10-09-2026,Service Intervention (Low NPS)
SYN-028181,18,20-09-2026,Service Intervention (Low NPS)
SYN-023840,1,30-03-2026,Insurance Cross-Sell
SYN-023840,2,10-04-2026,Insurance Cross-Sell
SYN-023840,3,20-04-2026,Insurance Cross-Sell
SYN-023840,4,30-04-2026,Complete KYC
SYN-023840,5,10-05-2026,Complete KYC
SYN-023840,6,20-05-2026,Complete KYC
SYN-023840,7,30-05-2026,Complete KYC
SYN-023840,8,10-06-2026,Complete KYC
SYN-023840,9,20-06-2026,Complete KYC
SYN-023840,10,30-06-2026,Complete KYC
SYN-023840,11,10-07-2026,Complete KYC
SYN-023840,12,20-07-2026,Complete KYC
SYN-023840,13,30-07-2026,Complete KYC
SYN-023840,14,10-08-2026,Complete KYC
SYN-023840,15,20-08-2026,Complete KYC
SYN-023840,16,30-08-2026,Complete KYC
SYN-023840,17,10-09-2026,Complete KYC
SYN-023840,18,20-09-2026,Complete KYC
SYN-044672,1,30-03-2026,Bank Term Deposit
SYN-044672,2,10-04-2026,Bank Term Deposit
SYN-044672,3,20-04-2026,Bank Term Deposit
SYN-044672,4,30-04-2026,Bank Term Deposit
SYN-044672,5,10-05-2026,Bank Term Deposit
SYN-044672,6,20-05-2026,Bank Term Deposit
SYN-044672,7,30-05-2026,Bank Term Deposit
SYN-044672,8,10-06-2026,Bank Term Deposit
SYN-044672,9,20-06-2026,Bank Term Deposit
SYN-044672,10,30-06-2026,No Marketing Action (Consent Withheld)
SYN-044672,11,10-07-2026,No Marketing Action (Consent Withheld)
SYN-044672,12,20-07-2026,No Marketing Action (Consent Withheld)
SYN-044672,13,30-07-2026,No Marketing Action (Consent Withheld)
SYN-044672,14,10-08-2026,No Marketing Action (Consent Withheld)
SYN-044672,15,20-08-2026,No Marketing Action (Consent Withheld)
SYN-044672,16,30-08-2026,No Marketing Action (Consent Withheld)
SYN-044672,17,10-09-2026,No Marketing Action (Consent Withheld)
SYN-044672,18,20-09-2026,No Marketing Action (Consent Withheld)
SYN-017451,1,30-03-2026,Bank Term Deposit
SYN-017451,2,10-04-2026,Bank Term Deposit
SYN-017451,3,20-04-2026,Bank Term Deposit
SYN-017451,4,30-04-2026,Service Intervention (Low NPS)
SYN-017451,5,10-05-2026,Service Intervention (Low NPS)
SYN-017451,6,20-05-2026,Bank Term Deposit
SYN-017451,7,30-05-2026,Insurance Cross-Sell
SYN-017451,8,10-06-2026,Insurance Cross-Sell
SYN-017451,9,20-06-2026,Insurance Cross-Sell
SYN-017451,10,30-06-2026,Bank Term Deposit
SYN-017451,11,10-07-2026,Service Resolution
SYN-017451,12,20-07-2026,Bank Term Deposit
SYN-017451,13,30-07-2026,Bank Term Deposit
SYN-017451,14,10-08-2026,Bank Term Deposit
SYN-017451,15,20-08-2026,Bank Term Deposit
SYN-017451,16,30-08-2026,Bank Term Deposit
SYN-017451,17,10-09-2026,Bank Term Deposit
SYN-017451,18,20-09-2026,Bank Term Deposit
SYN-020706,1,30-03-2026,Insurance Cross-Sell
SYN-020706,2,10-04-2026,Insurance Cross-Sell
SYN-020706,3,20-04-2026,Insurance Cross-Sell
SYN-020706,4,30-04-2026,Insurance Cross-Sell
SYN-020706,5,10-05-2026,Insurance Cross-Sell
SYN-020706,6,20-05-2026,Insurance Cross-Sell
SYN-020706,7,30-05-2026,Insurance Cross-Sell
SYN-020706,8,10-06-2026,Insurance Cross-Sell
SYN-020706,9,20-06-2026,Insurance Cross-Sell
SYN-020706,10,30-06-2026,Insurance Cross-Sell
SYN-020706,11,10-07-2026,Insurance Cross-Sell
SYN-020706,12,20-07-2026,Insurance Cross-Sell
SYN-020706,13,30-07-2026,Insurance Cross-Sell
SYN-020706,14,10-08-2026,Insurance Cross-Sell
SYN-020706,15,20-08-2026,Insurance Cross-Sell
SYN-020706,16,30-08-2026,Insurance Cross-Sell
SYN-020706,17,10-09-2026,Service Intervention (Low NPS)
SYN-020706,18,20-09-2026,Service Intervention (Low NPS)
SYN-016230,1,30-03-2026,Insurance Cross-Sell
SYN-016230,2,10-04-2026,Insurance Cross-Sell
SYN-016230,3,20-04-2026,Insurance Cross-Sell
SYN-016230,4,30-04-2026,Insurance Cross-Sell
SYN-016230,5,10-05-2026,Payment Reminder / Collections Resolution
SYN-016230,6,20-05-2026,Payment Reminder / Collections Resolution
SYN-016230,7,30-05-2026,Payment Reminder / Collections Resolution
SYN-016230,8,10-06-2026,Payment Reminder / Collections Resolution
SYN-016230,9,20-06-2026,Insurance Cross-Sell
SYN-016230,10,30-06-2026,Insurance Cross-Sell
SYN-016230,11,10-07-2026,Insurance Cross-Sell
SYN-016230,12,20-07-2026,Insurance Cross-Sell
SYN-016230,13,30-07-2026,Insurance Cross-Sell
SYN-016230,14,10-08-2026,Bank Term Deposit
SYN-016230,15,20-08-2026,Bank Term Deposit
SYN-016230,16,30-08-2026,Bank Term Deposit
SYN-016230,17,10-09-2026,Bank Term Deposit
SYN-016230,18,20-09-2026,Bank Term Deposit
SYN-008976,1,30-03-2026,Bank Term Deposit
SYN-008976,2,10-04-2026,Bank Term Deposit
SYN-008976,3,20-04-2026,Bank Term Deposit
SYN-008976,4,30-04-2026,Bank Term Deposit
SYN-008976,5,10-05-2026,Bank Term Deposit
SYN-008976,6,20-05-2026,Bank Term Deposit
SYN-008976,7,30-05-2026,Bank Term Deposit
SYN-008976,8,10-06-2026,Bank Term Deposit
SYN-008976,9,20-06-2026,Bank Term Deposit
SYN-008976,10,30-06-2026,Bank Term Deposit
SYN-008976,11,10-07-2026,Insurance Cross-Sell
SYN-008976,12,20-07-2026,Insurance Cross-Sell
SYN-008976,13,30-07-2026,Bank Term Deposit
SYN-008976,14,10-08-2026,Bank Term Deposit
SYN-008976,15,20-08-2026,Insurance Cross-Sell
SYN-008976,16,30-08-2026,Insurance Cross-Sell
SYN-008976,17,10-09-2026,Complete KYC
SYN-008976,18,20-09-2026,Complete KYC
SYN-014348,1,30-03-2026,Bank Term Deposit
SYN-014348,2,10-04-2026,Bank Term Deposit
SYN-014348,3,20-04-2026,Bank Term Deposit
SYN-014348,4,30-04-2026,Bank Term Deposit
SYN-014348,5,10-05-2026,Bank Term Deposit
SYN-014348,6,20-05-2026,Bank Term Deposit
SYN-014348,7,30-05-2026,Insurance Cross-Sell
SYN-014348,8,10-06-2026,Bank Term Deposit
SYN-014348,9,20-06-2026,Retention Action
SYN-014348,10,30-06-2026,Bank Term Deposit
SYN-014348,11,10-07-2026,Bank Term Deposit
SYN-014348,12,20-07-2026,Bank Term Deposit
SYN-014348,13,30-07-2026,Bank Term Deposit
SYN-014348,14,10-08-2026,Bank Term Deposit
SYN-014348,15,20-08-2026,Bank Term Deposit
SYN-014348,16,30-08-2026,Bank Term Deposit
SYN-014348,17,10-09-2026,Bank Term Deposit
SYN-014348,18,20-09-2026,Bank Term Deposit
SYN-000934,1,30-03-2026,Service Intervention (Low NPS)
SYN-000934,2,10-04-2026,Service Intervention (Low NPS)
SYN-000934,3,20-04-2026,Insurance Cross-Sell
SYN-000934,4,30-04-2026,Insurance Cross-Sell
SYN-000934,5,10-05-2026,Insurance Cross-Sell
SYN-000934,6,20-05-2026,Insurance Cross-Sell
SYN-000934,7,30-05-2026,Insurance Cross-Sell
SYN-000934,8,10-06-2026,Insurance Cross-Sell
SYN-000934,9,20-06-2026,Insurance Cross-Sell
SYN-000934,10,30-06-2026,Insurance Cross-Sell
SYN-000934,11,10-07-2026,Insurance Cross-Sell
SYN-000934,12,20-07-2026,Insurance Cross-Sell
SYN-000934,13,30-07-2026,Insurance Cross-Sell
SYN-000934,14,10-08-2026,Insurance Cross-Sell
SYN-000934,15,20-08-2026,Insurance Cross-Sell
SYN-000934,16,30-08-2026,Insurance Cross-Sell
SYN-000934,17,10-09-2026,Service Resolution
SYN-000934,18,20-09-2026,Service Resolution
SYN-021930,1,30-03-2026,Bank Term Deposit
SYN-021930,2,10-04-2026,Bank Term Deposit
SYN-021930,3,20-04-2026,Bank Term Deposit
SYN-021930,4,30-04-2026,Bank Term Deposit
SYN-021930,5,10-05-2026,Bank Term Deposit
SYN-021930,6,20-05-2026,Bank Term Deposit
SYN-021930,7,30-05-2026,Bank Term Deposit
SYN-021930,8,10-06-2026,Bank Term Deposit
SYN-021930,9,20-06-2026,Bank Term Deposit
SYN-021930,10,30-06-2026,Bank Term Deposit
SYN-021930,11,10-07-2026,Bank Term Deposit
SYN-021930,12,20-07-2026,Bank Term Deposit
SYN-021930,13,30-07-2026,Bank Term Deposit
SYN-021930,14,10-08-2026,Bank Term Deposit
SYN-021930,15,20-08-2026,Bank Term Deposit
SYN-021930,16,30-08-2026,Service Resolution
SYN-021930,17,10-09-2026,Service Resolution
SYN-021930,18,20-09-2026,Service Resolution
SYN-010858,1,30-03-2026,Insurance Cross-Sell
SYN-010858,2,10-04-2026,Insurance Cross-Sell
SYN-010858,3,20-04-2026,Insurance Cross-Sell
SYN-010858,4,30-04-2026,Insurance Cross-Sell
SYN-010858,5,10-05-2026,Insurance Cross-Sell
SYN-010858,6,20-05-2026,Insurance Cross-Sell
SYN-010858,7,30-05-2026,Insurance Cross-Sell
SYN-010858,8,10-06-2026,Insurance Cross-Sell
SYN-010858,9,20-06-2026,Insurance Cross-Sell
SYN-010858,10,30-06-2026,Insurance Cross-Sell
SYN-010858,11,10-07-2026,Insurance Cross-Sell
SYN-010858,12,20-07-2026,Bank Term Deposit
SYN-010858,13,30-07-2026,Bank Term Deposit
SYN-010858,14,10-08-2026,Insurance Cross-Sell
SYN-010858,15,20-08-2026,Bank Term Deposit
SYN-010858,16,30-08-2026,Bank Term Deposit
SYN-010858,17,10-09-2026,Bank Term Deposit
SYN-010858,18,20-09-2026,Bank Term Deposit
SYN-025179,1,30-03-2026,Insurance Cross-Sell
SYN-025179,2,10-04-2026,Insurance Cross-Sell
SYN-025179,3,20-04-2026,Insurance Cross-Sell
SYN-025179,4,30-04-2026,Insurance Cross-Sell
SYN-025179,5,10-05-2026,Insurance Cross-Sell
SYN-025179,6,20-05-2026,Insurance Cross-Sell
SYN-025179,7,30-05-2026,Insurance Cross-Sell
SYN-025179,8,10-06-2026,Insurance Cross-Sell
SYN-025179,9,20-06-2026,Insurance Cross-Sell
SYN-025179,10,30-06-2026,Insurance Cross-Sell
SYN-025179,11,10-07-2026,Insurance Cross-Sell
SYN-025179,12,20-07-2026,Insurance Cross-Sell
SYN-025179,13,30-07-2026,Insurance Cross-Sell
SYN-025179,14,10-08-2026,Insurance Cross-Sell
SYN-025179,15,20-08-2026,Insurance Cross-Sell
SYN-025179,16,30-08-2026,Insurance Cross-Sell
SYN-025179,17,10-09-2026,Service Intervention (Low NPS)
SYN-025179,18,20-09-2026,Service Intervention (Low NPS)
SYN-037616,1,30-03-2026,Bank Term Deposit
SYN-037616,2,10-04-2026,Retention Action
SYN-037616,3,20-04-2026,Retention Action
SYN-037616,4,30-04-2026,Bank Term Deposit
SYN-037616,5,10-05-2026,Bank Term Deposit
SYN-037616,6,20-05-2026,Bank Term Deposit
SYN-037616,7,30-05-2026,Insurance Cross-Sell
SYN-037616,8,10-06-2026,Insurance Cross-Sell
SYN-037616,9,20-06-2026,Insurance Cross-Sell
SYN-037616,10,30-06-2026,Retention Action
SYN-037616,11,10-07-2026,Insurance Cross-Sell
SYN-037616,12,20-07-2026,Insurance Cross-Sell
SYN-037616,13,30-07-2026,Insurance Cross-Sell
SYN-037616,14,10-08-2026,Insurance Cross-Sell
SYN-037616,15,20-08-2026,Insurance Cross-Sell
SYN-037616,16,30-08-2026,Insurance Cross-Sell
SYN-037616,17,10-09-2026,Insurance Cross-Sell
SYN-037616,18,20-09-2026,Insurance Cross-Sell
SYN-043036,1,30-03-2026,Insurance Cross-Sell
SYN-043036,2,10-04-2026,Insurance Cross-Sell
SYN-043036,3,20-04-2026,Insurance Cross-Sell
SYN-043036,4,30-04-2026,Insurance Cross-Sell
SYN-043036,5,10-05-2026,Insurance Cross-Sell
SYN-043036,6,20-05-2026,Insurance Cross-Sell
SYN-043036,7,30-05-2026,Bank Term Deposit
SYN-043036,8,10-06-2026,Bank Term Deposit
SYN-043036,9,20-06-2026,Insurance Cross-Sell
SYN-043036,10,30-06-2026,Insurance Cross-Sell
SYN-043036,11,10-07-2026,Insurance Cross-Sell
SYN-043036,12,20-07-2026,Insurance Cross-Sell
SYN-043036,13,30-07-2026,Service Resolution
SYN-043036,14,10-08-2026,Insurance Cross-Sell
SYN-043036,15,20-08-2026,Insurance Cross-Sell
SYN-043036,16,30-08-2026,Bank Term Deposit
SYN-043036,17,10-09-2026,Bank Term Deposit
SYN-043036,18,20-09-2026,Bank Term Deposit
SYN-039255,1,30-03-2026,Payment Reminder / Collections Resolution
SYN-039255,2,10-04-2026,Payment Reminder / Collections Resolution
SYN-039255,3,20-04-2026,Payment Reminder / Collections Resolution
SYN-039255,4,30-04-2026,Insurance Cross-Sell
SYN-039255,5,10-05-2026,Insurance Cross-Sell
SYN-039255,6,20-05-2026,Insurance Cross-Sell
SYN-039255,7,30-05-2026,Insurance Cross-Sell
SYN-039255,8,10-06-2026,Insurance Cross-Sell
SYN-039255,9,20-06-2026,Insurance Cross-Sell
SYN-039255,10,30-06-2026,Insurance Cross-Sell
SYN-039255,11,10-07-2026,Insurance Cross-Sell
SYN-039255,12,20-07-2026,Insurance Cross-Sell
SYN-039255,13,30-07-2026,Insurance Cross-Sell
SYN-039255,14,10-08-2026,Insurance Cross-Sell
SYN-039255,15,20-08-2026,Insurance Cross-Sell
SYN-039255,16,30-08-2026,Insurance Cross-Sell
SYN-039255,17,10-09-2026,Insurance Cross-Sell
SYN-039255,18,20-09-2026,Insurance Cross-Sell
SYN-040107,1,30-03-2026,Insurance Cross-Sell
SYN-040107,2,10-04-2026,Insurance Cross-Sell
SYN-040107,3,20-04-2026,Insurance Cross-Sell
SYN-040107,4,30-04-2026,Insurance Cross-Sell
SYN-040107,5,10-05-2026,Insurance Cross-Sell
SYN-040107,6,20-05-2026,Insurance Cross-Sell
SYN-040107,7,30-05-2026,Retention Action
SYN-040107,8,10-06-2026,Insurance Cross-Sell
SYN-040107,9,20-06-2026,Insurance Cross-Sell
SYN-040107,10,30-06-2026,Insurance Cross-Sell
SYN-040107,11,10-07-2026,Insurance Cross-Sell
SYN-040107,12,20-07-2026,Insurance Cross-Sell
SYN-040107,13,30-07-2026,Insurance Cross-Sell
SYN-040107,14,10-08-2026,Insurance Cross-Sell
SYN-040107,15,20-08-2026,Insurance Cross-Sell
SYN-040107,16,30-08-2026,Bank Term Deposit
SYN-040107,17,10-09-2026,Bank Term Deposit
SYN-040107,18,20-09-2026,Bank Term Deposit
SYN-016822,1,30-03-2026,Insurance Cross-Sell
SYN-016822,2,10-04-2026,Insurance Cross-Sell
SYN-016822,3,20-04-2026,Bank Term Deposit
SYN-016822,4,30-04-2026,Insurance Cross-Sell
SYN-016822,5,10-05-2026,Insurance Cross-Sell
SYN-016822,6,20-05-2026,Insurance Cross-Sell
SYN-016822,7,30-05-2026,Retention Action
SYN-016822,8,10-06-2026,Insurance Cross-Sell
SYN-016822,9,20-06-2026,Bank Term Deposit
SYN-016822,10,30-06-2026,Insurance Cross-Sell
SYN-016822,11,10-07-2026,Insurance Cross-Sell
SYN-016822,12,20-07-2026,Insurance Cross-Sell
SYN-016822,13,30-07-2026,Bank Term Deposit
SYN-016822,14,10-08-2026,Bank Term Deposit
SYN-016822,15,20-08-2026,No Marketing Action (Consent Withheld)
SYN-016822,16,30-08-2026,No Marketing Action (Consent Withheld)
SYN-016822,17,10-09-2026,No Marketing Action (Consent Withheld)
SYN-016822,18,20-09-2026,No Marketing Action (Consent Withheld)
SYN-039040,1,30-03-2026,Bank Term Deposit
SYN-039040,2,10-04-2026,Insurance Cross-Sell
SYN-039040,3,20-04-2026,Insurance Cross-Sell
SYN-039040,4,30-04-2026,Insurance Cross-Sell
SYN-039040,5,10-05-2026,Insurance Cross-Sell
SYN-039040,6,20-05-2026,Insurance Cross-Sell
SYN-039040,7,30-05-2026,Insurance Cross-Sell
SYN-039040,8,10-06-2026,Insurance Cross-Sell
SYN-039040,9,20-06-2026,Bank Term Deposit
SYN-039040,10,30-06-2026,Bank Term Deposit
SYN-039040,11,10-07-2026,Bank Term Deposit
SYN-039040,12,20-07-2026,Bank Term Deposit
SYN-039040,13,30-07-2026,Bank Term Deposit
SYN-039040,14,10-08-2026,Bank Term Deposit
SYN-039040,15,20-08-2026,Service Intervention (Low NPS)
SYN-039040,16,30-08-2026,Bank Term Deposit
SYN-039040,17,10-09-2026,Bank Term Deposit
SYN-039040,18,20-09-2026,Bank Term Deposit
SYN-022412,1,30-03-2026,Bank Term Deposit
SYN-022412,2,10-04-2026,Bank Term Deposit
SYN-022412,3,20-04-2026,Bank Term Deposit
SYN-022412,4,30-04-2026,Bank Term Deposit
SYN-022412,5,10-05-2026,Bank Term Deposit
SYN-022412,6,20-05-2026,Bank Term Deposit
SYN-022412,7,30-05-2026,Bank Term Deposit
SYN-022412,8,10-06-2026,Bank Term Deposit
SYN-022412,9,20-06-2026,Insurance Cross-Sell
SYN-022412,10,30-06-2026,Insurance Cross-Sell
SYN-022412,11,10-07-2026,Insurance Cross-Sell
SYN-022412,12,20-07-2026,Insurance Cross-Sell
SYN-022412,13,30-07-2026,Insurance Cross-Sell
SYN-022412,14,10-08-2026,Payment Reminder / Collections Resolution
SYN-022412,15,20-08-2026,Insurance Cross-Sell
SYN-022412,16,30-08-2026,Bank Term Deposit
SYN-022412,17,10-09-2026,Bank Term Deposit
SYN-022412,18,20-09-2026,Bank Term Deposit
SYN-028441,1,30-03-2026,Bank Term Deposit
SYN-028441,2,10-04-2026,Bank Term Deposit
SYN-028441,3,20-04-2026,Bank Term Deposit
SYN-028441,4,30-04-2026,Bank Term Deposit
SYN-028441,5,10-05-2026,Bank Term Deposit
SYN-028441,6,20-05-2026,Bank Term Deposit
SYN-028441,7,30-05-2026,Bank Term Deposit
SYN-028441,8,10-06-2026,Insurance Cross-Sell
SYN-028441,9,20-06-2026,Insurance Cross-Sell
SYN-028441,10,30-06-2026,Insurance Cross-Sell
SYN-028441,11,10-07-2026,Service Intervention (Low NPS)
SYN-028441,12,20-07-2026,Insurance Cross-Sell
SYN-028441,13,30-07-2026,Bank Term Deposit
SYN-028441,14,10-08-2026,Bank Term Deposit
SYN-028441,15,20-08-2026,Bank Term Deposit
SYN-028441,16,30-08-2026,Bank Term Deposit
SYN-028441,17,10-09-2026,Bank Term Deposit
SYN-028441,18,20-09-2026,Bank Term Deposit
SYN-013293,1,30-03-2026,Bank Term Deposit
SYN-013293,2,10-04-2026,Bank Term Deposit
SYN-013293,3,20-04-2026,Bank Term Deposit
SYN-013293,4,30-04-2026,Bank Term Deposit
SYN-013293,5,10-05-2026,Bank Term Deposit
SYN-013293,6,20-05-2026,Bank Term Deposit
SYN-013293,7,30-05-2026,Bank Term Deposit
SYN-013293,8,10-06-2026,Insurance Cross-Sell
SYN-013293,9,20-06-2026,Insurance Cross-Sell
SYN-013293,10,30-06-2026,Insurance Cross-Sell
SYN-013293,11,10-07-2026,Insurance Cross-Sell
SYN-013293,12,20-07-2026,Insurance Cross-Sell
SYN-013293,13,30-07-2026,Insurance Cross-Sell
SYN-013293,14,10-08-2026,Insurance Cross-Sell
SYN-013293,15,20-08-2026,Insurance Cross-Sell
SYN-013293,16,30-08-2026,Retention Action
SYN-013293,17,10-09-2026,Retention Action
SYN-013293,18,20-09-2026,Retention Action
SYN-032079,1,30-03-2026,Bank Term Deposit
SYN-032079,2,10-04-2026,Bank Term Deposit
SYN-032079,3,20-04-2026,Insurance Cross-Sell
SYN-032079,4,30-04-2026,Insurance Cross-Sell
SYN-032079,5,10-05-2026,Insurance Cross-Sell
SYN-032079,6,20-05-2026,Service Intervention (Low NPS)
SYN-032079,7,30-05-2026,Insurance Cross-Sell
SYN-032079,8,10-06-2026,Bank Term Deposit
SYN-032079,9,20-06-2026,Insurance Cross-Sell
SYN-032079,10,30-06-2026,Insurance Cross-Sell
SYN-032079,11,10-07-2026,Insurance Cross-Sell
SYN-032079,12,20-07-2026,Insurance Cross-Sell
SYN-032079,13,30-07-2026,Insurance Cross-Sell
SYN-032079,14,10-08-2026,Insurance Cross-Sell
SYN-032079,15,20-08-2026,Insurance Cross-Sell
SYN-032079,16,30-08-2026,Insurance Cross-Sell
SYN-032079,17,10-09-2026,Insurance Cross-Sell
SYN-032079,18,20-09-2026,Insurance Cross-Sell
SYN-005223,1,30-03-2026,Insurance Cross-Sell
SYN-005223,2,10-04-2026,Complete KYC
SYN-005223,3,20-04-2026,Complete KYC
SYN-005223,4,30-04-2026,Complete KYC
SYN-005223,5,10-05-2026,Complete KYC
SYN-005223,6,20-05-2026,Complete KYC
SYN-005223,7,30-05-2026,Complete KYC
SYN-005223,8,10-06-2026,Complete KYC
SYN-005223,9,20-06-2026,Complete KYC
SYN-005223,10,30-06-2026,Complete KYC
SYN-005223,11,10-07-2026,Complete KYC
SYN-005223,12,20-07-2026,Complete KYC
SYN-005223,13,30-07-2026,Complete KYC
SYN-005223,14,10-08-2026,Complete KYC
SYN-005223,15,20-08-2026,Complete KYC
SYN-005223,16,30-08-2026,Complete KYC
SYN-005223,17,10-09-2026,Complete KYC
SYN-005223,18,20-09-2026,Complete KYC
SYN-009905,1,30-03-2026,Insurance Cross-Sell
SYN-009905,2,10-04-2026,Insurance Cross-Sell
SYN-009905,3,20-04-2026,Insurance Cross-Sell
SYN-009905,4,30-04-2026,Insurance Cross-Sell
SYN-009905,5,10-05-2026,Insurance Cross-Sell
SYN-009905,6,20-05-2026,Insurance Cross-Sell
SYN-009905,7,30-05-2026,Insurance Cross-Sell
SYN-009905,8,10-06-2026,Insurance Cross-Sell
SYN-009905,9,20-06-2026,Bank Term Deposit
SYN-009905,10,30-06-2026,Bank Term Deposit
SYN-009905,11,10-07-2026,Bank Term Deposit
SYN-009905,12,20-07-2026,Bank Term Deposit
SYN-009905,13,30-07-2026,Service Intervention (Low NPS)
SYN-009905,14,10-08-2026,Bank Term Deposit
SYN-009905,15,20-08-2026,Bank Term Deposit
SYN-009905,16,30-08-2026,Retention Action
SYN-009905,17,10-09-2026,Retention Action
SYN-009905,18,20-09-2026,Retention Action
SYN-003501,1,30-03-2026,Payment Reminder / Collections Resolution
SYN-003501,2,10-04-2026,Bank Term Deposit
SYN-003501,3,20-04-2026,Bank Term Deposit
SYN-003501,4,30-04-2026,Bank Term Deposit
SYN-003501,5,10-05-2026,Bank Term Deposit
SYN-003501,6,20-05-2026,Bank Term Deposit
SYN-003501,7,30-05-2026,Bank Term Deposit
SYN-003501,8,10-06-2026,Bank Term Deposit
SYN-003501,9,20-06-2026,Bank Term Deposit
SYN-003501,10,30-06-2026,Bank Term Deposit
SYN-003501,11,10-07-2026,Insurance Cross-Sell
SYN-003501,12,20-07-2026,Bank Term Deposit
SYN-003501,13,30-07-2026,Bank Term Deposit
SYN-003501,14,10-08-2026,Bank Term Deposit
SYN-003501,15,20-08-2026,Bank Term Deposit
SYN-003501,16,30-08-2026,Bank Term Deposit
SYN-003501,17,10-09-2026,Bank Term Deposit
SYN-003501,18,20-09-2026,Bank Term Deposit
SYN-031814,1,30-03-2026,Insurance Cross-Sell
SYN-031814,2,10-04-2026,Payment Reminder / Collections Resolution
SYN-031814,3,20-04-2026,Insurance Cross-Sell
SYN-031814,4,30-04-2026,Insurance Cross-Sell
SYN-031814,5,10-05-2026,Insurance Cross-Sell
SYN-031814,6,20-05-2026,Insurance Cross-Sell
SYN-031814,7,30-05-2026,Insurance Cross-Sell
SYN-031814,8,10-06-2026,Insurance Cross-Sell
SYN-031814,9,20-06-2026,Insurance Cross-Sell
SYN-031814,10,30-06-2026,Insurance Cross-Sell
SYN-031814,11,10-07-2026,Insurance Cross-Sell
SYN-031814,12,20-07-2026,Insurance Cross-Sell
SYN-031814,13,30-07-2026,Bank Term Deposit
SYN-031814,14,10-08-2026,Bank Term Deposit
SYN-031814,15,20-08-2026,Bank Term Deposit
SYN-031814,16,30-08-2026,Bank Term Deposit
SYN-031814,17,10-09-2026,Service Intervention (Low NPS)
SYN-031814,18,20-09-2026,Service Intervention (Low NPS)
SYN-018864,1,30-03-2026,Retention Action
SYN-018864,2,10-04-2026,Bank Term Deposit
SYN-018864,3,20-04-2026,Bank Term Deposit
SYN-018864,4,30-04-2026,Insurance Cross-Sell
SYN-018864,5,10-05-2026,Insurance Cross-Sell
SYN-018864,6,20-05-2026,Bank Term Deposit
SYN-018864,7,30-05-2026,Bank Term Deposit
SYN-018864,8,10-06-2026,Bank Term Deposit
SYN-018864,9,20-06-2026,No Marketing Action (Consent Withheld)
SYN-018864,10,30-06-2026,No Marketing Action (Consent Withheld)
SYN-018864,11,10-07-2026,No Marketing Action (Consent Withheld)
SYN-018864,12,20-07-2026,No Marketing Action (Consent Withheld)
SYN-018864,13,30-07-2026,No Marketing Action (Consent Withheld)
SYN-018864,14,10-08-2026,No Marketing Action (Consent Withheld)
SYN-018864,15,20-08-2026,No Marketing Action (Consent Withheld)
SYN-018864,16,30-08-2026,No Marketing Action (Consent Withheld)
SYN-018864,17,10-09-2026,No Marketing Action (Consent Withheld)
SYN-018864,18,20-09-2026,No Marketing Action (Consent Withheld)
SYN-023490,1,30-03-2026,Bank Term Deposit
SYN-023490,2,10-04-2026,Insurance Cross-Sell
SYN-023490,3,20-04-2026,Insurance Cross-Sell
SYN-023490,4,30-04-2026,Insurance Cross-Sell
SYN-023490,5,10-05-2026,Service Resolution
SYN-023490,6,20-05-2026,Bank Term Deposit
SYN-023490,7,30-05-2026,Bank Term Deposit
SYN-023490,8,10-06-2026,Insurance Cross-Sell
SYN-023490,9,20-06-2026,Insurance Cross-Sell
SYN-023490,10,30-06-2026,Payment Reminder / Collections Resolution
SYN-023490,11,10-07-2026,Payment Reminder / Collections Resolution
SYN-023490,12,20-07-2026,Insurance Cross-Sell
SYN-023490,13,30-07-2026,Insurance Cross-Sell
SYN-023490,14,10-08-2026,Insurance Cross-Sell
SYN-023490,15,20-08-2026,Insurance Cross-Sell
SYN-023490,16,30-08-2026,Insurance Cross-Sell
SYN-023490,17,10-09-2026,Insurance Cross-Sell
SYN-023490,18,20-09-2026,Insurance Cross-Sell
SYN-042265,1,30-03-2026,Bank Term Deposit
SYN-042265,2,10-04-2026,Bank Term Deposit
SYN-042265,3,20-04-2026,Bank Term Deposit
SYN-042265,4,30-04-2026,Insurance Cross-Sell
SYN-042265,5,10-05-2026,Retention Action
SYN-042265,6,20-05-2026,Insurance Cross-Sell
SYN-042265,7,30-05-2026,Insurance Cross-Sell
SYN-042265,8,10-06-2026,Payment Reminder / Collections Resolution
SYN-042265,9,20-06-2026,Payment Reminder / Collections Resolution
SYN-042265,10,30-06-2026,Bank Term Deposit
SYN-042265,11,10-07-2026,Bank Term Deposit
SYN-042265,12,20-07-2026,Bank Term Deposit
SYN-042265,13,30-07-2026,Insurance Cross-Sell
SYN-042265,14,10-08-2026,Insurance Cross-Sell
SYN-042265,15,20-08-2026,Insurance Cross-Sell
SYN-042265,16,30-08-2026,Insurance Cross-Sell
SYN-042265,17,10-09-2026,Service Resolution
SYN-042265,18,20-09-2026,Service Resolution
SYN-018332,1,30-03-2026,Insurance Cross-Sell
SYN-018332,2,10-04-2026,Insurance Cross-Sell
SYN-018332,3,20-04-2026,Insurance Cross-Sell
SYN-018332,4,30-04-2026,Insurance Cross-Sell
SYN-018332,5,10-05-2026,Insurance Cross-Sell
SYN-018332,6,20-05-2026,Insurance Cross-Sell
SYN-018332,7,30-05-2026,Insurance Cross-Sell
SYN-018332,8,10-06-2026,Payment Reminder / Collections Resolution
SYN-018332,9,20-06-2026,Payment Reminder / Collections Resolution
SYN-018332,10,30-06-2026,Payment Reminder / Collections Resolution
SYN-018332,11,10-07-2026,Insurance Cross-Sell
SYN-018332,12,20-07-2026,Insurance Cross-Sell
SYN-018332,13,30-07-2026,Bank Term Deposit
SYN-018332,14,10-08-2026,Bank Term Deposit
SYN-018332,15,20-08-2026,Insurance Cross-Sell
SYN-018332,16,30-08-2026,Insurance Cross-Sell
SYN-018332,17,10-09-2026,Payment Reminder / Collections Resolution
SYN-018332,18,20-09-2026,Payment Reminder / Collections Resolution
SYN-013208,1,30-03-2026,Insurance Cross-Sell
SYN-013208,2,10-04-2026,Payment Reminder / Collections Resolution
SYN-013208,3,20-04-2026,Bank Term Deposit
SYN-013208,4,30-04-2026,Insurance Cross-Sell
SYN-013208,5,10-05-2026,Insurance Cross-Sell
SYN-013208,6,20-05-2026,Insurance Cross-Sell
SYN-013208,7,30-05-2026,Insurance Cross-Sell
SYN-013208,8,10-06-2026,Insurance Cross-Sell
SYN-013208,9,20-06-2026,Insurance Cross-Sell
SYN-013208,10,30-06-2026,Payment Reminder / Collections Resolution
SYN-013208,11,10-07-2026,Payment Reminder / Collections Resolution
SYN-013208,12,20-07-2026,Payment Reminder / Collections Resolution
SYN-013208,13,30-07-2026,Payment Reminder / Collections Resolution
SYN-013208,14,10-08-2026,Payment Reminder / Collections Resolution
SYN-013208,15,20-08-2026,Insurance Cross-Sell
SYN-013208,16,30-08-2026,Insurance Cross-Sell
SYN-013208,17,10-09-2026,Bank Term Deposit
SYN-013208,18,20-09-2026,Bank Term Deposit
SYN-024762,1,30-03-2026,Insurance Cross-Sell
SYN-024762,2,10-04-2026,Insurance Cross-Sell
SYN-024762,3,20-04-2026,Bank Term Deposit
SYN-024762,4,30-04-2026,Bank Term Deposit
SYN-024762,5,10-05-2026,Retention Action
SYN-024762,6,20-05-2026,Retention Action
SYN-024762,7,30-05-2026,Retention Action
SYN-024762,8,10-06-2026,Retention Action
SYN-024762,9,20-06-2026,Insurance Cross-Sell
SYN-024762,10,30-06-2026,Insurance Cross-Sell
SYN-024762,11,10-07-2026,Insurance Cross-Sell
SYN-024762,12,20-07-2026,Insurance Cross-Sell
SYN-024762,13,30-07-2026,Insurance Cross-Sell
SYN-024762,14,10-08-2026,Insurance Cross-Sell
SYN-024762,15,20-08-2026,Insurance Cross-Sell
SYN-024762,16,30-08-2026,Insurance Cross-Sell
SYN-024762,17,10-09-2026,Insurance Cross-Sell
SYN-024762,18,20-09-2026,Insurance Cross-Sell
SYN-018932,1,30-03-2026,Bank Term Deposit
SYN-018932,2,10-04-2026,Bank Term Deposit
SYN-018932,3,20-04-2026,Bank Term Deposit
SYN-018932,4,30-04-2026,Bank Term Deposit
SYN-018932,5,10-05-2026,Bank Term Deposit
SYN-018932,6,20-05-2026,Bank Term Deposit
SYN-018932,7,30-05-2026,Bank Term Deposit
SYN-018932,8,10-06-2026,Bank Term Deposit
SYN-018932,9,20-06-2026,Bank Term Deposit
SYN-018932,10,30-06-2026,Bank Term Deposit
SYN-018932,11,10-07-2026,Bank Term Deposit
SYN-018932,12,20-07-2026,Service Resolution
SYN-018932,13,30-07-2026,Service Resolution
SYN-018932,14,10-08-2026,Bank Term Deposit
SYN-018932,15,20-08-2026,Bank Term Deposit
SYN-018932,16,30-08-2026,Bank Term Deposit
SYN-018932,17,10-09-2026,Bank Term Deposit
SYN-018932,18,20-09-2026,Bank Term Deposit
SYN-012564,1,30-03-2026,Insurance Cross-Sell
SYN-012564,2,10-04-2026,Insurance Cross-Sell
SYN-012564,3,20-04-2026,Retention Action
SYN-012564,4,30-04-2026,Retention Action
SYN-012564,5,10-05-2026,Retention Action
SYN-012564,6,20-05-2026,Insurance Cross-Sell
SYN-012564,7,30-05-2026,Insurance Cross-Sell
SYN-012564,8,10-06-2026,Insurance Cross-Sell
SYN-012564,9,20-06-2026,Insurance Cross-Sell
SYN-012564,10,30-06-2026,Insurance Cross-Sell
SYN-012564,11,10-07-2026,Bank Term Deposit
SYN-012564,12,20-07-2026,Bank Term Deposit
SYN-012564,13,30-07-2026,Payment Reminder / Collections Resolution
SYN-012564,14,10-08-2026,Bank Term Deposit
SYN-012564,15,20-08-2026,Bank Term Deposit
SYN-012564,16,30-08-2026,Bank Term Deposit
SYN-012564,17,10-09-2026,Bank Term Deposit
SYN-012564,18,20-09-2026,Bank Term Deposit
SYN-025621,1,30-03-2026,Bank Term Deposit
SYN-025621,2,10-04-2026,Bank Term Deposit
SYN-025621,3,20-04-2026,Payment Reminder / Collections Resolution
SYN-025621,4,30-04-2026,Bank Term Deposit
SYN-025621,5,10-05-2026,Bank Term Deposit
SYN-025621,6,20-05-2026,Bank Term Deposit
SYN-025621,7,30-05-2026,Bank Term Deposit
SYN-025621,8,10-06-2026,Complete KYC
SYN-025621,9,20-06-2026,Complete KYC
SYN-025621,10,30-06-2026,Complete KYC
SYN-025621,11,10-07-2026,Complete KYC
SYN-025621,12,20-07-2026,Complete KYC
SYN-025621,13,30-07-2026,Complete KYC
SYN-025621,14,10-08-2026,Complete KYC
SYN-025621,15,20-08-2026,Complete KYC
SYN-025621,16,30-08-2026,Complete KYC
SYN-025621,17,10-09-2026,Complete KYC
SYN-025621,18,20-09-2026,Complete KYC
SYN-012458,1,30-03-2026,Insurance Cross-Sell
SYN-012458,2,10-04-2026,Insurance Cross-Sell
SYN-012458,3,20-04-2026,Insurance Cross-Sell
SYN-012458,4,30-04-2026,Retention Action
SYN-012458,5,10-05-2026,Insurance Cross-Sell
SYN-012458,6,20-05-2026,Insurance Cross-Sell
SYN-012458,7,30-05-2026,Insurance Cross-Sell
SYN-012458,8,10-06-2026,Insurance Cross-Sell
SYN-012458,9,20-06-2026,Insurance Cross-Sell
SYN-012458,10,30-06-2026,Insurance Cross-Sell
SYN-012458,11,10-07-2026,Insurance Cross-Sell
SYN-012458,12,20-07-2026,Insurance Cross-Sell
SYN-012458,13,30-07-2026,Insurance Cross-Sell
SYN-012458,14,10-08-2026,Insurance Cross-Sell
SYN-012458,15,20-08-2026,Insurance Cross-Sell
SYN-012458,16,30-08-2026,Insurance Cross-Sell
SYN-012458,17,10-09-2026,Insurance Cross-Sell
SYN-012458,18,20-09-2026,Insurance Cross-Sell
SYN-019462,1,30-03-2026,Insurance Cross-Sell
SYN-019462,2,10-04-2026,Insurance Cross-Sell
SYN-019462,3,20-04-2026,Insurance Cross-Sell
SYN-019462,4,30-04-2026,Bank Term Deposit
SYN-019462,5,10-05-2026,Bank Term Deposit
SYN-019462,6,20-05-2026,Bank Term Deposit
SYN-019462,7,30-05-2026,Bank Term Deposit
SYN-019462,8,10-06-2026,Bank Term Deposit
SYN-019462,9,20-06-2026,Bank Term Deposit
SYN-019462,10,30-06-2026,Bank Term Deposit
SYN-019462,11,10-07-2026,Bank Term Deposit
SYN-019462,12,20-07-2026,Bank Term Deposit
SYN-019462,13,30-07-2026,Retention Action
SYN-019462,14,10-08-2026,Bank Term Deposit
SYN-019462,15,20-08-2026,Bank Term Deposit
SYN-019462,16,30-08-2026,Bank Term Deposit
SYN-019462,17,10-09-2026,Bank Term Deposit
SYN-019462,18,20-09-2026,Bank Term Deposit
SYN-004550,1,30-03-2026,Bank Term Deposit
SYN-004550,2,10-04-2026,Bank Term Deposit
SYN-004550,3,20-04-2026,Bank Term Deposit
SYN-004550,4,30-04-2026,Bank Term Deposit
SYN-004550,5,10-05-2026,Bank Term Deposit
SYN-004550,6,20-05-2026,Insurance Cross-Sell
SYN-004550,7,30-05-2026,Insurance Cross-Sell
SYN-004550,8,10-06-2026,Bank Term Deposit
SYN-004550,9,20-06-2026,Bank Term Deposit
SYN-004550,10,30-06-2026,Bank Term Deposit
SYN-004550,11,10-07-2026,Bank Term Deposit
SYN-004550,12,20-07-2026,Bank Term Deposit
SYN-004550,13,30-07-2026,Bank Term Deposit
SYN-004550,14,10-08-2026,Bank Term Deposit
SYN-004550,15,20-08-2026,Bank Term Deposit
SYN-004550,16,30-08-2026,Bank Term Deposit
SYN-004550,17,10-09-2026,Service Intervention (Low NPS)
SYN-004550,18,20-09-2026,Service Intervention (Low NPS)
SYN-006129,1,30-03-2026,Insurance Cross-Sell
SYN-006129,2,10-04-2026,Insurance Cross-Sell
SYN-006129,3,20-04-2026,Insurance Cross-Sell
SYN-006129,4,30-04-2026,Insurance Cross-Sell
SYN-006129,5,10-05-2026,Insurance Cross-Sell
SYN-006129,6,20-05-2026,Insurance Cross-Sell
SYN-006129,7,30-05-2026,Insurance Cross-Sell
SYN-006129,8,10-06-2026,Insurance Cross-Sell
SYN-006129,9,20-06-2026,Insurance Cross-Sell
SYN-006129,10,30-06-2026,Insurance Cross-Sell
SYN-006129,11,10-07-2026,Insurance Cross-Sell
SYN-006129,12,20-07-2026,Bank Term Deposit
SYN-006129,13,30-07-2026,Bank Term Deposit
SYN-006129,14,10-08-2026,No Marketing Action (Consent Withheld)
SYN-006129,15,20-08-2026,No Marketing Action (Consent Withheld)
SYN-006129,16,30-08-2026,No Marketing Action (Consent Withheld)
SYN-006129,17,10-09-2026,No Marketing Action (Consent Withheld)
SYN-006129,18,20-09-2026,No Marketing Action (Consent Withheld)
SYN-024636,1,30-03-2026,Insurance Cross-Sell
SYN-024636,2,10-04-2026,Bank Term Deposit
SYN-024636,3,20-04-2026,Insurance Cross-Sell
SYN-024636,4,30-04-2026,Insurance Cross-Sell
SYN-024636,5,10-05-2026,Insurance Cross-Sell
SYN-024636,6,20-05-2026,Insurance Cross-Sell
SYN-024636,7,30-05-2026,Insurance Cross-Sell
SYN-024636,8,10-06-2026,Insurance Cross-Sell
SYN-024636,9,20-06-2026,Insurance Cross-Sell
SYN-024636,10,30-06-2026,Insurance Cross-Sell
SYN-024636,11,10-07-2026,Insurance Cross-Sell
SYN-024636,12,20-07-2026,Insurance Cross-Sell
SYN-024636,13,30-07-2026,Complete KYC
SYN-024636,14,10-08-2026,Complete KYC
SYN-024636,15,20-08-2026,Complete KYC
SYN-024636,16,30-08-2026,Complete KYC
SYN-024636,17,10-09-2026,Complete KYC
SYN-024636,18,20-09-2026,Complete KYC
SYN-019062,1,30-03-2026,Bank Term Deposit
SYN-019062,2,10-04-2026,Bank Term Deposit
SYN-019062,3,20-04-2026,Bank Term Deposit
SYN-019062,4,30-04-2026,Bank Term Deposit
SYN-019062,5,10-05-2026,Bank Term Deposit
SYN-019062,6,20-05-2026,Bank Term Deposit
SYN-019062,7,30-05-2026,Bank Term Deposit
SYN-019062,8,10-06-2026,Bank Term Deposit
SYN-019062,9,20-06-2026,Bank Term Deposit
SYN-019062,10,30-06-2026,Insurance Cross-Sell
SYN-019062,11,10-07-2026,Insurance Cross-Sell
SYN-019062,12,20-07-2026,Insurance Cross-Sell
SYN-019062,13,30-07-2026,Insurance Cross-Sell
SYN-019062,14,10-08-2026,Retention Action
SYN-019062,15,20-08-2026,Bank Term Deposit
SYN-019062,16,30-08-2026,Bank Term Deposit
SYN-019062,17,10-09-2026,Bank Term Deposit
SYN-019062,18,20-09-2026,Bank Term Deposit
SYN-026816,1,30-03-2026,Bank Term Deposit
SYN-026816,2,10-04-2026,Bank Term Deposit
SYN-026816,3,20-04-2026,Bank Term Deposit
SYN-026816,4,30-04-2026,Insurance Cross-Sell
SYN-026816,5,10-05-2026,Insurance Cross-Sell
SYN-026816,6,20-05-2026,Service Resolution
SYN-026816,7,30-05-2026,Service Resolution
SYN-026816,8,10-06-2026,Service Resolution
SYN-026816,9,20-06-2026,Service Resolution
SYN-026816,10,30-06-2026,Service Resolution
SYN-026816,11,10-07-2026,Insurance Cross-Sell
SYN-026816,12,20-07-2026,Payment Reminder / Collections Resolution
SYN-026816,13,30-07-2026,Payment Reminder / Collections Resolution
SYN-026816,14,10-08-2026,Insurance Cross-Sell
SYN-026816,15,20-08-2026,Insurance Cross-Sell
SYN-026816,16,30-08-2026,Bank Term Deposit
SYN-026816,17,10-09-2026,Bank Term Deposit
SYN-026816,18,20-09-2026,Bank Term Deposit
SYN-017154,1,30-03-2026,Insurance Cross-Sell
SYN-017154,2,10-04-2026,Insurance Cross-Sell
SYN-017154,3,20-04-2026,Insurance Cross-Sell
SYN-017154,4,30-04-2026,Retention Action
SYN-017154,5,10-05-2026,Insurance Cross-Sell
SYN-017154,6,20-05-2026,Insurance Cross-Sell
SYN-017154,7,30-05-2026,Insurance Cross-Sell
SYN-017154,8,10-06-2026,Insurance Cross-Sell
SYN-017154,9,20-06-2026,Insurance Cross-Sell
SYN-017154,10,30-06-2026,Bank Term Deposit
SYN-017154,11,10-07-2026,Bank Term Deposit
SYN-017154,12,20-07-2026,Service Resolution
SYN-017154,13,30-07-2026,Bank Term Deposit
SYN-017154,14,10-08-2026,Bank Term Deposit
SYN-017154,15,20-08-2026,Bank Term Deposit
SYN-017154,16,30-08-2026,Bank Term Deposit
SYN-017154,17,10-09-2026,Bank Term Deposit
SYN-017154,18,20-09-2026,Bank Term Deposit
SYN-040584,1,30-03-2026,Bank Term Deposit
SYN-040584,2,10-04-2026,Insurance Cross-Sell
SYN-040584,3,20-04-2026,Insurance Cross-Sell
SYN-040584,4,30-04-2026,Bank Term Deposit
SYN-040584,5,10-05-2026,Bank Term Deposit
SYN-040584,6,20-05-2026,Insurance Cross-Sell
SYN-040584,7,30-05-2026,Bank Term Deposit
SYN-040584,8,10-06-2026,Payment Reminder / Collections Resolution
SYN-040584,9,20-06-2026,Payment Reminder / Collections Resolution
SYN-040584,10,30-06-2026,Bank Term Deposit
SYN-040584,11,10-07-2026,Bank Term Deposit
SYN-040584,12,20-07-2026,Bank Term Deposit
SYN-040584,13,30-07-2026,Retention Action
SYN-040584,14,10-08-2026,Insurance Cross-Sell
SYN-040584,15,20-08-2026,No Marketing Action (Consent Withheld)
SYN-040584,16,30-08-2026,No Marketing Action (Consent Withheld)
SYN-040584,17,10-09-2026,No Marketing Action (Consent Withheld)
SYN-040584,18,20-09-2026,No Marketing Action (Consent Withheld)
SYN-035775,1,30-03-2026,Service Intervention (Low NPS)
SYN-035775,2,10-04-2026,Service Intervention (Low NPS)
SYN-035775,3,20-04-2026,Bank Term Deposit
SYN-035775,4,30-04-2026,Bank Term Deposit
SYN-035775,5,10-05-2026,Bank Term Deposit
SYN-035775,6,20-05-2026,Bank Term Deposit
SYN-035775,7,30-05-2026,Bank Term Deposit
SYN-035775,8,10-06-2026,Bank Term Deposit
SYN-035775,9,20-06-2026,Bank Term Deposit
SYN-035775,10,30-06-2026,Bank Term Deposit
SYN-035775,11,10-07-2026,Bank Term Deposit
SYN-035775,12,20-07-2026,Bank Term Deposit
SYN-035775,13,30-07-2026,Bank Term Deposit
SYN-035775,14,10-08-2026,Bank Term Deposit
SYN-035775,15,20-08-2026,Bank Term Deposit
SYN-035775,16,30-08-2026,Insurance Cross-Sell
SYN-035775,17,10-09-2026,Bank Term Deposit
SYN-035775,18,20-09-2026,Bank Term Deposit
SYN-033177,1,30-03-2026,Insurance Cross-Sell
SYN-033177,2,10-04-2026,Insurance Cross-Sell
SYN-033177,3,20-04-2026,Insurance Cross-Sell
SYN-033177,4,30-04-2026,Insurance Cross-Sell
SYN-033177,5,10-05-2026,Insurance Cross-Sell
SYN-033177,6,20-05-2026,Insurance Cross-Sell
SYN-033177,7,30-05-2026,Insurance Cross-Sell
SYN-033177,8,10-06-2026,Insurance Cross-Sell
SYN-033177,9,20-06-2026,Insurance Cross-Sell
SYN-033177,10,30-06-2026,Payment Reminder / Collections Resolution
SYN-033177,11,10-07-2026,Insurance Cross-Sell
SYN-033177,12,20-07-2026,Insurance Cross-Sell
SYN-033177,13,30-07-2026,Insurance Cross-Sell
SYN-033177,14,10-08-2026,Insurance Cross-Sell
SYN-033177,15,20-08-2026,Insurance Cross-Sell
SYN-033177,16,30-08-2026,Insurance Cross-Sell
SYN-033177,17,10-09-2026,Bank Term Deposit
SYN-033177,18,20-09-2026,Bank Term Deposit
SYN-003945,1,30-03-2026,Insurance Cross-Sell
SYN-003945,2,10-04-2026,Insurance Cross-Sell
SYN-003945,3,20-04-2026,Insurance Cross-Sell
SYN-003945,4,30-04-2026,Bank Term Deposit
SYN-003945,5,10-05-2026,Bank Term Deposit
SYN-003945,6,20-05-2026,Bank Term Deposit
SYN-003945,7,30-05-2026,Bank Term Deposit
SYN-003945,8,10-06-2026,Bank Term Deposit
SYN-003945,9,20-06-2026,Service Resolution
SYN-003945,10,30-06-2026,Bank Term Deposit
SYN-003945,11,10-07-2026,Bank Term Deposit
SYN-003945,12,20-07-2026,Bank Term Deposit
SYN-003945,13,30-07-2026,Insurance Cross-Sell
SYN-003945,14,10-08-2026,Insurance Cross-Sell
SYN-003945,15,20-08-2026,Insurance Cross-Sell
SYN-003945,16,30-08-2026,Bank Term Deposit
SYN-003945,17,10-09-2026,Service Resolution
SYN-003945,18,20-09-2026,Service Resolution
SYN-022683,1,30-03-2026,Insurance Cross-Sell
SYN-022683,2,10-04-2026,Insurance Cross-Sell
SYN-022683,3,20-04-2026,Insurance Cross-Sell
SYN-022683,4,30-04-2026,Insurance Cross-Sell
SYN-022683,5,10-05-2026,Insurance Cross-Sell
SYN-022683,6,20-05-2026,Insurance Cross-Sell
SYN-022683,7,30-05-2026,Insurance Cross-Sell
SYN-022683,8,10-06-2026,Insurance Cross-Sell
SYN-022683,9,20-06-2026,Insurance Cross-Sell
SYN-022683,10,30-06-2026,Insurance Cross-Sell
SYN-022683,11,10-07-2026,Insurance Cross-Sell
SYN-022683,12,20-07-2026,Insurance Cross-Sell
SYN-022683,13,30-07-2026,Insurance Cross-Sell
SYN-022683,14,10-08-2026,Insurance Cross-Sell
SYN-022683,15,20-08-2026,Insurance Cross-Sell
SYN-022683,16,30-08-2026,Insurance Cross-Sell
SYN-022683,17,10-09-2026,Insurance Cross-Sell
SYN-022683,18,20-09-2026,Insurance Cross-Sell
SYN-023963,1,30-03-2026,Insurance Cross-Sell
SYN-023963,2,10-04-2026,Insurance Cross-Sell
SYN-023963,3,20-04-2026,Insurance Cross-Sell
SYN-023963,4,30-04-2026,Insurance Cross-Sell
SYN-023963,5,10-05-2026,Insurance Cross-Sell
SYN-023963,6,20-05-2026,Insurance Cross-Sell
SYN-023963,7,30-05-2026,Insurance Cross-Sell
SYN-023963,8,10-06-2026,Insurance Cross-Sell
SYN-023963,9,20-06-2026,Insurance Cross-Sell
SYN-023963,10,30-06-2026,Insurance Cross-Sell
SYN-023963,11,10-07-2026,Bank Term Deposit
SYN-023963,12,20-07-2026,Bank Term Deposit
SYN-023963,13,30-07-2026,Bank Term Deposit
SYN-023963,14,10-08-2026,Insurance Cross-Sell
SYN-023963,15,20-08-2026,Insurance Cross-Sell
SYN-023963,16,30-08-2026,Insurance Cross-Sell
SYN-023963,17,10-09-2026,Insurance Cross-Sell
SYN-023963,18,20-09-2026,Insurance Cross-Sell
SYN-026849,1,30-03-2026,Insurance Cross-Sell
SYN-026849,2,10-04-2026,Insurance Cross-Sell
SYN-026849,3,20-04-2026,Insurance Cross-Sell
SYN-026849,4,30-04-2026,Insurance Cross-Sell
SYN-026849,5,10-05-2026,Insurance Cross-Sell
SYN-026849,6,20-05-2026,Bank Term Deposit
SYN-026849,7,30-05-2026,Bank Term Deposit
SYN-026849,8,10-06-2026,Insurance Cross-Sell
SYN-026849,9,20-06-2026,Insurance Cross-Sell
SYN-026849,10,30-06-2026,Insurance Cross-Sell
SYN-026849,11,10-07-2026,Bank Term Deposit
SYN-026849,12,20-07-2026,Bank Term Deposit
SYN-026849,13,30-07-2026,Insurance Cross-Sell
SYN-026849,14,10-08-2026,Insurance Cross-Sell
SYN-026849,15,20-08-2026,Payment Reminder / Collections Resolution
SYN-026849,16,30-08-2026,Bank Term Deposit
SYN-026849,17,10-09-2026,Bank Term Deposit
SYN-026849,18,20-09-2026,Bank Term Deposit
SYN-006608,1,30-03-2026,Bank Term Deposit
SYN-006608,2,10-04-2026,Payment Reminder / Collections Resolution
SYN-006608,3,20-04-2026,Bank Term Deposit
SYN-006608,4,30-04-2026,Bank Term Deposit
SYN-006608,5,10-05-2026,Bank Term Deposit
SYN-006608,6,20-05-2026,Insurance Cross-Sell
SYN-006608,7,30-05-2026,Insurance Cross-Sell
SYN-006608,8,10-06-2026,Insurance Cross-Sell
SYN-006608,9,20-06-2026,Bank Term Deposit
SYN-006608,10,30-06-2026,Bank Term Deposit
SYN-006608,11,10-07-2026,Bank Term Deposit
SYN-006608,12,20-07-2026,Bank Term Deposit
SYN-006608,13,30-07-2026,Bank Term Deposit
SYN-006608,14,10-08-2026,Bank Term Deposit
SYN-006608,15,20-08-2026,Bank Term Deposit
SYN-006608,16,30-08-2026,Bank Term Deposit
SYN-006608,17,10-09-2026,Retention Action
SYN-006608,18,20-09-2026,Retention Action
SYN-015986,1,30-03-2026,Bank Term Deposit
SYN-015986,2,10-04-2026,Bank Term Deposit
SYN-015986,3,20-04-2026,Bank Term Deposit
SYN-015986,4,30-04-2026,Bank Term Deposit
SYN-015986,5,10-05-2026,Bank Term Deposit
SYN-015986,6,20-05-2026,Bank Term Deposit
SYN-015986,7,30-05-2026,Bank Term Deposit
SYN-015986,8,10-06-2026,Bank Term Deposit
SYN-015986,9,20-06-2026,Bank Term Deposit
SYN-015986,10,30-06-2026,Bank Term Deposit
SYN-015986,11,10-07-2026,Bank Term Deposit
SYN-015986,12,20-07-2026,Bank Term Deposit
SYN-015986,13,30-07-2026,Bank Term Deposit
SYN-015986,14,10-08-2026,Bank Term Deposit
SYN-015986,15,20-08-2026,Bank Term Deposit
SYN-015986,16,30-08-2026,Payment Reminder / Collections Resolution
SYN-015986,17,10-09-2026,Payment Reminder / Collections Resolution
SYN-015986,18,20-09-2026,Payment Reminder / Collections Resolution
SYN-019088,1,30-03-2026,Insurance Cross-Sell
SYN-019088,2,10-04-2026,Insurance Cross-Sell
SYN-019088,3,20-04-2026,Bank Term Deposit
SYN-019088,4,30-04-2026,Bank Term Deposit
SYN-019088,5,10-05-2026,Insurance Cross-Sell
SYN-019088,6,20-05-2026,Service Intervention (Low NPS)
SYN-019088,7,30-05-2026,Insurance Cross-Sell
SYN-019088,8,10-06-2026,Insurance Cross-Sell
SYN-019088,9,20-06-2026,Bank Term Deposit
SYN-019088,10,30-06-2026,Bank Term Deposit
SYN-019088,11,10-07-2026,Payment Reminder / Collections Resolution
SYN-019088,12,20-07-2026,Bank Term Deposit
SYN-019088,13,30-07-2026,Bank Term Deposit
SYN-019088,14,10-08-2026,Bank Term Deposit
SYN-019088,15,20-08-2026,Bank Term Deposit
SYN-019088,16,30-08-2026,Bank Term Deposit
SYN-019088,17,10-09-2026,Bank Term Deposit
SYN-019088,18,20-09-2026,Bank Term Deposit
SYN-017135,1,30-03-2026,Bank Term Deposit
SYN-017135,2,10-04-2026,Bank Term Deposit
SYN-017135,3,20-04-2026,Bank Term Deposit
SYN-017135,4,30-04-2026,Insurance Cross-Sell
SYN-017135,5,10-05-2026,Insurance Cross-Sell
SYN-017135,6,20-05-2026,Insurance Cross-Sell
SYN-017135,7,30-05-2026,Insurance Cross-Sell
SYN-017135,8,10-06-2026,Insurance Cross-Sell
SYN-017135,9,20-06-2026,Insurance Cross-Sell
SYN-017135,10,30-06-2026,Insurance Cross-Sell
SYN-017135,11,10-07-2026,Insurance Cross-Sell
SYN-017135,12,20-07-2026,Insurance Cross-Sell
SYN-017135,13,30-07-2026,Insurance Cross-Sell
SYN-017135,14,10-08-2026,Bank Term Deposit
SYN-017135,15,20-08-2026,Bank Term Deposit
SYN-017135,16,30-08-2026,Bank Term Deposit
SYN-017135,17,10-09-2026,Bank Term Deposit
SYN-017135,18,20-09-2026,Bank Term Deposit
SYN-040701,1,30-03-2026,Insurance Cross-Sell
SYN-040701,2,10-04-2026,Insurance Cross-Sell
SYN-040701,3,20-04-2026,Insurance Cross-Sell
SYN-040701,4,30-04-2026,Insurance Cross-Sell
SYN-040701,5,10-05-2026,Insurance Cross-Sell
SYN-040701,6,20-05-2026,Insurance Cross-Sell
SYN-040701,7,30-05-2026,Insurance Cross-Sell
SYN-040701,8,10-06-2026,Insurance Cross-Sell
SYN-040701,9,20-06-2026,Insurance Cross-Sell
SYN-040701,10,30-06-2026,Insurance Cross-Sell
SYN-040701,11,10-07-2026,Bank Term Deposit
SYN-040701,12,20-07-2026,Bank Term Deposit
SYN-040701,13,30-07-2026,Bank Term Deposit
SYN-040701,14,10-08-2026,Bank Term Deposit
SYN-040701,15,20-08-2026,Bank Term Deposit
SYN-040701,16,30-08-2026,Bank Term Deposit
SYN-040701,17,10-09-2026,Bank Term Deposit
SYN-040701,18,20-09-2026,Bank Term Deposit
SYN-000025,1,30-03-2026,Bank Term Deposit
SYN-000025,2,10-04-2026,Bank Term Deposit
SYN-000025,3,20-04-2026,Bank Term Deposit
SYN-000025,4,30-04-2026,Bank Term Deposit
SYN-000025,5,10-05-2026,Bank Term Deposit
SYN-000025,6,20-05-2026,Bank Term Deposit
SYN-000025,7,30-05-2026,Bank Term Deposit
SYN-000025,8,10-06-2026,Bank Term Deposit
SYN-000025,9,20-06-2026,Bank Term Deposit
SYN-000025,10,30-06-2026,Bank Term Deposit
SYN-000025,11,10-07-2026,Bank Term Deposit
SYN-000025,12,20-07-2026,Bank Term Deposit
SYN-000025,13,30-07-2026,Bank Term Deposit
SYN-000025,14,10-08-2026,Bank Term Deposit
SYN-000025,15,20-08-2026,Bank Term Deposit
SYN-000025,16,30-08-2026,Bank Term Deposit
SYN-000025,17,10-09-2026,Bank Term Deposit
SYN-000025,18,20-09-2026,Bank Term Deposit
SYN-027248,1,30-03-2026,Insurance Cross-Sell
SYN-027248,2,10-04-2026,Insurance Cross-Sell
SYN-027248,3,20-04-2026,Insurance Cross-Sell
SYN-027248,4,30-04-2026,Insurance Cross-Sell
SYN-027248,5,10-05-2026,Insurance Cross-Sell
SYN-027248,6,20-05-2026,Insurance Cross-Sell
SYN-027248,7,30-05-2026,Insurance Cross-Sell
SYN-027248,8,10-06-2026,Insurance Cross-Sell
SYN-027248,9,20-06-2026,Insurance Cross-Sell
SYN-027248,10,30-06-2026,Bank Term Deposit
SYN-027248,11,10-07-2026,Insurance Cross-Sell
SYN-027248,12,20-07-2026,Insurance Cross-Sell
SYN-027248,13,30-07-2026,Insurance Cross-Sell
SYN-027248,14,10-08-2026,Insurance Cross-Sell
SYN-027248,15,20-08-2026,Insurance Cross-Sell
SYN-027248,16,30-08-2026,Insurance Cross-Sell
SYN-027248,17,10-09-2026,Insurance Cross-Sell
SYN-027248,18,20-09-2026,Insurance Cross-Sell
SYN-036839,1,30-03-2026,Insurance Cross-Sell
SYN-036839,2,10-04-2026,Insurance Cross-Sell
SYN-036839,3,20-04-2026,Payment Reminder / Collections Resolution
SYN-036839,4,30-04-2026,Insurance Cross-Sell
SYN-036839,5,10-05-2026,Insurance Cross-Sell
SYN-036839,6,20-05-2026,Insurance Cross-Sell
SYN-036839,7,30-05-2026,Insurance Cross-Sell
SYN-036839,8,10-06-2026,Insurance Cross-Sell
SYN-036839,9,20-06-2026,Insurance Cross-Sell
SYN-036839,10,30-06-2026,Insurance Cross-Sell
SYN-036839,11,10-07-2026,Insurance Cross-Sell
SYN-036839,12,20-07-2026,Insurance Cross-Sell
SYN-036839,13,30-07-2026,Insurance Cross-Sell
SYN-036839,14,10-08-2026,Bank Term Deposit
SYN-036839,15,20-08-2026,Bank Term Deposit
SYN-036839,16,30-08-2026,Bank Term Deposit
SYN-036839,17,10-09-2026,Bank Term Deposit
SYN-036839,18,20-09-2026,Bank Term Deposit
SYN-031705,1,30-03-2026,Insurance Cross-Sell
SYN-031705,2,10-04-2026,Bank Term Deposit
SYN-031705,3,20-04-2026,Service Resolution
SYN-031705,4,30-04-2026,Service Resolution
SYN-031705,5,10-05-2026,Bank Term Deposit
SYN-031705,6,20-05-2026,Bank Term Deposit
SYN-031705,7,30-05-2026,Insurance Cross-Sell
SYN-031705,8,10-06-2026,Insurance Cross-Sell
SYN-031705,9,20-06-2026,Insurance Cross-Sell
SYN-031705,10,30-06-2026,Insurance Cross-Sell
SYN-031705,11,10-07-2026,Insurance Cross-Sell
SYN-031705,12,20-07-2026,Insurance Cross-Sell
SYN-031705,13,30-07-2026,Insurance Cross-Sell
SYN-031705,14,10-08-2026,Insurance Cross-Sell
SYN-031705,15,20-08-2026,Insurance Cross-Sell
SYN-031705,16,30-08-2026,Payment Reminder / Collections Resolution
SYN-031705,17,10-09-2026,Payment Reminder / Collections Resolution
SYN-031705,18,20-09-2026,Payment Reminder / Collections Resolution
SYN-027012,1,30-03-2026,Bank Term Deposit
SYN-027012,2,10-04-2026,Bank Term Deposit
SYN-027012,3,20-04-2026,Bank Term Deposit
SYN-027012,4,30-04-2026,Bank Term Deposit
SYN-027012,5,10-05-2026,Bank Term Deposit
SYN-027012,6,20-05-2026,Bank Term Deposit
SYN-027012,7,30-05-2026,Bank Term Deposit
SYN-027012,8,10-06-2026,Service Resolution
SYN-027012,9,20-06-2026,Bank Term Deposit
SYN-027012,10,30-06-2026,Bank Term Deposit
SYN-027012,11,10-07-2026,Bank Term Deposit
SYN-027012,12,20-07-2026,Insurance Cross-Sell
SYN-027012,13,30-07-2026,Insurance Cross-Sell
SYN-027012,14,10-08-2026,Insurance Cross-Sell
SYN-027012,15,20-08-2026,Insurance Cross-Sell
SYN-027012,16,30-08-2026,Insurance Cross-Sell
SYN-027012,17,10-09-2026,Retention Action
SYN-027012,18,20-09-2026,Retention Action
SYN-034133,1,30-03-2026,Bank Term Deposit
SYN-034133,2,10-04-2026,Bank Term Deposit
SYN-034133,3,20-04-2026,Bank Term Deposit
SYN-034133,4,30-04-2026,Bank Term Deposit
SYN-034133,5,10-05-2026,Bank Term Deposit
SYN-034133,6,20-05-2026,Bank Term Deposit
SYN-034133,7,30-05-2026,Insurance Cross-Sell
SYN-034133,8,10-06-2026,Insurance Cross-Sell
SYN-034133,9,20-06-2026,Bank Term Deposit
SYN-034133,10,30-06-2026,Bank Term Deposit
SYN-034133,11,10-07-2026,Bank Term Deposit
SYN-034133,12,20-07-2026,Bank Term Deposit
SYN-034133,13,30-07-2026,Bank Term Deposit
SYN-034133,14,10-08-2026,Bank Term Deposit
SYN-034133,15,20-08-2026,Bank Term Deposit
SYN-034133,16,30-08-2026,Insurance Cross-Sell
SYN-034133,17,10-09-2026,Service Intervention (Low NPS)
SYN-034133,18,20-09-2026,Service Intervention (Low NPS)
SYN-036379,1,30-03-2026,Bank Term Deposit
SYN-036379,2,10-04-2026,Insurance Cross-Sell
SYN-036379,3,20-04-2026,Insurance Cross-Sell
SYN-036379,4,30-04-2026,Insurance Cross-Sell
SYN-036379,5,10-05-2026,Insurance Cross-Sell
SYN-036379,6,20-05-2026,Insurance Cross-Sell
SYN-036379,7,30-05-2026,Insurance Cross-Sell
SYN-036379,8,10-06-2026,Insurance Cross-Sell
SYN-036379,9,20-06-2026,Insurance Cross-Sell
SYN-036379,10,30-06-2026,Insurance Cross-Sell
SYN-036379,11,10-07-2026,Bank Term Deposit
SYN-036379,12,20-07-2026,Insurance Cross-Sell
SYN-036379,13,30-07-2026,Insurance Cross-Sell
SYN-036379,14,10-08-2026,Insurance Cross-Sell
SYN-036379,15,20-08-2026,Insurance Cross-Sell
SYN-036379,16,30-08-2026,Service Resolution
SYN-036379,17,10-09-2026,Service Resolution
SYN-036379,18,20-09-2026,Service Resolution
SYN-021080,1,30-03-2026,Insurance Cross-Sell
SYN-021080,2,10-04-2026,Insurance Cross-Sell
SYN-021080,3,20-04-2026,Insurance Cross-Sell
SYN-021080,4,30-04-2026,Insurance Cross-Sell
SYN-021080,5,10-05-2026,Insurance Cross-Sell
SYN-021080,6,20-05-2026,Insurance Cross-Sell
SYN-021080,7,30-05-2026,Insurance Cross-Sell
SYN-021080,8,10-06-2026,Insurance Cross-Sell
SYN-021080,9,20-06-2026,Insurance Cross-Sell
SYN-021080,10,30-06-2026,Insurance Cross-Sell
SYN-021080,11,10-07-2026,Insurance Cross-Sell
SYN-021080,12,20-07-2026,Insurance Cross-Sell
SYN-021080,13,30-07-2026,Insurance Cross-Sell
SYN-021080,14,10-08-2026,Insurance Cross-Sell
SYN-021080,15,20-08-2026,Insurance Cross-Sell
SYN-021080,16,30-08-2026,Insurance Cross-Sell
SYN-021080,17,10-09-2026,Payment Reminder / Collections Resolution
SYN-021080,18,20-09-2026,Payment Reminder / Collections Resolution
SYN-029657,1,30-03-2026,Retention Action
SYN-029657,2,10-04-2026,Insurance Cross-Sell
SYN-029657,3,20-04-2026,Retention Action
SYN-029657,4,30-04-2026,Insurance Cross-Sell
SYN-029657,5,10-05-2026,Insurance Cross-Sell
SYN-029657,6,20-05-2026,Payment Reminder / Collections Resolution
SYN-029657,7,30-05-2026,Insurance Cross-Sell
SYN-029657,8,10-06-2026,Insurance Cross-Sell
SYN-029657,9,20-06-2026,Insurance Cross-Sell
SYN-029657,10,30-06-2026,Insurance Cross-Sell
SYN-029657,11,10-07-2026,Insurance Cross-Sell
SYN-029657,12,20-07-2026,Payment Reminder / Collections Resolution
SYN-029657,13,30-07-2026,Payment Reminder / Collections Resolution
SYN-029657,14,10-08-2026,Insurance Cross-Sell
SYN-029657,15,20-08-2026,Insurance Cross-Sell
SYN-029657,16,30-08-2026,Insurance Cross-Sell
SYN-029657,17,10-09-2026,Insurance Cross-Sell
SYN-029657,18,20-09-2026,Insurance Cross-Sell
SYN-028016,1,30-03-2026,No Marketing Action (Consent Withheld)
SYN-028016,2,10-04-2026,No Marketing Action (Consent Withheld)
SYN-028016,3,20-04-2026,No Marketing Action (Consent Withheld)
SYN-028016,4,30-04-2026,No Marketing Action (Consent Withheld)
SYN-028016,5,10-05-2026,No Marketing Action (Consent Withheld)
SYN-028016,6,20-05-2026,No Marketing Action (Consent Withheld)
SYN-028016,7,30-05-2026,No Marketing Action (Consent Withheld)
SYN-028016,8,10-06-2026,No Marketing Action (Consent Withheld)
SYN-028016,9,20-06-2026,No Marketing Action (Consent Withheld)
SYN-028016,10,30-06-2026,No Marketing Action (Consent Withheld)
SYN-028016,11,10-07-2026,No Marketing Action (Consent Withheld)
SYN-028016,12,20-07-2026,No Marketing Action (Consent Withheld)
SYN-028016,13,30-07-2026,No Marketing Action (Consent Withheld)
SYN-028016,14,10-08-2026,No Marketing Action (Consent Withheld)
SYN-028016,15,20-08-2026,No Marketing Action (Consent Withheld)
SYN-028016,16,30-08-2026,No Marketing Action (Consent Withheld)
SYN-028016,17,10-09-2026,No Marketing Action (Consent Withheld)
SYN-028016,18,20-09-2026,No Marketing Action (Consent Withheld)
SYN-017815,1,30-03-2026,Insurance Cross-Sell
SYN-017815,2,10-04-2026,Insurance Cross-Sell
SYN-017815,3,20-04-2026,Insurance Cross-Sell
SYN-017815,4,30-04-2026,Service Intervention (Low NPS)
SYN-017815,5,10-05-2026,Service Intervention (Low NPS)
SYN-017815,6,20-05-2026,Service Intervention (Low NPS)
SYN-017815,7,30-05-2026,Service Intervention (Low NPS)
SYN-017815,8,10-06-2026,Insurance Cross-Sell
SYN-017815,9,20-06-2026,No Marketing Action (Consent Withheld)
SYN-017815,10,30-06-2026,No Marketing Action (Consent Withheld)
SYN-017815,11,10-07-2026,No Marketing Action (Consent Withheld)
SYN-017815,12,20-07-2026,No Marketing Action (Consent Withheld)
SYN-017815,13,30-07-2026,No Marketing Action (Consent Withheld)
SYN-017815,14,10-08-2026,No Marketing Action (Consent Withheld)
SYN-017815,15,20-08-2026,No Marketing Action (Consent Withheld)
SYN-017815,16,30-08-2026,No Marketing Action (Consent Withheld)
SYN-017815,17,10-09-2026,No Marketing Action (Consent Withheld)
SYN-017815,18,20-09-2026,No Marketing Action (Consent Withheld)
SYN-014661,1,30-03-2026,Insurance Cross-Sell
SYN-014661,2,10-04-2026,Insurance Cross-Sell
SYN-014661,3,20-04-2026,Insurance Cross-Sell
SYN-014661,4,30-04-2026,Insurance Cross-Sell
SYN-014661,5,10-05-2026,Payment Reminder / Collections Resolution
SYN-014661,6,20-05-2026,Insurance Cross-Sell
SYN-014661,7,30-05-2026,Insurance Cross-Sell
SYN-014661,8,10-06-2026,Insurance Cross-Sell
SYN-014661,9,20-06-2026,Insurance Cross-Sell
SYN-014661,10,30-06-2026,Insurance Cross-Sell
SYN-014661,11,10-07-2026,Insurance Cross-Sell
SYN-014661,12,20-07-2026,Insurance Cross-Sell
SYN-014661,13,30-07-2026,Insurance Cross-Sell
SYN-014661,14,10-08-2026,Insurance Cross-Sell
SYN-014661,15,20-08-2026,Insurance Cross-Sell
SYN-014661,16,30-08-2026,Insurance Cross-Sell
SYN-014661,17,10-09-2026,Insurance Cross-Sell
SYN-014661,18,20-09-2026,Insurance Cross-Sell
SYN-014081,1,30-03-2026,Insurance Cross-Sell
SYN-014081,2,10-04-2026,Bank Term Deposit
SYN-014081,3,20-04-2026,Insurance Cross-Sell
SYN-014081,4,30-04-2026,Insurance Cross-Sell
SYN-014081,5,10-05-2026,Retention Action
SYN-014081,6,20-05-2026,Insurance Cross-Sell
SYN-014081,7,30-05-2026,Bank Term Deposit
SYN-014081,8,10-06-2026,Bank Term Deposit
SYN-014081,9,20-06-2026,Bank Term Deposit
SYN-014081,10,30-06-2026,Bank Term Deposit
SYN-014081,11,10-07-2026,Bank Term Deposit
SYN-014081,12,20-07-2026,Service Intervention (Low NPS)
SYN-014081,13,30-07-2026,Bank Term Deposit
SYN-014081,14,10-08-2026,Bank Term Deposit
SYN-014081,15,20-08-2026,Bank Term Deposit
SYN-014081,16,30-08-2026,Service Resolution
SYN-014081,17,10-09-2026,Service Resolution
SYN-014081,18,20-09-2026,Service Resolution
SYN-001828,1,30-03-2026,Service Resolution
SYN-001828,2,10-04-2026,Insurance Cross-Sell
SYN-001828,3,20-04-2026,Insurance Cross-Sell
SYN-001828,4,30-04-2026,Payment Reminder / Collections Resolution
SYN-001828,5,10-05-2026,Insurance Cross-Sell
SYN-001828,6,20-05-2026,Insurance Cross-Sell
SYN-001828,7,30-05-2026,Insurance Cross-Sell
SYN-001828,8,10-06-2026,Insurance Cross-Sell
SYN-001828,9,20-06-2026,Payment Reminder / Collections Resolution
SYN-001828,10,30-06-2026,Payment Reminder / Collections Resolution
SYN-001828,11,10-07-2026,Payment Reminder / Collections Resolution
SYN-001828,12,20-07-2026,Payment Reminder / Collections Resolution
SYN-001828,13,30-07-2026,Bank Term Deposit
SYN-001828,14,10-08-2026,Bank Term Deposit
SYN-001828,15,20-08-2026,Bank Term Deposit
SYN-001828,16,30-08-2026,Bank Term Deposit
SYN-001828,17,10-09-2026,No Marketing Action (Consent Withheld)
SYN-001828,18,20-09-2026,No Marketing Action (Consent Withheld)
SYN-032971,1,30-03-2026,Insurance Cross-Sell
SYN-032971,2,10-04-2026,Insurance Cross-Sell
SYN-032971,3,20-04-2026,Insurance Cross-Sell
SYN-032971,4,30-04-2026,Insurance Cross-Sell
SYN-032971,5,10-05-2026,Insurance Cross-Sell
SYN-032971,6,20-05-2026,Insurance Cross-Sell
SYN-032971,7,30-05-2026,Insurance Cross-Sell
SYN-032971,8,10-06-2026,Insurance Cross-Sell
SYN-032971,9,20-06-2026,Insurance Cross-Sell
SYN-032971,10,30-06-2026,Insurance Cross-Sell
SYN-032971,11,10-07-2026,Service Intervention (Low NPS)
SYN-032971,12,20-07-2026,Service Intervention (Low NPS)
SYN-032971,13,30-07-2026,Insurance Cross-Sell
SYN-032971,14,10-08-2026,Insurance Cross-Sell
SYN-032971,15,20-08-2026,Insurance Cross-Sell
SYN-032971,16,30-08-2026,Insurance Cross-Sell
SYN-032971,17,10-09-2026,Payment Reminder / Collections Resolution
SYN-032971,18,20-09-2026,Payment Reminder / Collections Resolution
SYN-042042,1,30-03-2026,Bank Term Deposit
SYN-042042,2,10-04-2026,Bank Term Deposit
SYN-042042,3,20-04-2026,Bank Term Deposit
SYN-042042,4,30-04-2026,Bank Term Deposit
SYN-042042,5,10-05-2026,Bank Term Deposit
SYN-042042,6,20-05-2026,Bank Term Deposit
SYN-042042,7,30-05-2026,Bank Term Deposit
SYN-042042,8,10-06-2026,Bank Term Deposit
SYN-042042,9,20-06-2026,Insurance Cross-Sell
SYN-042042,10,30-06-2026,Insurance Cross-Sell
SYN-042042,11,10-07-2026,Insurance Cross-Sell
SYN-042042,12,20-07-2026,Insurance Cross-Sell
SYN-042042,13,30-07-2026,Service Intervention (Low NPS)
SYN-042042,14,10-08-2026,Service Intervention (Low NPS)
SYN-042042,15,20-08-2026,Service Intervention (Low NPS)
SYN-042042,16,30-08-2026,Insurance Cross-Sell
SYN-042042,17,10-09-2026,Insurance Cross-Sell
SYN-042042,18,20-09-2026,Insurance Cross-Sell
SYN-037207,1,30-03-2026,Bank Term Deposit
SYN-037207,2,10-04-2026,Bank Term Deposit
SYN-037207,3,20-04-2026,Bank Term Deposit
SYN-037207,4,30-04-2026,Bank Term Deposit
SYN-037207,5,10-05-2026,Bank Term Deposit
SYN-037207,6,20-05-2026,Insurance Cross-Sell
SYN-037207,7,30-05-2026,Insurance Cross-Sell
SYN-037207,8,10-06-2026,Insurance Cross-Sell
SYN-037207,9,20-06-2026,Insurance Cross-Sell
SYN-037207,10,30-06-2026,Insurance Cross-Sell
SYN-037207,11,10-07-2026,Insurance Cross-Sell
SYN-037207,12,20-07-2026,Insurance Cross-Sell
SYN-037207,13,30-07-2026,Insurance Cross-Sell
SYN-037207,14,10-08-2026,Insurance Cross-Sell
SYN-037207,15,20-08-2026,Insurance Cross-Sell
SYN-037207,16,30-08-2026,Insurance Cross-Sell
SYN-037207,17,10-09-2026,Insurance Cross-Sell
SYN-037207,18,20-09-2026,Insurance Cross-Sell
SYN-042892,1,30-03-2026,Bank Term Deposit
SYN-042892,2,10-04-2026,Bank Term Deposit
SYN-042892,3,20-04-2026,Bank Term Deposit
SYN-042892,4,30-04-2026,Bank Term Deposit
SYN-042892,5,10-05-2026,Bank Term Deposit
SYN-042892,6,20-05-2026,Bank Term Deposit
SYN-042892,7,30-05-2026,Bank Term Deposit
SYN-042892,8,10-06-2026,Bank Term Deposit
SYN-042892,9,20-06-2026,Bank Term Deposit
SYN-042892,10,30-06-2026,Bank Term Deposit
SYN-042892,11,10-07-2026,Service Intervention (Low NPS)
SYN-042892,12,20-07-2026,Bank Term Deposit
SYN-042892,13,30-07-2026,Bank Term Deposit
SYN-042892,14,10-08-2026,Bank Term Deposit
SYN-042892,15,20-08-2026,Retention Action
SYN-042892,16,30-08-2026,Bank Term Deposit
SYN-042892,17,10-09-2026,Service Intervention (Low NPS)
SYN-042892,18,20-09-2026,Service Intervention (Low NPS)
SYN-033369,1,30-03-2026,Retention Action
SYN-033369,2,10-04-2026,Retention Action
SYN-033369,3,20-04-2026,Retention Action
SYN-033369,4,30-04-2026,Insurance Cross-Sell
SYN-033369,5,10-05-2026,Insurance Cross-Sell
SYN-033369,6,20-05-2026,Insurance Cross-Sell
SYN-033369,7,30-05-2026,Insurance Cross-Sell
SYN-033369,8,10-06-2026,Insurance Cross-Sell
SYN-033369,9,20-06-2026,Insurance Cross-Sell
SYN-033369,10,30-06-2026,Insurance Cross-Sell
SYN-033369,11,10-07-2026,Insurance Cross-Sell
SYN-033369,12,20-07-2026,Bank Term Deposit
SYN-033369,13,30-07-2026,Retention Action
SYN-033369,14,10-08-2026,Retention Action
SYN-033369,15,20-08-2026,Bank Term Deposit
SYN-033369,16,30-08-2026,Bank Term Deposit
SYN-033369,17,10-09-2026,Retention Action
SYN-033369,18,20-09-2026,Retention Action
SYN-028153,1,30-03-2026,Insurance Cross-Sell
SYN-028153,2,10-04-2026,Insurance Cross-Sell
SYN-028153,3,20-04-2026,Insurance Cross-Sell
SYN-028153,4,30-04-2026,Insurance Cross-Sell
SYN-028153,5,10-05-2026,Insurance Cross-Sell
SYN-028153,6,20-05-2026,Insurance Cross-Sell
SYN-028153,7,30-05-2026,Insurance Cross-Sell
SYN-028153,8,10-06-2026,Insurance Cross-Sell
SYN-028153,9,20-06-2026,Insurance Cross-Sell
SYN-028153,10,30-06-2026,Insurance Cross-Sell
SYN-028153,11,10-07-2026,Insurance Cross-Sell
SYN-028153,12,20-07-2026,Insurance Cross-Sell
SYN-028153,13,30-07-2026,Insurance Cross-Sell
SYN-028153,14,10-08-2026,No Marketing Action (Consent Withheld)
SYN-028153,15,20-08-2026,No Marketing Action (Consent Withheld)
SYN-028153,16,30-08-2026,No Marketing Action (Consent Withheld)
SYN-028153,17,10-09-2026,No Marketing Action (Consent Withheld)
SYN-028153,18,20-09-2026,No Marketing Action (Consent Withheld)
SYN-026386,1,30-03-2026,Payment Reminder / Collections Resolution
SYN-026386,2,10-04-2026,Insurance Cross-Sell
SYN-026386,3,20-04-2026,Insurance Cross-Sell
SYN-026386,4,30-04-2026,Insurance Cross-Sell
SYN-026386,5,10-05-2026,Insurance Cross-Sell
SYN-026386,6,20-05-2026,Insurance Cross-Sell
SYN-026386,7,30-05-2026,Insurance Cross-Sell
SYN-026386,8,10-06-2026,Insurance Cross-Sell
SYN-026386,9,20-06-2026,Bank Term Deposit
SYN-026386,10,30-06-2026,Bank Term Deposit
SYN-026386,11,10-07-2026,Bank Term Deposit
SYN-026386,12,20-07-2026,Bank Term Deposit
SYN-026386,13,30-07-2026,Bank Term Deposit
SYN-026386,14,10-08-2026,Insurance Cross-Sell
SYN-026386,15,20-08-2026,Service Resolution
SYN-026386,16,30-08-2026,Insurance Cross-Sell
SYN-026386,17,10-09-2026,Payment Reminder / Collections Resolution
SYN-026386,18,20-09-2026,Payment Reminder / Collections Resolution
SYN-002608,1,30-03-2026,Insurance Cross-Sell
SYN-002608,2,10-04-2026,Insurance Cross-Sell
SYN-002608,3,20-04-2026,Insurance Cross-Sell
SYN-002608,4,30-04-2026,Insurance Cross-Sell
SYN-002608,5,10-05-2026,Insurance Cross-Sell
SYN-002608,6,20-05-2026,Insurance Cross-Sell
SYN-002608,7,30-05-2026,Insurance Cross-Sell
SYN-002608,8,10-06-2026,Insurance Cross-Sell
SYN-002608,9,20-06-2026,Insurance Cross-Sell
SYN-002608,10,30-06-2026,Insurance Cross-Sell
SYN-002608,11,10-07-2026,Insurance Cross-Sell
SYN-002608,12,20-07-2026,Insurance Cross-Sell
SYN-002608,13,30-07-2026,Insurance Cross-Sell
SYN-002608,14,10-08-2026,Insurance Cross-Sell
SYN-002608,15,20-08-2026,Insurance Cross-Sell
SYN-002608,16,30-08-2026,Insurance Cross-Sell
SYN-002608,17,10-09-2026,Insurance Cross-Sell
SYN-002608,18,20-09-2026,Insurance Cross-Sell
SYN-004166,1,30-03-2026,Insurance Cross-Sell
SYN-004166,2,10-04-2026,Insurance Cross-Sell
SYN-004166,3,20-04-2026,Insurance Cross-Sell
SYN-004166,4,30-04-2026,Insurance Cross-Sell
SYN-004166,5,10-05-2026,Insurance Cross-Sell
SYN-004166,6,20-05-2026,Insurance Cross-Sell
SYN-004166,7,30-05-2026,Insurance Cross-Sell
SYN-004166,8,10-06-2026,Insurance Cross-Sell
SYN-004166,9,20-06-2026,Insurance Cross-Sell
SYN-004166,10,30-06-2026,Insurance Cross-Sell
SYN-004166,11,10-07-2026,Insurance Cross-Sell
SYN-004166,12,20-07-2026,Insurance Cross-Sell
SYN-004166,13,30-07-2026,Insurance Cross-Sell
SYN-004166,14,10-08-2026,Insurance Cross-Sell
SYN-004166,15,20-08-2026,Bank Term Deposit
SYN-004166,16,30-08-2026,Bank Term Deposit
SYN-004166,17,10-09-2026,Bank Term Deposit
SYN-004166,18,20-09-2026,Bank Term Deposit
SYN-040276,1,30-03-2026,Insurance Cross-Sell
SYN-040276,2,10-04-2026,Insurance Cross-Sell
SYN-040276,3,20-04-2026,Insurance Cross-Sell
SYN-040276,4,30-04-2026,Insurance Cross-Sell
SYN-040276,5,10-05-2026,Insurance Cross-Sell
SYN-040276,6,20-05-2026,Insurance Cross-Sell
SYN-040276,7,30-05-2026,Insurance Cross-Sell
SYN-040276,8,10-06-2026,Insurance Cross-Sell
SYN-040276,9,20-06-2026,Insurance Cross-Sell
SYN-040276,10,30-06-2026,Insurance Cross-Sell
SYN-040276,11,10-07-2026,Insurance Cross-Sell
SYN-040276,12,20-07-2026,Insurance Cross-Sell
SYN-040276,13,30-07-2026,Bank Term Deposit
SYN-040276,14,10-08-2026,Bank Term Deposit
SYN-040276,15,20-08-2026,Bank Term Deposit
SYN-040276,16,30-08-2026,Bank Term Deposit
SYN-040276,17,10-09-2026,Payment Reminder / Collections Resolution
SYN-040276,18,20-09-2026,Payment Reminder / Collections Resolution
SYN-029096,1,30-03-2026,Payment Reminder / Collections Resolution
SYN-029096,2,10-04-2026,Payment Reminder / Collections Resolution
SYN-029096,3,20-04-2026,Payment Reminder / Collections Resolution
SYN-029096,4,30-04-2026,Payment Reminder / Collections Resolution
SYN-029096,5,10-05-2026,Insurance Cross-Sell
SYN-029096,6,20-05-2026,Insurance Cross-Sell
SYN-029096,7,30-05-2026,Insurance Cross-Sell
SYN-029096,8,10-06-2026,Insurance Cross-Sell
SYN-029096,9,20-06-2026,Insurance Cross-Sell
SYN-029096,10,30-06-2026,Insurance Cross-Sell
SYN-029096,11,10-07-2026,Insurance Cross-Sell
SYN-029096,12,20-07-2026,Insurance Cross-Sell
SYN-029096,13,30-07-2026,Payment Reminder / Collections Resolution
SYN-029096,14,10-08-2026,Payment Reminder / Collections Resolution
SYN-029096,15,20-08-2026,Insurance Cross-Sell
SYN-029096,16,30-08-2026,Insurance Cross-Sell
SYN-029096,17,10-09-2026,Payment Reminder / Collections Resolution
SYN-029096,18,20-09-2026,Payment Reminder / Collections Resolution
SYN-013828,1,30-03-2026,Insurance Cross-Sell
SYN-013828,2,10-04-2026,Payment Reminder / Collections Resolution
SYN-013828,3,20-04-2026,Payment Reminder / Collections Resolution
SYN-013828,4,30-04-2026,Payment Reminder / Collections Resolution
SYN-013828,5,10-05-2026,Insurance Cross-Sell
SYN-013828,6,20-05-2026,Insurance Cross-Sell
SYN-013828,7,30-05-2026,Insurance Cross-Sell
SYN-013828,8,10-06-2026,Insurance Cross-Sell
SYN-013828,9,20-06-2026,Bank Term Deposit
SYN-013828,10,30-06-2026,Bank Term Deposit
SYN-013828,11,10-07-2026,Bank Term Deposit
SYN-013828,12,20-07-2026,Payment Reminder / Collections Resolution
SYN-013828,13,30-07-2026,Payment Reminder / Collections Resolution
SYN-013828,14,10-08-2026,Bank Term Deposit
SYN-013828,15,20-08-2026,Bank Term Deposit
SYN-013828,16,30-08-2026,Bank Term Deposit
SYN-013828,17,10-09-2026,Bank Term Deposit
SYN-013828,18,20-09-2026,Bank Term Deposit
SYN-037835,1,30-03-2026,Insurance Cross-Sell
SYN-037835,2,10-04-2026,Insurance Cross-Sell
SYN-037835,3,20-04-2026,Insurance Cross-Sell
SYN-037835,4,30-04-2026,Insurance Cross-Sell
SYN-037835,5,10-05-2026,Insurance Cross-Sell
SYN-037835,6,20-05-2026,Insurance Cross-Sell
SYN-037835,7,30-05-2026,Insurance Cross-Sell
SYN-037835,8,10-06-2026,Insurance Cross-Sell
SYN-037835,9,20-06-2026,Insurance Cross-Sell
SYN-037835,10,30-06-2026,Bank Term Deposit
SYN-037835,11,10-07-2026,Service Intervention (Low NPS)
SYN-037835,12,20-07-2026,Bank Term Deposit
SYN-037835,13,30-07-2026,Service Intervention (Low NPS)
SYN-037835,14,10-08-2026,Bank Term Deposit
SYN-037835,15,20-08-2026,Complete KYC
SYN-037835,16,30-08-2026,Complete KYC
SYN-037835,17,10-09-2026,Complete KYC
SYN-037835,18,20-09-2026,Complete KYC
SYN-001063,1,30-03-2026,Bank Term Deposit
SYN-001063,2,10-04-2026,Bank Term Deposit
SYN-001063,3,20-04-2026,Bank Term Deposit
SYN-001063,4,30-04-2026,Bank Term Deposit
SYN-001063,5,10-05-2026,Insurance Cross-Sell
SYN-001063,6,20-05-2026,Payment Reminder / Collections Resolution
SYN-001063,7,30-05-2026,Insurance Cross-Sell
SYN-001063,8,10-06-2026,Insurance Cross-Sell
SYN-001063,9,20-06-2026,Insurance Cross-Sell
SYN-001063,10,30-06-2026,Insurance Cross-Sell
SYN-001063,11,10-07-2026,Insurance Cross-Sell
SYN-001063,12,20-07-2026,Insurance Cross-Sell
SYN-001063,13,30-07-2026,Bank Term Deposit
SYN-001063,14,10-08-2026,Bank Term Deposit
SYN-001063,15,20-08-2026,Bank Term Deposit
SYN-001063,16,30-08-2026,Bank Term Deposit
SYN-001063,17,10-09-2026,Bank Term Deposit
SYN-001063,18,20-09-2026,Bank Term Deposit
SYN-027822,1,30-03-2026,Insurance Cross-Sell
SYN-027822,2,10-04-2026,Insurance Cross-Sell
SYN-027822,3,20-04-2026,Insurance Cross-Sell
SYN-027822,4,30-04-2026,Insurance Cross-Sell
SYN-027822,5,10-05-2026,Insurance Cross-Sell
SYN-027822,6,20-05-2026,Insurance Cross-Sell
SYN-027822,7,30-05-2026,Insurance Cross-Sell
SYN-027822,8,10-06-2026,Insurance Cross-Sell
SYN-027822,9,20-06-2026,Insurance Cross-Sell
SYN-027822,10,30-06-2026,Insurance Cross-Sell
SYN-027822,11,10-07-2026,Insurance Cross-Sell
SYN-027822,12,20-07-2026,Insurance Cross-Sell
SYN-027822,13,30-07-2026,Payment Reminder / Collections Resolution
SYN-027822,14,10-08-2026,Bank Term Deposit
SYN-027822,15,20-08-2026,Bank Term Deposit
SYN-027822,16,30-08-2026,Bank Term Deposit
SYN-027822,17,10-09-2026,Bank Term Deposit
SYN-027822,18,20-09-2026,Bank Term Deposit
SYN-020996,1,30-03-2026,Insurance Cross-Sell
SYN-020996,2,10-04-2026,Insurance Cross-Sell
SYN-020996,3,20-04-2026,Insurance Cross-Sell
SYN-020996,4,30-04-2026,Insurance Cross-Sell
SYN-020996,5,10-05-2026,Service Intervention (Low NPS)
SYN-020996,6,20-05-2026,Insurance Cross-Sell
SYN-020996,7,30-05-2026,Bank Term Deposit
SYN-020996,8,10-06-2026,Bank Term Deposit
SYN-020996,9,20-06-2026,No Marketing Action (Consent Withheld)
SYN-020996,10,30-06-2026,No Marketing Action (Consent Withheld)
SYN-020996,11,10-07-2026,No Marketing Action (Consent Withheld)
SYN-020996,12,20-07-2026,No Marketing Action (Consent Withheld)
SYN-020996,13,30-07-2026,No Marketing Action (Consent Withheld)
SYN-020996,14,10-08-2026,No Marketing Action (Consent Withheld)
SYN-020996,15,20-08-2026,No Marketing Action (Consent Withheld)
SYN-020996,16,30-08-2026,No Marketing Action (Consent Withheld)
SYN-020996,17,10-09-2026,No Marketing Action (Consent Withheld)
SYN-020996,18,20-09-2026,No Marketing Action (Consent Withheld)
SYN-033201,1,30-03-2026,Bank Term Deposit
SYN-033201,2,10-04-2026,Bank Term Deposit
SYN-033201,3,20-04-2026,Bank Term Deposit
SYN-033201,4,30-04-2026,Insurance Cross-Sell
SYN-033201,5,10-05-2026,Insurance Cross-Sell
SYN-033201,6,20-05-2026,Insurance Cross-Sell
SYN-033201,7,30-05-2026,Insurance Cross-Sell
SYN-033201,8,10-06-2026,Insurance Cross-Sell
SYN-033201,9,20-06-2026,Insurance Cross-Sell
SYN-033201,10,30-06-2026,Insurance Cross-Sell
SYN-033201,11,10-07-2026,Insurance Cross-Sell
SYN-033201,12,20-07-2026,Insurance Cross-Sell
SYN-033201,13,30-07-2026,Insurance Cross-Sell
SYN-033201,14,10-08-2026,Insurance Cross-Sell
SYN-033201,15,20-08-2026,Insurance Cross-Sell
SYN-033201,16,30-08-2026,Insurance Cross-Sell
SYN-033201,17,10-09-2026,Service Intervention (Low NPS)
SYN-033201,18,20-09-2026,Service Intervention (Low NPS)
SYN-013238,1,30-03-2026,Insurance Cross-Sell
SYN-013238,2,10-04-2026,Insurance Cross-Sell
SYN-013238,3,20-04-2026,Insurance Cross-Sell
SYN-013238,4,30-04-2026,Insurance Cross-Sell
SYN-013238,5,10-05-2026,Insurance Cross-Sell
SYN-013238,6,20-05-2026,Insurance Cross-Sell
SYN-013238,7,30-05-2026,Insurance Cross-Sell
SYN-013238,8,10-06-2026,Insurance Cross-Sell
SYN-013238,9,20-06-2026,Insurance Cross-Sell
SYN-013238,10,30-06-2026,Insurance Cross-Sell
SYN-013238,11,10-07-2026,Insurance Cross-Sell
SYN-013238,12,20-07-2026,Insurance Cross-Sell
SYN-013238,13,30-07-2026,Insurance Cross-Sell
SYN-013238,14,10-08-2026,Insurance Cross-Sell
SYN-013238,15,20-08-2026,Insurance Cross-Sell
SYN-013238,16,30-08-2026,Insurance Cross-Sell
SYN-013238,17,10-09-2026,Insurance Cross-Sell
SYN-013238,18,20-09-2026,Insurance Cross-Sell
SYN-010014,1,30-03-2026,Complete KYC
SYN-010014,2,10-04-2026,Complete KYC
SYN-010014,3,20-04-2026,Complete KYC
SYN-010014,4,30-04-2026,Complete KYC
SYN-010014,5,10-05-2026,Complete KYC
SYN-010014,6,20-05-2026,Complete KYC
SYN-010014,7,30-05-2026,Complete KYC
SYN-010014,8,10-06-2026,Complete KYC
SYN-010014,9,20-06-2026,Complete KYC
SYN-010014,10,30-06-2026,Complete KYC
SYN-010014,11,10-07-2026,Complete KYC
SYN-010014,12,20-07-2026,Complete KYC
SYN-010014,13,30-07-2026,Complete KYC
SYN-010014,14,10-08-2026,Complete KYC
SYN-010014,15,20-08-2026,Complete KYC
SYN-010014,16,30-08-2026,Complete KYC
SYN-010014,17,10-09-2026,Complete KYC
SYN-010014,18,20-09-2026,Complete KYC
SYN-006610,1,30-03-2026,Insurance Cross-Sell
SYN-006610,2,10-04-2026,Service Intervention (Low NPS)
SYN-006610,3,20-04-2026,Service Intervention (Low NPS)
SYN-006610,4,30-04-2026,Insurance Cross-Sell
SYN-006610,5,10-05-2026,Retention Action
SYN-006610,6,20-05-2026,Insurance Cross-Sell
SYN-006610,7,30-05-2026,Bank Term Deposit
SYN-006610,8,10-06-2026,Bank Term Deposit
SYN-006610,9,20-06-2026,Insurance Cross-Sell
SYN-006610,10,30-06-2026,Insurance Cross-Sell
SYN-006610,11,10-07-2026,Insurance Cross-Sell
SYN-006610,12,20-07-2026,Insurance Cross-Sell
SYN-006610,13,30-07-2026,Insurance Cross-Sell
SYN-006610,14,10-08-2026,Bank Term Deposit
SYN-006610,15,20-08-2026,Insurance Cross-Sell
SYN-006610,16,30-08-2026,Complete KYC
SYN-006610,17,10-09-2026,Complete KYC
SYN-006610,18,20-09-2026,Complete KYC
SYN-030315,1,30-03-2026,Insurance Cross-Sell
SYN-030315,2,10-04-2026,Retention Action
SYN-030315,3,20-04-2026,Insurance Cross-Sell
SYN-030315,4,30-04-2026,Insurance Cross-Sell
SYN-030315,5,10-05-2026,Insurance Cross-Sell
SYN-030315,6,20-05-2026,Bank Term Deposit
SYN-030315,7,30-05-2026,Bank Term Deposit
SYN-030315,8,10-06-2026,Bank Term Deposit
SYN-030315,9,20-06-2026,Insurance Cross-Sell
SYN-030315,10,30-06-2026,Insurance Cross-Sell
SYN-030315,11,10-07-2026,Service Intervention (Low NPS)
SYN-030315,12,20-07-2026,Insurance Cross-Sell
SYN-030315,13,30-07-2026,Insurance Cross-Sell
SYN-030315,14,10-08-2026,Insurance Cross-Sell
SYN-030315,15,20-08-2026,Insurance Cross-Sell
SYN-030315,16,30-08-2026,Complete KYC
SYN-030315,17,10-09-2026,Complete KYC
SYN-030315,18,20-09-2026,Complete KYC
SYN-038637,1,30-03-2026,Insurance Cross-Sell
SYN-038637,2,10-04-2026,Insurance Cross-Sell
SYN-038637,3,20-04-2026,Insurance Cross-Sell
SYN-038637,4,30-04-2026,Insurance Cross-Sell
SYN-038637,5,10-05-2026,Payment Reminder / Collections Resolution
SYN-038637,6,20-05-2026,Insurance Cross-Sell
SYN-038637,7,30-05-2026,Service Intervention (Low NPS)
SYN-038637,8,10-06-2026,Insurance Cross-Sell
SYN-038637,9,20-06-2026,Insurance Cross-Sell
SYN-038637,10,30-06-2026,Insurance Cross-Sell
SYN-038637,11,10-07-2026,Payment Reminder / Collections Resolution
SYN-038637,12,20-07-2026,Payment Reminder / Collections Resolution
SYN-038637,13,30-07-2026,Payment Reminder / Collections Resolution
SYN-038637,14,10-08-2026,Payment Reminder / Collections Resolution
SYN-038637,15,20-08-2026,Payment Reminder / Collections Resolution
SYN-038637,16,30-08-2026,Payment Reminder / Collections Resolution
SYN-038637,17,10-09-2026,Payment Reminder / Collections Resolution
SYN-038637,18,20-09-2026,Payment Reminder / Collections Resolution
SYN-028158,1,30-03-2026,Bank Term Deposit
SYN-028158,2,10-04-2026,Bank Term Deposit
SYN-028158,3,20-04-2026,Bank Term Deposit
SYN-028158,4,30-04-2026,Bank Term Deposit
SYN-028158,5,10-05-2026,Bank Term Deposit
SYN-028158,6,20-05-2026,Insurance Cross-Sell
SYN-028158,7,30-05-2026,Insurance Cross-Sell
SYN-028158,8,10-06-2026,Insurance Cross-Sell
SYN-028158,9,20-06-2026,Insurance Cross-Sell
SYN-028158,10,30-06-2026,Insurance Cross-Sell
SYN-028158,11,10-07-2026,Insurance Cross-Sell
SYN-028158,12,20-07-2026,Insurance Cross-Sell
SYN-028158,13,30-07-2026,Insurance Cross-Sell
SYN-028158,14,10-08-2026,Bank Term Deposit
SYN-028158,15,20-08-2026,Bank Term Deposit
SYN-028158,16,30-08-2026,Bank Term Deposit
SYN-028158,17,10-09-2026,Bank Term Deposit
SYN-028158,18,20-09-2026,Bank Term Deposit
SYN-021967,1,30-03-2026,Bank Term Deposit
SYN-021967,2,10-04-2026,Bank Term Deposit
SYN-021967,3,20-04-2026,Bank Term Deposit
SYN-021967,4,30-04-2026,Bank Term Deposit
SYN-021967,5,10-05-2026,Service Resolution
SYN-021967,6,20-05-2026,Bank Term Deposit
SYN-021967,7,30-05-2026,Insurance Cross-Sell
SYN-021967,8,10-06-2026,Insurance Cross-Sell
SYN-021967,9,20-06-2026,Service Resolution
SYN-021967,10,30-06-2026,Service Resolution
SYN-021967,11,10-07-2026,Insurance Cross-Sell
SYN-021967,12,20-07-2026,Insurance Cross-Sell
SYN-021967,13,30-07-2026,Insurance Cross-Sell
SYN-021967,14,10-08-2026,Insurance Cross-Sell
SYN-021967,15,20-08-2026,Insurance Cross-Sell
SYN-021967,16,30-08-2026,Insurance Cross-Sell
SYN-021967,17,10-09-2026,Insurance Cross-Sell
SYN-021967,18,20-09-2026,Insurance Cross-Sell
SYN-017615,1,30-03-2026,Insurance Cross-Sell
SYN-017615,2,10-04-2026,Insurance Cross-Sell
SYN-017615,3,20-04-2026,Insurance Cross-Sell
SYN-017615,4,30-04-2026,Insurance Cross-Sell
SYN-017615,5,10-05-2026,Insurance Cross-Sell
SYN-017615,6,20-05-2026,Insurance Cross-Sell
SYN-017615,7,30-05-2026,Insurance Cross-Sell
SYN-017615,8,10-06-2026,Insurance Cross-Sell
SYN-017615,9,20-06-2026,Payment Reminder / Collections Resolution
SYN-017615,10,30-06-2026,Insurance Cross-Sell
SYN-017615,11,10-07-2026,Insurance Cross-Sell
SYN-017615,12,20-07-2026,Insurance Cross-Sell
SYN-017615,13,30-07-2026,Insurance Cross-Sell
SYN-017615,14,10-08-2026,Bank Term Deposit
SYN-017615,15,20-08-2026,Bank Term Deposit
SYN-017615,16,30-08-2026,Service Resolution
SYN-017615,17,10-09-2026,Bank Term Deposit
SYN-017615,18,20-09-2026,Bank Term Deposit
SYN-013758,1,30-03-2026,Bank Term Deposit
SYN-013758,2,10-04-2026,Insurance Cross-Sell
SYN-013758,3,20-04-2026,Insurance Cross-Sell
SYN-013758,4,30-04-2026,Insurance Cross-Sell
SYN-013758,5,10-05-2026,Insurance Cross-Sell
SYN-013758,6,20-05-2026,Insurance Cross-Sell
SYN-013758,7,30-05-2026,Insurance Cross-Sell
SYN-013758,8,10-06-2026,Bank Term Deposit
SYN-013758,9,20-06-2026,Bank Term Deposit
SYN-013758,10,30-06-2026,Bank Term Deposit
SYN-013758,11,10-07-2026,Insurance Cross-Sell
SYN-013758,12,20-07-2026,Bank Term Deposit
SYN-013758,13,30-07-2026,Insurance Cross-Sell
SYN-013758,14,10-08-2026,Insurance Cross-Sell
SYN-013758,15,20-08-2026,Insurance Cross-Sell
SYN-013758,16,30-08-2026,Insurance Cross-Sell
SYN-013758,17,10-09-2026,Insurance Cross-Sell
SYN-013758,18,20-09-2026,Insurance Cross-Sell
SYN-002725,1,30-03-2026,Bank Term Deposit
SYN-002725,2,10-04-2026,Insurance Cross-Sell
SYN-002725,3,20-04-2026,Insurance Cross-Sell
SYN-002725,4,30-04-2026,Insurance Cross-Sell
SYN-002725,5,10-05-2026,Bank Term Deposit
SYN-002725,6,20-05-2026,Bank Term Deposit
SYN-002725,7,30-05-2026,Bank Term Deposit
SYN-002725,8,10-06-2026,Bank Term Deposit
SYN-002725,9,20-06-2026,Bank Term Deposit
SYN-002725,10,30-06-2026,Bank Term Deposit
SYN-002725,11,10-07-2026,Insurance Cross-Sell
SYN-002725,12,20-07-2026,Insurance Cross-Sell
SYN-002725,13,30-07-2026,Insurance Cross-Sell
SYN-002725,14,10-08-2026,Insurance Cross-Sell
SYN-002725,15,20-08-2026,Bank Term Deposit
SYN-002725,16,30-08-2026,Bank Term Deposit
SYN-002725,17,10-09-2026,Bank Term Deposit
SYN-002725,18,20-09-2026,Bank Term Deposit
SYN-044168,1,30-03-2026,Insurance Cross-Sell
SYN-044168,2,10-04-2026,Insurance Cross-Sell
SYN-044168,3,20-04-2026,Insurance Cross-Sell
SYN-044168,4,30-04-2026,Insurance Cross-Sell
SYN-044168,5,10-05-2026,Insurance Cross-Sell
SYN-044168,6,20-05-2026,Insurance Cross-Sell
SYN-044168,7,30-05-2026,Insurance Cross-Sell
SYN-044168,8,10-06-2026,Bank Term Deposit
SYN-044168,9,20-06-2026,Payment Reminder / Collections Resolution
SYN-044168,10,30-06-2026,Payment Reminder / Collections Resolution
SYN-044168,11,10-07-2026,Payment Reminder / Collections Resolution
SYN-044168,12,20-07-2026,Payment Reminder / Collections Resolution
SYN-044168,13,30-07-2026,Bank Term Deposit
SYN-044168,14,10-08-2026,Bank Term Deposit
SYN-044168,15,20-08-2026,Bank Term Deposit
SYN-044168,16,30-08-2026,Bank Term Deposit
SYN-044168,17,10-09-2026,Payment Reminder / Collections Resolution
SYN-044168,18,20-09-2026,Payment Reminder / Collections Resolution
